periodo,trimestre,entidad_federativa,sexo,poblacion_economicamente_activa,poblacion_edad_trabajar,tasa_neta_participacion
2005,1,Nacional,Hombres,26989423.0,33625523.0,80.26469358
2005,1,Nacional,Mujeres,15116913.0,37840807.0,39.9487067
2005,1,Aguascalientes,Hombres,250401.0,321540.0,77.87553648
2005,1,Aguascalientes,Mujeres,147006.0,372658.0,39.4479657
2005,1,Baja California,Hombres,753603.0,960948.0,78.42286992
2005,1,Baja California,Mujeres,396124.0,995814.0,39.77891454
2005,1,Baja California Sur,Hombres,145145.0,180005.0,80.63387128
2005,1,Baja California Sur,Mujeres,75692.0,180833.0,41.85740435
2005,1,Campeche,Hombres,208429.0,248955.0,83.7215561
2005,1,Campeche,Mujeres,110898.0,262813.0,42.19654279
2005,1,Coahuila,Hombres,650857.0,836452.0,77.81163773
2005,1,Coahuila,Mujeres,343322.0,903253.0,38.00950564
2005,1,Colima,Hombres,162844.0,201883.0,80.66256198
2005,1,Colima,Mujeres,101797.0,221019.0,46.05803121
2005,1,Chiapas,Hombres,1104948.0,1281300.0,86.23647858
2005,1,Chiapas,Mujeres,419596.0,1409548.0,29.76812425
2005,1,Chihuahua,Hombres,844241.0,1089563.0,77.48436759
2005,1,Chihuahua,Mujeres,396054.0,1177652.0,33.63081793
2005,1,Ciudad de México,Hombres,2365719.0,3112263.0,76.01282411
2005,1,Ciudad de México,Mujeres,1600760.0,3563503.0,44.92096681
2005,1,Durango,Hombres,389336.0,488724.0,79.66377751
2005,1,Durango,Mujeres,185998.0,546151.0,34.05614931
2005,1,Guanajuato,Hombres,1203373.0,1496331.0,80.42157785
2005,1,Guanajuato,Mujeres,722628.0,1798636.0,40.17644482
2005,1,Guerrero,Hombres,696309.0,943666.0,73.78765368
2005,1,Guerrero,Mujeres,379064.0,1063983.0,35.62688502
2005,1,Hidalgo,Hombres,618492.0,753453.0,82.08766837
2005,1,Hidalgo,Mujeres,354939.0,870174.0,40.78942832
2005,1,Jalisco,Hombres,1781391.0,2173544.0,81.95789917
2005,1,Jalisco,Mujeres,1141201.0,2469058.0,46.2200969
2005,1,México,Hombres,3752344.0,4625160.0,81.12895554
2005,1,México,Mujeres,2042596.0,5107868.0,39.9892088
2005,1,Michoacán,Hombres,1007429.0,1241494.0,81.14650574
2005,1,Michoacán,Mujeres,584447.0,1519251.0,38.46941684
2005,1,Morelos,Hombres,404923.0,525540.0,77.04894014
2005,1,Morelos,Mujeres,276394.0,623773.0,44.31002945
2005,1,Nayarit,Hombres,267687.0,324103.0,82.59318797
2005,1,Nayarit,Mujeres,166655.0,360714.0,46.20142273
2005,1,Nuevo León,Hombres,1203509.0,1478220.0,81.41609503
2005,1,Nuevo León,Mujeres,656770.0,1525179.0,43.06183078
2005,1,Oaxaca,Hombres,848905.0,1053921.0,80.54730857
2005,1,Oaxaca,Mujeres,529699.0,1298856.0,40.78196505
2005,1,Puebla,Hombres,1352216.0,1648052.0,82.04935281
2005,1,Puebla,Mujeres,827060.0,1936186.0,42.71593742
2005,1,Querétaro,Hombres,386867.0,488810.0,79.14465743
2005,1,Querétaro,Mujeres,236879.0,567598.0,41.73358609
2005,1,Quintana Roo,Hombres,305925.0,357250.0,85.63331001
2005,1,Quintana Roo,Mujeres,176876.0,370031.0,47.80031943
2005,1,San Luis Potosí,Hombres,611798.0,743049.0,82.33615818
2005,1,San Luis Potosí,Mujeres,332404.0,848995.0,39.15264519
2005,1,Sinaloa,Hombres,763381.0,906420.0,84.21934644
2005,1,Sinaloa,Mujeres,408748.0,910178.0,44.90857832
2005,1,Sonora,Hombres,655337.0,824743.0,79.45954073
2005,1,Sonora,Mujeres,346777.0,865277.0,40.07699269
2005,1,Tabasco,Hombres,536995.0,663126.0,80.97933123
2005,1,Tabasco,Mujeres,210829.0,735337.0,28.6710719
2005,1,Tamaulipas,Hombres,809651.0,1009872.0,80.17362596
2005,1,Tamaulipas,Mujeres,458499.0,1086149.0,42.21326908
2005,1,Tlaxcala,Hombres,265006.0,333339.0,79.50044849
2005,1,Tlaxcala,Mujeres,139263.0,378145.0,36.82793637
2005,1,Veracruz,Hombres,1821945.0,2277322.0,80.00383784
2005,1,Veracruz,Mujeres,900242.0,2716290.0,33.14233753
2005,1,Yucatán,Hombres,488530.0,599336.0,81.51187314
2005,1,Yucatán,Mujeres,286377.0,649434.0,44.09639779
2005,1,Zacatecas,Hombres,331887.0,437139.0,75.92253265
2005,1,Zacatecas,Mujeres,161319.0,506451.0,31.85283473
2005,2,Nacional,Hombres,26738081.0,33492333.0,79.8334383
2005,2,Nacional,Mujeres,15480926.0,38269033.0,40.45288001
2005,2,Aguascalientes,Hombres,257623.0,323702.0,79.58647151
2005,2,Aguascalientes,Mujeres,151707.0,378093.0,40.12425514
2005,2,Baja California,Hombres,741944.0,959639.0,77.31490696
2005,2,Baja California,Mujeres,403089.0,1012057.0,39.82868554
2005,2,Baja California Sur,Hombres,146751.0,181293.0,80.94686502
2005,2,Baja California Sur,Mujeres,78360.0,183643.0,42.6697451
2005,2,Campeche,Hombres,213548.0,252856.0,84.45439301
2005,2,Campeche,Mujeres,116228.0,264619.0,43.92277199
2005,2,Coahuila,Hombres,656702.0,833661.0,78.77326635
2005,2,Coahuila,Mujeres,351452.0,916875.0,38.33150648
2005,2,Colima,Hombres,162318.0,201604.0,80.51328347
2005,2,Colima,Mujeres,105568.0,219981.0,47.9895991
2005,2,Chiapas,Hombres,1116405.0,1286537.0,86.77597302
2005,2,Chiapas,Mujeres,482753.0,1429274.0,33.77609891
2005,2,Chihuahua,Hombres,848906.0,1103647.0,76.91825375
2005,2,Chihuahua,Mujeres,439324.0,1189549.0,36.9319801
2005,2,Ciudad de México,Hombres,2333249.0,3067060.0,76.07444915
2005,2,Ciudad de México,Mujeres,1673677.0,3632813.0,46.07110248
2005,2,Durango,Hombres,381712.0,479947.0,79.532115
2005,2,Durango,Mujeres,187693.0,555855.0,33.76653984
2005,2,Guanajuato,Hombres,1166035.0,1473601.0,79.12827149
2005,2,Guanajuato,Mujeres,696101.0,1820705.0,38.23249785
2005,2,Guerrero,Hombres,701580.0,929513.0,75.4782343
2005,2,Guerrero,Mujeres,404801.0,1085975.0,37.27535164
2005,2,Hidalgo,Hombres,620924.0,756151.0,82.11640268
2005,2,Hidalgo,Mujeres,357112.0,887810.0,40.22392179
2005,2,Jalisco,Hombres,1776928.0,2216701.0,80.16092382
2005,2,Jalisco,Mujeres,1108403.0,2459889.0,45.05906567
2005,2,México,Hombres,3689009.0,4574610.0,80.64095081
2005,2,México,Mujeres,2008194.0,5159846.0,38.91964993
2005,2,Michoacán,Hombres,980747.0,1221908.0,80.2635714
2005,2,Michoacán,Mujeres,635248.0,1556616.0,40.80955097
2005,2,Morelos,Hombres,410837.0,528885.0,77.67983588
2005,2,Morelos,Mujeres,272104.0,623926.0,43.61158214
2005,2,Nayarit,Hombres,261136.0,321935.0,81.11451069
2005,2,Nayarit,Mujeres,162850.0,361239.0,45.08095748
2005,2,Nuevo León,Hombres,1204887.0,1464204.0,82.28955801
2005,2,Nuevo León,Mujeres,675936.0,1550287.0,43.60070103
2005,2,Oaxaca,Hombres,851809.0,1065665.0,79.93215504
2005,2,Oaxaca,Mujeres,583183.0,1305398.0,44.67472755
2005,2,Puebla,Hombres,1316592.0,1624601.0,81.04094482
2005,2,Puebla,Mujeres,827865.0,1952100.0,42.40894421
2005,2,Querétaro,Hombres,391882.0,490141.0,79.95291151
2005,2,Querétaro,Mujeres,250477.0,577614.0,43.36408051
2005,2,Quintana Roo,Hombres,313857.0,364760.0,86.04479658
2005,2,Quintana Roo,Mujeres,187493.0,372391.0,50.3484241
2005,2,San Luis Potosí,Hombres,597823.0,735916.0,81.2352225
2005,2,San Luis Potosí,Mujeres,346011.0,863167.0,40.08621738
2005,2,Sinaloa,Hombres,738942.0,894643.0,82.59629819
2005,2,Sinaloa,Mujeres,433362.0,926533.0,46.77243012
2005,2,Sonora,Hombres,640581.0,809796.0,79.10399656
2005,2,Sonora,Mujeres,352713.0,868658.0,40.60435753
2005,2,Tabasco,Hombres,538882.0,671825.0,80.21166226
2005,2,Tabasco,Mujeres,216890.0,732428.0,29.61246703
2005,2,Tamaulipas,Hombres,819043.0,1020642.0,80.24782441
2005,2,Tamaulipas,Mujeres,471164.0,1098662.0,42.88525497
2005,2,Tlaxcala,Hombres,270745.0,338558.0,79.97004944
2005,2,Tlaxcala,Mujeres,147611.0,381258.0,38.71682693
2005,2,Veracruz,Hombres,1755752.0,2260372.0,77.67535609
2005,2,Veracruz,Mujeres,885718.0,2735539.0,32.37818945
2005,2,Yucatán,Hombres,485745.0,596185.0,81.4755487
2005,2,Yucatán,Mujeres,300841.0,653353.0,46.04570577
2005,2,Zacatecas,Hombres,345187.0,441775.0,78.13638164
2005,2,Zacatecas,Mujeres,166998.0,512880.0,32.56083294
2005,3,Nacional,Hombres,27171531.0,33659345.0,80.72507353
2005,3,Nacional,Mujeres,15875871.0,38464208.0,41.27439983
2005,3,Aguascalientes,Hombres,259283.0,328266.0,78.98563969
2005,3,Aguascalientes,Mujeres,152684.0,380542.0,40.12277226
2005,3,Baja California,Hombres,751373.0,971798.0,77.31781708
2005,3,Baja California,Mujeres,412998.0,1026663.0,40.22722159
2005,3,Baja California Sur,Hombres,149709.0,187057.0,80.03389341
2005,3,Baja California Sur,Mujeres,78022.0,186143.0,41.91508679
2005,3,Campeche,Hombres,212762.0,250987.0,84.77012754
2005,3,Campeche,Mujeres,117981.0,265720.0,44.40049676
2005,3,Coahuila,Hombres,647259.0,838191.0,77.22094368
2005,3,Coahuila,Mujeres,337401.0,914972.0,36.87555466
2005,3,Colima,Hombres,163640.0,202074.0,80.98023496
2005,3,Colima,Mujeres,106384.0,221635.0,47.99963905
2005,3,Chiapas,Hombres,1129196.0,1283656.0,87.96718124
2005,3,Chiapas,Mujeres,491732.0,1468209.0,33.49196198
2005,3,Chihuahua,Hombres,862193.0,1076023.0,80.1277482
2005,3,Chihuahua,Mujeres,461716.0,1203389.0,38.36797578
2005,3,Ciudad de México,Hombres,2347552.0,3048202.0,77.0143186
2005,3,Ciudad de México,Mujeres,1685244.0,3629677.0,46.42958588
2005,3,Durango,Hombres,390671.0,483303.0,80.83355576
2005,3,Durango,Mujeres,186696.0,553984.0,33.70061229
2005,3,Guanajuato,Hombres,1206966.0,1485090.0,81.27224613
2005,3,Guanajuato,Mujeres,727451.0,1821197.0,39.94356459
2005,3,Guerrero,Hombres,764711.0,934426.0,81.83751308
2005,3,Guerrero,Mujeres,455754.0,1114432.0,40.89563114
2005,3,Hidalgo,Hombres,614099.0,749186.0,81.96883017
2005,3,Hidalgo,Mujeres,397229.0,893428.0,44.46122127
2005,3,Jalisco,Hombres,1835367.0,2211131.0,83.0058011
2005,3,Jalisco,Mujeres,1162623.0,2462492.0,47.21327013
2005,3,México,Hombres,3697385.0,4614034.0,80.13345805
2005,3,México,Mujeres,2094805.0,5164181.0,40.56412817
2005,3,Michoacán,Hombres,1007491.0,1208597.0,83.36037571
2005,3,Michoacán,Mujeres,657968.0,1555172.0,42.30837489
2005,3,Morelos,Hombres,423337.0,543150.0,77.94108441
2005,3,Morelos,Mujeres,270277.0,625791.0,43.18965917
2005,3,Nayarit,Hombres,257201.0,329682.0,78.01487494
2005,3,Nayarit,Mujeres,160004.0,360675.0,44.3623761
2005,3,Nuevo León,Hombres,1225886.0,1483977.0,82.60815363
2005,3,Nuevo León,Mujeres,698827.0,1551102.0,45.05358126
2005,3,Oaxaca,Hombres,898734.0,1096376.0,81.97315519
2005,3,Oaxaca,Mujeres,574242.0,1305601.0,43.98296264
2005,3,Puebla,Hombres,1349263.0,1627791.0,82.88920384
2005,3,Puebla,Mujeres,874775.0,1963218.0,44.55822023
2005,3,Querétaro,Hombres,401719.0,497215.0,80.79382159
2005,3,Querétaro,Mujeres,256955.0,588672.0,43.64994428
2005,3,Quintana Roo,Hombres,325539.0,376013.0,86.57652794
2005,3,Quintana Roo,Mujeres,188813.0,377913.0,49.9620283
2005,3,San Luis Potosí,Hombres,599620.0,734204.0,81.66939979
2005,3,San Luis Potosí,Mujeres,346900.0,868492.0,39.9427974
2005,3,Sinaloa,Hombres,717609.0,906826.0,79.13414481
2005,3,Sinaloa,Mujeres,394862.0,939291.0,42.03830336
2005,3,Sonora,Hombres,625581.0,818651.0,76.41607962
2005,3,Sonora,Mujeres,347731.0,879166.0,39.55237122
2005,3,Tabasco,Hombres,548105.0,669662.0,81.8480069
2005,3,Tabasco,Mujeres,232285.0,733924.0,31.64973485
2005,3,Tamaulipas,Hombres,812614.0,1024130.0,79.34676262
2005,3,Tamaulipas,Mujeres,455105.0,1091859.0,41.68166402
2005,3,Tlaxcala,Hombres,276581.0,340015.0,81.34376425
2005,3,Tlaxcala,Mujeres,162438.0,386082.0,42.07344554
2005,3,Veracruz,Hombres,1819462.0,2297155.0,79.20501664
2005,3,Veracruz,Mujeres,899849.0,2747068.0,32.75670642
2005,3,Yucatán,Hombres,496166.0,604387.0,82.09408872
2005,3,Yucatán,Mujeres,304891.0,662232.0,46.03990746
2005,3,Zacatecas,Hombres,354457.0,438090.0,80.90963044
2005,3,Zacatecas,Mujeres,181229.0,521286.0,34.76575239
2005,4,Nacional,Hombres,27268601.0,33901100.0,80.43574102
2005,4,Nacional,Mujeres,16045683.0,38713118.0,41.44766381
2005,4,Aguascalientes,Hombres,264673.0,332573.0,79.5834298
2005,4,Aguascalientes,Mujeres,155039.0,383202.0,40.45881806
2005,4,Baja California,Hombres,758193.0,978708.0,77.46876494
2005,4,Baja California,Mujeres,435285.0,1044557.0,41.67173261
2005,4,Baja California Sur,Hombres,151651.0,188223.0,80.56985597
2005,4,Baja California Sur,Mujeres,84308.0,189659.0,44.45241196
2005,4,Campeche,Hombres,211500.0,254382.0,83.14267519
2005,4,Campeche,Mujeres,115965.0,263274.0,44.04726635
2005,4,Coahuila,Hombres,653410.0,852575.0,76.63959182
2005,4,Coahuila,Mujeres,353721.0,913314.0,38.72939646
2005,4,Colima,Hombres,163477.0,201562.0,81.10506941
2005,4,Colima,Mujeres,111224.0,222584.0,49.96944974
2005,4,Chiapas,Hombres,1108599.0,1281196.0,86.52844686
2005,4,Chiapas,Mujeres,463164.0,1489963.0,31.08560414
2005,4,Chihuahua,Hombres,883359.0,1104166.0,80.00237283
2005,4,Chihuahua,Mujeres,456233.0,1191727.0,38.28334845
2005,4,Ciudad de México,Hombres,2358646.0,3044270.0,77.47821317
2005,4,Ciudad de México,Mujeres,1756850.0,3656793.0,48.04346322
2005,4,Durango,Hombres,391314.0,492382.0,79.47366069
2005,4,Durango,Mujeres,184426.0,551224.0,33.45754176
2005,4,Guanajuato,Hombres,1219543.0,1506209.0,80.96771431
2005,4,Guanajuato,Mujeres,753082.0,1847127.0,40.77045054
2005,4,Guerrero,Hombres,754451.0,943717.0,79.94462323
2005,4,Guerrero,Mujeres,437280.0,1127631.0,38.77864301
2005,4,Hidalgo,Hombres,604925.0,760967.0,79.49424877
2005,4,Hidalgo,Mujeres,377431.0,907148.0,41.60633105
2005,4,Jalisco,Hombres,1812475.0,2202730.0,82.2831214
2005,4,Jalisco,Mujeres,1157025.0,2503098.0,46.22371957
2005,4,México,Hombres,3733143.0,4653945.0,80.21459214
2005,4,México,Mujeres,2077229.0,5192736.0,40.00259208
2005,4,Michoacán,Hombres,1009139.0,1236343.0,81.62289915
2005,4,Michoacán,Mujeres,669544.0,1567355.0,42.71808237
2005,4,Morelos,Hombres,429696.0,552932.0,77.71226842
2005,4,Morelos,Mujeres,268064.0,632535.0,42.37931498
2005,4,Nayarit,Hombres,271463.0,334762.0,81.09134251
2005,4,Nayarit,Mujeres,162361.0,361011.0,44.97397586
2005,4,Nuevo León,Hombres,1230847.0,1492327.0,82.47837103
2005,4,Nuevo León,Mujeres,697222.0,1563399.0,44.59654893
2005,4,Oaxaca,Hombres,875110.0,1100544.0,79.5161302
2005,4,Oaxaca,Mujeres,567247.0,1307807.0,43.37390762
2005,4,Puebla,Hombres,1339183.0,1636418.0,81.83624233
2005,4,Puebla,Mujeres,862387.0,1949989.0,44.22522383
2005,4,Querétaro,Hombres,416036.0,510236.0,81.53795499
2005,4,Querétaro,Mujeres,261887.0,594146.0,44.07788658
2005,4,Quintana Roo,Hombres,332066.0,385370.0,86.16809819
2005,4,Quintana Roo,Mujeres,178676.0,375878.0,47.53563656
2005,4,San Luis Potosí,Hombres,600262.0,738288.0,81.30458574
2005,4,San Luis Potosí,Mujeres,351228.0,875468.0,40.11888498
2005,4,Sinaloa,Hombres,736381.0,910337.0,80.89103266
2005,4,Sinaloa,Mujeres,434158.0,954774.0,45.47233167
2005,4,Sonora,Hombres,644287.0,834377.0,77.21773251
2005,4,Sonora,Mujeres,344992.0,883379.0,39.05367911
2005,4,Tabasco,Hombres,549244.0,669728.0,82.01001003
2005,4,Tabasco,Mujeres,220429.0,728371.0,30.26328615
2005,4,Tamaulipas,Hombres,815998.0,1037060.0,78.68377914
2005,4,Tamaulipas,Mujeres,479456.0,1102411.0,43.49158345
2005,4,Tlaxcala,Hombres,277219.0,338440.0,81.91082614
2005,4,Tlaxcala,Mujeres,170275.0,392096.0,43.42686485
2005,4,Veracruz,Hombres,1824247.0,2289367.0,79.68346709
2005,4,Veracruz,Mujeres,968472.0,2751723.0,35.1951123
2005,4,Yucatán,Hombres,489626.0,598921.0,81.75134951
2005,4,Yucatán,Mujeres,303971.0,670384.0,45.34281844
2005,4,Zacatecas,Hombres,358438.0,438045.0,81.82675296
2005,4,Zacatecas,Mujeres,187052.0,518355.0,36.08569417
2006,1,Nacional,Hombres,27336757.0,34004138.0,80.39244224
2006,1,Nacional,Mujeres,16063591.0,38832481.0,41.36637832
2006,1,Aguascalientes,Hombres,264650.0,334795.0,79.04837288
2006,1,Aguascalientes,Mujeres,154431.0,389509.0,39.64760763
2006,1,Baja California,Hombres,765196.0,990197.0,77.27714788
2006,1,Baja California,Mujeres,442330.0,1049975.0,42.12766971
2006,1,Baja California Sur,Hombres,155317.0,189925.0,81.77807029
2006,1,Baja California Sur,Mujeres,80851.0,187208.0,43.18779112
2006,1,Campeche,Hombres,209809.0,255178.0,82.22064598
2006,1,Campeche,Mujeres,117489.0,267015.0,44.00089883
2006,1,Coahuila,Hombres,673534.0,861907.0,78.14462581
2006,1,Coahuila,Mujeres,361674.0,903286.0,40.0398102
2006,1,Colima,Hombres,166158.0,205691.0,80.78039389
2006,1,Colima,Mujeres,110336.0,221039.0,49.91698298
2006,1,Chiapas,Hombres,1123193.0,1291125.0,86.99335851
2006,1,Chiapas,Mujeres,429635.0,1470075.0,29.22537966
2006,1,Chihuahua,Hombres,888646.0,1119086.0,79.40819562
2006,1,Chihuahua,Mujeres,454428.0,1185774.0,38.32332299
2006,1,Ciudad de México,Hombres,2366584.0,3012078.0,78.56981127
2006,1,Ciudad de México,Mujeres,1736856.0,3615444.0,48.03990879
2006,1,Durango,Hombres,392904.0,497777.0,78.93173047
2006,1,Durango,Mujeres,182535.0,552241.0,33.05350381
2006,1,Guanajuato,Hombres,1206333.0,1517837.0,79.47711118
2006,1,Guanajuato,Mujeres,722053.0,1840445.0,39.23252257
2006,1,Guerrero,Hombres,671747.0,929124.0,72.29896117
2006,1,Guerrero,Mujeres,445183.0,1139308.0,39.07485948
2006,1,Hidalgo,Hombres,616461.0,773263.0,79.72203506
2006,1,Hidalgo,Mujeres,365002.0,912171.0,40.01464638
2006,1,Jalisco,Hombres,1817400.0,2213043.0,82.12221814
2006,1,Jalisco,Mujeres,1153078.0,2487856.0,46.34826131
2006,1,México,Hombres,3742236.0,4660421.0,80.29823915
2006,1,México,Mujeres,2173071.0,5236336.0,41.49983882
2006,1,Michoacán,Hombres,1025294.0,1242543.0,82.51577611
2006,1,Michoacán,Mujeres,628520.0,1592310.0,39.47221333
2006,1,Morelos,Hombres,430005.0,550199.0,78.15444957
2006,1,Morelos,Mujeres,269761.0,634979.0,42.48345221
2006,1,Nayarit,Hombres,274120.0,337401.0,81.24457248
2006,1,Nayarit,Mujeres,163312.0,358782.0,45.51844853
2006,1,Nuevo León,Hombres,1235338.0,1499613.0,82.37711996
2006,1,Nuevo León,Mujeres,698483.0,1573706.0,44.3845928
2006,1,Oaxaca,Hombres,863194.0,1094962.0,78.83323805
2006,1,Oaxaca,Mujeres,591193.0,1324931.0,44.62066326
2006,1,Puebla,Hombres,1326407.0,1622749.0,81.73827252
2006,1,Puebla,Mujeres,860473.0,1978389.0,43.49362031
2006,1,Querétaro,Hombres,406021.0,508111.0,79.9079335
2006,1,Querétaro,Mujeres,261481.0,600432.0,43.54881152
2006,1,Quintana Roo,Hombres,330180.0,387568.0,85.19279197
2006,1,Quintana Roo,Mujeres,191762.0,386802.0,49.576269
2006,1,San Luis Potosí,Hombres,616412.0,759664.0,81.14271573
2006,1,San Luis Potosí,Mujeres,359555.0,882748.0,40.73132989
2006,1,Sinaloa,Hombres,751164.0,912441.0,82.32466538
2006,1,Sinaloa,Mujeres,440932.0,958556.0,45.99960774
2006,1,Sonora,Hombres,654512.0,830253.0,78.8328377
2006,1,Sonora,Mujeres,368926.0,890043.0,41.45035689
2006,1,Tabasco,Hombres,558144.0,677531.0,82.37910885
2006,1,Tabasco,Mujeres,235959.0,731494.0,32.25713403
2006,1,Tamaulipas,Hombres,822706.0,1018716.0,80.75911245
2006,1,Tamaulipas,Mujeres,485911.0,1109286.0,43.80394236
2006,1,Tlaxcala,Hombres,278139.0,339952.0,81.81713889
2006,1,Tlaxcala,Mujeres,158749.0,393713.0,40.32099524
2006,1,Veracruz,Hombres,1868208.0,2321242.0,80.48312067
2006,1,Veracruz,Mujeres,944332.0,2770009.0,34.09129718
2006,1,Yucatán,Hombres,497712.0,607428.0,81.93761236
2006,1,Yucatán,Mujeres,296913.0,671621.0,44.20841516
2006,1,Zacatecas,Hombres,339033.0,442318.0,76.64915287
2006,1,Zacatecas,Mujeres,178377.0,516998.0,34.50245455
2006,2,Nacional,Hombres,27498925.0,34071967.0,80.70835769
2006,2,Nacional,Mujeres,16222874.0,39065413.0,41.52746062
2006,2,Aguascalientes,Hombres,262771.0,335052.0,78.42693075
2006,2,Aguascalientes,Mujeres,155630.0,392702.0,39.63055956
2006,2,Baja California,Hombres,755557.0,986210.0,76.61218199
2006,2,Baja California,Mujeres,470166.0,1049943.0,44.78014521
2006,2,Baja California Sur,Hombres,157839.0,193618.0,81.52082967
2006,2,Baja California Sur,Mujeres,80819.0,189546.0,42.63819864
2006,2,Campeche,Hombres,217595.0,259789.0,83.75835774
2006,2,Campeche,Mujeres,115394.0,267370.0,43.15891835
2006,2,Coahuila,Hombres,682693.0,866869.0,78.75388323
2006,2,Coahuila,Mujeres,377254.0,906925.0,41.59704496
2006,2,Colima,Hombres,171033.0,209536.0,81.62463729
2006,2,Colima,Mujeres,110757.0,223154.0,49.63254076
2006,2,Chiapas,Hombres,1123854.0,1300015.0,86.4493102
2006,2,Chiapas,Mujeres,438746.0,1486493.0,29.51551067
2006,2,Chihuahua,Hombres,900090.0,1125746.0,79.95498096
2006,2,Chihuahua,Mujeres,477506.0,1191478.0,40.07677859
2006,2,Ciudad de México,Hombres,2360207.0,3017036.0,78.22932839
2006,2,Ciudad de México,Mujeres,1727477.0,3608067.0,47.87818519
2006,2,Durango,Hombres,388641.0,493664.0,78.72581351
2006,2,Durango,Mujeres,186731.0,561299.0,33.26765236
2006,2,Guanajuato,Hombres,1227886.0,1532390.0,80.12881838
2006,2,Guanajuato,Mujeres,754818.0,1877701.0,40.19905193
2006,2,Guerrero,Hombres,734156.0,919304.0,79.85998103
2006,2,Guerrero,Mujeres,482890.0,1149427.0,42.0113674
2006,2,Hidalgo,Hombres,633175.0,773670.0,81.84044877
2006,2,Hidalgo,Mujeres,375594.0,917113.0,40.95395006
2006,2,Jalisco,Hombres,1825836.0,2203548.0,82.85891662
2006,2,Jalisco,Mujeres,1120306.0,2504665.0,44.7287761
2006,2,México,Hombres,3751674.0,4664342.0,80.43308145
2006,2,México,Mujeres,2148941.0,5247809.0,40.94929903
2006,2,Michoacán,Hombres,1016598.0,1236208.0,82.23519019
2006,2,Michoacán,Mujeres,673706.0,1590713.0,42.35245453
2006,2,Morelos,Hombres,435430.0,554592.0,78.51357394
2006,2,Morelos,Mujeres,276248.0,632983.0,43.64224632
2006,2,Nayarit,Hombres,270571.0,336533.0,80.39954477
2006,2,Nayarit,Mujeres,165942.0,364032.0,45.58445411
2006,2,Nuevo León,Hombres,1253844.0,1519952.0,82.49234186
2006,2,Nuevo León,Mujeres,708388.0,1596485.0,44.37172914
2006,2,Oaxaca,Hombres,867944.0,1068092.0,81.26116477
2006,2,Oaxaca,Mujeres,546734.0,1343916.0,40.68215573
2006,2,Puebla,Hombres,1367014.0,1647400.0,82.98008984
2006,2,Puebla,Mujeres,907498.0,1999753.0,45.38050449
2006,2,Querétaro,Hombres,398052.0,500555.0,79.52213044
2006,2,Querétaro,Mujeres,262533.0,614810.0,42.70148501
2006,2,Quintana Roo,Hombres,333287.0,386762.0,86.17366753
2006,2,Quintana Roo,Mujeres,201073.0,388941.0,51.69755824
2006,2,San Luis Potosí,Hombres,604249.0,761596.0,79.33983372
2006,2,San Luis Potosí,Mujeres,344474.0,879431.0,39.17009976
2006,2,Sinaloa,Hombres,750333.0,929332.0,80.73896089
2006,2,Sinaloa,Mujeres,426299.0,970661.0,43.9184226
2006,2,Sonora,Hombres,647159.0,821780.0,78.75088223
2006,2,Sonora,Mujeres,384261.0,903721.0,42.51987062
2006,2,Tabasco,Hombres,542446.0,681302.0,79.61902358
2006,2,Tabasco,Mujeres,221916.0,731949.0,30.3185058
2006,2,Tamaulipas,Hombres,822739.0,1033696.0,79.59196901
2006,2,Tamaulipas,Mujeres,493415.0,1121551.0,43.9939869
2006,2,Tlaxcala,Hombres,276220.0,340160.0,81.20296331
2006,2,Tlaxcala,Mujeres,164203.0,395912.0,41.47462062
2006,2,Veracruz,Hombres,1862427.0,2331794.0,79.87099203
2006,2,Veracruz,Mujeres,929331.0,2759797.0,33.67388978
2006,2,Yucatán,Hombres,507924.0,610526.0,83.19449131
2006,2,Yucatán,Mujeres,308764.0,674481.0,45.77801302
2006,2,Zacatecas,Hombres,349681.0,430898.0,81.15168787
2006,2,Zacatecas,Mujeres,185060.0,522585.0,35.41242095
2006,3,Nacional,Hombres,27841708.0,34382906.0,80.97543588
2006,3,Nacional,Mujeres,16709639.0,39247240.0,42.57532249
2006,3,Aguascalientes,Hombres,265487.0,334509.0,79.3661755
2006,3,Aguascalientes,Mujeres,161158.0,393832.0,40.92049402
2006,3,Baja California,Hombres,778477.0,1003967.0,77.54009843
2006,3,Baja California,Mujeres,462323.0,1052524.0,43.92517415
2006,3,Baja California Sur,Hombres,159217.0,195235.0,81.55146362
2006,3,Baja California Sur,Mujeres,80004.0,188190.0,42.51235454
2006,3,Campeche,Hombres,214575.0,258761.0,82.92401096
2006,3,Campeche,Mujeres,115380.0,268225.0,43.01612452
2006,3,Coahuila,Hombres,697085.0,870137.0,80.11209729
2006,3,Coahuila,Mujeres,382923.0,925352.0,41.38133381
2006,3,Colima,Hombres,172979.0,210009.0,82.36742235
2006,3,Colima,Mujeres,110484.0,226243.0,48.83421808
2006,3,Chiapas,Hombres,1144071.0,1317718.0,86.82214252
2006,3,Chiapas,Mujeres,446191.0,1499921.0,29.74763338
2006,3,Chihuahua,Hombres,886455.0,1121407.0,79.04846323
2006,3,Chihuahua,Mujeres,496480.0,1211512.0,40.98019665
2006,3,Ciudad de México,Hombres,2424388.0,3043906.0,79.647269
2006,3,Ciudad de México,Mujeres,1794280.0,3598526.0,49.86152664
2006,3,Durango,Hombres,389456.0,497631.0,78.26200538
2006,3,Durango,Mujeres,188668.0,560343.0,33.67009135
2006,3,Guanajuato,Hombres,1255102.0,1543983.0,81.28988467
2006,3,Guanajuato,Mujeres,788956.0,1887136.0,41.80705577
2006,3,Guerrero,Hombres,746120.0,917575.0,81.31433398
2006,3,Guerrero,Mujeres,502304.0,1140387.0,44.04680166
2006,3,Hidalgo,Hombres,625418.0,776938.0,80.49780034
2006,3,Hidalgo,Mujeres,357304.0,928840.0,38.46776625
2006,3,Jalisco,Hombres,1827206.0,2223411.0,82.18030764
2006,3,Jalisco,Mujeres,1155399.0,2519163.0,45.8644002
2006,3,México,Hombres,3810104.0,4736333.0,80.44417485
2006,3,México,Mujeres,2265731.0,5287725.0,42.84888114
2006,3,Michoacán,Hombres,1035003.0,1257935.0,82.27793964
2006,3,Michoacán,Mujeres,646766.0,1574446.0,41.0789573
2006,3,Morelos,Hombres,439240.0,551853.0,79.59365991
2006,3,Morelos,Mujeres,272786.0,630704.0,43.25103377
2006,3,Nayarit,Hombres,272586.0,341428.0,79.83703738
2006,3,Nayarit,Mujeres,165881.0,371458.0,44.65673104
2006,3,Nuevo León,Hombres,1292387.0,1547958.0,83.48979753
2006,3,Nuevo León,Mujeres,741889.0,1593961.0,46.54373601
2006,3,Oaxaca,Hombres,888567.0,1074710.0,82.67969964
2006,3,Oaxaca,Mujeres,594667.0,1355508.0,43.87041611
2006,3,Puebla,Hombres,1373558.0,1663258.0,82.58237748
2006,3,Puebla,Mujeres,925898.0,2012200.0,46.0142133
2006,3,Querétaro,Hombres,404684.0,508181.0,79.63383125
2006,3,Querétaro,Mujeres,264568.0,612945.0,43.16341597
2006,3,Quintana Roo,Hombres,349486.0,400231.0,87.32107208
2006,3,Quintana Roo,Mujeres,209647.0,392786.0,53.37435652
2006,3,San Luis Potosí,Hombres,620773.0,763254.0,81.33242669
2006,3,San Luis Potosí,Mujeres,347046.0,876395.0,39.59926745
2006,3,Sinaloa,Hombres,725128.0,917849.0,79.00297326
2006,3,Sinaloa,Mujeres,411303.0,987993.0,41.63015325
2006,3,Sonora,Hombres,614901.0,810313.0,75.88438048
2006,3,Sonora,Mujeres,381427.0,907941.0,42.01010859
2006,3,Tabasco,Hombres,550743.0,685296.0,80.36571058
2006,3,Tabasco,Mujeres,230873.0,744145.0,31.02527061
2006,3,Tamaulipas,Hombres,828450.0,1034126.0,80.11112766
2006,3,Tamaulipas,Mujeres,523152.0,1121355.0,46.65355753
2006,3,Tlaxcala,Hombres,278615.0,338118.0,82.40170591
2006,3,Tlaxcala,Mujeres,172582.0,394601.0,43.73582429
2006,3,Veracruz,Hombres,1903417.0,2391311.0,79.59721676
2006,3,Veracruz,Mujeres,976931.0,2775726.0,35.19551281
2006,3,Yucatán,Hombres,507190.0,612248.0,82.84061361
2006,3,Yucatán,Mujeres,328875.0,682419.0,48.19253274
2006,3,Zacatecas,Hombres,360840.0,433317.0,83.27390802
2006,3,Zacatecas,Mujeres,207763.0,524738.0,39.59366389
2006,4,Nacional,Hombres,27957259.0,34572198.0,80.86630477
2006,4,Nacional,Mujeres,16757861.0,39368533.0,42.56663818
2006,4,Aguascalientes,Hombres,270946.0,340151.0,79.65462398
2006,4,Aguascalientes,Mujeres,170598.0,396194.0,43.05920837
2006,4,Baja California,Hombres,775102.0,1012654.0,76.54164206
2006,4,Baja California,Mujeres,463025.0,1062719.0,43.56984302
2006,4,Baja California Sur,Hombres,164800.0,198928.0,82.84404408
2006,4,Baja California Sur,Mujeres,84757.0,187111.0,45.29771098
2006,4,Campeche,Hombres,216766.0,260728.0,83.13874996
2006,4,Campeche,Mujeres,114553.0,271630.0,42.17244045
2006,4,Coahuila,Hombres,710649.0,893532.0,79.5325741
2006,4,Coahuila,Mujeres,391958.0,933426.0,41.99133086
2006,4,Colima,Hombres,168526.0,208202.0,80.94350679
2006,4,Colima,Mujeres,111053.0,230504.0,48.17833964
2006,4,Chiapas,Hombres,1138230.0,1332086.0,85.44718584
2006,4,Chiapas,Mujeres,448544.0,1478574.0,30.33625642
2006,4,Chihuahua,Hombres,894004.0,1138082.0,78.55356644
2006,4,Chihuahua,Mujeres,463942.0,1191204.0,38.94731717
2006,4,Ciudad de México,Hombres,2359906.0,3040184.0,77.62378856
2006,4,Ciudad de México,Mujeres,1804092.0,3609352.0,49.98381981
2006,4,Durango,Hombres,387152.0,499096.0,77.57064773
2006,4,Durango,Mujeres,198710.0,564520.0,35.19981577
2006,4,Guanajuato,Hombres,1277156.0,1575386.0,81.0694014
2006,4,Guanajuato,Mujeres,751647.0,1892185.0,39.72375851
2006,4,Guerrero,Hombres,755272.0,934463.0,80.82417388
2006,4,Guerrero,Mujeres,478499.0,1142106.0,41.89619878
2006,4,Hidalgo,Hombres,614355.0,770952.0,79.68784049
2006,4,Hidalgo,Mujeres,340988.0,932589.0,36.56358803
2006,4,Jalisco,Hombres,1848178.0,2227375.0,82.9756103
2006,4,Jalisco,Mujeres,1156124.0,2549585.0,45.34557585
2006,4,México,Hombres,3867690.0,4727882.0,81.8059757
2006,4,México,Mujeres,2281742.0,5330020.0,42.80925775
2006,4,Michoacán,Hombres,1034497.0,1264260.0,81.82628573
2006,4,Michoacán,Mujeres,659139.0,1572625.0,41.91329783
2006,4,Morelos,Hombres,431066.0,545745.0,78.98670625
2006,4,Morelos,Mujeres,287497.0,638367.0,45.03631923
2006,4,Nayarit,Hombres,277528.0,343262.0,80.85019606
2006,4,Nayarit,Mujeres,167593.0,372295.0,45.0161834
2006,4,Nuevo León,Hombres,1282638.0,1551677.0,82.6614044
2006,4,Nuevo León,Mujeres,720758.0,1595651.0,45.17015312
2006,4,Oaxaca,Hombres,879457.0,1083429.0,81.17347791
2006,4,Oaxaca,Mujeres,574505.0,1361023.0,42.21126315
2006,4,Puebla,Hombres,1374578.0,1661905.0,82.71098528
2006,4,Puebla,Mujeres,919084.0,2014943.0,45.61339949
2006,4,Querétaro,Hombres,409513.0,517683.0,79.10497351
2006,4,Querétaro,Mujeres,267654.0,611950.0,43.73788708
2006,4,Quintana Roo,Hombres,352471.0,405156.0,86.99636683
2006,4,Quintana Roo,Mujeres,208352.0,394898.0,52.76096612
2006,4,San Luis Potosí,Hombres,618721.0,771796.0,80.16639112
2006,4,San Luis Potosí,Mujeres,378434.0,890882.0,42.47857741
2006,4,Sinaloa,Hombres,734783.0,922573.0,79.64497118
2006,4,Sinaloa,Mujeres,408949.0,972914.0,42.03341714
2006,4,Sonora,Hombres,632126.0,823983.0,76.71590312
2006,4,Sonora,Mujeres,387733.0,907351.0,42.73241557
2006,4,Tabasco,Hombres,556322.0,693474.0,80.22247409
2006,4,Tabasco,Mujeres,248257.0,758025.0,32.75050295
2006,4,Tamaulipas,Hombres,844167.0,1048305.0,80.52685049
2006,4,Tamaulipas,Mujeres,515185.0,1130033.0,45.59026152
2006,4,Tlaxcala,Hombres,278343.0,338514.0,82.22495968
2006,4,Tlaxcala,Mujeres,174280.0,399579.0,43.61590574
2006,4,Veracruz,Hombres,1916650.0,2382631.0,80.44258637
2006,4,Veracruz,Mujeres,1027655.0,2772807.0,37.06190153
2006,4,Yucatán,Hombres,512917.0,617925.0,83.0063519
2006,4,Yucatán,Mujeres,325592.0,680316.0,47.85893614
2006,4,Zacatecas,Hombres,372750.0,440179.0,84.68145913
2006,4,Zacatecas,Mujeres,226962.0,523155.0,43.38331852
2007,1,Nacional,Hombres,27817651.0,34784913.0,79.97044868
2007,1,Nacional,Mujeres,16654969.0,39678936.0,41.97433369
2007,1,Aguascalientes,Hombres,274325.0,342844.0,80.01452556
2007,1,Aguascalientes,Mujeres,166904.0,401323.0,41.58844621
2007,1,Baja California,Hombres,783579.0,1027579.0,76.25486702
2007,1,Baja California,Mujeres,454841.0,1063570.0,42.76549733
2007,1,Baja California Sur,Hombres,164268.0,199539.0,82.32375626
2007,1,Baja California Sur,Mujeres,86261.0,191867.0,44.95874747
2007,1,Campeche,Hombres,213444.0,259298.0,82.31609962
2007,1,Campeche,Mujeres,115032.0,276145.0,41.65637618
2007,1,Coahuila,Hombres,717709.0,896699.0,80.03900975
2007,1,Coahuila,Mujeres,383433.0,942538.0,40.68090623
2007,1,Colima,Hombres,167801.0,208342.0,80.54112949
2007,1,Colima,Mujeres,110840.0,232848.0,47.60186903
2007,1,Chiapas,Hombres,1130511.0,1323403.0,85.42454566
2007,1,Chiapas,Mujeres,454176.0,1496103.0,30.35726818
2007,1,Chihuahua,Hombres,904295.0,1147084.0,78.83424405
2007,1,Chihuahua,Mujeres,480880.0,1215380.0,39.5662262
2007,1,Ciudad de México,Hombres,2385950.0,3046759.0,78.31108401
2007,1,Ciudad de México,Mujeres,1794321.0,3620112.0,49.56534494
2007,1,Durango,Hombres,398009.0,508796.0,78.22565429
2007,1,Durango,Mujeres,197994.0,561530.0,35.25973679
2007,1,Guanajuato,Hombres,1259284.0,1581673.0,79.61721544
2007,1,Guanajuato,Mujeres,724119.0,1918305.0,37.74785553
2007,1,Guerrero,Hombres,728480.0,935128.0,77.90163486
2007,1,Guerrero,Mujeres,462340.0,1145026.0,40.37812242
2007,1,Hidalgo,Hombres,626399.0,792156.0,79.07520741
2007,1,Hidalgo,Mujeres,370842.0,953945.0,38.87456824
2007,1,Jalisco,Hombres,1846400.0,2253559.0,81.93262302
2007,1,Jalisco,Mujeres,1155321.0,2555862.0,45.20279264
2007,1,México,Hombres,3790511.0,4752639.0,79.75592087
2007,1,México,Mujeres,2275239.0,5367893.0,42.38607215
2007,1,Michoacán,Hombres,1025043.0,1272384.0,80.56082126
2007,1,Michoacán,Mujeres,623144.0,1601535.0,38.90917151
2007,1,Morelos,Hombres,431308.0,552842.0,78.01650381
2007,1,Morelos,Mujeres,284568.0,644111.0,44.17996277
2007,1,Nayarit,Hombres,277277.0,344521.0,80.48188645
2007,1,Nayarit,Mujeres,169034.0,370818.0,45.58408707
2007,1,Nuevo León,Hombres,1291897.0,1560656.0,82.77910058
2007,1,Nuevo León,Mujeres,735007.0,1599518.0,45.95178047
2007,1,Oaxaca,Hombres,853971.0,1087308.0,78.53993533
2007,1,Oaxaca,Mujeres,542064.0,1358449.0,39.90315426
2007,1,Puebla,Hombres,1382960.0,1669103.0,82.8564804
2007,1,Puebla,Mujeres,911584.0,2048803.0,44.49349205
2007,1,Querétaro,Hombres,414046.0,525330.0,78.81636305
2007,1,Querétaro,Mujeres,270349.0,624652.0,43.27993827
2007,1,Quintana Roo,Hombres,356420.0,410081.0,86.9145364
2007,1,Quintana Roo,Mujeres,220240.0,401555.0,54.84678313
2007,1,San Luis Potosí,Hombres,622371.0,781815.0,79.605917
2007,1,San Luis Potosí,Mujeres,357995.0,892060.0,40.1312692
2007,1,Sinaloa,Hombres,726719.0,916295.0,79.3105932
2007,1,Sinaloa,Mujeres,417195.0,983276.0,42.429084
2007,1,Sonora,Hombres,620038.0,819463.0,75.6639409
2007,1,Sonora,Mujeres,384531.0,925956.0,41.52799917
2007,1,Tabasco,Hombres,567795.0,695697.0,81.61527217
2007,1,Tabasco,Mujeres,275392.0,759756.0,36.24742681
2007,1,Tamaulipas,Hombres,828893.0,1054821.0,78.58138964
2007,1,Tamaulipas,Mujeres,495799.0,1143297.0,43.36572212
2007,1,Tlaxcala,Hombres,277493.0,343957.0,80.67665435
2007,1,Tlaxcala,Mujeres,170408.0,399828.0,42.62032674
2007,1,Veracruz,Hombres,1899538.0,2407284.0,78.9079311
2007,1,Veracruz,Mujeres,1023476.0,2774593.0,36.88742817
2007,1,Yucatán,Hombres,508911.0,622397.0,81.76630029
2007,1,Yucatán,Mujeres,334516.0,685323.0,48.81143636
2007,1,Zacatecas,Hombres,342006.0,445461.0,76.77574468
2007,1,Zacatecas,Mujeres,207124.0,522959.0,39.60616415
2007,2,Nacional,Hombres,27931534.0,34830081.0,80.19370957
2007,2,Nacional,Mujeres,16803470.0,39851300.0,42.16542497
2007,2,Aguascalientes,Hombres,274565.0,345315.0,79.51146055
2007,2,Aguascalientes,Mujeres,165667.0,401598.0,41.25194847
2007,2,Baja California,Hombres,787503.0,1026768.0,76.69726754
2007,2,Baja California,Mujeres,483863.0,1080388.0,44.78603983
2007,2,Baja California Sur,Hombres,165480.0,200835.0,82.39599671
2007,2,Baja California Sur,Mujeres,86205.0,197570.0,43.63263653
2007,2,Campeche,Hombres,214184.0,259199.0,82.63303485
2007,2,Campeche,Mujeres,114116.0,278922.0,40.91323022
2007,2,Coahuila,Hombres,716151.0,891433.0,80.33705281
2007,2,Coahuila,Mujeres,383109.0,949225.0,40.36018857
2007,2,Colima,Hombres,168211.0,207915.0,80.9037347
2007,2,Colima,Mujeres,108871.0,235850.0,46.16111936
2007,2,Chiapas,Hombres,1146405.0,1336060.0,85.80490397
2007,2,Chiapas,Mujeres,474780.0,1504198.0,31.56366383
2007,2,Chihuahua,Hombres,934938.0,1161367.0,80.50323455
2007,2,Chihuahua,Mujeres,474326.0,1208119.0,39.2615297
2007,2,Ciudad de México,Hombres,2380402.0,3061406.0,77.7551883
2007,2,Ciudad de México,Mujeres,1741562.0,3614326.0,48.1849728
2007,2,Durango,Hombres,398634.0,507101.0,78.61037545
2007,2,Durango,Mujeres,192969.0,568739.0,33.9292716
2007,2,Guanajuato,Hombres,1259749.0,1581005.0,79.68026667
2007,2,Guanajuato,Mujeres,771583.0,1937573.0,39.82213831
2007,2,Guerrero,Hombres,736519.0,931435.0,79.07358001
2007,2,Guerrero,Mujeres,492903.0,1155404.0,42.66066242
2007,2,Hidalgo,Hombres,626693.0,790781.0,79.24988081
2007,2,Hidalgo,Mujeres,353588.0,960146.0,36.82648264
2007,2,Jalisco,Hombres,1877199.0,2264352.0,82.90226078
2007,2,Jalisco,Mujeres,1183113.0,2579713.0,45.86219475
2007,2,México,Hombres,3803466.0,4773311.0,79.68192309
2007,2,México,Mujeres,2193427.0,5389213.0,40.70032118
2007,2,Michoacán,Hombres,1024007.0,1278112.0,80.11872199
2007,2,Michoacán,Mujeres,625842.0,1597421.0,39.17827548
2007,2,Morelos,Hombres,433705.0,546503.0,79.36004011
2007,2,Morelos,Mujeres,300780.0,649578.0,46.30390808
2007,2,Nayarit,Hombres,272862.0,340577.0,80.11756519
2007,2,Nayarit,Mujeres,171606.0,376325.0,45.60047831
2007,2,Nuevo León,Hombres,1277773.0,1563970.0,81.70060807
2007,2,Nuevo León,Mujeres,745798.0,1592701.0,46.82598931
2007,2,Oaxaca,Hombres,876388.0,1093757.0,80.12639005
2007,2,Oaxaca,Mujeres,585431.0,1353420.0,43.25567821
2007,2,Puebla,Hombres,1373695.0,1669777.0,82.26817114
2007,2,Puebla,Mujeres,947652.0,2062930.0,45.93718643
2007,2,Querétaro,Hombres,411134.0,525272.0,78.27068643
2007,2,Querétaro,Mujeres,268745.0,629716.0,42.67717511
2007,2,Quintana Roo,Hombres,364764.0,418996.0,87.05667835
2007,2,Quintana Roo,Mujeres,220696.0,410350.0,53.78238089
2007,2,San Luis Potosí,Hombres,616060.0,770598.0,79.9457045
2007,2,San Luis Potosí,Mujeres,354184.0,894336.0,39.60301274
2007,2,Sinaloa,Hombres,731766.0,916977.0,79.80200158
2007,2,Sinaloa,Mujeres,418448.0,979703.0,42.71171978
2007,2,Sonora,Hombres,618438.0,816055.0,75.78386261
2007,2,Sonora,Mujeres,375680.0,931699.0,40.32203534
2007,2,Tabasco,Hombres,545750.0,683189.0,79.88272645
2007,2,Tabasco,Mujeres,270514.0,766875.0,35.27484923
2007,2,Tamaulipas,Hombres,831663.0,1045303.0,79.56190693
2007,2,Tamaulipas,Mujeres,544891.0,1155524.0,47.15531655
2007,2,Tlaxcala,Hombres,277914.0,349779.0,79.45416963
2007,2,Tlaxcala,Mujeres,168077.0,401988.0,41.81144711
2007,2,Veracruz,Hombres,1920146.0,2399914.0,80.00895032
2007,2,Veracruz,Mujeres,1047218.0,2771606.0,37.78379755
2007,2,Yucatán,Hombres,510653.0,621314.0,82.18919902
2007,2,Yucatán,Mujeres,331640.0,685186.0,48.40145596
2007,2,Zacatecas,Hombres,354717.0,451705.0,78.52846437
2007,2,Zacatecas,Mujeres,206186.0,530958.0,38.8328267
2007,3,Nacional,Hombres,28096922.0,35004467.0,80.26667568
2007,3,Nacional,Mujeres,16943471.0,40217844.0,42.12923746
2007,3,Aguascalientes,Hombres,276950.0,348009.0,79.5812752
2007,3,Aguascalientes,Mujeres,168211.0,403341.0,41.70441388
2007,3,Baja California,Hombres,790318.0,1027865.0,76.88928021
2007,3,Baja California,Mujeres,459817.0,1100479.0,41.7833507
2007,3,Baja California Sur,Hombres,171611.0,205805.0,83.38524331
2007,3,Baja California Sur,Mujeres,93515.0,202680.0,46.13923426
2007,3,Campeche,Hombres,216996.0,260186.0,83.40033668
2007,3,Campeche,Mujeres,110746.0,282651.0,39.18118103
2007,3,Coahuila,Hombres,714619.0,894031.0,79.93223949
2007,3,Coahuila,Mujeres,388948.0,961998.0,40.43126909
2007,3,Colima,Hombres,172268.0,212862.0,80.92942846
2007,3,Colima,Mujeres,111767.0,235337.0,47.49231952
2007,3,Chiapas,Hombres,1148827.0,1346332.0,85.33014145
2007,3,Chiapas,Mujeres,469254.0,1537387.0,30.52282867
2007,3,Chihuahua,Hombres,926315.0,1154323.0,80.24746973
2007,3,Chihuahua,Mujeres,458378.0,1196210.0,38.31919145
2007,3,Ciudad de México,Hombres,2405597.0,3075001.0,78.23077131
2007,3,Ciudad de México,Mujeres,1785948.0,3654436.0,48.87068757
2007,3,Durango,Hombres,412058.0,520258.0,79.20262639
2007,3,Durango,Mujeres,200104.0,569796.0,35.11853365
2007,3,Guanajuato,Hombres,1270310.0,1575726.0,80.61744237
2007,3,Guanajuato,Mujeres,765250.0,1953742.0,39.16842654
2007,3,Guerrero,Hombres,773571.0,955860.0,80.92932019
2007,3,Guerrero,Mujeres,523354.0,1151741.0,45.44025089
2007,3,Hidalgo,Hombres,595516.0,759082.0,78.45213034
2007,3,Hidalgo,Mujeres,390406.0,971705.0,40.1774201
2007,3,Jalisco,Hombres,1907970.0,2289068.0,83.35139017
2007,3,Jalisco,Mujeres,1220289.0,2607712.0,46.79538998
2007,3,México,Hombres,3798548.0,4780804.0,79.45416712
2007,3,México,Mujeres,2184674.0,5422055.0,40.29236148
2007,3,Michoacán,Hombres,1019517.0,1261172.0,80.83885465
2007,3,Michoacán,Mujeres,630742.0,1575338.0,40.03851872
2007,3,Morelos,Hombres,437944.0,555539.0,78.8322692
2007,3,Morelos,Mujeres,290833.0,648043.0,44.87865774
2007,3,Nayarit,Hombres,274740.0,342816.0,80.14211705
2007,3,Nayarit,Mujeres,169607.0,377756.0,44.89855886
2007,3,Nuevo León,Hombres,1281528.0,1575937.0,81.3184791
2007,3,Nuevo León,Mujeres,738520.0,1599082.0,46.18399807
2007,3,Oaxaca,Hombres,877711.0,1100479.0,79.75717847
2007,3,Oaxaca,Mujeres,593534.0,1354698.0,43.8130122
2007,3,Puebla,Hombres,1361118.0,1660265.0,81.98197276
2007,3,Puebla,Mujeres,964819.0,2108251.0,45.76395315
2007,3,Querétaro,Hombres,422072.0,537579.0,78.5134836
2007,3,Querétaro,Mujeres,273432.0,638078.0,42.85244124
2007,3,Quintana Roo,Hombres,364514.0,420995.0,86.58392617
2007,3,Quintana Roo,Mujeres,220657.0,416704.0,52.95293542
2007,3,San Luis Potosí,Hombres,643830.0,785383.0,81.9765643
2007,3,San Luis Potosí,Mujeres,387506.0,906605.0,42.74253947
2007,3,Sinaloa,Hombres,707111.0,918975.0,76.94561876
2007,3,Sinaloa,Mujeres,416063.0,995061.0,41.81281349
2007,3,Sonora,Hombres,636920.0,830919.0,76.65247756
2007,3,Sonora,Mujeres,392814.0,948876.0,41.39782227
2007,3,Tabasco,Hombres,554189.0,698609.0,79.3274922
2007,3,Tabasco,Mujeres,276239.0,793510.0,34.8122897
2007,3,Tamaulipas,Hombres,847505.0,1053427.0,80.45218131
2007,3,Tamaulipas,Mujeres,518556.0,1143683.0,45.34088554
2007,3,Tlaxcala,Hombres,284600.0,354223.0,80.3448675
2007,3,Tlaxcala,Mujeres,178780.0,406698.0,43.95890808
2007,3,Veracruz,Hombres,1917827.0,2430489.0,78.90704299
2007,3,Veracruz,Mujeres,1018701.0,2822090.0,36.0973959
2007,3,Yucatán,Hombres,505990.0,617532.0,81.93745425
2007,3,Yucatán,Mujeres,328986.0,701010.0,46.9302863
2007,3,Zacatecas,Hombres,378332.0,454916.0,83.16524369
2007,3,Zacatecas,Mujeres,213021.0,531091.0,40.1100753
2007,4,Nacional,Hombres,28536941.0,35293273.0,80.8566012
2007,4,Nacional,Mujeres,17503447.0,40348679.0,43.38047102
2007,4,Aguascalientes,Hombres,285954.0,355117.0,80.52388368
2007,4,Aguascalientes,Mujeres,170928.0,404095.0,42.29896435
2007,4,Baja California,Hombres,813447.0,1045511.0,77.80377251
2007,4,Baja California,Mujeres,502707.0,1097577.0,45.80152463
2007,4,Baja California Sur,Hombres,173775.0,208040.0,83.52960969
2007,4,Baja California Sur,Mujeres,100724.0,206811.0,48.70340552
2007,4,Campeche,Hombres,221140.0,261270.0,84.6404103
2007,4,Campeche,Mujeres,117350.0,286556.0,40.95185583
2007,4,Coahuila,Hombres,738722.0,914693.0,80.76174192
2007,4,Coahuila,Mujeres,416472.0,961475.0,43.31594685
2007,4,Colima,Hombres,175930.0,216868.0,81.12307948
2007,4,Colima,Mujeres,116958.0,238063.0,49.12901207
2007,4,Chiapas,Hombres,1167320.0,1347651.0,86.61886497
2007,4,Chiapas,Mujeres,516128.0,1563899.0,33.00264275
2007,4,Chihuahua,Hombres,959884.0,1172206.0,81.88697209
2007,4,Chihuahua,Mujeres,483805.0,1189940.0,40.65793233
2007,4,Ciudad de México,Hombres,2375329.0,3060442.0,77.61391982
2007,4,Ciudad de México,Mujeres,1828029.0,3658499.0,49.96663932
2007,4,Durango,Hombres,422659.0,525199.0,80.47597196
2007,4,Durango,Mujeres,210181.0,575077.0,36.54832309
2007,4,Guanajuato,Hombres,1304480.0,1624459.0,80.30242684
2007,4,Guanajuato,Mujeres,776528.0,1950971.0,39.8021293
2007,4,Guerrero,Hombres,785599.0,958106.0,81.99499847
2007,4,Guerrero,Mujeres,542274.0,1187031.0,45.68322142
2007,4,Hidalgo,Hombres,620003.0,767250.0,80.80847181
2007,4,Hidalgo,Mujeres,399725.0,957493.0,41.74704149
2007,4,Jalisco,Hombres,1939298.0,2322195.0,83.51141915
2007,4,Jalisco,Mujeres,1227852.0,2611302.0,47.02068164
2007,4,México,Hombres,3855551.0,4826105.0,79.88949681
2007,4,México,Mujeres,2204004.0,5448048.0,40.45492991
2007,4,Michoacán,Hombres,1049492.0,1264757.0,82.97973445
2007,4,Michoacán,Mujeres,662641.0,1580526.0,41.92534637
2007,4,Morelos,Hombres,445783.0,561697.0,79.36360707
2007,4,Morelos,Mujeres,312382.0,654828.0,47.70443536
2007,4,Nayarit,Hombres,279342.0,337847.0,82.68298964
2007,4,Nayarit,Mujeres,182017.0,379023.0,48.02267936
2007,4,Nuevo León,Hombres,1305024.0,1599324.0,81.59847536
2007,4,Nuevo León,Mujeres,752550.0,1612481.0,46.67031736
2007,4,Oaxaca,Hombres,879705.0,1098020.0,80.11739313
2007,4,Oaxaca,Mujeres,603271.0,1356787.0,44.46320609
2007,4,Puebla,Hombres,1377389.0,1672956.0,82.33264951
2007,4,Puebla,Mujeres,976536.0,2113280.0,46.20949425
2007,4,Querétaro,Hombres,433931.0,540820.0,80.23575312
2007,4,Querétaro,Mujeres,284954.0,640856.0,44.46459111
2007,4,Quintana Roo,Hombres,370888.0,426216.0,87.0187886
2007,4,Quintana Roo,Mujeres,233036.0,424891.0,54.8460664
2007,4,San Luis Potosí,Hombres,643274.0,799209.0,80.48883333
2007,4,San Luis Potosí,Mujeres,382317.0,899336.0,42.51103036
2007,4,Sinaloa,Hombres,738433.0,924824.0,79.84578687
2007,4,Sinaloa,Mujeres,425654.0,998323.0,42.63690208
2007,4,Sonora,Hombres,650824.0,838668.0,77.60210238
2007,4,Sonora,Mujeres,411098.0,940757.0,43.69863844
2007,4,Tabasco,Hombres,544327.0,688082.0,79.10786796
2007,4,Tabasco,Mujeres,334655.0,792367.0,42.23484825
2007,4,Tamaulipas,Hombres,855320.0,1063750.0,80.40611046
2007,4,Tamaulipas,Mujeres,523162.0,1149314.0,45.5195012
2007,4,Tlaxcala,Hombres,283631.0,358084.0,79.20795121
2007,4,Tlaxcala,Mujeres,173685.0,406566.0,42.72000118
2007,4,Veracruz,Hombres,1949915.0,2432831.0,80.15003919
2007,4,Veracruz,Mujeres,1074822.0,2840036.0,37.84536534
2007,4,Yucatán,Hombres,516630.0,623970.0,82.79724987
2007,4,Yucatán,Mujeres,337500.0,699025.0,48.281535
2007,4,Zacatecas,Hombres,373942.0,457106.0,81.80640814
2007,4,Zacatecas,Mujeres,219502.0,523446.0,41.93402949
2008,1,Nacional,Hombres,28461579.0,35594978.0,79.9595353
2008,1,Nacional,Mujeres,17163576.0,40510495.0,42.36822088
2008,1,Aguascalientes,Hombres,286169.0,360715.0,79.3338231
2008,1,Aguascalientes,Mujeres,166173.0,407460.0,40.78265351
2008,1,Baja California,Hombres,808457.0,1060003.0,76.26931245
2008,1,Baja California,Mujeres,482346.0,1096868.0,43.97484474
2008,1,Baja California Sur,Hombres,174716.0,209361.0,83.45202784
2008,1,Baja California Sur,Mujeres,103352.0,210426.0,49.11560359
2008,1,Campeche,Hombres,225843.0,268433.0,84.13384345
2008,1,Campeche,Mujeres,117498.0,288334.0,40.75065722
2008,1,Coahuila,Hombres,739799.0,917648.0,80.61903911
2008,1,Coahuila,Mujeres,415663.0,967377.0,42.96804658
2008,1,Colima,Hombres,177825.0,218281.0,81.46609187
2008,1,Colima,Mujeres,121716.0,238456.0,51.04337907
2008,1,Chiapas,Hombres,1166150.0,1352053.0,86.25031711
2008,1,Chiapas,Mujeres,485726.0,1559717.0,31.14193152
2008,1,Chihuahua,Hombres,958191.0,1179440.0,81.24118226
2008,1,Chihuahua,Mujeres,467738.0,1197616.0,39.05575744
2008,1,Ciudad de México,Hombres,2396056.0,3064201.0,78.19513146
2008,1,Ciudad de México,Mujeres,1772055.0,3677553.0,48.18570936
2008,1,Durango,Hombres,411112.0,523369.0,78.55107964
2008,1,Durango,Mujeres,203635.0,575588.0,35.37860414
2008,1,Guanajuato,Hombres,1273428.0,1638823.0,77.70381548
2008,1,Guanajuato,Mujeres,768847.0,1975833.0,38.9125498
2008,1,Guerrero,Hombres,749580.0,952833.0,78.66855997
2008,1,Guerrero,Mujeres,515605.0,1183631.0,43.56129571
2008,1,Hidalgo,Hombres,611787.0,776177.0,78.82055253
2008,1,Hidalgo,Mujeres,395548.0,972844.0,40.65893401
2008,1,Jalisco,Hombres,1922532.0,2346797.0,81.92152964
2008,1,Jalisco,Mujeres,1225074.0,2600071.0,47.11694411
2008,1,México,Hombres,3853681.0,4831345.0,79.76414435
2008,1,México,Mujeres,2270449.0,5468872.0,41.51585555
2008,1,Michoacán,Hombres,1041154.0,1297563.0,80.23918684
2008,1,Michoacán,Mujeres,634006.0,1582902.0,40.0533956
2008,1,Morelos,Hombres,439851.0,565902.0,77.72564861
2008,1,Morelos,Mujeres,296232.0,657423.0,45.05957352
2008,1,Nayarit,Hombres,286320.0,348629.0,82.12741912
2008,1,Nayarit,Mujeres,176480.0,377532.0,46.74570632
2008,1,Nuevo León,Hombres,1306524.0,1616518.0,80.82334994
2008,1,Nuevo León,Mujeres,750120.0,1630045.0,46.01836146
2008,1,Oaxaca,Hombres,882808.0,1103941.0,79.96876645
2008,1,Oaxaca,Mujeres,584148.0,1358573.0,42.99717424
2008,1,Puebla,Hombres,1371180.0,1721905.0,79.63157085
2008,1,Puebla,Mujeres,907889.0,2119248.0,42.84014896
2008,1,Querétaro,Hombres,427904.0,544546.0,78.57995468
2008,1,Querétaro,Mujeres,268252.0,639632.0,41.93848963
2008,1,Quintana Roo,Hombres,376530.0,432463.0,87.06640799
2008,1,Quintana Roo,Mujeres,237511.0,430477.0,55.17391173
2008,1,San Luis Potosí,Hombres,649904.0,797816.0,81.46038686
2008,1,San Luis Potosí,Mujeres,375602.0,905374.0,41.485839
2008,1,Sinaloa,Hombres,742093.0,931688.0,79.65037652
2008,1,Sinaloa,Mujeres,431399.0,1012282.0,42.61648434
2008,1,Sonora,Hombres,658132.0,856516.0,76.83826105
2008,1,Sonora,Mujeres,412016.0,940809.0,43.79379874
2008,1,Tabasco,Hombres,581135.0,703268.0,82.63350529
2008,1,Tabasco,Mujeres,287942.0,788321.0,36.5259837
2008,1,Tamaulipas,Hombres,863276.0,1071839.0,80.54157387
2008,1,Tamaulipas,Mujeres,530947.0,1158657.0,45.82434664
2008,1,Tlaxcala,Hombres,280759.0,358383.0,78.34049048
2008,1,Tlaxcala,Mujeres,176687.0,413449.0,42.73489596
2008,1,Veracruz,Hombres,1943329.0,2453925.0,79.19268111
2008,1,Veracruz,Mujeres,1061757.0,2849109.0,37.2662822
2008,1,Yucatán,Hombres,521457.0,631062.0,82.63165901
2008,1,Yucatán,Mujeres,328964.0,701541.0,46.89162857
2008,1,Zacatecas,Hombres,333897.0,459535.0,72.65975388
2008,1,Zacatecas,Mujeres,192199.0,524475.0,36.64597931
2008,2,Nacional,Hombres,28715484.0,35786357.0,80.24142832
2008,2,Nacional,Mujeres,17330709.0,40549053.0,42.74010789
2008,2,Aguascalientes,Hombres,279876.0,359277.0,77.89978206
2008,2,Aguascalientes,Mujeres,169265.0,412824.0,41.0017344
2008,2,Baja California,Hombres,826740.0,1063245.0,77.75630264
2008,2,Baja California,Mujeres,530090.0,1111381.0,47.69651452
2008,2,Baja California Sur,Hombres,179119.0,215217.0,83.22716142
2008,2,Baja California Sur,Mujeres,104449.0,208696.0,50.04839575
2008,2,Campeche,Hombres,225843.0,271063.0,83.31753135
2008,2,Campeche,Mujeres,122236.0,290180.0,42.12419877
2008,2,Coahuila,Hombres,736981.0,900641.0,81.8284977
2008,2,Coahuila,Mujeres,406133.0,978062.0,41.5242592
2008,2,Colima,Hombres,177756.0,216037.0,82.28035013
2008,2,Colima,Mujeres,125676.0,239052.0,52.57266201
2008,2,Chiapas,Hombres,1178411.0,1372775.0,85.84152538
2008,2,Chiapas,Mujeres,474227.0,1572653.0,30.15458591
2008,2,Chihuahua,Hombres,951990.0,1165320.0,81.69344043
2008,2,Chihuahua,Mujeres,489821.0,1205293.0,40.63916409
2008,2,Ciudad de México,Hombres,2397170.0,3082579.0,77.76507918
2008,2,Ciudad de México,Mujeres,1825261.0,3684509.0,49.53878522
2008,2,Durango,Hombres,405554.0,512997.0,79.05582294
2008,2,Durango,Mujeres,200575.0,579353.0,34.62051633
2008,2,Guanajuato,Hombres,1293312.0,1627306.0,79.47564871
2008,2,Guanajuato,Mujeres,785815.0,1965294.0,39.98460281
2008,2,Guerrero,Hombres,775800.0,973290.0,79.70902814
2008,2,Guerrero,Mujeres,498232.0,1172896.0,42.47878755
2008,2,Hidalgo,Hombres,629977.0,796655.0,79.07776892
2008,2,Hidalgo,Mujeres,389964.0,965916.0,40.37245475
2008,2,Jalisco,Hombres,1959103.0,2360608.0,82.99145813
2008,2,Jalisco,Mujeres,1249825.0,2616946.0,47.7589144
2008,2,México,Hombres,3878977.0,4885408.0,79.39924363
2008,2,México,Mujeres,2239543.0,5468148.0,40.95615188
2008,2,Michoacán,Hombres,1050212.0,1296504.0,81.00337523
2008,2,Michoacán,Mujeres,652852.0,1569136.0,41.60582639
2008,2,Morelos,Hombres,444077.0,574143.0,77.34606187
2008,2,Morelos,Mujeres,304031.0,661659.0,45.94980194
2008,2,Nayarit,Hombres,286505.0,354951.0,80.71677499
2008,2,Nayarit,Mujeres,178273.0,383179.0,46.52473126
2008,2,Nuevo León,Hombres,1310824.0,1624038.0,80.71387492
2008,2,Nuevo León,Mujeres,759220.0,1628755.0,46.61351769
2008,2,Oaxaca,Hombres,891094.0,1123265.0,79.33070113
2008,2,Oaxaca,Mujeres,564676.0,1361643.0,41.47019446
2008,2,Puebla,Hombres,1396386.0,1727838.0,80.81695159
2008,2,Puebla,Mujeres,927325.0,2090701.0,44.35474035
2008,2,Querétaro,Hombres,429096.0,548273.0,78.263201
2008,2,Querétaro,Mujeres,281026.0,641274.0,43.82307719
2008,2,Quintana Roo,Hombres,377135.0,438055.0,86.0930705
2008,2,Quintana Roo,Mujeres,247913.0,439167.0,56.45073514
2008,2,San Luis Potosí,Hombres,652836.0,801769.0,81.42445018
2008,2,San Luis Potosí,Mujeres,374862.0,913245.0,41.04725457
2008,2,Sinaloa,Hombres,742401.0,943761.0,78.66408974
2008,2,Sinaloa,Mujeres,417051.0,1005142.0,41.49174942
2008,2,Sonora,Hombres,679242.0,876764.0,77.47147465
2008,2,Sonora,Mujeres,427311.0,941986.0,45.36277609
2008,2,Tabasco,Hombres,574646.0,713016.0,80.59370337
2008,2,Tabasco,Mujeres,272874.0,786129.0,34.71109703
2008,2,Tamaulipas,Hombres,870589.0,1066107.0,81.66056503
2008,2,Tamaulipas,Mujeres,548699.0,1170927.0,46.86022271
2008,2,Tlaxcala,Hombres,281140.0,358305.0,78.46387854
2008,2,Tlaxcala,Mujeres,181443.0,416087.0,43.60698604
2008,2,Veracruz,Hombres,1944253.0,2435268.0,79.83733207
2008,2,Veracruz,Mujeres,1042575.0,2843299.0,36.66779329
2008,2,Yucatán,Hombres,530930.0,637667.0,83.26132605
2008,2,Yucatán,Mujeres,337628.0,700741.0,48.1815678
2008,2,Zacatecas,Hombres,357509.0,464215.0,77.01366824
2008,2,Zacatecas,Mujeres,201838.0,524780.0,38.46145051
2008,3,Nacional,Hombres,28936934.0,35988111.0,80.40692661
2008,3,Nacional,Mujeres,17189735.0,40833402.0,42.09723941
2008,3,Aguascalientes,Hombres,286900.0,361772.0,79.30409208
2008,3,Aguascalientes,Mujeres,171664.0,415746.0,41.2905957
2008,3,Baja California,Hombres,826738.0,1060807.0,77.93481755
2008,3,Baja California,Mujeres,525600.0,1110581.0,47.32657951
2008,3,Baja California Sur,Hombres,180130.0,216010.0,83.38965789
2008,3,Baja California Sur,Mujeres,107852.0,213290.0,50.5658962
2008,3,Campeche,Hombres,228277.0,274834.0,83.05995619
2008,3,Campeche,Mujeres,122004.0,287449.0,42.44370306
2008,3,Coahuila,Hombres,725222.0,908804.0,79.79960476
2008,3,Coahuila,Mujeres,415259.0,982170.0,42.27974791
2008,3,Colima,Hombres,185187.0,220173.0,84.10976823
2008,3,Colima,Mujeres,127271.0,240611.0,52.89492168
2008,3,Chiapas,Hombres,1198639.0,1368339.0,87.59810252
2008,3,Chiapas,Mujeres,504590.0,1598507.0,31.56633033
2008,3,Chihuahua,Hombres,962579.0,1183420.0,81.33874702
2008,3,Chihuahua,Mujeres,491441.0,1215147.0,40.44292584
2008,3,Ciudad de México,Hombres,2397399.0,3107933.0,77.13805285
2008,3,Ciudad de México,Mujeres,1769452.0,3694344.0,47.89624356
2008,3,Durango,Hombres,410098.0,517562.0,79.23649727
2008,3,Durango,Mujeres,197082.0,572325.0,34.43532958
2008,3,Guanajuato,Hombres,1294015.0,1606933.0,80.52700393
2008,3,Guanajuato,Mujeres,790662.0,1975220.0,40.02906005
2008,3,Guerrero,Hombres,796619.0,979352.0,81.34143801
2008,3,Guerrero,Mujeres,529113.0,1179342.0,44.86510274
2008,3,Hidalgo,Hombres,638471.0,791099.0,80.70683947
2008,3,Hidalgo,Mujeres,381905.0,977638.0,39.06405029
2008,3,Jalisco,Hombres,1947037.0,2397889.0,81.19796204
2008,3,Jalisco,Mujeres,1222631.0,2615422.0,46.74698768
2008,3,México,Hombres,3903964.0,4914051.0,79.44492233
2008,3,México,Mujeres,2193460.0,5541847.0,39.5799451
2008,3,Michoacán,Hombres,1087361.0,1299119.0,83.69987661
2008,3,Michoacán,Mujeres,655160.0,1564313.0,41.88164389
2008,3,Morelos,Hombres,451286.0,578119.0,78.06109123
2008,3,Morelos,Mujeres,300206.0,666272.0,45.05757408
2008,3,Nayarit,Hombres,281965.0,356278.0,79.1418499
2008,3,Nayarit,Mujeres,174842.0,384862.0,45.42979042
2008,3,Nuevo León,Hombres,1331577.0,1640110.0,81.18827396
2008,3,Nuevo León,Mujeres,745692.0,1644785.0,45.33674614
2008,3,Oaxaca,Hombres,918083.0,1121528.0,81.86001598
2008,3,Oaxaca,Mujeres,587309.0,1365261.0,43.01807493
2008,3,Puebla,Hombres,1414193.0,1737153.0,81.40866118
2008,3,Puebla,Mujeres,882576.0,2105907.0,41.90954301
2008,3,Querétaro,Hombres,437487.0,548928.0,79.6984304
2008,3,Querétaro,Mujeres,285898.0,652191.0,43.83654482
2008,3,Quintana Roo,Hombres,389340.0,447771.0,86.95069578
2008,3,Quintana Roo,Mujeres,242257.0,445901.0,54.32977275
2008,3,San Luis Potosí,Hombres,636546.0,806162.0,78.96006014
2008,3,San Luis Potosí,Mujeres,371449.0,927300.0,40.05704734
2008,3,Sinaloa,Hombres,749175.0,959100.0,78.11229277
2008,3,Sinaloa,Mujeres,420755.0,1007048.0,41.78102732
2008,3,Sonora,Hombres,674800.0,891872.0,75.66108141
2008,3,Sonora,Mujeres,408290.0,945679.0,43.17426949
2008,3,Tabasco,Hombres,602107.0,733209.0,82.11942297
2008,3,Tabasco,Mujeres,269239.0,783683.0,34.35560041
2008,3,Tamaulipas,Hombres,855132.0,1066874.0,80.15304525
2008,3,Tamaulipas,Mujeres,536617.0,1182857.0,45.36617698
2008,3,Tlaxcala,Hombres,287573.0,354992.0,81.00830441
2008,3,Tlaxcala,Mujeres,186037.0,419055.0,44.39441123
2008,3,Veracruz,Hombres,1933924.0,2437251.0,79.34857756
2008,3,Veracruz,Mujeres,1039418.0,2886065.0,36.01505857
2008,3,Yucatán,Hombres,536405.0,641190.0,83.65773016
2008,3,Yucatán,Mujeres,337533.0,706047.0,47.80602424
2008,3,Zacatecas,Hombres,368705.0,459477.0,80.24449537
2008,3,Zacatecas,Mujeres,196471.0,526537.0,37.31380701
2008,4,Nacional,Hombres,28804108.0,36366169.0,79.20578052
2008,4,Nacional,Mujeres,17119425.0,40903279.0,41.8534294
2008,4,Aguascalientes,Hombres,288837.0,364804.0,79.17594105
2008,4,Aguascalientes,Mujeres,176480.0,424219.0,41.60115412
2008,4,Baja California,Hombres,819200.0,1079648.0,75.876582
2008,4,Baja California,Mujeres,523160.0,1118412.0,46.77703744
2008,4,Baja California Sur,Hombres,179530.0,215840.0,83.1773536
2008,4,Baja California Sur,Mujeres,111803.0,215654.0,51.84369407
2008,4,Campeche,Hombres,226111.0,275340.0,82.12065083
2008,4,Campeche,Mujeres,119275.0,290456.0,41.06473958
2008,4,Coahuila,Hombres,721997.0,911136.0,79.24140853
2008,4,Coahuila,Mujeres,419941.0,996720.0,42.13229392
2008,4,Colima,Hombres,182547.0,221239.0,82.5112209
2008,4,Colima,Mujeres,123014.0,239655.0,51.32961966
2008,4,Chiapas,Hombres,1190847.0,1389095.0,85.72826193
2008,4,Chiapas,Mujeres,466015.0,1597691.0,29.16803061
2008,4,Chihuahua,Hombres,939303.0,1205651.0,77.90836652
2008,4,Chihuahua,Mujeres,503279.0,1219762.0,41.26042621
2008,4,Ciudad de México,Hombres,2342442.0,3088657.0,75.8401467
2008,4,Ciudad de México,Mujeres,1737065.0,3698344.0,46.96872438
2008,4,Durango,Hombres,411993.0,520172.0,79.20322509
2008,4,Durango,Mujeres,211450.0,575853.0,36.71944055
2008,4,Guanajuato,Hombres,1312838.0,1633240.0,80.38243002
2008,4,Guanajuato,Mujeres,792377.0,1977119.0,40.07735498
2008,4,Guerrero,Hombres,781941.0,995149.0,78.57526863
2008,4,Guerrero,Mujeres,548950.0,1192641.0,46.02810066
2008,4,Hidalgo,Hombres,662284.0,828197.0,79.96696438
2008,4,Hidalgo,Mujeres,354079.0,974124.0,36.34845256
2008,4,Jalisco,Hombres,1930290.0,2439024.0,79.14190266
2008,4,Jalisco,Mujeres,1203083.0,2650610.0,45.38891048
2008,4,México,Hombres,3918160.0,4960506.0,78.98710333
2008,4,México,Mujeres,2244826.0,5548180.0,40.46058347
2008,4,Michoacán,Hombres,1068471.0,1329510.0,80.36577386
2008,4,Michoacán,Mujeres,635965.0,1569177.0,40.52857007
2008,4,Morelos,Hombres,452113.0,585061.0,77.27621564
2008,4,Morelos,Mujeres,301642.0,679846.0,44.36916596
2008,4,Nayarit,Hombres,291893.0,368020.0,79.31443943
2008,4,Nayarit,Mujeres,178010.0,384930.0,46.24477178
2008,4,Nuevo León,Hombres,1322008.0,1649837.0,80.1296128
2008,4,Nuevo León,Mujeres,747369.0,1639098.0,45.59635848
2008,4,Oaxaca,Hombres,912650.0,1140435.0,80.02648112
2008,4,Oaxaca,Mujeres,573884.0,1379270.0,41.60780703
2008,4,Puebla,Hombres,1425042.0,1754095.0,81.2408678
2008,4,Puebla,Mujeres,900703.0,2077856.0,43.34771033
2008,4,Querétaro,Hombres,434764.0,552578.0,78.67920909
2008,4,Querétaro,Mujeres,278297.0,652997.0,42.61841938
2008,4,Quintana Roo,Hombres,391379.0,458222.0,85.4125293
2008,4,Quintana Roo,Mujeres,242689.0,443109.0,54.76959394
2008,4,San Luis Potosí,Hombres,642035.0,817423.0,78.54378945
2008,4,San Luis Potosí,Mujeres,377416.0,930125.0,40.57691171
2008,4,Sinaloa,Hombres,747076.0,953078.0,78.38560957
2008,4,Sinaloa,Mujeres,439143.0,1009000.0,43.52259663
2008,4,Sonora,Hombres,664647.0,896278.0,74.15634435
2008,4,Sonora,Mujeres,398148.0,938565.0,42.42092982
2008,4,Tabasco,Hombres,581271.0,728983.0,79.73725039
2008,4,Tabasco,Mujeres,271412.0,786196.0,34.52218022
2008,4,Tamaulipas,Hombres,837476.0,1067892.0,78.42328625
2008,4,Tamaulipas,Mujeres,535462.0,1190850.0,44.96468909
2008,4,Tlaxcala,Hombres,281557.0,358133.0,78.61799946
2008,4,Tlaxcala,Mujeres,174228.0,422527.0,41.23476133
2008,4,Veracruz,Hombres,1928073.0,2461530.0,78.32823488
2008,4,Veracruz,Mujeres,984867.0,2836246.0,34.72431517
2008,4,Yucatán,Hombres,543344.0,656776.0,82.72896695
2008,4,Yucatán,Mujeres,341020.0,709544.0,48.06185381
2008,4,Zacatecas,Hombres,371989.0,460620.0,80.75832573
2008,4,Zacatecas,Mujeres,204373.0,534503.0,38.23608099
2009,1,Nacional,Hombres,28961308.0,36791552.0,78.71727727
2009,1,Nacional,Mujeres,17185486.0,41248046.0,41.66375784
2009,1,Aguascalientes,Hombres,282687.0,369291.0,76.54857551
2009,1,Aguascalientes,Mujeres,169043.0,427987.0,39.49722772
2009,1,Baja California,Hombres,836449.0,1094383.0,76.43110319
2009,1,Baja California,Mujeres,521025.0,1122133.0,46.43166184
2009,1,Baja California Sur,Hombres,181400.0,218680.0,82.95225901
2009,1,Baja California Sur,Mujeres,110953.0,217652.0,50.97724808
2009,1,Campeche,Hombres,223509.0,276497.0,80.83595844
2009,1,Campeche,Mujeres,119505.0,295276.0,40.47230388
2009,1,Coahuila,Hombres,735714.0,914531.0,80.44713629
2009,1,Coahuila,Mujeres,420331.0,997044.0,42.15771822
2009,1,Colima,Hombres,182169.0,220980.0,82.43687212
2009,1,Colima,Mujeres,125757.0,241015.0,52.1780802
2009,1,Chiapas,Hombres,1205266.0,1410919.0,85.42418098
2009,1,Chiapas,Mujeres,510579.0,1597488.0,31.96136685
2009,1,Chihuahua,Hombres,931328.0,1201674.0,77.50255061
2009,1,Chihuahua,Mujeres,482501.0,1247832.0,38.6671443
2009,1,Ciudad de México,Hombres,2326074.0,3112542.0,74.73229277
2009,1,Ciudad de México,Mujeres,1798918.0,3731099.0,48.21415888
2009,1,Durango,Hombres,408560.0,523468.0,78.04870594
2009,1,Durango,Mujeres,209199.0,579952.0,36.07177835
2009,1,Guanajuato,Hombres,1279482.0,1665003.0,76.84562731
2009,1,Guanajuato,Mujeres,807049.0,2000955.0,40.3331909
2009,1,Guerrero,Hombres,766968.0,1016229.0,75.47196547
2009,1,Guerrero,Mujeres,492584.0,1195857.0,41.19087817
2009,1,Hidalgo,Hombres,661856.0,830099.0,79.73217652
2009,1,Hidalgo,Mujeres,372098.0,988113.0,37.65743392
2009,1,Jalisco,Hombres,1945416.0,2415491.0,80.53915332
2009,1,Jalisco,Mujeres,1209616.0,2640538.0,45.80945247
2009,1,México,Hombres,3958210.0,5068440.0,78.09523246
2009,1,México,Mujeres,2234358.0,5606404.0,39.85367448
2009,1,Michoacán,Hombres,1075222.0,1327160.0,81.01675759
2009,1,Michoacán,Mujeres,642707.0,1597333.0,40.23625631
2009,1,Morelos,Hombres,443068.0,588942.0,75.23117726
2009,1,Morelos,Mujeres,304854.0,689031.0,44.24387292
2009,1,Nayarit,Hombres,295602.0,369833.0,79.92850827
2009,1,Nayarit,Mujeres,184129.0,391362.0,47.04825711
2009,1,Nuevo León,Hombres,1334553.0,1662284.0,80.28429558
2009,1,Nuevo León,Mujeres,773705.0,1674455.0,46.2063776
2009,1,Oaxaca,Hombres,929934.0,1157571.0,80.33494274
2009,1,Oaxaca,Mujeres,580997.0,1377622.0,42.17390547
2009,1,Puebla,Hombres,1435322.0,1793080.0,80.04785063
2009,1,Puebla,Mujeres,871763.0,2095661.0,41.59847418
2009,1,Querétaro,Hombres,433589.0,560466.0,77.36223072
2009,1,Querétaro,Mujeres,283636.0,661731.0,42.86273425
2009,1,Quintana Roo,Hombres,390036.0,464161.0,84.03032568
2009,1,Quintana Roo,Mujeres,232718.0,452922.0,51.38147407
2009,1,San Luis Potosí,Hombres,652018.0,820933.0,79.42402121
2009,1,San Luis Potosí,Mujeres,375942.0,934380.0,40.23438002
2009,1,Sinaloa,Hombres,773571.0,973674.0,79.44866557
2009,1,Sinaloa,Mujeres,430064.0,1019140.0,42.19871656
2009,1,Sonora,Hombres,684737.0,920703.0,74.37110556
2009,1,Sonora,Mujeres,405636.0,951458.0,42.63309573
2009,1,Tabasco,Hombres,590030.0,725436.0,81.33453537
2009,1,Tabasco,Mujeres,278633.0,790312.0,35.25607608
2009,1,Tamaulipas,Hombres,856348.0,1097838.0,78.00312979
2009,1,Tamaulipas,Mujeres,525852.0,1209835.0,43.46476999
2009,1,Tlaxcala,Hombres,277165.0,365925.0,75.74366332
2009,1,Tlaxcala,Mujeres,173618.0,421646.0,41.17624737
2009,1,Veracruz,Hombres,1978350.0,2491089.0,79.41707422
2009,1,Veracruz,Mujeres,1016699.0,2827596.0,35.95630352
2009,1,Yucatán,Hombres,538847.0,664807.0,81.05314776
2009,1,Yucatán,Mujeres,338567.0,721293.0,46.9389
2009,1,Zacatecas,Hombres,347828.0,469423.0,74.09692324
2009,1,Zacatecas,Mujeres,182450.0,542924.0,33.6050718
2009,2,Nacional,Hombres,29252738.0,37182044.0,78.67436766
2009,2,Nacional,Mujeres,17374532.0,41380738.0,41.98700371
2009,2,Aguascalientes,Hombres,287714.0,372712.0,77.19472408
2009,2,Aguascalientes,Mujeres,173924.0,425151.0,40.90875948
2009,2,Baja California,Hombres,839837.0,1098712.0,76.43832051
2009,2,Baja California,Mujeres,532442.0,1128093.0,47.19841361
2009,2,Baja California Sur,Hombres,180503.0,224345.0,80.45777708
2009,2,Baja California Sur,Mujeres,108097.0,219082.0,49.34088606
2009,2,Campeche,Hombres,229484.0,281202.0,81.60823892
2009,2,Campeche,Mujeres,121310.0,294923.0,41.13277025
2009,2,Coahuila,Hombres,728867.0,926218.0,78.69281314
2009,2,Coahuila,Mujeres,411025.0,995498.0,41.28838029
2009,2,Colima,Hombres,182432.0,222103.0,82.13846729
2009,2,Colima,Mujeres,123627.0,242976.0,50.88033386
2009,2,Chiapas,Hombres,1214970.0,1418181.0,85.67101096
2009,2,Chiapas,Mujeres,519814.0,1613203.0,32.22247913
2009,2,Chihuahua,Hombres,917730.0,1206075.0,76.09228282
2009,2,Chihuahua,Mujeres,481155.0,1250400.0,38.48008637
2009,2,Ciudad de México,Hombres,2359655.0,3165156.0,74.5509858
2009,2,Ciudad de México,Mujeres,1811468.0,3730015.0,48.56463044
2009,2,Durango,Hombres,410835.0,525180.0,78.22746487
2009,2,Durango,Mujeres,204761.0,581119.0,35.2356402
2009,2,Guanajuato,Hombres,1272982.0,1666236.0,76.39866141
2009,2,Guanajuato,Mujeres,819989.0,2029698.0,40.39955698
2009,2,Guerrero,Hombres,829151.0,1024818.0,80.90714644
2009,2,Guerrero,Mujeres,529409.0,1195325.0,44.28996298
2009,2,Hidalgo,Hombres,666468.0,841042.0,79.24312936
2009,2,Hidalgo,Mujeres,363730.0,987309.0,36.84054334
2009,2,Jalisco,Hombres,1944172.0,2425245.0,80.1639422
2009,2,Jalisco,Mujeres,1198489.0,2655123.0,45.13873745
2009,2,México,Hombres,4111615.0,5164566.0,79.61201387
2009,2,México,Mujeres,2276686.0,5617143.0,40.53103152
2009,2,Michoacán,Hombres,1062229.0,1358888.0,78.16898817
2009,2,Michoacán,Mujeres,653338.0,1607212.0,40.65039335
2009,2,Morelos,Hombres,451898.0,589709.0,76.63067716
2009,2,Morelos,Mujeres,316431.0,694325.0,45.57390271
2009,2,Nayarit,Hombres,290390.0,366510.0,79.23112603
2009,2,Nayarit,Mujeres,190340.0,396298.0,48.02951314
2009,2,Nuevo León,Hombres,1345566.0,1675789.0,80.29447621
2009,2,Nuevo León,Mujeres,773268.0,1690543.0,45.74080636
2009,2,Oaxaca,Hombres,935398.0,1169655.0,79.97212853
2009,2,Oaxaca,Mujeres,596901.0,1388621.0,42.98516298
2009,2,Puebla,Hombres,1424525.0,1805571.0,78.89609437
2009,2,Puebla,Mujeres,855750.0,2080873.0,41.12456647
2009,2,Querétaro,Hombres,433394.0,564552.0,76.76777338
2009,2,Querétaro,Mujeres,277651.0,676793.0,41.02450823
2009,2,Quintana Roo,Hombres,391520.0,464257.0,84.33260026
2009,2,Quintana Roo,Mujeres,245206.0,461345.0,53.15024548
2009,2,San Luis Potosí,Hombres,653741.0,838035.0,78.00879438
2009,2,San Luis Potosí,Mujeres,375496.0,934556.0,40.17907969
2009,2,Sinaloa,Hombres,752732.0,988214.0,76.17095083
2009,2,Sinaloa,Mujeres,416126.0,1007285.0,41.31164467
2009,2,Sonora,Hombres,689834.0,930666.0,74.12261757
2009,2,Sonora,Mujeres,409578.0,944404.0,43.36893956
2009,2,Tabasco,Hombres,583595.0,731218.0,79.81135585
2009,2,Tabasco,Mujeres,287933.0,795154.0,36.21097297
2009,2,Tamaulipas,Hombres,864360.0,1103130.0,78.35522559
2009,2,Tamaulipas,Mujeres,541621.0,1205932.0,44.91306309
2009,2,Tlaxcala,Hombres,295116.0,370363.0,79.68290569
2009,2,Tlaxcala,Mujeres,195042.0,418996.0,46.54984773
2009,2,Veracruz,Hombres,1987040.0,2520020.0,78.85016786
2009,2,Veracruz,Mujeres,1016358.0,2844384.0,35.73209524
2009,2,Yucatán,Hombres,555263.0,674412.0,82.33290629
2009,2,Yucatán,Mujeres,341108.0,725520.0,47.01565774
2009,2,Zacatecas,Hombres,359722.0,469264.0,76.65663678
2009,2,Zacatecas,Mujeres,206459.0,543439.0,37.99120048
2009,3,Nacional,Hombres,29560472.0,37300217.0,79.25013412
2009,3,Nacional,Mujeres,18348857.0,41761674.0,43.93707254
2009,3,Aguascalientes,Hombres,293073.0,378249.0,77.48150028
2009,3,Aguascalientes,Mujeres,183653.0,431291.0,42.58215451
2009,3,Baja California,Hombres,844437.0,1116665.0,75.62133675
2009,3,Baja California,Mujeres,534153.0,1137503.0,46.95838165
2009,3,Baja California Sur,Hombres,180048.0,228949.0,78.64109474
2009,3,Baja California Sur,Mujeres,105379.0,221983.0,47.47165323
2009,3,Campeche,Hombres,232599.0,284128.0,81.86415982
2009,3,Campeche,Mujeres,124563.0,296201.0,42.05353797
2009,3,Coahuila,Hombres,740215.0,938246.0,78.89348849
2009,3,Coahuila,Mujeres,434060.0,1000774.0,43.37242974
2009,3,Colima,Hombres,186618.0,226555.0,82.37205094
2009,3,Colima,Mujeres,126771.0,240787.0,52.64860644
2009,3,Chiapas,Hombres,1241532.0,1435075.0,86.5133878
2009,3,Chiapas,Mujeres,548822.0,1632342.0,33.62175328
2009,3,Chihuahua,Hombres,934928.0,1218638.0,76.71909131
2009,3,Chihuahua,Mujeres,514061.0,1251392.0,41.07913428
2009,3,Ciudad de México,Hombres,2394844.0,3191885.0,75.02914422
2009,3,Ciudad de México,Mujeres,1878704.0,3713818.0,50.58686236
2009,3,Durango,Hombres,408224.0,526511.0,77.53380271
2009,3,Durango,Mujeres,207872.0,585237.0,35.51928535
2009,3,Guanajuato,Hombres,1328490.0,1687225.0,78.73816474
2009,3,Guanajuato,Mujeres,906533.0,2074920.0,43.69002178
2009,3,Guerrero,Hombres,857545.0,1032821.0,83.02939231
2009,3,Guerrero,Mujeres,603617.0,1199407.0,50.32628624
2009,3,Hidalgo,Hombres,677562.0,835391.0,81.10717018
2009,3,Hidalgo,Mujeres,403723.0,981833.0,41.11931459
2009,3,Jalisco,Hombres,1972218.0,2456053.0,80.30030297
2009,3,Jalisco,Mujeres,1283419.0,2688805.0,47.73194784
2009,3,México,Hombres,4114234.0,5119529.0,80.36352563
2009,3,México,Mujeres,2396177.0,5658353.0,42.34760539
2009,3,Michoacán,Hombres,1089814.0,1361259.0,80.05926866
2009,3,Michoacán,Mujeres,705953.0,1617102.0,43.65544041
2009,3,Morelos,Hombres,456092.0,586981.0,77.70132253
2009,3,Morelos,Mujeres,320029.0,700421.0,45.69094873
2009,3,Nayarit,Hombres,295790.0,371369.0,79.64854363
2009,3,Nayarit,Mujeres,192017.0,397767.0,48.27373814
2009,3,Nuevo León,Hombres,1344567.0,1675166.0,80.26470213
2009,3,Nuevo León,Mujeres,810989.0,1734775.0,46.74894439
2009,3,Oaxaca,Hombres,954026.0,1168971.0,81.61246087
2009,3,Oaxaca,Mujeres,644795.0,1398167.0,46.11716626
2009,3,Puebla,Hombres,1449793.0,1806661.0,80.24709672
2009,3,Puebla,Mujeres,945915.0,2106652.0,44.90134109
2009,3,Querétaro,Hombres,454981.0,577695.0,78.75799514
2009,3,Querétaro,Mujeres,281656.0,671318.0,41.95567525
2009,3,Quintana Roo,Hombres,392506.0,466752.0,84.09305156
2009,3,Quintana Roo,Mujeres,247201.0,468883.0,52.72125456
2009,3,San Luis Potosí,Hombres,653829.0,843959.0,77.47165443
2009,3,San Luis Potosí,Mujeres,371647.0,936730.0,39.67493301
2009,3,Sinaloa,Hombres,744379.0,978580.0,76.06726072
2009,3,Sinaloa,Mujeres,452528.0,1020151.0,44.35892334
2009,3,Sonora,Hombres,656306.0,911869.0,71.97371552
2009,3,Sonora,Mujeres,425569.0,965203.0,44.09113938
2009,3,Tabasco,Hombres,587782.0,724628.0,81.1149997
2009,3,Tabasco,Mujeres,317562.0,808180.0,39.29347423
2009,3,Tamaulipas,Hombres,854504.0,1102113.0,77.5332475
2009,3,Tamaulipas,Mujeres,542700.0,1214903.0,44.67023293
2009,3,Tlaxcala,Hombres,293737.0,366868.0,80.06612733
2009,3,Tlaxcala,Mujeres,191494.0,423586.0,45.20782084
2009,3,Veracruz,Hombres,1982188.0,2525571.0,78.48474662
2009,3,Veracruz,Mujeres,1076186.0,2903784.0,37.0615032
2009,3,Yucatán,Hombres,564274.0,683772.0,82.52370673
2009,3,Yucatán,Mujeres,349484.0,731480.0,47.77765626
2009,3,Zacatecas,Hombres,379337.0,472083.0,80.35387845
2009,3,Zacatecas,Mujeres,221625.0,547926.0,40.4479802
2009,4,Nacional,Hombres,29842462.0,37608833.0,79.34960917
2009,4,Nacional,Mujeres,18234245.0,41807330.0,43.61494743
2009,4,Aguascalientes,Hombres,295891.0,382853.0,77.28579899
2009,4,Aguascalientes,Mujeres,186324.0,435570.0,42.77705076
2009,4,Baja California,Hombres,870782.0,1135250.0,76.70398591
2009,4,Baja California,Mujeres,520467.0,1143901.0,45.49930457
2009,4,Baja California Sur,Hombres,181101.0,230618.0,78.52856238
2009,4,Baja California Sur,Mujeres,106003.0,223173.0,47.49812925
2009,4,Campeche,Hombres,236218.0,285818.0,82.64629939
2009,4,Campeche,Mujeres,131156.0,302167.0,43.40513689
2009,4,Coahuila,Hombres,751471.0,954590.0,78.72185965
2009,4,Coahuila,Mujeres,435548.0,990920.0,43.95390142
2009,4,Colima,Hombres,186639.0,229526.0,81.31497085
2009,4,Colima,Mujeres,121378.0,242242.0,50.10609225
2009,4,Chiapas,Hombres,1255274.0,1470283.0,85.37635272
2009,4,Chiapas,Mujeres,566241.0,1649344.0,34.33128565
2009,4,Chihuahua,Hombres,952577.0,1244629.0,76.53501566
2009,4,Chihuahua,Mujeres,499310.0,1258010.0,39.69046351
2009,4,Ciudad de México,Hombres,2389992.0,3202753.0,74.62305086
2009,4,Ciudad de México,Mujeres,1789667.0,3722863.0,48.07233035
2009,4,Durango,Hombres,413764.0,526630.0,78.56825475
2009,4,Durango,Mujeres,211038.0,582024.0,36.25932951
2009,4,Guanajuato,Hombres,1345786.0,1738942.0,77.39108032
2009,4,Guanajuato,Mujeres,881350.0,2053298.0,42.92362823
2009,4,Guerrero,Hombres,840207.0,1040485.0,80.75147647
2009,4,Guerrero,Mujeres,562727.0,1197787.0,46.98055664
2009,4,Hidalgo,Hombres,682775.0,854757.0,79.87942772
2009,4,Hidalgo,Mujeres,378040.0,969896.0,38.97737489
2009,4,Jalisco,Hombres,2019295.0,2467271.0,81.84325921
2009,4,Jalisco,Mujeres,1307513.0,2694944.0,48.51726047
2009,4,México,Hombres,4070567.0,5087346.0,80.013567
2009,4,México,Mujeres,2419601.0,5669277.0,42.67918114
2009,4,Michoacán,Hombres,1116622.0,1380944.0,80.85932522
2009,4,Michoacán,Mujeres,685443.0,1606697.0,42.66162195
2009,4,Morelos,Hombres,458764.0,595858.0,76.99216928
2009,4,Morelos,Mujeres,314236.0,699074.0,44.95031999
2009,4,Nayarit,Hombres,305003.0,374120.0,81.52544638
2009,4,Nayarit,Mujeres,192022.0,398218.0,48.22032153
2009,4,Nuevo León,Hombres,1364419.0,1686261.0,80.91386802
2009,4,Nuevo León,Mujeres,812275.0,1734715.0,46.82469455
2009,4,Oaxaca,Hombres,960238.0,1196785.0,80.23479572
2009,4,Oaxaca,Mujeres,628039.0,1403770.0,44.73945162
2009,4,Puebla,Hombres,1436535.0,1792887.0,80.12412383
2009,4,Puebla,Mujeres,951219.0,2119362.0,44.88232779
2009,4,Querétaro,Hombres,466625.0,596172.0,78.27019719
2009,4,Querétaro,Mujeres,268349.0,675749.0,39.71134253
2009,4,Quintana Roo,Hombres,391375.0,467248.0,83.76172825
2009,4,Quintana Roo,Mujeres,251841.0,472355.0,53.31604408
2009,4,San Luis Potosí,Hombres,663302.0,861445.0,76.99876371
2009,4,San Luis Potosí,Mujeres,376048.0,941851.0,39.92648519
2009,4,Sinaloa,Hombres,774783.0,966803.0,80.1386632
2009,4,Sinaloa,Mujeres,482054.0,1025599.0,47.00219091
2009,4,Sonora,Hombres,691229.0,913605.0,75.65950274
2009,4,Sonora,Mujeres,449552.0,973692.0,46.16983605
2009,4,Tabasco,Hombres,580357.0,731037.0,79.38818418
2009,4,Tabasco,Mujeres,306771.0,805208.0,38.09835471
2009,4,Tamaulipas,Hombres,874421.0,1106129.0,79.05235284
2009,4,Tamaulipas,Mujeres,542476.0,1225422.0,44.26850505
2009,4,Tlaxcala,Hombres,296386.0,370691.0,79.95500295
2009,4,Tlaxcala,Mujeres,186841.0,428770.0,43.5760431
2009,4,Veracruz,Hombres,2021724.0,2544079.0,79.46781527
2009,4,Veracruz,Mujeres,1090609.0,2871379.0,37.98206367
2009,4,Yucatán,Hombres,559876.0,688900.0,81.27101176
2009,4,Yucatán,Mujeres,366831.0,741669.0,49.46020395
2009,4,Zacatecas,Hombres,388464.0,484118.0,80.24159399
2009,4,Zacatecas,Mujeres,213276.0,548384.0,38.89172551
2010,1,Nacional,Hombres,29507488.0,37640274.0,78.3933932
2010,1,Nacional,Mujeres,17716485.0,41946841.0,42.23556429
2010,1,Aguascalientes,Hombres,295396.0,387237.0,76.28299982
2010,1,Aguascalientes,Mujeres,183771.0,439633.0,41.8010022
2010,1,Baja California,Hombres,852163.0,1129782.0,75.42720631
2010,1,Baja California,Mujeres,517956.0,1163133.0,44.53110693
2010,1,Baja California Sur,Hombres,184975.0,235518.0,78.53964453
2010,1,Baja California Sur,Mujeres,108875.0,228192.0,47.71201444
2010,1,Campeche,Hombres,231912.0,283967.0,81.6686446
2010,1,Campeche,Mujeres,124754.0,299242.0,41.69000341
2010,1,Coahuila,Hombres,736399.0,944845.0,77.93860369
2010,1,Coahuila,Mujeres,423818.0,990181.0,42.80207356
2010,1,Colima,Hombres,185073.0,230340.0,80.34774681
2010,1,Colima,Mujeres,124866.0,244778.0,51.01193735
2010,1,Chiapas,Hombres,1268317.0,1487809.0,85.24729989
2010,1,Chiapas,Mujeres,545324.0,1642964.0,33.19147589
2010,1,Chihuahua,Hombres,914530.0,1189802.0,76.86404965
2010,1,Chihuahua,Mujeres,480067.0,1270043.0,37.79927136
2010,1,Ciudad de México,Hombres,2384995.0,3188173.0,74.80757788
2010,1,Ciudad de México,Mujeres,1778012.0,3731059.0,47.65435229
2010,1,Durango,Hombres,402070.0,517400.0,77.70970236
2010,1,Durango,Mujeres,210307.0,578206.0,36.37233097
2010,1,Guanajuato,Hombres,1315163.0,1713509.0,76.752617
2010,1,Guanajuato,Mujeres,849455.0,2064931.0,41.13720991
2010,1,Guerrero,Hombres,776254.0,1040709.0,74.5889581
2010,1,Guerrero,Mujeres,540217.0,1187206.0,45.50322353
2010,1,Hidalgo,Hombres,664998.0,839036.0,79.25738586
2010,1,Hidalgo,Mujeres,365601.0,977398.0,37.40554002
2010,1,Jalisco,Hombres,1996010.0,2458027.0,81.20374593
2010,1,Jalisco,Mujeres,1265455.0,2706306.0,46.75949431
2010,1,México,Hombres,4042736.0,5130421.0,78.79930322
2010,1,México,Mujeres,2320656.0,5674361.0,40.89722173
2010,1,Michoacán,Hombres,1088962.0,1396314.0,77.98833214
2010,1,Michoacán,Mujeres,641302.0,1622071.0,39.53600058
2010,1,Morelos,Hombres,470365.0,608733.0,77.26950896
2010,1,Morelos,Mujeres,308723.0,692761.0,44.56414261
2010,1,Nayarit,Hombres,303899.0,376207.0,80.77973031
2010,1,Nayarit,Mujeres,187041.0,394040.0,47.46751599
2010,1,Nuevo León,Hombres,1361973.0,1694208.0,80.38995212
2010,1,Nuevo León,Mujeres,796514.0,1747643.0,45.57647071
2010,1,Oaxaca,Hombres,942655.0,1200658.0,78.51153284
2010,1,Oaxaca,Mujeres,605815.0,1395393.0,43.41536757
2010,1,Puebla,Hombres,1436350.0,1809286.0,79.38767005
2010,1,Puebla,Mujeres,899241.0,2136947.0,42.08064121
2010,1,Querétaro,Hombres,467678.0,605518.0,77.23601941
2010,1,Querétaro,Mujeres,258564.0,673959.0,38.36494505
2010,1,Quintana Roo,Hombres,397351.0,473007.0,84.0053107
2010,1,Quintana Roo,Mujeres,254559.0,480664.0,52.95986386
2010,1,San Luis Potosí,Hombres,667726.0,865100.0,77.18483412
2010,1,San Luis Potosí,Mujeres,357821.0,939908.0,38.06978981
2010,1,Sinaloa,Hombres,767709.0,978573.0,78.45188862
2010,1,Sinaloa,Mujeres,472294.0,1036130.0,45.58250413
2010,1,Sonora,Hombres,703857.0,928040.0,75.84339037
2010,1,Sonora,Mujeres,428232.0,976123.0,43.87070072
2010,1,Tabasco,Hombres,591563.0,732813.0,80.72495985
2010,1,Tabasco,Mujeres,309596.0,807826.0,38.3245897
2010,1,Tamaulipas,Hombres,867582.0,1126510.0,77.01502872
2010,1,Tamaulipas,Mujeres,531020.0,1215051.0,43.70351533
2010,1,Tlaxcala,Hombres,284881.0,369396.0,77.12075929
2010,1,Tlaxcala,Mujeres,185076.0,431315.0,42.90970636
2010,1,Veracruz,Hombres,1982646.0,2525200.0,78.5144147
2010,1,Veracruz,Mujeres,1072864.0,2908354.0,36.88904446
2010,1,Yucatán,Hombres,554759.0,684433.0,81.05380658
2010,1,Yucatán,Mujeres,369224.0,748858.0,49.30494166
2010,1,Zacatecas,Hombres,366541.0,489703.0,74.84965377
2010,1,Zacatecas,Mujeres,199465.0,542165.0,36.79046047
2010,2,Nacional,Hombres,30138363.0,37986559.0,79.33954481
2010,2,Nacional,Mujeres,18205192.0,42153919.0,43.18742464
2010,2,Aguascalientes,Hombres,304990.0,389366.0,78.3299004
2010,2,Aguascalientes,Mujeres,193115.0,442035.0,43.68771704
2010,2,Baja California,Hombres,846770.0,1134436.0,74.64237736
2010,2,Baja California,Mujeres,532236.0,1170136.0,45.48496927
2010,2,Baja California Sur,Hombres,191064.0,240299.0,79.51094262
2010,2,Baja California Sur,Mujeres,110287.0,228745.0,48.21395003
2010,2,Campeche,Hombres,235143.0,287661.0,81.74309343
2010,2,Campeche,Mujeres,126494.0,303081.0,41.73603756
2010,2,Coahuila,Hombres,747811.0,965993.0,77.41370797
2010,2,Coahuila,Mujeres,428549.0,1003321.0,42.71304996
2010,2,Colima,Hombres,188306.0,231299.0,81.412371
2010,2,Colima,Mujeres,128334.0,249877.0,51.35886856
2010,2,Chiapas,Hombres,1294640.0,1516689.0,85.35962218
2010,2,Chiapas,Mujeres,566289.0,1666725.0,33.97615083
2010,2,Chihuahua,Hombres,896453.0,1181149.0,75.89669043
2010,2,Chihuahua,Mujeres,497953.0,1298138.0,38.35901884
2010,2,Ciudad de México,Hombres,2425248.0,3201159.0,75.76156011
2010,2,Ciudad de México,Mujeres,1815118.0,3740780.0,48.52244719
2010,2,Durango,Hombres,413786.0,532645.0,77.68513738
2010,2,Durango,Mujeres,209103.0,585450.0,35.71662823
2010,2,Guanajuato,Hombres,1342657.0,1718978.0,78.10786409
2010,2,Guanajuato,Mujeres,878845.0,2073424.0,42.38616896
2010,2,Guerrero,Hombres,844377.0,1054348.0,80.08522803
2010,2,Guerrero,Mujeres,569201.0,1184668.0,48.04730102
2010,2,Hidalgo,Hombres,690823.0,848674.0,81.40027855
2010,2,Hidalgo,Mujeres,405129.0,992467.0,40.82040007
2010,2,Jalisco,Hombres,2030336.0,2495516.0,81.35936616
2010,2,Jalisco,Mujeres,1272628.0,2706566.0,47.02002464
2010,2,México,Hombres,4220518.0,5218715.0,80.87274358
2010,2,México,Mujeres,2409033.0,5675466.0,42.44643524
2010,2,Michoacán,Hombres,1087497.0,1422817.0,76.43266843
2010,2,Michoacán,Mujeres,650304.0,1621610.0,40.1023674
2010,2,Morelos,Hombres,479751.0,617301.0,77.71751544
2010,2,Morelos,Mujeres,311453.0,692296.0,44.98841536
2010,2,Nayarit,Hombres,305130.0,381954.0,79.8865832
2010,2,Nayarit,Mujeres,194037.0,399385.0,48.58394782
2010,2,Nuevo León,Hombres,1372754.0,1697295.0,80.87892794
2010,2,Nuevo León,Mujeres,818439.0,1759563.0,46.51376507
2010,2,Oaxaca,Hombres,962949.0,1195219.0,80.56674133
2010,2,Oaxaca,Mujeres,625438.0,1413186.0,44.25730229
2010,2,Puebla,Hombres,1451172.0,1807783.0,80.27357266
2010,2,Puebla,Mujeres,944376.0,2130834.0,44.31954812
2010,2,Querétaro,Hombres,479375.0,610475.0,78.52491912
2010,2,Querétaro,Mujeres,281936.0,681425.0,41.37447261
2010,2,Quintana Roo,Hombres,419366.0,494639.0,84.78223513
2010,2,Quintana Roo,Mujeres,261233.0,476747.0,54.79489121
2010,2,San Luis Potosí,Hombres,681319.0,864485.0,78.81212514
2010,2,San Luis Potosí,Mujeres,377115.0,951678.0,39.62632319
2010,2,Sinaloa,Hombres,761036.0,985215.0,77.24567734
2010,2,Sinaloa,Mujeres,466616.0,1027175.0,45.42711807
2010,2,Sonora,Hombres,692203.0,920168.0,75.22571965
2010,2,Sonora,Mujeres,440639.0,977343.0,45.08539991
2010,2,Tabasco,Hombres,614905.0,745255.0,82.50934244
2010,2,Tabasco,Mujeres,311736.0,803514.0,38.796586
2010,2,Tamaulipas,Hombres,911661.0,1138021.0,80.10933014
2010,2,Tamaulipas,Mujeres,510121.0,1209709.0,42.16890178
2010,2,Tlaxcala,Hombres,293721.0,371480.0,79.06778292
2010,2,Tlaxcala,Mujeres,191475.0,434067.0,44.1118537
2010,2,Veracruz,Hombres,2017907.0,2537082.0,79.53653055
2010,2,Veracruz,Mujeres,1113222.0,2964130.0,37.55644995
2010,2,Yucatán,Hombres,551765.0,686686.0,80.35186388
2010,2,Yucatán,Mujeres,362779.0,750162.0,48.36008755
2010,2,Zacatecas,Hombres,382930.0,493757.0,77.55434353
2010,2,Zacatecas,Mujeres,201959.0,540216.0,37.38486087
2010,3,Nacional,Hombres,30137776.0,38097368.0,79.10723911
2010,3,Nacional,Mujeres,18257737.0,42341363.0,43.12033366
2010,3,Aguascalientes,Hombres,306043.0,390126.0,78.44721962
2010,3,Aguascalientes,Mujeres,194511.0,445654.0,43.64619189
2010,3,Baja California,Hombres,847990.0,1139816.0,74.39709567
2010,3,Baja California,Mujeres,512288.0,1169264.0,43.81286006
2010,3,Baja California Sur,Hombres,186967.0,234092.0,79.86902585
2010,3,Baja California Sur,Mujeres,115880.0,233003.0,49.73326524
2010,3,Campeche,Hombres,237132.0,286180.0,82.86113635
2010,3,Campeche,Mujeres,126766.0,305313.0,41.52001389
2010,3,Coahuila,Hombres,731500.0,962728.0,75.98200115
2010,3,Coahuila,Mujeres,428219.0,1016503.0,42.12668334
2010,3,Colima,Hombres,190514.0,234064.0,81.39397772
2010,3,Colima,Mujeres,129964.0,248098.0,52.38413853
2010,3,Chiapas,Hombres,1281184.0,1511319.0,84.77257283
2010,3,Chiapas,Mujeres,554890.0,1658757.0,33.45215725
2010,3,Chihuahua,Hombres,896648.0,1163966.0,77.03386525
2010,3,Chihuahua,Mujeres,478008.0,1272852.0,37.55409113
2010,3,Ciudad de México,Hombres,2427703.0,3160464.0,76.81476517
2010,3,Ciudad de México,Mujeres,1848702.0,3755275.0,49.22947054
2010,3,Durango,Hombres,421000.0,537536.0,78.32033575
2010,3,Durango,Mujeres,218428.0,597838.0,36.5363192
2010,3,Guanajuato,Hombres,1340819.0,1720193.0,77.94584677
2010,3,Guanajuato,Mujeres,899184.0,2083153.0,43.16456833
2010,3,Guerrero,Hombres,844800.0,1051385.0,80.35115586
2010,3,Guerrero,Mujeres,565811.0,1187628.0,47.64210679
2010,3,Hidalgo,Hombres,678981.0,850330.0,79.8491174
2010,3,Hidalgo,Mujeres,383152.0,1007419.0,38.03303293
2010,3,Jalisco,Hombres,2052570.0,2521486.0,81.40318844
2010,3,Jalisco,Mujeres,1315773.0,2747746.0,47.88553964
2010,3,México,Hombres,4227362.0,5254793.0,80.447736
2010,3,México,Mujeres,2442087.0,5739268.0,42.55049599
2010,3,Michoacán,Hombres,1151476.0,1459433.0,78.89886004
2010,3,Michoacán,Mujeres,656291.0,1629456.0,40.27669357
2010,3,Morelos,Hombres,480741.0,619806.0,77.56314072
2010,3,Morelos,Mujeres,305157.0,682221.0,44.72993356
2010,3,Nayarit,Hombres,311967.0,387716.0,80.4627614
2010,3,Nayarit,Mujeres,191257.0,399037.0,47.92964061
2010,3,Nuevo León,Hombres,1368271.0,1701906.0,80.39639087
2010,3,Nuevo León,Mujeres,817537.0,1774642.0,46.06771394
2010,3,Oaxaca,Hombres,942960.0,1203114.0,78.37661269
2010,3,Oaxaca,Mujeres,623605.0,1408616.0,44.27075938
2010,3,Puebla,Hombres,1488950.0,1816567.0,81.96504726
2010,3,Puebla,Mujeres,963261.0,2152659.0,44.747496
2010,3,Querétaro,Hombres,477289.0,607988.0,78.50302967
2010,3,Querétaro,Mujeres,286545.0,685299.0,41.81313558
2010,3,Quintana Roo,Hombres,413579.0,492746.0,83.93350732
2010,3,Quintana Roo,Mujeres,258885.0,491713.0,52.64961471
2010,3,San Luis Potosí,Hombres,669303.0,870594.0,76.87888959
2010,3,San Luis Potosí,Mujeres,375499.0,953773.0,39.36985006
2010,3,Sinaloa,Hombres,762468.0,992645.0,76.81175042
2010,3,Sinaloa,Mujeres,448192.0,1037453.0,43.20118598
2010,3,Sonora,Hombres,683450.0,917434.0,74.49582204
2010,3,Sonora,Mujeres,421329.0,973393.0,43.28457262
2010,3,Tabasco,Hombres,598080.0,743780.0,80.41087418
2010,3,Tabasco,Mujeres,295572.0,811546.0,36.420856
2010,3,Tamaulipas,Hombres,894868.0,1144375.0,78.19709448
2010,3,Tamaulipas,Mujeres,535490.0,1203675.0,44.4879224
2010,3,Tlaxcala,Hombres,290825.0,368114.0,79.00405853
2010,3,Tlaxcala,Mujeres,195681.0,434863.0,44.99830981
2010,3,Veracruz,Hombres,1980603.0,2566936.0,77.15825404
2010,3,Veracruz,Mujeres,1086269.0,2932361.0,37.04417703
2010,3,Yucatán,Hombres,561139.0,690880.0,81.22090667
2010,3,Yucatán,Mujeres,373098.0,760033.0,49.08971058
2010,3,Zacatecas,Hombres,390594.0,494856.0,78.93084049
2010,3,Zacatecas,Mujeres,210406.0,542852.0,38.75936719
2010,4,Nacional,Hombres,29959389.0,38364042.0,78.09236837
2010,4,Nacional,Mujeres,17731396.0,42489186.0,41.73155023
2010,4,Aguascalientes,Hombres,302435.0,389552.0,77.63661847
2010,4,Aguascalientes,Mujeres,185811.0,445302.0,41.72696283
2010,4,Baja California,Hombres,861086.0,1150027.0,74.87528554
2010,4,Baja California,Mujeres,527956.0,1180256.0,44.73232926
2010,4,Baja California Sur,Hombres,186044.0,234809.0,79.23205669
2010,4,Baja California Sur,Mujeres,115299.0,238111.0,48.42237444
2010,4,Campeche,Hombres,234697.0,286391.0,81.94985178
2010,4,Campeche,Mujeres,129565.0,307309.0,42.16114725
2010,4,Coahuila,Hombres,741663.0,973955.0,76.14961677
2010,4,Coahuila,Mujeres,419823.0,1024457.0,40.9800509
2010,4,Colima,Hombres,181311.0,229578.0,78.97577294
2010,4,Colima,Mujeres,129390.0,253184.0,51.10512513
2010,4,Chiapas,Hombres,1260840.0,1513115.0,83.32744041
2010,4,Chiapas,Mujeres,521001.0,1679945.0,31.01297959
2010,4,Chihuahua,Hombres,842275.0,1148488.0,73.33772752
2010,4,Chihuahua,Mujeres,462084.0,1270569.0,36.3682728
2010,4,Ciudad de México,Hombres,2347654.0,3154781.0,74.41575184
2010,4,Ciudad de México,Mujeres,1823715.0,3768276.0,48.39653465
2010,4,Durango,Hombres,423556.0,549593.0,77.06721155
2010,4,Durango,Mujeres,217058.0,597573.0,36.32326092
2010,4,Guanajuato,Hombres,1366099.0,1759137.0,77.65733993
2010,4,Guanajuato,Mujeres,890848.0,2099926.0,42.42282823
2010,4,Guerrero,Hombres,830608.0,1054230.0,78.78812024
2010,4,Guerrero,Mujeres,567553.0,1211827.0,46.8344904
2010,4,Hidalgo,Hombres,687977.0,864474.0,79.58330731
2010,4,Hidalgo,Mujeres,398323.0,1004088.0,39.67012851
2010,4,Jalisco,Hombres,2057061.0,2531016.0,81.27412075
2010,4,Jalisco,Mujeres,1301413.0,2762396.0,47.11174647
2010,4,México,Hombres,4198344.0,5336632.0,78.67029242
2010,4,México,Mujeres,2244330.0,5734712.0,39.13587988
2010,4,Michoacán,Hombres,1118095.0,1486651.0,75.20897642
2010,4,Michoacán,Mujeres,586113.0,1614522.0,36.30257129
2010,4,Morelos,Hombres,473725.0,624880.0,75.81055563
2010,4,Morelos,Mujeres,298771.0,690172.0,43.28935396
2010,4,Nayarit,Hombres,307848.0,379771.0,81.06148179
2010,4,Nayarit,Mujeres,193417.0,403777.0,47.90193597
2010,4,Nuevo León,Hombres,1390136.0,1717709.0,80.92965689
2010,4,Nuevo León,Mujeres,815631.0,1771167.0,46.05048536
2010,4,Oaxaca,Hombres,965334.0,1213298.0,79.56281144
2010,4,Oaxaca,Mujeres,605242.0,1416514.0,42.72756923
2010,4,Puebla,Hombres,1444895.0,1807438.0,79.94160796
2010,4,Puebla,Mujeres,954076.0,2156408.0,44.24376092
2010,4,Querétaro,Hombres,458791.0,607127.0,75.56755012
2010,4,Querétaro,Mujeres,272995.0,699297.0,39.03849151
2010,4,Quintana Roo,Hombres,416523.0,499802.0,83.33760169
2010,4,Quintana Roo,Mujeres,267669.0,499589.0,53.57784099
2010,4,San Luis Potosí,Hombres,675152.0,879514.0,76.76421296
2010,4,San Luis Potosí,Mujeres,368784.0,963004.0,38.29516804
2010,4,Sinaloa,Hombres,763452.0,1004038.0,76.03815792
2010,4,Sinaloa,Mujeres,457157.0,1038035.0,44.0406152
2010,4,Sonora,Hombres,693295.0,938875.0,73.84316336
2010,4,Sonora,Mujeres,426937.0,992540.0,43.01458883
2010,4,Tabasco,Hombres,601083.0,747294.0,80.43460807
2010,4,Tabasco,Mujeres,292424.0,813360.0,35.95259172
2010,4,Tamaulipas,Hombres,900889.0,1160137.0,77.65367366
2010,4,Tamaulipas,Mujeres,515517.0,1216060.0,42.3923984
2010,4,Tlaxcala,Hombres,287981.0,377053.0,76.37679584
2010,4,Tlaxcala,Mujeres,190317.0,436348.0,43.6158754
2010,4,Veracruz,Hombres,1995969.0,2560295.0,77.95855556
2010,4,Veracruz,Mujeres,994389.0,2901985.0,34.2658215
2010,4,Yucatán,Hombres,548827.0,688476.0,79.71621378
2010,4,Yucatán,Mujeres,345745.0,756236.0,45.71919348
2010,4,Zacatecas,Hombres,395744.0,495906.0,79.80222058
2010,4,Zacatecas,Mujeres,212043.0,542241.0,39.10493673
2011,1,Nacional,Hombres,30036184.0,38643297.0,77.72676332
2011,1,Nacional,Mujeres,17681436.0,42599949.0,41.505768
2011,1,Aguascalientes,Hombres,297484.0,387009.0,76.86746303
2011,1,Aguascalientes,Mujeres,184055.0,448341.0,41.05245784
2011,1,Baja California,Hombres,872243.0,1169349.0,74.59218762
2011,1,Baja California,Mujeres,519690.0,1188279.0,43.73467847
2011,1,Baja California Sur,Hombres,185502.0,235206.0,78.86788602
2011,1,Baja California Sur,Mujeres,116743.0,241748.0,48.29119579
2011,1,Campeche,Hombres,231895.0,282883.0,81.97558708
2011,1,Campeche,Mujeres,131777.0,305025.0,43.20203262
2011,1,Coahuila,Hombres,747216.0,982651.0,76.0408324
2011,1,Coahuila,Mujeres,411397.0,1034175.0,39.78021128
2011,1,Colima,Hombres,183258.0,231351.0,79.21210628
2011,1,Colima,Mujeres,127246.0,256824.0,49.54599259
2011,1,Chiapas,Hombres,1296598.0,1523242.0,85.12094598
2011,1,Chiapas,Mujeres,541548.0,1663208.0,32.56044944
2011,1,Chihuahua,Hombres,861064.0,1177807.0,73.10739366
2011,1,Chihuahua,Mujeres,446527.0,1249435.0,35.73831372
2011,1,Ciudad de México,Hombres,2400665.0,3197286.0,75.08446226
2011,1,Ciudad de México,Mujeres,1775464.0,3730425.0,47.59414812
2011,1,Durango,Hombres,422305.0,557896.0,75.69600786
2011,1,Durango,Mujeres,208683.0,602587.0,34.63118189
2011,1,Guanajuato,Hombres,1338808.0,1780955.0,75.17360068
2011,1,Guanajuato,Mujeres,900014.0,2113520.0,42.58365192
2011,1,Guerrero,Hombres,779136.0,1063310.0,73.27458596
2011,1,Guerrero,Mujeres,538640.0,1223457.0,44.02606712
2011,1,Hidalgo,Hombres,668973.0,858861.0,77.89071806
2011,1,Hidalgo,Mujeres,404840.0,1024395.0,39.51991175
2011,1,Jalisco,Hombres,2023259.0,2520136.0,80.28372278
2011,1,Jalisco,Mujeres,1302700.0,2799833.0,46.52777505
2011,1,México,Hombres,4244823.0,5371849.0,79.01977513
2011,1,México,Mujeres,2265483.0,5711926.0,39.66233106
2011,1,Michoacán,Hombres,1157913.0,1498437.0,77.27472026
2011,1,Michoacán,Mujeres,599154.0,1614033.0,37.12154584
2011,1,Morelos,Hombres,472143.0,629276.0,75.02955778
2011,1,Morelos,Mujeres,299283.0,695799.0,43.01285285
2011,1,Nayarit,Hombres,312254.0,383314.0,81.46167372
2011,1,Nayarit,Mujeres,190528.0,405010.0,47.04278907
2011,1,Nuevo León,Hombres,1377024.0,1749937.0,78.68991855
2011,1,Nuevo León,Mujeres,800134.0,1780975.0,44.92673957
2011,1,Oaxaca,Hombres,948420.0,1209575.0,78.40935866
2011,1,Oaxaca,Mujeres,594008.0,1422823.0,41.748552
2011,1,Puebla,Hombres,1421581.0,1791918.0,79.33292706
2011,1,Puebla,Mujeres,927373.0,2195472.0,42.24025631
2011,1,Querétaro,Hombres,472936.0,623244.0,75.88296077
2011,1,Querétaro,Mujeres,297272.0,715731.0,41.53404002
2011,1,Quintana Roo,Hombres,415199.0,497517.0,83.45423372
2011,1,Quintana Roo,Mujeres,261390.0,503860.0,51.87750566
2011,1,San Luis Potosí,Hombres,663595.0,868465.0,76.41010288
2011,1,San Luis Potosí,Mujeres,381925.0,975921.0,39.13482751
2011,1,Sinaloa,Hombres,766049.0,1011677.0,75.72070928
2011,1,Sinaloa,Mujeres,447426.0,1048527.0,42.67186253
2011,1,Sonora,Hombres,703247.0,952937.0,73.79784813
2011,1,Sonora,Mujeres,436818.0,988369.0,44.19584184
2011,1,Tabasco,Hombres,608961.0,759492.0,80.1800414
2011,1,Tabasco,Mujeres,304367.0,810276.0,37.56337347
2011,1,Tamaulipas,Hombres,898196.0,1164572.0,77.12670406
2011,1,Tamaulipas,Mujeres,519995.0,1225997.0,42.41405158
2011,1,Tlaxcala,Hombres,291029.0,381162.0,76.35309921
2011,1,Tlaxcala,Mujeres,185630.0,435191.0,42.65483431
2011,1,Veracruz,Hombres,2043638.0,2588650.0,78.94609159
2011,1,Veracruz,Mujeres,1002864.0,2889494.0,34.70725324
2011,1,Yucatán,Hombres,562331.0,695642.0,80.83626348
2011,1,Yucatán,Mujeres,357566.0,760224.0,47.03429516
2011,1,Zacatecas,Hombres,368439.0,497691.0,74.02966901
2011,1,Zacatecas,Mujeres,200896.0,539069.0,37.2672144
2011,2,Nacional,Hombres,30402783.0,38812099.0,78.33326149
2011,2,Nacional,Mujeres,18262050.0,42781721.0,42.68657168
2011,2,Aguascalientes,Hombres,301633.0,388279.0,77.68460308
2011,2,Aguascalientes,Mujeres,185400.0,451337.0,41.07795284
2011,2,Baja California,Hombres,888974.0,1182333.0,75.18812382
2011,2,Baja California,Mujeres,530874.0,1189595.0,44.6264485
2011,2,Baja California Sur,Hombres,187622.0,234325.0,80.06913475
2011,2,Baja California Sur,Mujeres,117693.0,243220.0,48.38952389
2011,2,Campeche,Hombres,234704.0,285679.0,82.15654633
2011,2,Campeche,Mujeres,131357.0,304880.0,43.08482026
2011,2,Coahuila,Hombres,776005.0,992485.0,78.18808345
2011,2,Coahuila,Mujeres,447747.0,1052586.0,42.53780689
2011,2,Colima,Hombres,187673.0,232494.0,80.72165303
2011,2,Colima,Mujeres,133309.0,252991.0,52.69317881
2011,2,Chiapas,Hombres,1316409.0,1534743.0,85.77390482
2011,2,Chiapas,Mujeres,573066.0,1686182.0,33.986011
2011,2,Chihuahua,Hombres,880579.0,1209264.0,72.81941743
2011,2,Chihuahua,Mujeres,446957.0,1252230.0,35.6928839
2011,2,Ciudad de México,Hombres,2395120.0,3190143.0,75.07876606
2011,2,Ciudad de México,Mujeres,1816107.0,3721496.0,48.80045552
2011,2,Durango,Hombres,434715.0,560068.0,77.6182535
2011,2,Durango,Mujeres,230864.0,610617.0,37.8083152
2011,2,Guanajuato,Hombres,1389214.0,1797456.0,77.28778896
2011,2,Guanajuato,Mujeres,890370.0,2115304.0,42.09182226
2011,2,Guerrero,Hombres,844681.0,1072761.0,78.73897355
2011,2,Guerrero,Mujeres,565128.0,1228106.0,46.01622336
2011,2,Hidalgo,Hombres,682384.0,882434.0,77.32974931
2011,2,Hidalgo,Mujeres,403026.0,1023230.0,39.38762546
2011,2,Jalisco,Hombres,2035851.0,2536408.0,80.26512296
2011,2,Jalisco,Mujeres,1315720.0,2803292.0,46.93481806
2011,2,México,Hombres,4275826.0,5376469.0,79.52851583
2011,2,México,Mujeres,2370008.0,5748893.0,41.22546723
2011,2,Michoacán,Hombres,1201288.0,1498950.0,80.14196604
2011,2,Michoacán,Mujeres,659789.0,1621151.0,40.6987998
2011,2,Morelos,Hombres,470134.0,625647.0,75.14365129
2011,2,Morelos,Mujeres,305452.0,698798.0,43.71105813
2011,2,Nayarit,Hombres,302632.0,382826.0,79.052102
2011,2,Nayarit,Mujeres,188923.0,408605.0,46.23609599
2011,2,Nuevo León,Hombres,1363408.0,1738617.0,78.41911128
2011,2,Nuevo León,Mujeres,812747.0,1798438.0,45.19182757
2011,2,Oaxaca,Hombres,957654.0,1210890.0,79.0867874
2011,2,Oaxaca,Mujeres,626649.0,1438673.0,43.55743105
2011,2,Puebla,Hombres,1463498.0,1801230.0,81.24992366
2011,2,Puebla,Mujeres,986841.0,2215061.0,44.55141416
2011,2,Querétaro,Hombres,476829.0,622258.0,76.62882599
2011,2,Querétaro,Mujeres,301364.0,729933.0,41.28652904
2011,2,Quintana Roo,Hombres,426579.0,507178.0,84.10834066
2011,2,Quintana Roo,Mujeres,270229.0,514321.0,52.54092289
2011,2,San Luis Potosí,Hombres,647422.0,863013.0,75.01880041
2011,2,San Luis Potosí,Mujeres,390299.0,977781.0,39.91681164
2011,2,Sinaloa,Hombres,764800.0,1009730.0,75.74302041
2011,2,Sinaloa,Mujeres,449516.0,1038044.0,43.3041374
2011,2,Sonora,Hombres,706717.0,942826.0,74.9573092
2011,2,Sonora,Mujeres,440112.0,995787.0,44.19740366
2011,2,Tabasco,Hombres,602736.0,748826.0,80.49079492
2011,2,Tabasco,Mujeres,310046.0,816071.0,37.99252761
2011,2,Tamaulipas,Hombres,893568.0,1158079.0,77.15950294
2011,2,Tamaulipas,Mujeres,582459.0,1242762.0,46.86810508
2011,2,Tlaxcala,Hombres,297529.0,382068.0,77.87331051
2011,2,Tlaxcala,Mujeres,182135.0,434268.0,41.940691
2011,2,Veracruz,Hombres,2034306.0,2640588.0,77.03988657
2011,2,Veracruz,Mujeres,1017053.0,2860019.0,35.56105746
2011,2,Yucatán,Hombres,571873.0,703358.0,81.30610585
2011,2,Yucatán,Mujeres,369445.0,759320.0,48.65471738
2011,2,Zacatecas,Hombres,390420.0,500674.0,77.97888446
2011,2,Zacatecas,Mujeres,211365.0,548730.0,38.51894374
2011,3,Nacional,Hombres,30749529.0,38942544.0,78.96127433
2011,3,Nacional,Mujeres,18557415.0,43029542.0,43.12714971
2011,3,Aguascalientes,Hombres,306863.0,391535.0,78.37434712
2011,3,Aguascalientes,Mujeres,191820.0,454492.0,42.20536335
2011,3,Baja California,Hombres,889777.0,1185533.0,75.05290869
2011,3,Baja California,Mujeres,545920.0,1203764.0,45.35108211
2011,3,Baja California Sur,Hombres,191553.0,237459.0,80.66782055
2011,3,Baja California Sur,Mujeres,124031.0,242862.0,51.07056682
2011,3,Campeche,Hombres,235566.0,283897.0,82.97586801
2011,3,Campeche,Mujeres,130878.0,305719.0,42.80990059
2011,3,Coahuila,Hombres,785039.0,1003019.0,78.26761009
2011,3,Coahuila,Mujeres,468131.0,1042192.0,44.91792299
2011,3,Colima,Hombres,190046.0,234206.0,81.14480415
2011,3,Colima,Mujeres,134344.0,250285.0,53.67640889
2011,3,Chiapas,Hombres,1308744.0,1508746.0,86.74382567
2011,3,Chiapas,Mujeres,543914.0,1696026.0,32.06990931
2011,3,Chihuahua,Hombres,896820.0,1212905.0,73.93983865
2011,3,Chihuahua,Mujeres,451509.0,1259304.0,35.8538526
2011,3,Ciudad de México,Hombres,2456793.0,3185449.0,77.12548529
2011,3,Ciudad de México,Mujeres,1866577.0,3711974.0,50.28529295
2011,3,Durango,Hombres,431233.0,553944.0,77.84776078
2011,3,Durango,Mujeres,225266.0,607660.0,37.07105947
2011,3,Guanajuato,Hombres,1435304.0,1823905.0,78.69401093
2011,3,Guanajuato,Mujeres,900283.0,2098346.0,42.90441138
2011,3,Guerrero,Hombres,863082.0,1083998.0,79.6202576
2011,3,Guerrero,Mujeres,563406.0,1231993.0,45.73126633
2011,3,Hidalgo,Hombres,722402.0,896394.0,80.5897853
2011,3,Hidalgo,Mujeres,424776.0,1028248.0,41.31065657
2011,3,Jalisco,Hombres,2066384.0,2550474.0,81.01960655
2011,3,Jalisco,Mujeres,1361544.0,2841368.0,47.91860822
2011,3,México,Hombres,4259307.0,5377890.0,79.20033694
2011,3,México,Mujeres,2441176.0,5826999.0,41.89422377
2011,3,Michoacán,Hombres,1223420.0,1515856.0,80.70819392
2011,3,Michoacán,Mujeres,655390.0,1594500.0,41.10316714
2011,3,Morelos,Hombres,475690.0,627792.0,75.77191172
2011,3,Morelos,Mujeres,312937.0,702032.0,44.57588828
2011,3,Nayarit,Hombres,300246.0,384577.0,78.07175156
2011,3,Nayarit,Mujeres,183035.0,412214.0,44.40290723
2011,3,Nuevo León,Hombres,1393556.0,1756072.0,79.3564273
2011,3,Nuevo León,Mujeres,812483.0,1802741.0,45.06931389
2011,3,Oaxaca,Hombres,974057.0,1218150.0,79.96199154
2011,3,Oaxaca,Mujeres,650747.0,1450187.0,44.87331634
2011,3,Puebla,Hombres,1492543.0,1831919.0,81.47429008
2011,3,Puebla,Mujeres,955245.0,2210627.0,43.2114961
2011,3,Querétaro,Hombres,479956.0,633413.0,75.77299487
2011,3,Querétaro,Mujeres,298731.0,737831.0,40.48772686
2011,3,Quintana Roo,Hombres,426879.0,511028.0,83.5333876
2011,3,Quintana Roo,Mujeres,267017.0,520771.0,51.2734004
2011,3,San Luis Potosí,Hombres,656878.0,868782.0,75.60907109
2011,3,San Luis Potosí,Mujeres,384547.0,969439.0,39.66696203
2011,3,Sinaloa,Hombres,748507.0,996034.0,75.1487399
2011,3,Sinaloa,Mujeres,451160.0,1049040.0,43.00693968
2011,3,Sonora,Hombres,734176.0,937323.0,78.32689478
2011,3,Sonora,Mujeres,470608.0,1001932.0,46.97005386
2011,3,Tabasco,Hombres,596333.0,746381.0,79.89659437
2011,3,Tabasco,Mujeres,314435.0,828356.0,37.95892104
2011,3,Tamaulipas,Hombres,887130.0,1156858.0,76.68443318
2011,3,Tamaulipas,Mujeres,583250.0,1252699.0,46.55946879
2011,3,Tlaxcala,Hombres,301816.0,387782.0,77.83135886
2011,3,Tlaxcala,Mujeres,199249.0,439431.0,45.34249973
2011,3,Veracruz,Hombres,2045811.0,2639132.0,77.518328
2011,3,Veracruz,Mujeres,1058172.0,2928968.0,36.1278102
2011,3,Yucatán,Hombres,567469.0,701315.0,80.9149954
2011,3,Yucatán,Mujeres,367779.0,774672.0,47.47544767
2011,3,Zacatecas,Hombres,406149.0,500776.0,81.10392671
2011,3,Zacatecas,Mujeres,219055.0,552870.0,39.62142999
2011,4,Nacional,Hombres,30682187.0,38902940.0,78.86855595
2011,4,Nacional,Mujeres,19237632.0,43409801.0,44.31633308
2011,4,Aguascalientes,Hombres,310747.0,399938.0,77.69879331
2011,4,Aguascalientes,Mujeres,201987.0,458358.0,44.06751928
2011,4,Baja California,Hombres,914323.0,1201152.0,76.12050765
2011,4,Baja California,Mujeres,575188.0,1208350.0,47.60110895
2011,4,Baja California Sur,Hombres,196591.0,245195.0,80.17740982
2011,4,Baja California Sur,Mujeres,129630.0,240476.0,53.90558725
2011,4,Campeche,Hombres,235098.0,285812.0,82.25616839
2011,4,Campeche,Mujeres,136312.0,309139.0,44.09408066
2011,4,Coahuila,Hombres,794859.0,1004479.0,79.13147015
2011,4,Coahuila,Mujeres,461663.0,1039638.0,44.40612983
2011,4,Colima,Hombres,188914.0,235862.0,80.09514038
2011,4,Colima,Mujeres,135121.0,251892.0,53.64243406
2011,4,Chiapas,Hombres,1289642.0,1504323.0,85.72906218
2011,4,Chiapas,Mujeres,574933.0,1717319.0,33.47852088
2011,4,Chihuahua,Hombres,914855.0,1231561.0,74.28418081
2011,4,Chihuahua,Mujeres,474052.0,1283478.0,36.93495331
2011,4,Ciudad de México,Hombres,2459583.0,3155687.0,77.94128505
2011,4,Ciudad de México,Mujeres,1928318.0,3785622.0,50.93794362
2011,4,Durango,Hombres,443062.0,557075.0,79.53363551
2011,4,Durango,Mujeres,248899.0,608852.0,40.88004967
2011,4,Guanajuato,Hombres,1436964.0,1829205.0,78.55675006
2011,4,Guanajuato,Mujeres,942493.0,2126010.0,44.33154124
2011,4,Guerrero,Hombres,850300.0,1074484.0,79.13565954
2011,4,Guerrero,Mujeres,592481.0,1231025.0,48.12907943
2011,4,Hidalgo,Hombres,702989.0,886695.0,79.28194024
2011,4,Hidalgo,Mujeres,408114.0,1028591.0,39.67699503
2011,4,Jalisco,Hombres,2035338.0,2522006.0,80.70313869
2011,4,Jalisco,Mujeres,1388898.0,2847707.0,48.77250363
2011,4,México,Hombres,4188366.0,5349563.0,78.29361015
2011,4,México,Mujeres,2569627.0,5914385.0,43.44707015
2011,4,Michoacán,Hombres,1185620.0,1489298.0,79.60931929
2011,4,Michoacán,Mujeres,631624.0,1605607.0,39.33864264
2011,4,Morelos,Hombres,469946.0,626051.0,75.06513048
2011,4,Morelos,Mujeres,318398.0,710613.0,44.80610403
2011,4,Nayarit,Hombres,300742.0,379791.0,79.18618398
2011,4,Nayarit,Mujeres,195929.0,417984.0,46.87476076
2011,4,Nuevo León,Hombres,1406128.0,1771388.0,79.38001161
2011,4,Nuevo León,Mujeres,839254.0,1809764.0,46.37367082
2011,4,Oaxaca,Hombres,976411.0,1211666.0,80.58417089
2011,4,Oaxaca,Mujeres,682587.0,1449540.0,47.08990438
2011,4,Puebla,Hombres,1510862.0,1839338.0,82.14161834
2011,4,Puebla,Mujeres,1070225.0,2236012.0,47.86311522
2011,4,Querétaro,Hombres,478422.0,638294.0,74.95323472
2011,4,Querétaro,Mujeres,301880.0,736442.0,40.99168706
2011,4,Quintana Roo,Hombres,432896.0,513549.0,84.29497477
2011,4,Quintana Roo,Mujeres,272759.0,520981.0,52.35488434
2011,4,San Luis Potosí,Hombres,644494.0,868992.0,74.16570003
2011,4,San Luis Potosí,Mujeres,388698.0,980278.0,39.65181306
2011,4,Sinaloa,Hombres,752320.0,990730.0,75.93592603
2011,4,Sinaloa,Mujeres,507305.0,1066131.0,47.58373971
2011,4,Sonora,Hombres,749644.0,956937.0,78.33786341
2011,4,Sonora,Mujeres,478304.0,1011003.0,47.30984972
2011,4,Tabasco,Hombres,600293.0,753921.0,79.62279868
2011,4,Tabasco,Mujeres,339770.0,830019.0,40.93520751
2011,4,Tamaulipas,Hombres,903521.0,1158232.0,78.0086373
2011,4,Tamaulipas,Mujeres,588182.0,1270045.0,46.31190233
2011,4,Tlaxcala,Hombres,305963.0,387588.0,78.94026647
2011,4,Tlaxcala,Mujeres,197164.0,443283.0,44.47813248
2011,4,Veracruz,Hombres,2022186.0,2626155.0,77.00177636
2011,4,Veracruz,Mujeres,1068165.0,2945594.0,36.26314421
2011,4,Yucatán,Hombres,578463.0,699402.0,82.70822789
2011,4,Yucatán,Mujeres,375009.0,769900.0,48.70879335
2011,4,Zacatecas,Hombres,402645.0,508571.0,79.17183638
2011,4,Zacatecas,Mujeres,214663.0,555763.0,38.62491746
2012,1,Nacional,Hombres,30708944.0,39242111.0,78.25507654
2012,1,Nacional,Mujeres,18645932.0,43489841.0,42.87422435
2012,1,Aguascalientes,Hombres,306225.0,404910.0,75.62791731
2012,1,Aguascalientes,Mujeres,189281.0,457929.0,41.33413695
2012,1,Baja California,Hombres,890352.0,1211334.0,73.50177573
2012,1,Baja California,Mujeres,547845.0,1214554.0,45.10668114
2012,1,Baja California Sur,Hombres,193069.0,244826.0,78.85967994
2012,1,Baja California Sur,Mujeres,129755.0,244775.0,53.00990706
2012,1,Campeche,Hombres,241425.0,291239.0,82.89583469
2012,1,Campeche,Mujeres,139388.0,309618.0,45.01934642
2012,1,Coahuila,Hombres,775989.0,1006800.0,77.07479142
2012,1,Coahuila,Mujeres,453920.0,1052168.0,43.14139947
2012,1,Colima,Hombres,194105.0,236522.0,82.06636169
2012,1,Colima,Mujeres,133673.0,254101.0,52.60624712
2012,1,Chiapas,Hombres,1311843.0,1528528.0,85.82394304
2012,1,Chiapas,Mujeres,578949.0,1735045.0,33.36795299
2012,1,Chihuahua,Hombres,919768.0,1256843.0,73.18081892
2012,1,Chihuahua,Mujeres,469288.0,1289881.0,36.38227092
2012,1,Ciudad de México,Hombres,2447457.0,3149975.0,77.69766427
2012,1,Ciudad de México,Mujeres,1887144.0,3761222.0,50.17369355
2012,1,Durango,Hombres,444461.0,566032.0,78.52223903
2012,1,Durango,Mujeres,238530.0,611073.0,39.03461616
2012,1,Guanajuato,Hombres,1436455.0,1850176.0,77.63883004
2012,1,Guanajuato,Mujeres,906892.0,2115973.0,42.85933705
2012,1,Guerrero,Hombres,820646.0,1087609.0,75.45413839
2012,1,Guerrero,Mujeres,524919.0,1223108.0,42.9168152
2012,1,Hidalgo,Hombres,691738.0,887530.0,77.93967528
2012,1,Hidalgo,Mujeres,390820.0,1032314.0,37.85863604
2012,1,Jalisco,Hombres,2069290.0,2594124.0,79.7683534
2012,1,Jalisco,Mujeres,1325517.0,2814855.0,47.09006325
2012,1,México,Hombres,4247188.0,5404998.0,78.57890049
2012,1,México,Mujeres,2453096.0,5958183.0,41.17188076
2012,1,Michoacán,Hombres,1178501.0,1494490.0,78.85639917
2012,1,Michoacán,Mujeres,662935.0,1604403.0,41.31973077
2012,1,Morelos,Hombres,473223.0,629906.0,75.12597118
2012,1,Morelos,Mujeres,312071.0,698901.0,44.65167456
2012,1,Nayarit,Hombres,301568.0,384924.0,78.34481612
2012,1,Nayarit,Mujeres,198546.0,414905.0,47.85336402
2012,1,Nuevo León,Hombres,1393140.0,1764802.0,78.94030038
2012,1,Nuevo León,Mujeres,823799.0,1825997.0,45.11502483
2012,1,Oaxaca,Hombres,941767.0,1213495.0,77.60781874
2012,1,Oaxaca,Mujeres,638631.0,1454476.0,43.90797786
2012,1,Puebla,Hombres,1533427.0,1865140.0,82.21511522
2012,1,Puebla,Mujeres,961336.0,2252956.0,42.66998557
2012,1,Querétaro,Hombres,491658.0,653368.0,75.24978266
2012,1,Querétaro,Mujeres,303899.0,744532.0,40.81745311
2012,1,Quintana Roo,Hombres,436641.0,521497.0,83.72838195
2012,1,Quintana Roo,Mujeres,282593.0,531580.0,53.16095414
2012,1,San Luis Potosí,Hombres,652796.0,876512.0,74.47656164
2012,1,San Luis Potosí,Mujeres,372980.0,981674.0,37.99428323
2012,1,Sinaloa,Hombres,757671.0,986089.0,76.83596511
2012,1,Sinaloa,Mujeres,500484.0,1083564.0,46.18868844
2012,1,Sonora,Hombres,767917.0,986826.0,77.8168593
2012,1,Sonora,Mujeres,470731.0,1004378.0,46.86791228
2012,1,Tabasco,Hombres,592416.0,752503.0,78.72606488
2012,1,Tabasco,Mujeres,299008.0,827145.0,36.14940549
2012,1,Tamaulipas,Hombres,901109.0,1160977.0,77.61643857
2012,1,Tamaulipas,Mujeres,572642.0,1249602.0,45.82595098
2012,1,Tlaxcala,Hombres,292075.0,392289.0,74.45403771
2012,1,Tlaxcala,Mujeres,181047.0,443116.0,40.85769866
2012,1,Veracruz,Hombres,2048634.0,2618090.0,78.24918166
2012,1,Veracruz,Mujeres,1112002.0,2961553.0,37.54793515
2012,1,Yucatán,Hombres,576205.0,709183.0,81.24912752
2012,1,Yucatán,Mujeres,370037.0,778921.0,47.50635815
2012,1,Zacatecas,Hombres,380185.0,510574.0,74.46227187
2012,1,Zacatecas,Mujeres,214174.0,557339.0,38.42795857
2012,2,Nacional,Hombres,31184202.0,39394178.0,79.15941792
2012,2,Nacional,Mujeres,19427565.0,43718346.0,44.43801465
2012,2,Aguascalientes,Hombres,320631.0,413074.0,77.62071687
2012,2,Aguascalientes,Mujeres,196744.0,458423.0,42.9175674
2012,2,Baja California,Hombres,925853.0,1224262.0,75.62539718
2012,2,Baja California,Mujeres,592381.0,1230098.0,48.15721999
2012,2,Baja California Sur,Hombres,192056.0,250136.0,76.78063134
2012,2,Baja California Sur,Mujeres,129578.0,243280.0,53.26290694
2012,2,Campeche,Hombres,241966.0,292951.0,82.59606555
2012,2,Campeche,Mujeres,136039.0,312889.0,43.47835814
2012,2,Coahuila,Hombres,795111.0,1014872.0,78.34593919
2012,2,Coahuila,Mujeres,467727.0,1042229.0,44.8775653
2012,2,Colima,Hombres,192876.0,236659.0,81.49954153
2012,2,Colima,Mujeres,139805.0,253628.0,55.12206854
2012,2,Chiapas,Hombres,1321494.0,1531152.0,86.30717264
2012,2,Chiapas,Mujeres,615221.0,1737226.0,35.41398759
2012,2,Chihuahua,Hombres,935006.0,1261231.0,74.13439727
2012,2,Chihuahua,Mujeres,513568.0,1302730.0,39.42244364
2012,2,Ciudad de México,Hombres,2458383.0,3136717.0,78.37439591
2012,2,Ciudad de México,Mujeres,1984379.0,3783059.0,52.45434977
2012,2,Durango,Hombres,441626.0,574094.0,76.92572993
2012,2,Durango,Mujeres,229110.0,607620.0,37.70613212
2012,2,Guanajuato,Hombres,1472323.0,1858115.0,79.23745301
2012,2,Guanajuato,Mujeres,993272.0,2141051.0,46.39179543
2012,2,Guerrero,Hombres,848243.0,1075002.0,78.90617878
2012,2,Guerrero,Mujeres,557831.0,1241088.0,44.94693366
2012,2,Hidalgo,Hombres,714779.0,891167.0,80.20707679
2012,2,Hidalgo,Mujeres,434076.0,1018098.0,42.63597414
2012,2,Jalisco,Hombres,2083769.0,2596776.0,80.24446467
2012,2,Jalisco,Mujeres,1358589.0,2842948.0,47.78803552
2012,2,México,Hombres,4257757.0,5408453.0,78.72411945
2012,2,México,Mujeres,2542996.0,6066158.0,41.9210314
2012,2,Michoacán,Hombres,1200297.0,1482032.0,80.98995163
2012,2,Michoacán,Mujeres,668401.0,1621085.0,41.23170593
2012,2,Morelos,Hombres,477630.0,625435.0,76.36764812
2012,2,Morelos,Mujeres,317147.0,698853.0,45.38107442
2012,2,Nayarit,Hombres,305231.0,383380.0,79.6157859
2012,2,Nayarit,Mujeres,202189.0,417447.0,48.43465158
2012,2,Nuevo León,Hombres,1426265.0,1757073.0,81.17277996
2012,2,Nuevo León,Mujeres,871372.0,1834590.0,47.4968249
2012,2,Oaxaca,Hombres,963351.0,1219956.0,78.96604468
2012,2,Oaxaca,Mujeres,656174.0,1475390.0,44.47461349
2012,2,Puebla,Hombres,1565590.0,1916581.0,81.68660756
2012,2,Puebla,Mujeres,1001331.0,2256104.0,44.38319333
2012,2,Querétaro,Hombres,485275.0,650854.0,74.55973229
2012,2,Querétaro,Mujeres,293234.0,747643.0,39.22112559
2012,2,Quintana Roo,Hombres,439200.0,525476.0,83.58136242
2012,2,Quintana Roo,Mujeres,291930.0,537551.0,54.30740525
2012,2,San Luis Potosí,Hombres,678984.0,898527.0,75.56634358
2012,2,San Luis Potosí,Mujeres,391641.0,985157.0,39.75417116
2012,2,Sinaloa,Hombres,765074.0,993168.0,77.0336942
2012,2,Sinaloa,Mujeres,497555.0,1077983.0,46.15610821
2012,2,Sonora,Hombres,771251.0,991060.0,77.82081811
2012,2,Sonora,Mujeres,477382.0,1005971.0,47.45484711
2012,2,Tabasco,Hombres,593238.0,744975.0,79.63193396
2012,2,Tabasco,Mujeres,307963.0,831350.0,37.04372406
2012,2,Tamaulipas,Hombres,901293.0,1157185.0,77.8866819
2012,2,Tamaulipas,Mujeres,605269.0,1237758.0,48.90043126
2012,2,Tlaxcala,Hombres,309805.0,398799.0,77.6844977
2012,2,Tlaxcala,Mujeres,200262.0,446625.0,44.83895886
2012,2,Veracruz,Hombres,2109773.0,2651267.0,79.57602912
2012,2,Veracruz,Mujeres,1142195.0,2932043.0,38.95560195
2012,2,Yucatán,Hombres,586027.0,722322.0,81.13099144
2012,2,Yucatán,Mujeres,384908.0,772158.0,49.8483471
2012,2,Zacatecas,Hombres,404045.0,511427.0,79.00345504
2012,2,Zacatecas,Mujeres,227296.0,560113.0,40.58038289
2012,3,Nacional,Hombres,31493393.0,39615881.0,79.49688914
2012,3,Nacional,Mujeres,19562830.0,43913982.0,44.54806672
2012,3,Aguascalientes,Hombres,321726.0,417474.0,77.06491901
2012,3,Aguascalientes,Mujeres,197689.0,460473.0,42.93172455
2012,3,Baja California,Hombres,925172.0,1212235.0,76.3195255
2012,3,Baja California,Mujeres,593110.0,1253790.0,47.30537012
2012,3,Baja California Sur,Hombres,193329.0,247689.0,78.05312307
2012,3,Baja California Sur,Mujeres,132771.0,248145.0,53.50541014
2012,3,Campeche,Hombres,244412.0,295759.0,82.63890532
2012,3,Campeche,Mujeres,145759.0,319969.0,45.55410055
2012,3,Coahuila,Hombres,816489.0,1025771.0,79.5975905
2012,3,Coahuila,Mujeres,473023.0,1040720.0,45.45151434
2012,3,Colima,Hombres,198480.0,240007.0,82.69758799
2012,3,Colima,Mujeres,144107.0,254274.0,56.67390296
2012,3,Chiapas,Hombres,1320925.0,1535386.0,86.03211179
2012,3,Chiapas,Mujeres,554356.0,1731502.0,32.01590296
2012,3,Chihuahua,Hombres,919452.0,1232311.0,74.61200947
2012,3,Chihuahua,Mujeres,547543.0,1321701.0,41.42714578
2012,3,Ciudad de México,Hombres,2529385.0,3206561.0,78.88154942
2012,3,Ciudad de México,Mujeres,1942349.0,3768302.0,51.54440913
2012,3,Durango,Hombres,443120.0,567046.0,78.14533565
2012,3,Durango,Mujeres,241984.0,611208.0,39.59110483
2012,3,Guanajuato,Hombres,1521058.0,1884451.0,80.71624043
2012,3,Guanajuato,Mujeres,1031453.0,2175340.0,47.41571433
2012,3,Guerrero,Hombres,864199.0,1084229.0,79.70631665
2012,3,Guerrero,Mujeres,556852.0,1239615.0,44.92136671
2012,3,Hidalgo,Hombres,737356.0,925904.0,79.63633379
2012,3,Hidalgo,Mujeres,430002.0,1039435.0,41.36882056
2012,3,Jalisco,Hombres,2098372.0,2607445.0,80.47617495
2012,3,Jalisco,Mujeres,1361000.0,2840056.0,47.92159028
2012,3,México,Hombres,4346772.0,5416060.0,80.25708726
2012,3,México,Mujeres,2608608.0,6066103.0,43.00302847
2012,3,Michoacán,Hombres,1183521.0,1475815.0,80.19440106
2012,3,Michoacán,Mujeres,713000.0,1627466.0,43.81043905
2012,3,Morelos,Hombres,481971.0,631347.0,76.34011091
2012,3,Morelos,Mujeres,313544.0,699595.0,44.81793037
2012,3,Nayarit,Hombres,308903.0,387949.0,79.62464138
2012,3,Nayarit,Mujeres,205352.0,417147.0,49.22773027
2012,3,Nuevo León,Hombres,1428304.0,1775262.0,80.45595523
2012,3,Nuevo León,Mujeres,848453.0,1863947.0,45.51915907
2012,3,Oaxaca,Hombres,999566.0,1231298.0,81.1798606
2012,3,Oaxaca,Mujeres,693334.0,1476007.0,46.97362546
2012,3,Puebla,Hombres,1558812.0,1928849.0,80.81565742
2012,3,Puebla,Mujeres,1006838.0,2255540.0,44.63844578
2012,3,Querétaro,Hombres,497791.0,654389.0,76.06958552
2012,3,Querétaro,Mujeres,308758.0,743043.0,41.55318064
2012,3,Quintana Roo,Hombres,446448.0,534079.0,83.59212776
2012,3,Quintana Roo,Mujeres,279931.0,540169.0,51.82285544
2012,3,San Luis Potosí,Hombres,702221.0,904688.0,77.62024035
2012,3,San Luis Potosí,Mujeres,408441.0,995899.0,41.01229141
2012,3,Sinaloa,Hombres,760478.0,1007473.0,75.48371023
2012,3,Sinaloa,Mujeres,488294.0,1077859.0,45.30221485
2012,3,Sonora,Hombres,759548.0,989682.0,76.74667216
2012,3,Sonora,Mujeres,473928.0,997310.0,47.5206305
2012,3,Tabasco,Hombres,613947.0,759635.0,80.8213155
2012,3,Tabasco,Mujeres,315974.0,829339.0,38.09949852
2012,3,Tamaulipas,Hombres,918717.0,1162205.0,79.04947922
2012,3,Tamaulipas,Mujeres,584776.0,1238792.0,47.20534198
2012,3,Tlaxcala,Hombres,314745.0,399911.0,78.70376159
2012,3,Tlaxcala,Mujeres,201764.0,448593.0,44.97707276
2012,3,Veracruz,Hombres,2032340.0,2640548.0,76.96659936
2012,3,Veracruz,Mujeres,1139389.0,2985082.0,38.16943722
2012,3,Yucatán,Hombres,592268.0,721971.0,82.03487398
2012,3,Yucatán,Mujeres,386890.0,782741.0,49.42758844
2012,3,Zacatecas,Hombres,413566.0,512452.0,80.70336344
2012,3,Zacatecas,Mujeres,233558.0,564820.0,41.35087284
2012,4,Nacional,Hombres,31117484.0,39767000.0,78.24951342
2012,4,Nacional,Mujeres,19334080.0,44109745.0,43.83176552
2012,4,Aguascalientes,Hombres,323625.0,423355.0,76.44293796
2012,4,Aguascalientes,Mujeres,194661.0,463908.0,41.9611216
2012,4,Baja California,Hombres,908413.0,1227132.0,74.0273255
2012,4,Baja California,Mujeres,600849.0,1258947.0,47.72631413
2012,4,Baja California Sur,Hombres,192619.0,244626.0,78.74019932
2012,4,Baja California Sur,Mujeres,134680.0,247851.0,54.33909889
2012,4,Campeche,Hombres,245873.0,296847.0,82.82819095
2012,4,Campeche,Mujeres,142506.0,319228.0,44.64082098
2012,4,Coahuila,Hombres,798895.0,1031503.0,77.44960509
2012,4,Coahuila,Mujeres,465778.0,1070047.0,43.5287422
2012,4,Colima,Hombres,193266.0,243047.0,79.51795332
2012,4,Colima,Mujeres,140914.0,256549.0,54.92673914
2012,4,Chiapas,Hombres,1305902.0,1555666.0,83.94488277
2012,4,Chiapas,Mujeres,540688.0,1755939.0,30.79195803
2012,4,Chihuahua,Hombres,944196.0,1252711.0,75.37221274
2012,4,Chihuahua,Mujeres,519121.0,1307987.0,39.68854431
2012,4,Ciudad de México,Hombres,2515048.0,3221189.0,78.07824999
2012,4,Ciudad de México,Mujeres,1979276.0,3767399.0,52.53693596
2012,4,Durango,Hombres,455338.0,579592.0,78.5618159
2012,4,Durango,Mujeres,248059.0,606732.0,40.88444321
2012,4,Guanajuato,Hombres,1480879.0,1893880.0,78.19286333
2012,4,Guanajuato,Mujeres,982659.0,2169311.0,45.29820759
2012,4,Guerrero,Hombres,831308.0,1075712.0,77.27979236
2012,4,Guerrero,Mujeres,523972.0,1235060.0,42.42482147
2012,4,Hidalgo,Hombres,738801.0,928902.0,79.5348702
2012,4,Hidalgo,Mujeres,430443.0,1041807.0,41.31696178
2012,4,Jalisco,Hombres,2037661.0,2579257.0,79.00185984
2012,4,Jalisco,Mujeres,1368431.0,2858145.0,47.87829169
2012,4,México,Hombres,4275004.0,5412333.0,78.98634471
2012,4,México,Mujeres,2580599.0,6092133.0,42.35953155
2012,4,Michoacán,Hombres,1137632.0,1469307.0,77.42643301
2012,4,Michoacán,Mujeres,707660.0,1636843.0,43.23322396
2012,4,Morelos,Hombres,480413.0,636121.0,75.52226699
2012,4,Morelos,Mujeres,310031.0,706395.0,43.88918381
2012,4,Nayarit,Hombres,312190.0,386211.0,80.83405185
2012,4,Nayarit,Mujeres,208753.0,422490.0,49.41016355
2012,4,Nuevo León,Hombres,1421264.0,1799169.0,78.99558074
2012,4,Nuevo León,Mujeres,879387.0,1886514.0,46.61439035
2012,4,Oaxaca,Hombres,984794.0,1253774.0,78.54637279
2012,4,Oaxaca,Mujeres,647135.0,1473431.0,43.92027859
2012,4,Puebla,Hombres,1562922.0,1951975.0,80.06875088
2012,4,Puebla,Mujeres,1021274.0,2269210.0,45.00570683
2012,4,Querétaro,Hombres,473950.0,658415.0,71.98347547
2012,4,Querétaro,Mujeres,292143.0,754413.0,38.72454478
2012,4,Quintana Roo,Hombres,431110.0,529495.0,81.419088
2012,4,Quintana Roo,Mujeres,286873.0,553643.0,51.81552011
2012,4,San Luis Potosí,Hombres,690456.0,905868.0,76.22037648
2012,4,San Luis Potosí,Mujeres,404546.0,1005319.0,40.24056046
2012,4,Sinaloa,Hombres,790834.0,1012210.0,78.12943954
2012,4,Sinaloa,Mujeres,498478.0,1084522.0,45.96292191
2012,4,Sonora,Hombres,749629.0,992754.0,75.51004579
2012,4,Sonora,Mujeres,463774.0,1001724.0,46.29758297
2012,4,Tabasco,Hombres,596104.0,756485.0,78.79918306
2012,4,Tabasco,Mujeres,303196.0,837100.0,36.21980647
2012,4,Tamaulipas,Hombres,893448.0,1162324.0,76.86737949
2012,4,Tamaulipas,Mujeres,571761.0,1242512.0,46.01653747
2012,4,Tlaxcala,Hombres,319152.0,405758.0,78.65575047
2012,4,Tlaxcala,Mujeres,200382.0,453793.0,44.15713773
2012,4,Veracruz,Hombres,2047943.0,2646545.0,77.38175621
2012,4,Veracruz,Mujeres,1093405.0,2982763.0,36.65745485
2012,4,Yucatán,Hombres,578088.0,719695.0,80.32402615
2012,4,Yucatán,Mujeres,382432.0,784409.0,48.75415759
2012,4,Zacatecas,Hombres,400727.0,515142.0,77.78961917
2012,4,Zacatecas,Mujeres,210214.0,563621.0,37.2970489
2013,1,Nacional,Hombres,31075472.0,39996656.0,77.69517532
2013,1,Nacional,Mujeres,18927289.0,44202685.0,42.81931969
2013,1,Aguascalientes,Hombres,319395.0,422669.0,75.56622321
2013,1,Aguascalientes,Mujeres,194854.0,468358.0,41.60364507
2013,1,Baja California,Hombres,916812.0,1229101.0,74.5920799
2013,1,Baja California,Mujeres,565501.0,1259365.0,44.90366177
2013,1,Baja California Sur,Hombres,196782.0,248027.0,79.33894294
2013,1,Baja California Sur,Mujeres,127178.0,246810.0,51.52870629
2013,1,Campeche,Hombres,240798.0,295421.0,81.51011607
2013,1,Campeche,Mujeres,137923.0,318968.0,43.24038775
2013,1,Coahuila,Hombres,794071.0,1036462.0,76.61361439
2013,1,Coahuila,Mujeres,463894.0,1073402.0,43.21717306
2013,1,Colima,Hombres,192848.0,241235.0,79.9419653
2013,1,Colima,Mujeres,144842.0,260422.0,55.61818894
2013,1,Chiapas,Hombres,1330039.0,1573123.0,84.54768
2013,1,Chiapas,Mujeres,569223.0,1757183.0,32.39406482
2013,1,Chihuahua,Hombres,928577.0,1251222.0,74.21360878
2013,1,Chihuahua,Mujeres,547284.0,1322083.0,41.3955856
2013,1,Ciudad de México,Hombres,2518230.0,3257321.0,77.30985064
2013,1,Ciudad de México,Mujeres,1913237.0,3795601.0,50.40669449
2013,1,Durango,Hombres,454149.0,577920.0,78.58336794
2013,1,Durango,Mujeres,232649.0,614391.0,37.86660286
2013,1,Guanajuato,Hombres,1456414.0,1900610.0,76.62876655
2013,1,Guanajuato,Mujeres,951520.0,2184791.0,43.55199193
2013,1,Guerrero,Hombres,817242.0,1084028.0,75.38938109
2013,1,Guerrero,Mujeres,506145.0,1253232.0,40.38717492
2013,1,Hidalgo,Hombres,746401.0,933107.0,79.99093352
2013,1,Hidalgo,Mujeres,440013.0,1053919.0,41.75017245
2013,1,Jalisco,Hombres,2061744.0,2598766.0,79.3355
2013,1,Jalisco,Mujeres,1354278.0,2859265.0,47.36454998
2013,1,México,Hombres,4238665.0,5452876.0,77.73264971
2013,1,México,Mujeres,2427221.0,6081370.0,39.91240461
2013,1,Michoacán,Hombres,1145498.0,1488830.0,76.93947596
2013,1,Michoacán,Mujeres,701455.0,1607163.0,43.64554186
2013,1,Morelos,Hombres,471006.0,629957.0,74.76796035
2013,1,Morelos,Mujeres,318959.0,717943.0,44.42678597
2013,1,Nayarit,Hombres,313645.0,389599.0,80.50457008
2013,1,Nayarit,Mujeres,216149.0,428634.0,50.42740427
2013,1,Nuevo León,Hombres,1425576.0,1822207.0,78.2334828
2013,1,Nuevo León,Mujeres,801815.0,1867558.0,42.93387408
2013,1,Oaxaca,Hombres,940944.0,1232100.0,76.36912588
2013,1,Oaxaca,Mujeres,632326.0,1467282.0,43.09505603
2013,1,Puebla,Hombres,1563341.0,1977298.0,79.06451127
2013,1,Puebla,Mujeres,996338.0,2255886.0,44.16615024
2013,1,Querétaro,Hombres,495592.0,661717.0,74.89485686
2013,1,Querétaro,Mujeres,291429.0,758609.0,38.41623287
2013,1,Quintana Roo,Hombres,448449.0,541754.0,82.77723838
2013,1,Quintana Roo,Mujeres,273203.0,541746.0,50.43009085
2013,1,San Luis Potosí,Hombres,681155.0,917738.0,74.22107399
2013,1,San Luis Potosí,Mujeres,386558.0,998636.0,38.70859853
2013,1,Sinaloa,Hombres,794180.0,1014814.0,78.25867597
2013,1,Sinaloa,Mujeres,493763.0,1085124.0,45.50291027
2013,1,Sonora,Hombres,748009.0,982824.0,76.1081333
2013,1,Sonora,Mujeres,454575.0,1002533.0,45.34264707
2013,1,Tabasco,Hombres,602369.0,765777.0,78.6611507
2013,1,Tabasco,Mujeres,299359.0,831969.0,35.98198971
2013,1,Tamaulipas,Hombres,915723.0,1186387.0,77.18585925
2013,1,Tamaulipas,Mujeres,581526.0,1251065.0,46.48247693
2013,1,Tlaxcala,Hombres,309611.0,403607.0,76.71100848
2013,1,Tlaxcala,Mujeres,206653.0,458306.0,45.09061631
2013,1,Veracruz,Hombres,2040624.0,2643837.0,77.18418344
2013,1,Veracruz,Mujeres,1102767.0,3023487.0,36.47335014
2013,1,Yucatán,Hombres,588244.0,722602.0,81.40636201
2013,1,Yucatán,Mujeres,395290.0,791956.0,49.91312649
2013,1,Zacatecas,Hombres,379339.0,513720.0,73.84158686
2013,1,Zacatecas,Mujeres,199362.0,565628.0,35.2461335
2013,2,Nacional,Hombres,31388717.0,39917234.0,78.63449907
2013,2,Nacional,Mujeres,19651975.0,44383462.0,44.2776974
2013,2,Aguascalientes,Hombres,319686.0,417694.0,76.535933
2013,2,Aguascalientes,Mujeres,203399.0,470956.0,43.18853566
2013,2,Baja California,Hombres,939841.0,1221390.0,76.94847674
2013,2,Baja California,Mujeres,633389.0,1257697.0,50.361017
2013,2,Baja California Sur,Hombres,199881.0,249026.0,80.26511288
2013,2,Baja California Sur,Mujeres,135795.0,249043.0,54.52672832
2013,2,Campeche,Hombres,243421.0,299222.0,81.35130438
2013,2,Campeche,Mujeres,138281.0,315905.0,43.77296972
2013,2,Coahuila,Hombres,816097.0,1027763.0,79.40517415
2013,2,Coahuila,Mujeres,488727.0,1071656.0,45.60483961
2013,2,Colima,Hombres,192169.0,241020.0,79.73155755
2013,2,Colima,Mujeres,145435.0,259543.0,56.0350308
2013,2,Chiapas,Hombres,1331006.0,1570503.0,84.75029974
2013,2,Chiapas,Mujeres,566753.0,1756108.0,32.27324288
2013,2,Chihuahua,Hombres,942244.0,1239816.0,75.99869658
2013,2,Chihuahua,Mujeres,569098.0,1302107.0,43.705932
2013,2,Ciudad de México,Hombres,2478284.0,3253917.0,76.1630982
2013,2,Ciudad de México,Mujeres,1947900.0,3850628.0,50.58655367
2013,2,Durango,Hombres,462469.0,580148.0,79.71569324
2013,2,Durango,Mujeres,249331.0,619442.0,40.25090323
2013,2,Guanajuato,Hombres,1511705.0,1901952.0,79.481764
2013,2,Guanajuato,Mujeres,970293.0,2179102.0,44.52719515
2013,2,Guerrero,Hombres,835462.0,1078296.0,77.47983856
2013,2,Guerrero,Mujeres,537442.0,1245631.0,43.14616447
2013,2,Hidalgo,Hombres,734603.0,920543.0,79.80105221
2013,2,Hidalgo,Mujeres,434127.0,1072655.0,40.47219283
2013,2,Jalisco,Hombres,2063846.0,2586994.0,79.77776524
2013,2,Jalisco,Mujeres,1411232.0,2898308.0,48.69158143
2013,2,México,Hombres,4311587.0,5461390.0,78.94669672
2013,2,México,Mujeres,2648636.0,6091563.0,43.48040068
2013,2,Michoacán,Hombres,1178736.0,1481902.0,79.54210197
2013,2,Michoacán,Mujeres,702485.0,1621444.0,43.32465383
2013,2,Morelos,Hombres,474567.0,630052.0,75.32187819
2013,2,Morelos,Mujeres,330672.0,723333.0,45.71504411
2013,2,Nayarit,Hombres,310892.0,389978.0,79.72039448
2013,2,Nayarit,Mujeres,210164.0,431007.0,48.76115701
2013,2,Nuevo León,Hombres,1447675.0,1814314.0,79.79186624
2013,2,Nuevo León,Mujeres,868037.0,1892832.0,45.85916764
2013,2,Oaxaca,Hombres,939657.0,1230042.0,76.39226953
2013,2,Oaxaca,Mujeres,612108.0,1465047.0,41.78077563
2013,2,Puebla,Hombres,1590952.0,1999052.0,79.58532344
2013,2,Puebla,Mujeres,1008840.0,2266828.0,44.50447939
2013,2,Querétaro,Hombres,482181.0,668933.0,72.08210688
2013,2,Querétaro,Mujeres,287774.0,759798.0,37.87506679
2013,2,Quintana Roo,Hombres,460831.0,548992.0,83.94129605
2013,2,Quintana Roo,Mujeres,286178.0,543922.0,52.61379389
2013,2,San Luis Potosí,Hombres,701759.0,912367.0,76.91630671
2013,2,San Luis Potosí,Mujeres,412807.0,1004069.0,41.11340954
2013,2,Sinaloa,Hombres,774484.0,998188.0,77.58899125
2013,2,Sinaloa,Mujeres,521727.0,1082572.0,48.19328414
2013,2,Sonora,Hombres,759970.0,967242.0,78.57082302
2013,2,Sonora,Mujeres,520915.0,1006607.0,51.74959046
2013,2,Tabasco,Hombres,621161.0,772092.0,80.45168192
2013,2,Tabasco,Mujeres,325447.0,832187.0,39.10743619
2013,2,Tamaulipas,Hombres,925614.0,1190292.0,77.76360759
2013,2,Tamaulipas,Mujeres,575509.0,1261837.0,45.60882269
2013,2,Tlaxcala,Hombres,313633.0,407965.0,76.87742821
2013,2,Tlaxcala,Mujeres,214133.0,455134.0,47.04834181
2013,2,Veracruz,Hombres,2032991.0,2608646.0,77.93280499
2013,2,Veracruz,Mujeres,1098852.0,3038761.0,36.16118543
2013,2,Yucatán,Hombres,600207.0,735569.0,81.59764754
2013,2,Yucatán,Mujeres,391223.0,793508.0,49.30296859
2013,2,Zacatecas,Hombres,391106.0,511934.0,76.39773877
2013,2,Zacatecas,Mujeres,205266.0,564232.0,36.37971615
2013,3,Nacional,Hombres,31513043.0,40016710.0,78.74970981
2013,3,Nacional,Mujeres,19670219.0,44503719.0,44.19904548
2013,3,Aguascalientes,Hombres,321013.0,418999.0,76.614264
2013,3,Aguascalientes,Mujeres,207120.0,471781.0,43.90172559
2013,3,Baja California,Hombres,943944.0,1219566.0,77.39999311
2013,3,Baja California,Mujeres,612103.0,1252809.0,48.8584453
2013,3,Baja California Sur,Hombres,204545.0,255163.0,80.16248437
2013,3,Baja California Sur,Mujeres,129574.0,247289.0,52.39780176
2013,3,Campeche,Hombres,245473.0,301381.0,81.44939462
2013,3,Campeche,Mujeres,135432.0,315532.0,42.92179557
2013,3,Coahuila,Hombres,811808.0,1021853.0,79.44469508
2013,3,Coahuila,Mujeres,499093.0,1073112.0,46.50893849
2013,3,Colima,Hombres,194202.0,239723.0,81.0110002
2013,3,Colima,Mujeres,142005.0,259560.0,54.70989367
2013,3,Chiapas,Hombres,1356399.0,1606045.0,84.45585273
2013,3,Chiapas,Mujeres,570138.0,1764433.0,32.31281664
2013,3,Chihuahua,Hombres,937250.0,1230723.0,76.15442305
2013,3,Chihuahua,Mujeres,551251.0,1305923.0,42.21160053
2013,3,Ciudad de México,Hombres,2435453.0,3206670.0,75.9495988
2013,3,Ciudad de México,Mujeres,2026742.0,3907748.0,51.86470571
2013,3,Durango,Hombres,458576.0,577740.0,79.37411292
2013,3,Durango,Mujeres,258812.0,624294.0,41.45674954
2013,3,Guanajuato,Hombres,1505409.0,1894719.0,79.45288985
2013,3,Guanajuato,Mujeres,1021154.0,2168457.0,47.09127273
2013,3,Guerrero,Hombres,878054.0,1119717.0,78.41749299
2013,3,Guerrero,Mujeres,539366.0,1263642.0,42.6834499
2013,3,Hidalgo,Hombres,739443.0,929296.0,79.57023381
2013,3,Hidalgo,Mujeres,407039.0,1063152.0,38.28605881
2013,3,Jalisco,Hombres,2081237.0,2632402.0,79.06227848
2013,3,Jalisco,Mujeres,1390946.0,2882441.0,48.25583594
2013,3,México,Hombres,4324719.0,5477924.0,78.94813802
2013,3,México,Mujeres,2578591.0,6058481.0,42.56167511
2013,3,Michoacán,Hombres,1167798.0,1476964.0,79.06746542
2013,3,Michoacán,Mujeres,690823.0,1618812.0,42.67468983
2013,3,Morelos,Hombres,474289.0,634540.0,74.74532732
2013,3,Morelos,Mujeres,325516.0,730293.0,44.57334248
2013,3,Nayarit,Hombres,311905.0,389037.0,80.17360817
2013,3,Nayarit,Mujeres,210205.0,426789.0,49.25267521
2013,3,Nuevo León,Hombres,1452335.0,1828634.0,79.4218526
2013,3,Nuevo León,Mujeres,844791.0,1892492.0,44.63907906
2013,3,Oaxaca,Hombres,973108.0,1225833.0,79.38340704
2013,3,Oaxaca,Mujeres,641867.0,1457696.0,44.03298081
2013,3,Puebla,Hombres,1622032.0,2000811.0,81.06872663
2013,3,Puebla,Mujeres,1052378.0,2294322.0,45.86880133
2013,3,Querétaro,Hombres,488041.0,674385.0,72.36830594
2013,3,Querétaro,Mujeres,285185.0,755688.0,37.7384582
2013,3,Quintana Roo,Hombres,468341.0,557930.0,83.94260929
2013,3,Quintana Roo,Mujeres,282655.0,542448.0,52.10729876
2013,3,San Luis Potosí,Hombres,688962.0,921263.0,74.78450779
2013,3,San Luis Potosí,Mujeres,411742.0,1011272.0,40.71525762
2013,3,Sinaloa,Hombres,761109.0,996583.0,76.37186265
2013,3,Sinaloa,Mujeres,490594.0,1081305.0,45.37054763
2013,3,Sonora,Hombres,755152.0,973678.0,77.55664604
2013,3,Sonora,Mujeres,498475.0,1021758.0,48.78601391
2013,3,Tabasco,Hombres,639681.0,782875.0,81.70921284
2013,3,Tabasco,Mujeres,317841.0,832080.0,38.19837035
2013,3,Tamaulipas,Hombres,920844.0,1166731.0,78.92513356
2013,3,Tamaulipas,Mujeres,603926.0,1271055.0,47.51375826
2013,3,Tlaxcala,Hombres,319515.0,401958.0,79.48964817
2013,3,Tlaxcala,Mujeres,223778.0,456403.0,49.03079077
2013,3,Veracruz,Hombres,2035797.0,2610460.0,77.98614037
2013,3,Veracruz,Mujeres,1113044.0,3078495.0,36.15545908
2013,3,Yucatán,Hombres,587190.0,730520.0,80.37972951
2013,3,Yucatán,Mujeres,399434.0,803822.0,49.6918472
2013,3,Zacatecas,Hombres,409419.0,512587.0,79.8730752
2013,3,Zacatecas,Mujeres,208599.0,570335.0,36.57482006
2013,4,Nacional,Hombres,31695838.0,40169165.0,78.90589212
2013,4,Nacional,Mujeres,19811084.0,44492303.0,44.52699156
2013,4,Aguascalientes,Hombres,329438.0,421754.0,78.11141092
2013,4,Aguascalientes,Mujeres,209518.0,469698.0,44.60696022
2013,4,Baja California,Hombres,945531.0,1232996.0,76.68565024
2013,4,Baja California,Mujeres,614397.0,1257829.0,48.84582881
2013,4,Baja California Sur,Hombres,203411.0,253283.0,80.30977207
2013,4,Baja California Sur,Mujeres,130337.0,247745.0,52.60933621
2013,4,Campeche,Hombres,244875.0,300782.0,81.41278401
2013,4,Campeche,Mujeres,136861.0,312171.0,43.84167652
2013,4,Coahuila,Hombres,809055.0,1025983.0,78.85656975
2013,4,Coahuila,Mujeres,491964.0,1075634.0,45.73711876
2013,4,Colima,Hombres,196257.0,237994.0,82.46300327
2013,4,Colima,Mujeres,148002.0,258805.0,57.18668496
2013,4,Chiapas,Hombres,1350874.0,1605125.0,84.16004984
2013,4,Chiapas,Mujeres,550344.0,1712866.0,32.130009
2013,4,Chihuahua,Hombres,940490.0,1228931.0,76.52911351
2013,4,Chihuahua,Mujeres,536136.0,1293817.0,41.43831778
2013,4,Ciudad de México,Hombres,2467115.0,3234641.0,76.27167899
2013,4,Ciudad de México,Mujeres,2017361.0,3933627.0,51.28500999
2013,4,Durango,Hombres,464576.0,588461.0,78.9476278
2013,4,Durango,Mujeres,252716.0,626295.0,40.35095283
2013,4,Guanajuato,Hombres,1507336.0,1873700.0,80.44702994
2013,4,Guanajuato,Mujeres,1010617.0,2156199.0,46.87030279
2013,4,Guerrero,Hombres,825947.0,1089112.0,75.83673672
2013,4,Guerrero,Mujeres,549555.0,1262300.0,43.5360057
2013,4,Hidalgo,Hombres,741524.0,923069.0,80.33245619
2013,4,Hidalgo,Mujeres,461733.0,1078914.0,42.7960894
2013,4,Jalisco,Hombres,2106406.0,2638764.0,79.8254789
2013,4,Jalisco,Mujeres,1369311.0,2898684.0,47.23905745
2013,4,México,Hombres,4382096.0,5529540.0,79.24883444
2013,4,México,Mujeres,2644554.0,6108501.0,43.29301084
2013,4,Michoacán,Hombres,1180662.0,1488200.0,79.33490122
2013,4,Michoacán,Mujeres,709721.0,1624483.0,43.6890383
2013,4,Morelos,Hombres,471667.0,632798.0,74.53674
2013,4,Morelos,Mujeres,340085.0,736780.0,46.15828334
2013,4,Nayarit,Hombres,315787.0,390410.0,80.88599165
2013,4,Nayarit,Mujeres,215206.0,425727.0,50.55023524
2013,4,Nuevo León,Hombres,1448628.0,1830135.0,79.15416076
2013,4,Nuevo León,Mujeres,856344.0,1894236.0,45.20788328
2013,4,Oaxaca,Hombres,947542.0,1248397.0,75.90069505
2013,4,Oaxaca,Mujeres,641033.0,1453342.0,44.1075122
2013,4,Puebla,Hombres,1606515.0,2019189.0,79.56238866
2013,4,Puebla,Mujeres,1034529.0,2293653.0,45.10398914
2013,4,Querétaro,Hombres,484505.0,668646.0,72.46061444
2013,4,Querétaro,Mujeres,300572.0,762388.0,39.42506965
2013,4,Quintana Roo,Hombres,471985.0,551499.0,85.58220414
2013,4,Quintana Roo,Mujeres,271324.0,545953.0,49.69731827
2013,4,San Luis Potosí,Hombres,722925.0,918648.0,78.69445098
2013,4,San Luis Potosí,Mujeres,416866.0,1006989.0,41.39727445
2013,4,Sinaloa,Hombres,779341.0,994014.0,78.40342289
2013,4,Sinaloa,Mujeres,513447.0,1092079.0,47.01555474
2013,4,Sonora,Hombres,784659.0,995590.0,78.81346739
2013,4,Sonora,Mujeres,523559.0,1013104.0,51.67870229
2013,4,Tabasco,Hombres,630413.0,798334.0,78.96607184
2013,4,Tabasco,Mujeres,325055.0,847010.0,38.3767606
2013,4,Tamaulipas,Hombres,935712.0,1179518.0,79.33003142
2013,4,Tamaulipas,Mujeres,617778.0,1255442.0,49.20800802
2013,4,Tlaxcala,Hombres,316644.0,402391.0,78.69062678
2013,4,Tlaxcala,Mujeres,212316.0,458402.0,46.31655185
2013,4,Veracruz,Hombres,2068567.0,2612629.0,79.17568855
2013,4,Veracruz,Mujeres,1097665.0,3030304.0,36.22293341
2013,4,Yucatán,Hombres,598672.0,738755.0,81.03796252
2013,4,Yucatán,Mujeres,403672.0,794149.0,50.8307635
2013,4,Zacatecas,Hombres,416683.0,515877.0,80.77177312
2013,4,Zacatecas,Mujeres,208506.0,565177.0,36.89215945
2014,1,Nacional,Hombres,31450297.0,40227939.0,78.18023439
2014,1,Nacional,Mujeres,19265032.0,44586213.0,43.20849586
2014,1,Aguascalientes,Hombres,325040.0,424761.0,76.52303295
2014,1,Aguascalientes,Mujeres,201703.0,470267.0,42.89116608
2014,1,Baja California,Hombres,945319.0,1242967.0,76.053427
2014,1,Baja California,Mujeres,601599.0,1264889.0,47.56140657
2014,1,Baja California Sur,Hombres,202647.0,252110.0,80.38038951
2014,1,Baja California Sur,Mujeres,134847.0,250679.0,53.79269903
2014,1,Campeche,Hombres,243576.0,300630.0,81.02185411
2014,1,Campeche,Mujeres,133159.0,314190.0,42.38167988
2014,1,Coahuila,Hombres,788911.0,1014538.0,77.76061616
2014,1,Coahuila,Mujeres,470539.0,1074329.0,43.79840812
2014,1,Colima,Hombres,191108.0,236855.0,80.68565156
2014,1,Colima,Mujeres,139721.0,258417.0,54.06803732
2014,1,Chiapas,Hombres,1353122.0,1589018.0,85.15460492
2014,1,Chiapas,Mujeres,519922.0,1696093.0,30.65409739
2014,1,Chihuahua,Hombres,924174.0,1222580.0,75.59210849
2014,1,Chihuahua,Mujeres,536947.0,1298461.0,41.35257047
2014,1,Ciudad de México,Hombres,2417926.0,3227381.0,74.91913722
2014,1,Ciudad de México,Mujeres,1942077.0,3945383.0,49.22404238
2014,1,Durango,Hombres,449873.0,580186.0,77.53944425
2014,1,Durango,Mujeres,249696.0,634561.0,39.34940849
2014,1,Guanajuato,Hombres,1503516.0,1879516.0,79.99484974
2014,1,Guanajuato,Mujeres,963036.0,2186201.0,44.0506614
2014,1,Guerrero,Hombres,824243.0,1095387.0,75.24673928
2014,1,Guerrero,Mujeres,502647.0,1241682.0,40.48113768
2014,1,Hidalgo,Hombres,734742.0,922045.0,79.68613246
2014,1,Hidalgo,Mujeres,435680.0,1086271.0,40.10785522
2014,1,Jalisco,Hombres,2073071.0,2639205.0,78.54907065
2014,1,Jalisco,Mujeres,1348885.0,2896810.0,46.56449681
2014,1,México,Hombres,4429186.0,5609537.0,78.95813861
2014,1,México,Mujeres,2624774.0,6129761.0,42.82016868
2014,1,Michoacán,Hombres,1154875.0,1475619.0,78.26376592
2014,1,Michoacán,Mujeres,681222.0,1641218.0,41.50710021
2014,1,Morelos,Hombres,464997.0,638638.0,72.81073159
2014,1,Morelos,Mujeres,323696.0,737558.0,43.88753156
2014,1,Nayarit,Hombres,319705.0,386473.0,82.72376078
2014,1,Nayarit,Mujeres,219728.0,427089.0,51.44782469
2014,1,Nuevo León,Hombres,1416558.0,1831954.0,77.3249765
2014,1,Nuevo León,Mujeres,810840.0,1881752.0,43.08963136
2014,1,Oaxaca,Hombres,967119.0,1253247.0,77.16906564
2014,1,Oaxaca,Mujeres,662440.0,1473437.0,44.95882756
2014,1,Puebla,Hombres,1596229.0,2002619.0,79.70707359
2014,1,Puebla,Mujeres,1026203.0,2313892.0,44.34964985
2014,1,Querétaro,Hombres,490815.0,675710.0,72.63693004
2014,1,Querétaro,Mujeres,287994.0,766770.0,37.55937243
2014,1,Quintana Roo,Hombres,467030.0,552063.0,84.59722894
2014,1,Quintana Roo,Mujeres,269909.0,546011.0,49.43288688
2014,1,San Luis Potosí,Hombres,694121.0,909622.0,76.30873044
2014,1,San Luis Potosí,Mujeres,397513.0,1002166.0,39.66538478
2014,1,Sinaloa,Hombres,784399.0,1015482.0,77.24400826
2014,1,Sinaloa,Mujeres,499557.0,1082848.0,46.13362171
2014,1,Sonora,Hombres,781489.0,994504.0,78.58077997
2014,1,Sonora,Mujeres,518041.0,1018391.0,50.86857602
2014,1,Tabasco,Hombres,617409.0,787978.0,78.35358348
2014,1,Tabasco,Mujeres,316123.0,839943.0,37.63624436
2014,1,Tamaulipas,Hombres,927972.0,1180372.0,78.6169106
2014,1,Tamaulipas,Mujeres,582725.0,1256633.0,46.37193198
2014,1,Tlaxcala,Hombres,311503.0,402497.0,77.39262653
2014,1,Tlaxcala,Mujeres,209174.0,458404.0,45.63092818
2014,1,Veracruz,Hombres,2077015.0,2636194.0,78.78839721
2014,1,Veracruz,Mujeres,1067041.0,3024932.0,35.2748756
2014,1,Yucatán,Hombres,589825.0,734054.0,80.35171799
2014,1,Yucatán,Mujeres,380833.0,792189.0,48.07350266
2014,1,Zacatecas,Hombres,382782.0,514197.0,74.44267469
2014,1,Zacatecas,Mujeres,206761.0,574986.0,35.95931031
2014,2,Nacional,Hombres,31632650.0,40453216.0,78.19563715
2014,2,Nacional,Mujeres,19371955.0,44669245.0,43.36754516
2014,2,Aguascalientes,Hombres,329184.0,432172.0,76.16967319
2014,2,Aguascalientes,Mujeres,205213.0,471579.0,43.5161447
2014,2,Baja California,Hombres,959647.0,1260993.0,76.10248431
2014,2,Baja California,Mujeres,622282.0,1268303.0,49.06414319
2014,2,Baja California Sur,Hombres,204568.0,255213.0,80.15579144
2014,2,Baja California Sur,Mujeres,131722.0,249936.0,52.70229179
2014,2,Campeche,Hombres,245145.0,298985.0,81.99240765
2014,2,Campeche,Mujeres,133815.0,314761.0,42.51320843
2014,2,Coahuila,Hombres,808250.0,1010880.0,79.95508864
2014,2,Coahuila,Mujeres,485416.0,1077559.0,45.04774217
2014,2,Colima,Hombres,192696.0,239864.0,80.33552346
2014,2,Colima,Mujeres,143330.0,257859.0,55.58464122
2014,2,Chiapas,Hombres,1313215.0,1575615.0,83.34618546
2014,2,Chiapas,Mujeres,528706.0,1724391.0,30.66044766
2014,2,Chihuahua,Hombres,954460.0,1249003.0,76.4177508
2014,2,Chihuahua,Mujeres,530022.0,1290460.0,41.0723308
2014,2,Ciudad de México,Hombres,2413517.0,3193499.0,75.5759435
2014,2,Ciudad de México,Mujeres,1977278.0,3934261.0,50.25792646
2014,2,Durango,Hombres,440110.0,574886.0,76.55604763
2014,2,Durango,Mujeres,258520.0,637018.0,40.58284067
2014,2,Guanajuato,Hombres,1493522.0,1876401.0,79.59503326
2014,2,Guanajuato,Mujeres,977396.0,2185103.0,44.72997383
2014,2,Guerrero,Hombres,873606.0,1123128.0,77.78329807
2014,2,Guerrero,Mujeres,528614.0,1245380.0,42.44600042
2014,2,Hidalgo,Hombres,749655.0,927117.0,80.85872657
2014,2,Hidalgo,Mujeres,459762.0,1091350.0,42.12782334
2014,2,Jalisco,Hombres,2060850.0,2654107.0,77.64758542
2014,2,Jalisco,Mujeres,1348222.0,2895565.0,46.56162096
2014,2,México,Hombres,4475562.0,5680999.0,78.78124957
2014,2,México,Mujeres,2595909.0,6119206.0,42.42231754
2014,2,Michoacán,Hombres,1181163.0,1488191.0,79.36904604
2014,2,Michoacán,Mujeres,686651.0,1646112.0,41.71350431
2014,2,Morelos,Hombres,482181.0,641726.0,75.13814307
2014,2,Morelos,Mujeres,322493.0,735695.0,43.83514908
2014,2,Nayarit,Hombres,319466.0,393726.0,81.13916785
2014,2,Nayarit,Mujeres,204969.0,421288.0,48.65294051
2014,2,Nuevo León,Hombres,1457777.0,1837031.0,79.35505715
2014,2,Nuevo León,Mujeres,856224.0,1901948.0,45.01826548
2014,2,Oaxaca,Hombres,967463.0,1262806.0,76.61216371
2014,2,Oaxaca,Mujeres,633797.0,1460683.0,43.39045501
2014,2,Puebla,Hombres,1628232.0,2026060.0,80.3644512
2014,2,Puebla,Mujeres,993384.0,2310291.0,42.9982197
2014,2,Querétaro,Hombres,494951.0,685041.0,72.25129591
2014,2,Querétaro,Mujeres,300626.0,782382.0,38.42445251
2014,2,Quintana Roo,Hombres,471873.0,557477.0,84.64438892
2014,2,Quintana Roo,Mujeres,280838.0,558504.0,50.2839729
2014,2,San Luis Potosí,Hombres,705729.0,914013.0,77.21214031
2014,2,San Luis Potosí,Mujeres,412163.0,1007356.0,40.91532686
2014,2,Sinaloa,Hombres,766639.0,1020247.0,75.14249
2014,2,Sinaloa,Mujeres,482547.0,1077793.0,44.77176972
2014,2,Sonora,Hombres,787559.0,1009594.0,78.00749608
2014,2,Sonora,Mujeres,536171.0,1031930.0,51.95807855
2014,2,Tabasco,Hombres,627991.0,784911.0,80.00792447
2014,2,Tabasco,Mujeres,317653.0,840646.0,37.78677351
2014,2,Tamaulipas,Hombres,916041.0,1171363.0,78.20299941
2014,2,Tamaulipas,Mujeres,584625.0,1259115.0,46.43142207
2014,2,Tlaxcala,Hombres,318882.0,403330.0,79.0623063
2014,2,Tlaxcala,Mujeres,215384.0,461478.0,46.67264745
2014,2,Veracruz,Hombres,1998792.0,2644821.0,75.5738101
2014,2,Veracruz,Mujeres,1026247.0,3040151.0,33.75644828
2014,2,Yucatán,Hombres,593135.0,740678.0,80.08000778
2014,2,Yucatán,Mujeres,385916.0,796972.0,48.42278022
2014,2,Zacatecas,Hombres,400789.0,519339.0,77.17290633
2014,2,Zacatecas,Mujeres,206060.0,574170.0,35.88832576
2014,3,Nacional,Hombres,32013392.0,40689872.0,78.67656109
2014,3,Nacional,Mujeres,19351390.0,44925898.0,43.07401936
2014,3,Aguascalientes,Hombres,338832.0,434613.0,77.96177289
2014,3,Aguascalientes,Mujeres,202450.0,473530.0,42.75336304
2014,3,Baja California,Hombres,965656.0,1263514.0,76.42622084
2014,3,Baja California,Mujeres,605764.0,1291865.0,46.89065808
2014,3,Baja California Sur,Hombres,207692.0,257333.0,80.70943097
2014,3,Baja California Sur,Mujeres,133343.0,248449.0,53.67016973
2014,3,Campeche,Hombres,242434.0,297962.0,81.36406656
2014,3,Campeche,Mujeres,133866.0,317009.0,42.22782318
2014,3,Coahuila,Hombres,813101.0,1009401.0,80.55282291
2014,3,Coahuila,Mujeres,494428.0,1085954.0,45.52936865
2014,3,Colima,Hombres,197829.0,238475.0,82.95586539
2014,3,Colima,Mujeres,142978.0,257750.0,55.47158099
2014,3,Chiapas,Hombres,1301854.0,1552074.0,83.87834601
2014,3,Chiapas,Mujeres,522555.0,1761743.0,29.66125025
2014,3,Chihuahua,Hombres,983733.0,1257639.0,78.22061816
2014,3,Chihuahua,Mujeres,527747.0,1300055.0,40.59420563
2014,3,Ciudad de México,Hombres,2461286.0,3239433.0,75.97891359
2014,3,Ciudad de México,Mujeres,1984465.0,3926590.0,50.53914465
2014,3,Durango,Hombres,459803.0,575949.0,79.83397836
2014,3,Durango,Mujeres,256871.0,636566.0,40.35261073
2014,3,Guanajuato,Hombres,1545992.0,1905601.0,81.12884072
2014,3,Guanajuato,Mujeres,988997.0,2188790.0,45.1846454
2014,3,Guerrero,Hombres,886442.0,1111431.0,79.75681801
2014,3,Guerrero,Mujeres,537826.0,1265916.0,42.4851254
2014,3,Hidalgo,Hombres,756253.0,935034.0,80.87973272
2014,3,Hidalgo,Mujeres,454441.0,1090223.0,41.68330699
2014,3,Jalisco,Hombres,2138012.0,2692565.0,79.4042855
2014,3,Jalisco,Mujeres,1338450.0,2878266.0,46.50195639
2014,3,México,Hombres,4491128.0,5710017.0,78.65349613
2014,3,México,Mujeres,2543190.0,6195455.0,41.04928532
2014,3,Michoacán,Hombres,1169288.0,1510465.0,77.41245246
2014,3,Michoacán,Mujeres,668865.0,1667434.0,40.11343178
2014,3,Morelos,Hombres,476324.0,644824.0,73.86883863
2014,3,Morelos,Mujeres,329750.0,742917.0,44.3858466
2014,3,Nayarit,Hombres,323280.0,397690.0,81.28944655
2014,3,Nayarit,Mujeres,210019.0,422991.0,49.6509382
2014,3,Nuevo León,Hombres,1476555.0,1856075.0,79.55255041
2014,3,Nuevo León,Mujeres,849770.0,1903062.0,44.65277537
2014,3,Oaxaca,Hombres,1002633.0,1275641.0,78.59836741
2014,3,Oaxaca,Mujeres,632313.0,1455660.0,43.4382342
2014,3,Puebla,Hombres,1620936.0,2009931.0,80.64635055
2014,3,Puebla,Mujeres,997917.0,2316798.0,43.07311211
2014,3,Querétaro,Hombres,503103.0,695441.0,72.34301688
2014,3,Querétaro,Mujeres,298256.0,780765.0,38.20048286
2014,3,Quintana Roo,Hombres,478235.0,562610.0,85.00293276
2014,3,Quintana Roo,Mujeres,282508.0,567980.0,49.73907532
2014,3,San Luis Potosí,Hombres,703822.0,909330.0,77.40006378
2014,3,San Luis Potosí,Mujeres,409278.0,1022800.0,40.01544779
2014,3,Sinaloa,Hombres,761108.0,1031076.0,73.81686704
2014,3,Sinaloa,Mujeres,503901.0,1088222.0,46.30498189
2014,3,Sonora,Hombres,769963.0,1009304.0,76.28653012
2014,3,Sonora,Mujeres,527523.0,1044518.0,50.50396451
2014,3,Tabasco,Hombres,627896.0,798973.0,78.5878872
2014,3,Tabasco,Mujeres,315935.0,845301.0,37.37544378
2014,3,Tamaulipas,Hombres,880890.0,1154717.0,76.28622424
2014,3,Tamaulipas,Mujeres,597851.0,1278542.0,46.76037236
2014,3,Tlaxcala,Hombres,320878.0,404225.0,79.38103779
2014,3,Tlaxcala,Mujeres,217136.0,466724.0,46.52342712
2014,3,Veracruz,Hombres,2087293.0,2678358.0,77.93181494
2014,3,Veracruz,Mujeres,1040010.0,3030558.0,34.31744253
2014,3,Yucatán,Hombres,609856.0,752204.0,81.07587835
2014,3,Yucatán,Mujeres,386143.0,798830.0,48.33857016
2014,3,Zacatecas,Hombres,411285.0,517967.0,79.40370719
2014,3,Zacatecas,Mujeres,216844.0,574635.0,37.73595413
2014,4,Nacional,Hombres,31878905.0,40837077.0,78.06363075
2014,4,Nacional,Mujeres,19398151.0,45214895.0,42.90212551
2014,4,Aguascalientes,Hombres,340702.0,437799.0,77.82155738
2014,4,Aguascalientes,Mujeres,196383.0,472243.0,41.58515849
2014,4,Baja California,Hombres,965285.0,1271338.0,75.92670085
2014,4,Baja California,Mujeres,621474.0,1307694.0,47.52442085
2014,4,Baja California Sur,Hombres,207587.0,257976.0,80.46756287
2014,4,Baja California Sur,Mujeres,133377.0,252372.0,52.84936522
2014,4,Campeche,Hombres,240058.0,292672.0,82.02287885
2014,4,Campeche,Mujeres,137057.0,316334.0,43.32667371
2014,4,Coahuila,Hombres,808676.0,1017037.0,79.51293807
2014,4,Coahuila,Mujeres,486938.0,1082473.0,44.98384717
2014,4,Colima,Hombres,197684.0,239101.0,82.67803146
2014,4,Colima,Mujeres,143861.0,261304.0,55.05503169
2014,4,Chiapas,Hombres,1281932.0,1544921.0,82.97718783
2014,4,Chiapas,Mujeres,527869.0,1764863.0,29.90991369
2014,4,Chihuahua,Hombres,992252.0,1268439.0,78.22622925
2014,4,Chihuahua,Mujeres,541262.0,1305926.0,41.4466057
2014,4,Ciudad de México,Hombres,2474669.0,3314373.0,74.66477068
2014,4,Ciudad de México,Mujeres,1923611.0,3891912.0,49.42586061
2014,4,Durango,Hombres,456590.0,575291.0,79.36679002
2014,4,Durango,Mujeres,272957.0,641201.0,42.56964665
2014,4,Guanajuato,Hombres,1493480.0,1897468.0,78.70910076
2014,4,Guanajuato,Mujeres,975250.0,2225482.0,43.82196756
2014,4,Guerrero,Hombres,867781.0,1115676.0,77.78073563
2014,4,Guerrero,Mujeres,526042.0,1255245.0,41.90751606
2014,4,Hidalgo,Hombres,756672.0,944403.0,80.12172769
2014,4,Hidalgo,Mujeres,465371.0,1101204.0,42.26019884
2014,4,Jalisco,Hombres,2100982.0,2682984.0,78.30766043
2014,4,Jalisco,Mujeres,1365713.0,2933657.0,46.553261
2014,4,México,Hombres,4489909.0,5709535.0,78.63878582
2014,4,México,Mujeres,2495974.0,6240835.0,39.99423154
2014,4,Michoacán,Hombres,1177246.0,1504203.0,78.26377158
2014,4,Michoacán,Mujeres,714647.0,1685449.0,42.40098632
2014,4,Morelos,Hombres,470802.0,647671.0,72.69153629
2014,4,Morelos,Mujeres,325911.0,744588.0,43.770649
2014,4,Nayarit,Hombres,319310.0,400500.0,79.7278402
2014,4,Nayarit,Mujeres,209408.0,426266.0,49.12613251
2014,4,Nuevo León,Hombres,1472000.0,1869249.0,78.74820316
2014,4,Nuevo León,Mujeres,848187.0,1920957.0,44.15439804
2014,4,Oaxaca,Hombres,985467.0,1281136.0,76.92134168
2014,4,Oaxaca,Mujeres,631474.0,1470069.0,42.95539869
2014,4,Puebla,Hombres,1600048.0,1995101.0,80.19884708
2014,4,Puebla,Mujeres,1031623.0,2329625.0,44.28279229
2014,4,Querétaro,Hombres,495084.0,697772.0,70.95211616
2014,4,Querétaro,Mujeres,306209.0,793545.0,38.58747771
2014,4,Quintana Roo,Hombres,481049.0,567658.0,84.74275004
2014,4,Quintana Roo,Mujeres,286016.0,578199.0,49.4667061
2014,4,San Luis Potosí,Hombres,719738.0,922522.0,78.0185188
2014,4,San Luis Potosí,Mujeres,410791.0,1029602.0,39.89803827
2014,4,Sinaloa,Hombres,812630.0,1041381.0,78.03388001
2014,4,Sinaloa,Mujeres,525803.0,1113842.0,47.20624649
2014,4,Sonora,Hombres,781353.0,1024322.0,76.28001742
2014,4,Sonora,Mujeres,538129.0,1041476.0,51.66984165
2014,4,Tabasco,Hombres,626675.0,798268.0,78.50433689
2014,4,Tabasco,Mujeres,333588.0,854220.0,39.05176652
2014,4,Tamaulipas,Hombres,895006.0,1168338.0,76.60505778
2014,4,Tamaulipas,Mujeres,584235.0,1271416.0,45.95152177
2014,4,Tlaxcala,Hombres,322077.0,408836.0,78.77902142
2014,4,Tlaxcala,Mujeres,211293.0,467684.0,45.17858212
2014,4,Veracruz,Hombres,2022854.0,2660607.0,76.0297932
2014,4,Veracruz,Mujeres,1017523.0,3046271.0,33.40224819
2014,4,Yucatán,Hombres,612249.0,761147.0,80.43768155
2014,4,Yucatán,Mujeres,385635.0,808782.0,47.68095729
2014,4,Zacatecas,Hombres,411058.0,519353.0,79.14809388
2014,4,Zacatecas,Mujeres,224540.0,580159.0,38.70318309
2015,1,Nacional,Hombres,31854641.0,41023096.0,77.65050449
2015,1,Nacional,Mujeres,19321525.0,45394781.0,42.56331802
2015,1,Aguascalientes,Hombres,333058.0,435273.0,76.51703643
2015,1,Aguascalientes,Mujeres,198118.0,474783.0,41.72811579
2015,1,Baja California,Hombres,976063.0,1283984.0,76.01831487
2015,1,Baja California,Mujeres,602205.0,1310616.0,45.94824113
2015,1,Baja California Sur,Hombres,210877.0,262030.0,80.47818952
2015,1,Baja California Sur,Mujeres,133242.0,252767.0,52.71336844
2015,1,Campeche,Hombres,242984.0,295261.0,82.29464779
2015,1,Campeche,Mujeres,131625.0,318242.0,41.36003419
2015,1,Coahuila,Hombres,799655.0,1022913.0,78.17429244
2015,1,Coahuila,Mujeres,483801.0,1078928.0,44.84089763
2015,1,Colima,Hombres,195841.0,243326.0,80.48502832
2015,1,Colima,Mujeres,144620.0,261269.0,55.35291213
2015,1,Chiapas,Hombres,1316932.0,1578452.0,83.43186869
2015,1,Chiapas,Mujeres,545002.0,1767106.0,30.84150017
2015,1,Chihuahua,Hombres,993119.0,1283839.0,77.35541606
2015,1,Chihuahua,Mujeres,526410.0,1325286.0,39.72048297
2015,1,Ciudad de México,Hombres,2433963.0,3326137.0,73.17687155
2015,1,Ciudad de México,Mujeres,1913374.0,3911773.0,48.91321659
2015,1,Durango,Hombres,453981.0,572969.0,79.23308242
2015,1,Durango,Mujeres,272896.0,650597.0,41.94547469
2015,1,Guanajuato,Hombres,1491935.0,1933332.0,77.16910494
2015,1,Guanajuato,Mujeres,954128.0,2233432.0,42.72026191
2015,1,Guerrero,Hombres,831250.0,1109767.0,74.90311029
2015,1,Guerrero,Mujeres,504406.0,1263609.0,39.91788599
2015,1,Hidalgo,Hombres,757798.0,944355.0,80.24503497
2015,1,Hidalgo,Mujeres,452542.0,1105273.0,40.94391159
2015,1,Jalisco,Hombres,2108599.0,2699455.0,78.11202632
2015,1,Jalisco,Mujeres,1381281.0,2967581.0,46.54568822
2015,1,México,Hombres,4455821.0,5649687.0,78.86845767
2015,1,México,Mujeres,2589276.0,6231885.0,41.54884116
2015,1,Michoacán,Hombres,1188695.0,1520757.0,78.16469035
2015,1,Michoacán,Mujeres,710216.0,1693261.0,41.94368145
2015,1,Morelos,Hombres,478391.0,654292.0,73.11582596
2015,1,Morelos,Mujeres,324725.0,751503.0,43.21007368
2015,1,Nayarit,Hombres,331617.0,409830.0,80.91574555
2015,1,Nayarit,Mujeres,214778.0,423039.0,50.77025995
2015,1,Nuevo León,Hombres,1473323.0,1883380.0,78.22760144
2015,1,Nuevo León,Mujeres,843508.0,1924804.0,43.82305939
2015,1,Oaxaca,Hombres,959549.0,1280240.0,74.95071237
2015,1,Oaxaca,Mujeres,623693.0,1477809.0,42.2038978
2015,1,Puebla,Hombres,1603359.0,2023884.0,79.22188228
2015,1,Puebla,Mujeres,995556.0,2320558.0,42.90157798
2015,1,Querétaro,Hombres,519686.0,699866.0,74.25507169
2015,1,Querétaro,Mujeres,315204.0,799748.0,39.41291507
2015,1,Quintana Roo,Hombres,479371.0,575003.0,83.3684346
2015,1,Quintana Roo,Mujeres,291845.0,584323.0,49.94583475
2015,1,San Luis Potosí,Hombres,714167.0,925667.0,77.15161068
2015,1,San Luis Potosí,Mujeres,403702.0,1036135.0,38.96229738
2015,1,Sinaloa,Hombres,810980.0,1053985.0,76.94416903
2015,1,Sinaloa,Mujeres,531308.0,1107836.0,47.9590842
2015,1,Sonora,Hombres,785531.0,1011152.0,77.6867375
2015,1,Sonora,Mujeres,525651.0,1057661.0,49.69938383
2015,1,Tabasco,Hombres,606698.0,783520.0,77.43235654
2015,1,Tabasco,Mujeres,310121.0,864597.0,35.86884988
2015,1,Tamaulipas,Hombres,895018.0,1171050.0,76.42867512
2015,1,Tamaulipas,Mujeres,574746.0,1289427.0,44.57375253
2015,1,Tlaxcala,Hombres,326300.0,413795.0,78.85547191
2015,1,Tlaxcala,Mujeres,208694.0,468702.0,44.52594612
2015,1,Veracruz,Hombres,2092038.0,2691204.0,77.73613595
2015,1,Veracruz,Mujeres,1014775.0,3050543.0,33.26538915
2015,1,Yucatán,Hombres,610321.0,761482.0,80.14910398
2015,1,Yucatán,Mujeres,387140.0,810345.0,47.77471324
2015,1,Zacatecas,Hombres,377721.0,523209.0,72.19313888
2015,1,Zacatecas,Mujeres,212937.0,581343.0,36.62846203
2015,2,Nacional,Hombres,32149463.0,41231862.0,77.97237728
2015,2,Nacional,Mujeres,19651344.0,45504736.0,43.18527197
2015,2,Aguascalientes,Hombres,340508.0,437341.0,77.85869607
2015,2,Aguascalientes,Mujeres,202153.0,475109.0,42.54876249
2015,2,Baja California,Hombres,983357.0,1289732.0,76.24506487
2015,2,Baja California,Mujeres,608949.0,1323645.0,46.00546219
2015,2,Baja California Sur,Hombres,211170.0,261517.0,80.74809668
2015,2,Baja California Sur,Mujeres,135234.0,254448.0,53.14799095
2015,2,Campeche,Hombres,245373.0,297233.0,82.55240838
2015,2,Campeche,Mujeres,137154.0,315473.0,43.47566987
2015,2,Coahuila,Hombres,815820.0,1032275.0,79.03126589
2015,2,Coahuila,Mujeres,484156.0,1088051.0,44.49754653
2015,2,Colima,Hombres,196070.0,243504.0,80.52023786
2015,2,Colima,Mujeres,142879.0,263519.0,54.21961984
2015,2,Chiapas,Hombres,1337016.0,1612983.0,82.89089222
2015,2,Chiapas,Mujeres,532137.0,1759713.0,30.239988
2015,2,Chihuahua,Hombres,1009580.0,1277973.0,78.99853909
2015,2,Chihuahua,Mujeres,526838.0,1329898.0,39.61491784
2015,2,Ciudad de México,Hombres,2472724.0,3372950.0,73.31042559
2015,2,Ciudad de México,Mujeres,1974428.0,3910304.0,50.492954
2015,2,Durango,Hombres,458369.0,577000.0,79.44003466
2015,2,Durango,Mujeres,277678.0,642731.0,43.20283291
2015,2,Guanajuato,Hombres,1537224.0,1953855.0,78.67646269
2015,2,Guanajuato,Mujeres,999611.0,2226158.0,44.90296735
2015,2,Guerrero,Hombres,853037.0,1109418.0,76.89049574
2015,2,Guerrero,Mujeres,520720.0,1269229.0,41.02648143
2015,2,Hidalgo,Hombres,757650.0,944906.0,80.18257901
2015,2,Hidalgo,Mujeres,491931.0,1107385.0,44.42276173
2015,2,Jalisco,Hombres,2148349.0,2738185.0,78.45886965
2015,2,Jalisco,Mujeres,1343691.0,2966910.0,45.28924032
2015,2,México,Hombres,4462068.0,5651834.0,78.94902787
2015,2,México,Mujeres,2648627.0,6219336.0,42.58697391
2015,2,Michoacán,Hombres,1218203.0,1536756.0,79.27107491
2015,2,Michoacán,Mujeres,705888.0,1702553.0,41.46055952
2015,2,Morelos,Hombres,469969.0,653922.0,71.86927493
2015,2,Morelos,Mujeres,327848.0,750465.0,43.68598136
2015,2,Nayarit,Hombres,330306.0,412255.0,80.12176929
2015,2,Nayarit,Mujeres,212661.0,424781.0,50.06367987
2015,2,Nuevo León,Hombres,1480478.0,1881351.0,78.69228018
2015,2,Nuevo León,Mujeres,874595.0,1964510.0,44.51975302
2015,2,Oaxaca,Hombres,962795.0,1270795.0,75.76320335
2015,2,Oaxaca,Mujeres,633878.0,1489409.0,42.55902845
2015,2,Puebla,Hombres,1654343.0,2059699.0,80.31964865
2015,2,Puebla,Mujeres,1002546.0,2344771.0,42.75667005
2015,2,Querétaro,Hombres,498836.0,695416.0,71.73202802
2015,2,Querétaro,Mujeres,308749.0,807735.0,38.22404625
2015,2,Quintana Roo,Hombres,483100.0,578644.0,83.48829332
2015,2,Quintana Roo,Mujeres,302969.0,596719.0,50.77247415
2015,2,San Luis Potosí,Hombres,713246.0,913902.0,78.04403536
2015,2,San Luis Potosí,Mujeres,430803.0,1042970.0,41.30540668
2015,2,Sinaloa,Hombres,797184.0,1041352.0,76.55278907
2015,2,Sinaloa,Mujeres,501681.0,1096469.0,45.75423473
2015,2,Sonora,Hombres,791631.0,1008497.0,78.49611848
2015,2,Sonora,Mujeres,542210.0,1057013.0,51.29643628
2015,2,Tabasco,Hombres,613858.0,778188.0,78.88299485
2015,2,Tabasco,Mujeres,328399.0,858537.0,38.25100141
2015,2,Tamaulipas,Hombres,902923.0,1167549.0,77.33491271
2015,2,Tamaulipas,Mujeres,604376.0,1304707.0,46.3227376
2015,2,Tlaxcala,Hombres,334062.0,417624.0,79.99109247
2015,2,Tlaxcala,Mujeres,220496.0,463259.0,47.59670077
2015,2,Veracruz,Hombres,2039447.0,2708726.0,75.29174232
2015,2,Veracruz,Mujeres,1021821.0,3055701.0,33.43982281
2015,2,Yucatán,Hombres,623856.0,778342.0,80.15191266
2015,2,Yucatán,Mujeres,387844.0,810808.0,47.83425916
2015,2,Zacatecas,Hombres,406911.0,528138.0,77.04634016
2015,2,Zacatecas,Mujeres,218394.0,582420.0,37.49768209
2015,3,Nacional,Hombres,32397638.0,41427717.0,78.20280804
2015,3,Nacional,Mujeres,19970771.0,45825330.0,43.58020117
2015,3,Aguascalientes,Hombres,346563.0,445791.0,77.74113878
2015,3,Aguascalientes,Mujeres,206433.0,479786.0,43.02605745
2015,3,Baja California,Hombres,992663.0,1297285.0,76.51849825
2015,3,Baja California,Mujeres,601274.0,1330996.0,45.17474132
2015,3,Baja California Sur,Hombres,213195.0,257804.0,82.69654466
2015,3,Baja California Sur,Mujeres,136252.0,258134.0,52.78343806
2015,3,Campeche,Hombres,246460.0,300546.0,82.0040859
2015,3,Campeche,Mujeres,134124.0,314843.0,42.60028014
2015,3,Coahuila,Hombres,810234.0,1040089.0,77.9004489
2015,3,Coahuila,Mujeres,494013.0,1094554.0,45.1337257
2015,3,Colima,Hombres,196161.0,245457.0,79.91664528
2015,3,Colima,Mujeres,143673.0,263788.0,54.46532822
2015,3,Chiapas,Hombres,1361394.0,1632452.0,83.39565267
2015,3,Chiapas,Mujeres,556444.0,1778829.0,31.28147787
2015,3,Chihuahua,Hombres,995569.0,1252302.0,79.49911443
2015,3,Chihuahua,Mujeres,533737.0,1324017.0,40.31194464
2015,3,Ciudad de México,Hombres,2575376.0,3446107.0,74.73290876
2015,3,Ciudad de México,Mujeres,2057569.0,3939049.0,52.23517148
2015,3,Durango,Hombres,474714.0,588065.0,80.72474982
2015,3,Durango,Mujeres,282648.0,637799.0,44.31615603
2015,3,Guanajuato,Hombres,1545999.0,1975910.0,78.24237946
2015,3,Guanajuato,Mujeres,983251.0,2234067.0,44.01170601
2015,3,Guerrero,Hombres,844991.0,1110783.0,76.07165396
2015,3,Guerrero,Mujeres,534297.0,1263114.0,42.29998242
2015,3,Hidalgo,Hombres,769869.0,948432.0,81.17281998
2015,3,Hidalgo,Mujeres,515725.0,1112892.0,46.34097469
2015,3,Jalisco,Hombres,2160048.0,2744825.0,78.69529023
2015,3,Jalisco,Mujeres,1367680.0,2989428.0,45.7505583
2015,3,México,Hombres,4465582.0,5656065.0,78.95209832
2015,3,México,Mujeres,2731664.0,6279364.0,43.50224004
2015,3,Michoacán,Hombres,1208497.0,1541585.0,78.39314731
2015,3,Michoacán,Mujeres,710259.0,1706746.0,41.61480384
2015,3,Morelos,Hombres,472346.0,661170.0,71.44093047
2015,3,Morelos,Mujeres,314924.0,750665.0,41.95266863
2015,3,Nayarit,Hombres,323341.0,407991.0,79.2519933
2015,3,Nayarit,Mujeres,216433.0,431855.0,50.11705318
2015,3,Nuevo León,Hombres,1485978.0,1879596.0,79.05837212
2015,3,Nuevo León,Mujeres,881467.0,1959439.0,44.98568213
2015,3,Oaxaca,Hombres,996529.0,1286807.0,77.44199402
2015,3,Oaxaca,Mujeres,647125.0,1517345.0,42.64850776
2015,3,Puebla,Hombres,1618200.0,2027178.0,79.82525462
2015,3,Puebla,Mujeres,1030961.0,2417071.0,42.65331883
2015,3,Querétaro,Hombres,527556.0,711998.0,74.09515195
2015,3,Querétaro,Mujeres,310305.0,799073.0,38.83312288
2015,3,Quintana Roo,Hombres,498376.0,595460.0,83.69596614
2015,3,Quintana Roo,Mujeres,298121.0,595765.0,50.04003256
2015,3,San Luis Potosí,Hombres,713079.0,917595.0,77.71173557
2015,3,San Luis Potosí,Mujeres,430969.0,1065419.0,40.45065838
2015,3,Sinaloa,Hombres,796015.0,1060277.0,75.07613576
2015,3,Sinaloa,Mujeres,506145.0,1097034.0,46.13758553
2015,3,Sonora,Hombres,778549.0,1010660.0,77.03372054
2015,3,Sonora,Mujeres,529586.0,1080532.0,49.01159799
2015,3,Tabasco,Hombres,607188.0,769316.0,78.92569503
2015,3,Tabasco,Mujeres,346026.0,865065.0,40.0
2015,3,Tamaulipas,Hombres,897292.0,1164184.0,77.07475794
2015,3,Tamaulipas,Mujeres,603998.0,1308610.0,46.15569192
2015,3,Tlaxcala,Hombres,329789.0,421139.0,78.3088244
2015,3,Tlaxcala,Mujeres,211946.0,466467.0,45.43644031
2015,3,Veracruz,Hombres,2103482.0,2714598.0,77.48779009
2015,3,Veracruz,Mujeres,1045604.0,3069311.0,34.06640774
2015,3,Yucatán,Hombres,625066.0,784453.0,79.68176551
2015,3,Yucatán,Mujeres,389955.0,813012.0,47.96423669
2015,3,Zacatecas,Hombres,417537.0,531797.0,78.51435792
2015,3,Zacatecas,Mujeres,218163.0,581261.0,37.53270906
2015,4,Nacional,Hombres,32581465.0,41651123.0,78.22469757
2015,4,Nacional,Mujeres,20415619.0,45970577.0,44.41018654
2015,4,Aguascalientes,Hombres,341639.0,437124.0,78.15608386
2015,4,Aguascalientes,Mujeres,208512.0,481642.0,43.29190561
2015,4,Baja California,Hombres,996207.0,1302528.0,76.48257849
2015,4,Baja California,Mujeres,624941.0,1344411.0,46.48437122
2015,4,Baja California Sur,Hombres,208856.0,257839.0,81.00248605
2015,4,Baja California Sur,Mujeres,136941.0,258118.0,53.05364213
2015,4,Campeche,Hombres,244882.0,300709.0,81.43487558
2015,4,Campeche,Mujeres,139840.0,317014.0,44.11161652
2015,4,Coahuila,Hombres,805314.0,1029681.0,78.21004758
2015,4,Coahuila,Mujeres,488066.0,1090954.0,44.73754164
2015,4,Colima,Hombres,198597.0,249691.0,79.53710787
2015,4,Colima,Mujeres,143555.0,264768.0,54.21916546
2015,4,Chiapas,Hombres,1382471.0,1646482.0,83.96514508
2015,4,Chiapas,Mujeres,570700.0,1760848.0,32.41052039
2015,4,Chihuahua,Hombres,985180.0,1245911.0,79.07306381
2015,4,Chihuahua,Mujeres,577725.0,1321848.0,43.70585725
2015,4,Ciudad de México,Hombres,2582091.0,3463553.0,74.55035335
2015,4,Ciudad de México,Mujeres,1937829.0,3884800.0,49.88233629
2015,4,Durango,Hombres,480506.0,597480.0,80.42210618
2015,4,Durango,Mujeres,283399.0,636622.0,44.51605505
2015,4,Guanajuato,Hombres,1540049.0,1982915.0,77.66591105
2015,4,Guanajuato,Mujeres,1019808.0,2259853.0,45.12718305
2015,4,Guerrero,Hombres,860877.0,1110089.0,77.55026849
2015,4,Guerrero,Mujeres,547451.0,1265052.0,43.27498
2015,4,Hidalgo,Hombres,784115.0,967590.0,81.03793962
2015,4,Hidalgo,Mujeres,517622.0,1122174.0,46.12671475
2015,4,Jalisco,Hombres,2197206.0,2745302.0,80.0351291
2015,4,Jalisco,Mujeres,1467232.0,3026415.0,48.48085937
2015,4,México,Hombres,4471478.0,5684183.0,78.66527168
2015,4,México,Mujeres,2875897.0,6308929.0,45.58455167
2015,4,Michoacán,Hombres,1190822.0,1512639.0,78.72479818
2015,4,Michoacán,Mujeres,709241.0,1715425.0,41.34491453
2015,4,Morelos,Hombres,467294.0,661779.0,70.61179034
2015,4,Morelos,Mujeres,307734.0,751667.0,40.94020357
2015,4,Nayarit,Hombres,331284.0,413936.0,80.03266205
2015,4,Nayarit,Mujeres,223772.0,432003.0,51.79871436
2015,4,Nuevo León,Hombres,1513914.0,1908678.0,79.31741237
2015,4,Nuevo León,Mujeres,892524.0,1980981.0,45.05464717
2015,4,Oaxaca,Hombres,997579.0,1305976.0,76.38570693
2015,4,Oaxaca,Mujeres,662265.0,1515478.0,43.70007351
2015,4,Puebla,Hombres,1670790.0,2069134.0,80.7482744
2015,4,Puebla,Mujeres,1050054.0,2425151.0,43.29849976
2015,4,Querétaro,Hombres,547108.0,730818.0,74.86241445
2015,4,Querétaro,Mujeres,336454.0,802725.0,41.9139805
2015,4,Quintana Roo,Hombres,498558.0,598124.0,83.35361898
2015,4,Quintana Roo,Mujeres,320711.0,610398.0,52.54129273
2015,4,San Luis Potosí,Hombres,726486.0,930214.0,78.09880307
2015,4,San Luis Potosí,Mujeres,442115.0,1065218.0,41.50464975
2015,4,Sinaloa,Hombres,815992.0,1072537.0,76.08054547
2015,4,Sinaloa,Mujeres,512471.0,1095607.0,46.77507537
2015,4,Sonora,Hombres,785148.0,1013737.0,77.45085757
2015,4,Sonora,Mujeres,541814.0,1084685.0,49.95127618
2015,4,Tabasco,Hombres,607049.0,775397.0,78.28879916
2015,4,Tabasco,Mujeres,349347.0,870893.0,40.11365346
2015,4,Tamaulipas,Hombres,911291.0,1173894.0,77.62975192
2015,4,Tamaulipas,Mujeres,620525.0,1316478.0,47.13523507
2015,4,Tlaxcala,Hombres,330997.0,419273.0,78.94546036
2015,4,Tlaxcala,Mujeres,223350.0,473863.0,47.13387625
2015,4,Veracruz,Hombres,2073514.0,2731987.0,75.89765251
2015,4,Veracruz,Mujeres,1056364.0,3083858.0,34.25462521
2015,4,Yucatán,Hombres,616220.0,776107.0,79.39884578
2015,4,Yucatán,Mujeres,402217.0,821403.0,48.96707219
2015,4,Zacatecas,Hombres,417951.0,535816.0,78.00270989
2015,4,Zacatecas,Mujeres,225143.0,581296.0,38.73121439
2016,1,Nacional,Hombres,32307966.0,41858828.0,77.18315955
2016,1,Nacional,Mujeres,19833231.0,46099637.0,43.02253183
2016,1,Aguascalientes,Hombres,340854.0,439333.0,77.58442912
2016,1,Aguascalientes,Mujeres,213212.0,491400.0,43.38868539
2016,1,Baja California,Hombres,984616.0,1311405.0,75.08100091
2016,1,Baja California,Mujeres,622081.0,1351715.0,46.02160958
2016,1,Baja California Sur,Hombres,212337.0,262214.0,80.97851373
2016,1,Baja California Sur,Mujeres,134082.0,257704.0,52.02946016
2016,1,Campeche,Hombres,249367.0,305988.0,81.49567957
2016,1,Campeche,Mujeres,132489.0,320771.0,41.30329737
2016,1,Coahuila,Hombres,819423.0,1046222.0,78.32209608
2016,1,Coahuila,Mujeres,485009.0,1094889.0,44.2975498
2016,1,Colima,Hombres,200840.0,252511.0,79.53712908
2016,1,Colima,Mujeres,145469.0,264376.0,55.0235271
2016,1,Chiapas,Hombres,1363782.0,1650073.0,82.64979792
2016,1,Chiapas,Mujeres,582740.0,1786697.0,32.61549104
2016,1,Chihuahua,Hombres,976788.0,1260629.0,77.48417655
2016,1,Chihuahua,Mujeres,547217.0,1338944.0,40.869297
2016,1,Ciudad de México,Hombres,2551749.0,3439735.0,74.18446479
2016,1,Ciudad de México,Mujeres,1962308.0,3880532.0,50.5680149
2016,1,Durango,Hombres,472794.0,598423.0,79.00665583
2016,1,Durango,Mujeres,279103.0,639292.0,43.65814057
2016,1,Guanajuato,Hombres,1562500.0,2017842.0,77.43420942
2016,1,Guanajuato,Mujeres,1004917.0,2277323.0,44.12711767
2016,1,Guerrero,Hombres,824414.0,1110584.0,74.23247589
2016,1,Guerrero,Mujeres,563500.0,1270885.0,44.33918096
2016,1,Hidalgo,Hombres,740893.0,969481.0,76.42161115
2016,1,Hidalgo,Mujeres,473595.0,1132221.0,41.8288479
2016,1,Jalisco,Hombres,2219522.0,2807385.0,79.06012179
2016,1,Jalisco,Mujeres,1380197.0,2999573.0,46.01311587
2016,1,México,Hombres,4375323.0,5673117.0,77.12379279
2016,1,México,Mujeres,2679528.0,6298100.0,42.54502151
2016,1,Michoacán,Hombres,1199332.0,1522237.0,78.78746871
2016,1,Michoacán,Mujeres,726838.0,1721132.0,42.23022987
2016,1,Morelos,Hombres,481092.0,664645.0,72.38330236
2016,1,Morelos,Mujeres,317471.0,752915.0,42.1655831
2016,1,Nayarit,Hombres,322346.0,412132.0,78.21426145
2016,1,Nayarit,Mujeres,219446.0,439136.0,49.97221817
2016,1,Nuevo León,Hombres,1476599.0,1914333.0,77.13386334
2016,1,Nuevo León,Mujeres,880486.0,2009951.0,43.80634155
2016,1,Oaxaca,Hombres,973268.0,1303631.0,74.65824302
2016,1,Oaxaca,Mujeres,627715.0,1504058.0,41.73476023
2016,1,Puebla,Hombres,1663294.0,2107262.0,78.93152347
2016,1,Puebla,Mujeres,998292.0,2419146.0,41.26629811
2016,1,Querétaro,Hombres,543103.0,736336.0,73.75749658
2016,1,Querétaro,Mujeres,320856.0,817503.0,39.24829634
2016,1,Quintana Roo,Hombres,509209.0,603637.0,84.35682372
2016,1,Quintana Roo,Mujeres,309435.0,614980.0,50.31627045
2016,1,San Luis Potosí,Hombres,720235.0,930947.0,77.3658436
2016,1,San Luis Potosí,Mujeres,432092.0,1063766.0,40.61908352
2016,1,Sinaloa,Hombres,823193.0,1068229.0,77.06147277
2016,1,Sinaloa,Mujeres,524107.0,1101009.0,47.6024265
2016,1,Sonora,Hombres,776843.0,1012091.0,76.7562403
2016,1,Sonora,Mujeres,526739.0,1089720.0,48.33709577
2016,1,Tabasco,Hombres,601175.0,778357.0,77.23640951
2016,1,Tabasco,Mujeres,343057.0,882851.0,38.85785937
2016,1,Tamaulipas,Hombres,929696.0,1186150.0,78.37929436
2016,1,Tamaulipas,Mujeres,609805.0,1334761.0,45.68645623
2016,1,Tlaxcala,Hombres,329406.0,424446.0,77.60845903
2016,1,Tlaxcala,Mujeres,217239.0,474091.0,45.82221557
2016,1,Veracruz,Hombres,2055204.0,2737024.0,75.08900178
2016,1,Veracruz,Mujeres,956827.0,3056701.0,31.30260369
2016,1,Yucatán,Hombres,615471.0,780036.0,78.90289679
2016,1,Yucatán,Mujeres,397823.0,822461.0,48.36983152
2016,1,Zacatecas,Hombres,393298.0,532393.0,73.87362343
2016,1,Zacatecas,Mujeres,219556.0,591034.0,37.1477783
2016,2,Nacional,Hombres,32571971.0,41970034.0,77.60768314
2016,2,Nacional,Mujeres,20188510.0,46415746.0,43.49495966
2016,2,Aguascalientes,Hombres,347445.0,444711.0,78.12826757
2016,2,Aguascalientes,Mujeres,222846.0,497781.0,44.76787985
2016,2,Baja California,Hombres,1003914.0,1317931.0,76.17348708
2016,2,Baja California,Mujeres,621946.0,1360015.0,45.73081915
2016,2,Baja California Sur,Hombres,211389.0,263884.0,80.10678935
2016,2,Baja California Sur,Mujeres,135529.0,261883.0,51.75173646
2016,2,Campeche,Hombres,247916.0,302813.0,81.87098969
2016,2,Campeche,Mujeres,130918.0,321807.0,40.682148
2016,2,Coahuila,Hombres,818034.0,1037095.0,78.87744131
2016,2,Coahuila,Mujeres,483466.0,1097778.0,44.04041619
2016,2,Colima,Hombres,200387.0,249149.0,80.42857888
2016,2,Colima,Mujeres,143652.0,263105.0,54.59873435
2016,2,Chiapas,Hombres,1352145.0,1677291.0,80.61481281
2016,2,Chiapas,Mujeres,563813.0,1822637.0,30.93391608
2016,2,Chihuahua,Hombres,997130.0,1266652.0,78.72170099
2016,2,Chihuahua,Mujeres,574490.0,1342448.0,42.79420879
2016,2,Ciudad de México,Hombres,2552386.0,3461150.0,73.74387126
2016,2,Ciudad de México,Mujeres,1934501.0,3885280.0,49.79051703
2016,2,Durango,Hombres,479221.0,595460.0,80.47912538
2016,2,Durango,Mujeres,294852.0,644134.0,45.77494745
2016,2,Guanajuato,Hombres,1545440.0,1993171.0,77.53674923
2016,2,Guanajuato,Mujeres,1032009.0,2291365.0,45.03904878
2016,2,Guerrero,Hombres,890947.0,1139194.0,78.20854042
2016,2,Guerrero,Mujeres,542462.0,1272726.0,42.62205691
2016,2,Hidalgo,Hombres,745403.0,971238.0,76.74771786
2016,2,Hidalgo,Mujeres,471790.0,1135849.0,41.53633097
2016,2,Jalisco,Hombres,2201059.0,2814138.0,78.21432353
2016,2,Jalisco,Mujeres,1399942.0,3028699.0,46.22255298
2016,2,México,Hombres,4375115.0,5662968.0,77.25833874
2016,2,México,Mujeres,2759543.0,6401636.0,43.10684019
2016,2,Michoacán,Hombres,1227404.0,1528435.0,80.30462532
2016,2,Michoacán,Mujeres,726695.0,1721734.0,42.2071586
2016,2,Morelos,Hombres,477025.0,659425.0,72.33953823
2016,2,Morelos,Mujeres,314577.0,764236.0,41.16228495
2016,2,Nayarit,Hombres,327501.0,411126.0,79.65952044
2016,2,Nayarit,Mujeres,223842.0,442483.0,50.58770619
2016,2,Nuevo León,Hombres,1515473.0,1924750.0,78.7360956
2016,2,Nuevo León,Mujeres,917728.0,2020817.0,45.41371139
2016,2,Oaxaca,Hombres,1012800.0,1318420.0,76.81922301
2016,2,Oaxaca,Mujeres,660778.0,1519411.0,43.48908886
2016,2,Puebla,Hombres,1682798.0,2114762.0,79.57387167
2016,2,Puebla,Mujeres,1029077.0,2419325.0,42.53570727
2016,2,Querétaro,Hombres,542763.0,740117.0,73.33475653
2016,2,Querétaro,Mujeres,313052.0,826627.0,37.87101075
2016,2,Quintana Roo,Hombres,510600.0,612476.0,83.36653191
2016,2,Quintana Roo,Mujeres,325578.0,622409.0,52.30933357
2016,2,San Luis Potosí,Hombres,747475.0,946295.0,78.98963854
2016,2,San Luis Potosí,Mujeres,452120.0,1077388.0,41.96445477
2016,2,Sinaloa,Hombres,799439.0,1067171.0,74.91198693
2016,2,Sinaloa,Mujeres,516029.0,1121042.0,46.03119241
2016,2,Sonora,Hombres,800273.0,1027010.0,77.9226103
2016,2,Sonora,Mujeres,555581.0,1082243.0,51.33606778
2016,2,Tabasco,Hombres,635202.0,791975.0,80.20480444
2016,2,Tabasco,Mujeres,349819.0,856736.0,40.83159807
2016,2,Tamaulipas,Hombres,913277.0,1165737.0,78.34331414
2016,2,Tamaulipas,Mujeres,640041.0,1348360.0,47.46810941
2016,2,Tlaxcala,Hombres,335345.0,423864.0,79.11617877
2016,2,Tlaxcala,Mujeres,227981.0,477598.0,47.73491514
2016,2,Veracruz,Hombres,2047533.0,2724002.0,75.1663545
2016,2,Veracruz,Mujeres,982990.0,3067975.0,32.04035235
2016,2,Yucatán,Hombres,624844.0,782009.0,79.90240522
2016,2,Yucatán,Mujeres,415159.0,830944.0,49.962332
2016,2,Zacatecas,Hombres,404288.0,535615.0,75.48108249
2016,2,Zacatecas,Mujeres,225704.0,589275.0,38.30198125
2016,3,Nacional,Hombres,32933655.0,42085433.0,78.25428575
2016,3,Nacional,Mujeres,20532251.0,46633365.0,44.02910019
2016,3,Aguascalientes,Hombres,351292.0,452361.0,77.65744615
2016,3,Aguascalientes,Mujeres,225479.0,503999.0,44.73798559
2016,3,Baja California,Hombres,1024661.0,1321659.0,77.52839424
2016,3,Baja California,Mujeres,650032.0,1372663.0,47.35554175
2016,3,Baja California Sur,Hombres,214240.0,267577.0,80.0666724
2016,3,Baja California Sur,Mujeres,138544.0,262954.0,52.68754231
2016,3,Campeche,Hombres,245510.0,301312.0,81.48032604
2016,3,Campeche,Mujeres,138379.0,323929.0,42.71892915
2016,3,Coahuila,Hombres,849407.0,1041419.0,81.56246429
2016,3,Coahuila,Mujeres,494598.0,1080449.0,45.77707971
2016,3,Colima,Hombres,204225.0,252216.0,80.97226187
2016,3,Colima,Mujeres,144309.0,266236.0,54.20341351
2016,3,Chiapas,Hombres,1384523.0,1648258.0,83.99916761
2016,3,Chiapas,Mujeres,597018.0,1835924.0,32.51866635
2016,3,Chihuahua,Hombres,1002215.0,1264316.0,79.26934406
2016,3,Chihuahua,Mujeres,609912.0,1349141.0,45.20743199
2016,3,Ciudad de México,Hombres,2597407.0,3450906.0,75.26739355
2016,3,Ciudad de México,Mujeres,1960810.0,3883097.0,50.49603448
2016,3,Durango,Hombres,470951.0,589298.0,79.91729142
2016,3,Durango,Mujeres,292005.0,651064.0,44.85042945
2016,3,Guanajuato,Hombres,1541123.0,1978684.0,77.88626178
2016,3,Guanajuato,Mujeres,1061704.0,2301936.0,46.1222206
2016,3,Guerrero,Hombres,884667.0,1150057.0,76.92375247
2016,3,Guerrero,Mujeres,555900.0,1279040.0,43.46228421
2016,3,Hidalgo,Hombres,763165.0,980404.0,77.84188967
2016,3,Hidalgo,Mujeres,489003.0,1154822.0,42.34444789
2016,3,Jalisco,Hombres,2227932.0,2817846.0,79.06507311
2016,3,Jalisco,Mujeres,1406987.0,3060692.0,45.96957159
2016,3,México,Hombres,4423500.0,5696793.0,77.64895091
2016,3,México,Mujeres,2789947.0,6426477.0,43.41331962
2016,3,Michoacán,Hombres,1241858.0,1536487.0,80.82450421
2016,3,Michoacán,Mujeres,722852.0,1704857.0,42.39956782
2016,3,Morelos,Hombres,492297.0,661891.0,74.37735216
2016,3,Morelos,Mujeres,328241.0,772352.0,42.49888652
2016,3,Nayarit,Hombres,324376.0,413875.0,78.37535488
2016,3,Nayarit,Mujeres,224619.0,445516.0,50.41771788
2016,3,Nuevo León,Hombres,1556521.0,1968006.0,79.0912731
2016,3,Nuevo León,Mujeres,924432.0,2021838.0,45.72235758
2016,3,Oaxaca,Hombres,1014447.0,1320859.0,76.80206593
2016,3,Oaxaca,Mujeres,656656.0,1515771.0,43.32158354
2016,3,Puebla,Hombres,1699131.0,2109869.0,80.53253543
2016,3,Puebla,Mujeres,1110658.0,2443307.0,45.45716113
2016,3,Querétaro,Hombres,533058.0,750557.0,71.02165458
2016,3,Querétaro,Mujeres,323335.0,843132.0,38.3492739
2016,3,Quintana Roo,Hombres,527771.0,628628.0,83.95601214
2016,3,Quintana Roo,Mujeres,327605.0,624832.0,52.43089342
2016,3,San Luis Potosí,Hombres,748963.0,953667.0,78.53506517
2016,3,San Luis Potosí,Mujeres,457116.0,1067615.0,42.8165584
2016,3,Sinaloa,Hombres,798984.0,1049283.0,76.14571093
2016,3,Sinaloa,Mujeres,531098.0,1130216.0,46.99084069
2016,3,Sonora,Hombres,810922.0,1050645.0,77.1832541
2016,3,Sonora,Mujeres,539556.0,1070852.0,50.38567421
2016,3,Tabasco,Hombres,629547.0,796928.0,78.99672241
2016,3,Tabasco,Mujeres,324663.0,869225.0,37.35085852
2016,3,Tamaulipas,Hombres,925184.0,1165203.0,79.40110007
2016,3,Tamaulipas,Mujeres,641718.0,1340994.0,47.85390539
2016,3,Tlaxcala,Hombres,335901.0,423822.0,79.2552062
2016,3,Tlaxcala,Mujeres,226860.0,483754.0,46.89573626
2016,3,Veracruz,Hombres,2048968.0,2712698.0,75.53247726
2016,3,Veracruz,Mujeres,999955.0,3110471.0,32.14802517
2016,3,Yucatán,Hombres,634365.0,789547.0,80.34543859
2016,3,Yucatán,Mujeres,411229.0,843502.0,48.7525815
2016,3,Zacatecas,Hombres,426544.0,540362.0,78.9367128
2016,3,Zacatecas,Mujeres,227031.0,592708.0,38.30402154
2016,4,Nacional,Hombres,32914272.0,42219171.0,77.96048861
2016,4,Nacional,Mujeres,20381903.0,46911214.0,43.44782678
2016,4,Aguascalientes,Hombres,347043.0,448345.0,77.40534633
2016,4,Aguascalientes,Mujeres,224392.0,507351.0,44.22815763
2016,4,Baja California,Hombres,1009290.0,1320229.0,76.44810105
2016,4,Baja California,Mujeres,664262.0,1376755.0,48.24838116
2016,4,Baja California Sur,Hombres,223931.0,273876.0,81.76364486
2016,4,Baja California Sur,Mujeres,139789.0,262820.0,53.18811354
2016,4,Campeche,Hombres,246809.0,304696.0,81.00171975
2016,4,Campeche,Mujeres,136050.0,324514.0,41.92423131
2016,4,Coahuila,Hombres,851721.0,1056139.0,80.64478255
2016,4,Coahuila,Mujeres,493253.0,1088993.0,45.2944142
2016,4,Colima,Hombres,202997.0,254032.0,79.91001134
2016,4,Colima,Mujeres,142945.0,267160.0,53.50539003
2016,4,Chiapas,Hombres,1367825.0,1658632.0,82.46705719
2016,4,Chiapas,Mujeres,535169.0,1842116.0,29.0518621
2016,4,Chihuahua,Hombres,999856.0,1283642.0,77.89212257
2016,4,Chihuahua,Mujeres,607572.0,1350405.0,44.99183578
2016,4,Ciudad de México,Hombres,2572010.0,3440782.0,74.7507398
2016,4,Ciudad de México,Mujeres,1926040.0,3899085.0,49.39723038
2016,4,Durango,Hombres,481618.0,599112.0,80.38864186
2016,4,Durango,Mujeres,288246.0,653811.0,44.08705268
2016,4,Guanajuato,Hombres,1577976.0,2022007.0,78.04008591
2016,4,Guanajuato,Mujeres,1041252.0,2282903.0,45.61087352
2016,4,Guerrero,Hombres,864591.0,1155466.0,74.82617403
2016,4,Guerrero,Mujeres,508202.0,1291941.0,39.33631644
2016,4,Hidalgo,Hombres,763919.0,981731.0,77.81347436
2016,4,Hidalgo,Mujeres,476136.0,1168782.0,40.7377937
2016,4,Jalisco,Hombres,2220783.0,2836185.0,78.30176804
2016,4,Jalisco,Mujeres,1430567.0,3071914.0,46.56923989
2016,4,México,Hombres,4434793.0,5658749.0,78.37055505
2016,4,México,Mujeres,2756968.0,6563473.0,42.00471305
2016,4,Michoacán,Hombres,1213331.0,1518935.0,79.88037671
2016,4,Michoacán,Mujeres,727741.0,1706832.0,42.63694376
2016,4,Morelos,Hombres,486096.0,667002.0,72.8777425
2016,4,Morelos,Mujeres,317166.0,771255.0,41.12336387
2016,4,Nayarit,Hombres,330343.0,416985.0,79.22179455
2016,4,Nayarit,Mujeres,227158.0,449675.0,50.51603936
2016,4,Nuevo León,Hombres,1587023.0,1985939.0,79.91297819
2016,4,Nuevo León,Mujeres,932831.0,2043861.0,45.6406282
2016,4,Oaxaca,Hombres,995316.0,1302314.0,76.42672965
2016,4,Oaxaca,Mujeres,666582.0,1524564.0,43.7227955
2016,4,Puebla,Hombres,1726860.0,2134999.0,80.88341025
2016,4,Puebla,Mujeres,1087076.0,2438883.0,44.57269988
2016,4,Querétaro,Hombres,535212.0,757434.0,70.66120612
2016,4,Querétaro,Mujeres,325183.0,855284.0,38.02047039
2016,4,Quintana Roo,Hombres,524246.0,628586.0,83.40083934
2016,4,Quintana Roo,Mujeres,320201.0,634268.0,50.48354954
2016,4,San Luis Potosí,Hombres,738278.0,956741.0,77.16592056
2016,4,San Luis Potosí,Mujeres,447863.0,1071896.0,41.78231843
2016,4,Sinaloa,Hombres,814006.0,1047999.0,77.67240236
2016,4,Sinaloa,Mujeres,537015.0,1131803.0,47.44774488
2016,4,Sonora,Hombres,811624.0,1053572.0,77.03545652
2016,4,Sonora,Mujeres,535439.0,1065530.0,50.25095492
2016,4,Tabasco,Hombres,640740.0,799779.0,80.11463167
2016,4,Tabasco,Mujeres,348810.0,863503.0,40.39476412
2016,4,Tamaulipas,Hombres,926001.0,1180683.0,78.42926509
2016,4,Tamaulipas,Mujeres,634285.0,1351007.0,46.94905356
2016,4,Tlaxcala,Hombres,341502.0,424028.0,80.53760601
2016,4,Tlaxcala,Mujeres,226502.0,488811.0,46.33733693
2016,4,Veracruz,Hombres,2031099.0,2715346.0,74.80074363
2016,4,Veracruz,Mujeres,1016557.0,3107373.0,32.71435389
2016,4,Yucatán,Hombres,634337.0,791764.0,80.11692878
2016,4,Yucatán,Mujeres,428407.0,857071.0,49.98500708
2016,4,Zacatecas,Hombres,413096.0,543442.0,76.0147357
2016,4,Zacatecas,Mujeres,232244.0,597575.0,38.86441033
2017,1,Nacional,Hombres,32765343.0,42281884.0,77.49262781
2017,1,Nacional,Mujeres,20202201.0,47052852.0,42.93512538
2017,1,Aguascalientes,Hombres,347553.0,454042.0,76.54644284
2017,1,Aguascalientes,Mujeres,217825.0,512406.0,42.51023602
2017,1,Baja California,Hombres,1005664.0,1324441.0,75.93120418
2017,1,Baja California,Mujeres,650768.0,1393771.0,46.69117093
2017,1,Baja California Sur,Hombres,223388.0,274479.0,81.38618984
2017,1,Baja California Sur,Mujeres,139803.0,267382.0,52.28586816
2017,1,Campeche,Hombres,244207.0,304064.0,80.31434172
2017,1,Campeche,Mujeres,135575.0,326590.0,41.5122937
2017,1,Coahuila,Hombres,860561.0,1061109.0,81.10015088
2017,1,Coahuila,Mujeres,496023.0,1096497.0,45.23705947
2017,1,Colima,Hombres,203545.0,251136.0,81.04971012
2017,1,Colima,Mujeres,150547.0,271774.0,55.39418782
2017,1,Chiapas,Hombres,1376446.0,1645860.0,83.63080699
2017,1,Chiapas,Mujeres,578647.0,1845123.0,31.3608903
2017,1,Chihuahua,Hombres,988934.0,1277076.0,77.43736473
2017,1,Chihuahua,Mujeres,586548.0,1362640.0,43.04497153
2017,1,Ciudad de México,Hombres,2514035.0,3405327.0,73.82653707
2017,1,Ciudad de México,Mujeres,1945818.0,3954749.0,49.20206061
2017,1,Durango,Hombres,465165.0,596194.0,78.02242223
2017,1,Durango,Mujeres,273331.0,665123.0,41.09480502
2017,1,Guanajuato,Hombres,1556404.0,2010040.0,77.4314939
2017,1,Guanajuato,Mujeres,1010708.0,2303862.0,43.87016236
2017,1,Guerrero,Hombres,838965.0,1154916.0,72.64294546
2017,1,Guerrero,Mujeres,551842.0,1285932.0,42.91377771
2017,1,Hidalgo,Hombres,747076.0,962061.0,77.65370387
2017,1,Hidalgo,Mujeres,444813.0,1151645.0,38.62414199
2017,1,Jalisco,Hombres,2243741.0,2842396.0,78.93836749
2017,1,Jalisco,Mujeres,1457626.0,3099039.0,47.03477433
2017,1,México,Hombres,4476600.0,5719846.0,78.26434488
2017,1,México,Mujeres,2674882.0,6488427.0,41.22543106
2017,1,Michoacán,Hombres,1206316.0,1521902.0,79.2637108
2017,1,Michoacán,Mujeres,712696.0,1711632.0,41.63838956
2017,1,Morelos,Hombres,499616.0,676720.0,73.82905781
2017,1,Morelos,Mujeres,318347.0,773454.0,41.1591381
2017,1,Nayarit,Hombres,335093.0,423711.0,79.08527274
2017,1,Nayarit,Mujeres,222186.0,446472.0,49.76482288
2017,1,Nuevo León,Hombres,1570049.0,2002317.0,78.41161015
2017,1,Nuevo León,Mujeres,902133.0,2051761.0,43.9687176
2017,1,Oaxaca,Hombres,943246.0,1305287.0,72.26349454
2017,1,Oaxaca,Mujeres,644908.0,1532888.0,42.0714364
2017,1,Puebla,Hombres,1715893.0,2136261.0,80.32225463
2017,1,Puebla,Mujeres,1090995.0,2480096.0,43.99003103
2017,1,Querétaro,Hombres,554450.0,754836.0,73.45304146
2017,1,Querétaro,Mujeres,330747.0,874581.0,37.81776645
2017,1,Quintana Roo,Hombres,525704.0,630559.0,83.37110405
2017,1,Quintana Roo,Mujeres,315988.0,639225.0,49.43298526
2017,1,San Luis Potosí,Hombres,736948.0,968808.0,76.06749738
2017,1,San Luis Potosí,Mujeres,432579.0,1073977.0,40.27823687
2017,1,Sinaloa,Hombres,818649.0,1045400.0,78.30964224
2017,1,Sinaloa,Mujeres,528176.0,1133511.0,46.59646003
2017,1,Sonora,Hombres,801757.0,1055035.0,75.99340306
2017,1,Sonora,Mujeres,531441.0,1067957.0,49.7623968
2017,1,Tabasco,Hombres,621238.0,805055.0,77.16715007
2017,1,Tabasco,Mujeres,310265.0,867140.0,35.78026616
2017,1,Tamaulipas,Hombres,938019.0,1210506.0,77.48982657
2017,1,Tamaulipas,Mujeres,612249.0,1348280.0,45.40963301
2017,1,Tlaxcala,Hombres,335037.0,426951.0,78.47200264
2017,1,Tlaxcala,Mujeres,226320.0,492765.0,45.92858665
2017,1,Veracruz,Hombres,2037552.0,2700361.0,75.4548003
2017,1,Veracruz,Mujeres,1051830.0,3071569.0,34.24406224
2017,1,Yucatán,Hombres,630802.0,792569.0,79.58953731
2017,1,Yucatán,Mujeres,433890.0,862622.0,50.2989722
2017,1,Zacatecas,Hombres,402690.0,542619.0,74.2122926
2017,1,Zacatecas,Mujeres,222695.0,599962.0,37.11818415
2017,2,Nacional,Hombres,32999858.0,42489162.0,77.66653058
2017,2,Nacional,Mujeres,20377845.0,47348615.0,43.03789034
2017,2,Aguascalientes,Hombres,353213.0,459860.0,76.80881138
2017,2,Aguascalientes,Mujeres,226685.0,511063.0,44.35558825
2017,2,Baja California,Hombres,1041879.0,1341794.0,77.64820829
2017,2,Baja California,Mujeres,690756.0,1404590.0,49.17847913
2017,2,Baja California Sur,Hombres,220171.0,273958.0,80.36669855
2017,2,Baja California Sur,Mujeres,140608.0,271321.0,51.82348583
2017,2,Campeche,Hombres,240168.0,302454.0,79.4064552
2017,2,Campeche,Mujeres,144188.0,328567.0,43.88389583
2017,2,Coahuila,Hombres,850333.0,1073580.0,79.20536895
2017,2,Coahuila,Mujeres,504375.0,1095489.0,46.04108302
2017,2,Colima,Hombres,200720.0,251860.0,79.69506869
2017,2,Colima,Mujeres,147696.0,271903.0,54.31937125
2017,2,Chiapas,Hombres,1355831.0,1640598.0,82.64248768
2017,2,Chiapas,Mujeres,501024.0,1858291.0,26.96154693
2017,2,Chihuahua,Hombres,988348.0,1285833.0,76.86441396
2017,2,Chihuahua,Mujeres,610478.0,1360347.0,44.87663809
2017,2,Ciudad de México,Hombres,2496277.0,3427325.0,72.83455756
2017,2,Ciudad de México,Mujeres,1980091.0,4021692.0,49.23527212
2017,2,Durango,Hombres,469549.0,590269.0,79.54830764
2017,2,Durango,Mujeres,288115.0,667406.0,43.16937516
2017,2,Guanajuato,Hombres,1600391.0,2034061.0,78.67959712
2017,2,Guanajuato,Mujeres,966185.0,2282667.0,42.32702361
2017,2,Guerrero,Hombres,860903.0,1147736.0,75.00879993
2017,2,Guerrero,Mujeres,557591.0,1304618.0,42.7397905
2017,2,Hidalgo,Hombres,758537.0,968768.0,78.2991387
2017,2,Hidalgo,Mujeres,455621.0,1155487.0,39.43107971
2017,2,Jalisco,Hombres,2235748.0,2860986.0,78.14606573
2017,2,Jalisco,Mujeres,1431641.0,3125499.0,45.80519783
2017,2,México,Hombres,4478608.0,5725903.0,78.21662365
2017,2,México,Mujeres,2722232.0,6611219.0,41.17594652
2017,2,Michoacán,Hombres,1215820.0,1526351.0,79.65533485
2017,2,Michoacán,Mujeres,704836.0,1740271.0,40.5015081
2017,2,Morelos,Hombres,490259.0,683950.0,71.6805322
2017,2,Morelos,Mujeres,311998.0,774960.0,40.25988438
2017,2,Nayarit,Hombres,336088.0,424041.0,79.2583736
2017,2,Nayarit,Mujeres,219005.0,443418.0,49.39019165
2017,2,Nuevo León,Hombres,1592035.0,2005647.0,79.37762727
2017,2,Nuevo León,Mujeres,907530.0,2053842.0,44.1869433
2017,2,Oaxaca,Hombres,993676.0,1318763.0,75.34909608
2017,2,Oaxaca,Mujeres,650529.0,1516435.0,42.89857462
2017,2,Puebla,Hombres,1730654.0,2144997.0,80.68328301
2017,2,Puebla,Mujeres,1147255.0,2489192.0,46.08945393
2017,2,Querétaro,Hombres,542767.0,766008.0,70.85657069
2017,2,Querétaro,Mujeres,318559.0,870392.0,36.59948621
2017,2,Quintana Roo,Hombres,528215.0,640996.0,82.40535042
2017,2,Quintana Roo,Mujeres,324833.0,645123.0,50.3521034
2017,2,San Luis Potosí,Hombres,744412.0,974749.0,76.369609
2017,2,San Luis Potosí,Mujeres,452833.0,1067982.0,42.40080825
2017,2,Sinaloa,Hombres,819776.0,1056345.0,77.60494914
2017,2,Sinaloa,Mujeres,551219.0,1145069.0,48.13849646
2017,2,Sonora,Hombres,815919.0,1060328.0,76.94967972
2017,2,Sonora,Mujeres,531464.0,1062265.0,50.0312069
2017,2,Tabasco,Hombres,621847.0,804245.0,77.32059261
2017,2,Tabasco,Mujeres,322825.0,870737.0,37.0749147
2017,2,Tamaulipas,Hombres,938748.0,1198266.0,78.34220449
2017,2,Tamaulipas,Mujeres,612076.0,1350298.0,45.32895702
2017,2,Tlaxcala,Hombres,342161.0,431949.0,79.21328675
2017,2,Tlaxcala,Mujeres,225248.0,493032.0,45.68628405
2017,2,Veracruz,Hombres,2080763.0,2727680.0,76.2832517
2017,2,Veracruz,Mujeres,1054216.0,3083185.0,34.19243412
2017,2,Yucatán,Hombres,632339.0,795642.0,79.47531679
2017,2,Yucatán,Mujeres,433224.0,866450.0,49.99988459
2017,2,Zacatecas,Hombres,423703.0,544220.0,77.85509537
2017,2,Zacatecas,Mujeres,242909.0,605805.0,40.09689587
2017,3,Nacional,Hombres,33285446.0,42746725.0,77.86665762
2017,3,Nacional,Mujeres,20417267.0,47505954.0,42.97833278
2017,3,Aguascalientes,Hombres,350198.0,460965.0,75.97062684
2017,3,Aguascalientes,Mujeres,218382.0,513356.0,42.54006966
2017,3,Baja California,Hombres,1048403.0,1367317.0,76.67592811
2017,3,Baja California,Mujeres,685028.0,1403990.0,48.79151561
2017,3,Baja California Sur,Hombres,220222.0,274336.0,80.27455383
2017,3,Baja California Sur,Mujeres,142156.0,273368.0,52.00169735
2017,3,Campeche,Hombres,239123.0,300200.0,79.65456362
2017,3,Campeche,Mujeres,145426.0,330791.0,43.96310661
2017,3,Coahuila,Hombres,837111.0,1067992.0,78.3817669
2017,3,Coahuila,Mujeres,487966.0,1108490.0,44.02078503
2017,3,Colima,Hombres,202132.0,254200.0,79.51691581
2017,3,Colima,Mujeres,145517.0,271889.0,53.52073824
2017,3,Chiapas,Hombres,1367662.0,1629083.0,83.9528741
2017,3,Chiapas,Mujeres,528946.0,1872165.0,28.25317213
2017,3,Chihuahua,Hombres,971548.0,1259890.0,77.11371628
2017,3,Chihuahua,Mujeres,608770.0,1366019.0,44.56526593
2017,3,Ciudad de México,Hombres,2529544.0,3401021.0,74.37601826
2017,3,Ciudad de México,Mujeres,2056331.0,4050469.0,50.76772591
2017,3,Durango,Hombres,477601.0,596981.0,80.00271365
2017,3,Durango,Mujeres,294899.0,672640.0,43.84202545
2017,3,Guanajuato,Hombres,1627537.0,2082056.0,78.16970341
2017,3,Guanajuato,Mujeres,975892.0,2270744.0,42.97675123
2017,3,Guerrero,Hombres,879555.0,1163779.0,75.57749367
2017,3,Guerrero,Mujeres,523444.0,1312955.0,39.86762684
2017,3,Hidalgo,Hombres,766390.0,975152.0,78.5918503
2017,3,Hidalgo,Mujeres,462353.0,1162990.0,39.7555439
2017,3,Jalisco,Hombres,2274877.0,2876708.0,79.07917661
2017,3,Jalisco,Mujeres,1468501.0,3124384.0,47.0012969
2017,3,México,Hombres,4513974.0,5789266.0,77.97143887
2017,3,México,Mujeres,2816724.0,6627553.0,42.50021086
2017,3,Michoacán,Hombres,1222940.0,1525345.0,80.17464901
2017,3,Michoacán,Mujeres,703362.0,1749364.0,40.20672656
2017,3,Morelos,Hombres,508050.0,696832.0,72.90853463
2017,3,Morelos,Mujeres,303061.0,765723.0,39.57841151
2017,3,Nayarit,Hombres,341563.0,429265.0,79.56926374
2017,3,Nayarit,Mujeres,222547.0,445950.0,49.90402511
2017,3,Nuevo León,Hombres,1604383.0,2026033.0,79.18839427
2017,3,Nuevo León,Mujeres,903651.0,2061825.0,43.82772544
2017,3,Oaxaca,Hombres,994643.0,1310377.0,75.90510212
2017,3,Oaxaca,Mujeres,660243.0,1524430.0,43.31081125
2017,3,Puebla,Hombres,1735685.0,2179644.0,79.63158204
2017,3,Puebla,Mujeres,1063818.0,2495071.0,42.63678268
2017,3,Querétaro,Hombres,558941.0,779470.0,71.70782711
2017,3,Querétaro,Mujeres,323802.0,880291.0,36.78351818
2017,3,Quintana Roo,Hombres,535889.0,650094.0,82.43254052
2017,3,Quintana Roo,Mujeres,333943.0,651869.0,51.22854439
2017,3,San Luis Potosí,Hombres,763629.0,976206.0,78.2241658
2017,3,San Luis Potosí,Mujeres,446687.0,1079756.0,41.36925379
2017,3,Sinaloa,Hombres,811914.0,1049470.0,77.36419335
2017,3,Sinaloa,Mujeres,527337.0,1144774.0,46.06472544
2017,3,Sonora,Hombres,802808.0,1064597.0,75.40956813
2017,3,Sonora,Mujeres,528185.0,1082200.0,48.80659767
2017,3,Tabasco,Hombres,639616.0,804552.0,79.49964701
2017,3,Tabasco,Mujeres,332800.0,878437.0,37.88547158
2017,3,Tamaulipas,Hombres,936516.0,1215932.0,77.02042548
2017,3,Tamaulipas,Mujeres,619182.0,1360163.0,45.52263221
2017,3,Tlaxcala,Hombres,340062.0,431660.0,78.78005838
2017,3,Tlaxcala,Mujeres,230782.0,500137.0,46.14375661
2017,3,Veracruz,Hombres,2115196.0,2761716.0,76.58991728
2017,3,Veracruz,Mujeres,1008388.0,3059545.0,32.95875694
2017,3,Yucatán,Hombres,643079.0,800333.0,80.35142872
2017,3,Yucatán,Mujeres,421290.0,862225.0,48.8607962
2017,3,Zacatecas,Hombres,424655.0,546253.0,77.73961882
2017,3,Zacatecas,Mujeres,227854.0,602391.0,37.8249343
2017,4,Nacional,Hombres,33337843.0,43018688.0,77.49618724
2017,4,Nacional,Mujeres,20694557.0,47778013.0,43.31397582
2017,4,Aguascalientes,Hombres,354932.0,468501.0,75.75906988
2017,4,Aguascalientes,Mujeres,219332.0,513354.0,42.72529288
2017,4,Baja California,Hombres,1050485.0,1383766.0,75.9149307
2017,4,Baja California,Mujeres,680646.0,1402387.0,48.53481956
2017,4,Baja California Sur,Hombres,221259.0,278362.0,79.48606491
2017,4,Baja California Sur,Mujeres,145298.0,276946.0,52.46437934
2017,4,Campeche,Hombres,239284.0,299910.0,79.78526891
2017,4,Campeche,Mujeres,144979.0,334906.0,43.28946033
2017,4,Coahuila,Hombres,847464.0,1079910.0,78.47542851
2017,4,Coahuila,Mujeres,484125.0,1121010.0,43.18650146
2017,4,Colima,Hombres,206821.0,259975.0,79.5541879
2017,4,Colima,Mujeres,151480.0,274970.0,55.08964614
2017,4,Chiapas,Hombres,1346482.0,1636369.0,82.2847414
2017,4,Chiapas,Mujeres,498536.0,1895929.0,26.29507751
2017,4,Chihuahua,Hombres,977809.0,1271831.0,76.8819914
2017,4,Chihuahua,Mujeres,629641.0,1363673.0,46.17243283
2017,4,Ciudad de México,Hombres,2457848.0,3374385.0,72.8383987
2017,4,Ciudad de México,Mujeres,2054657.0,4112945.0,49.95585888
2017,4,Durango,Hombres,473250.0,597453.0,79.21125176
2017,4,Durango,Mujeres,293381.0,674615.0,43.48865649
2017,4,Guanajuato,Hombres,1670201.0,2086186.0,80.06002341
2017,4,Guanajuato,Mujeres,1013517.0,2273863.0,44.57247424
2017,4,Guerrero,Hombres,888434.0,1175667.0,75.56850707
2017,4,Guerrero,Mujeres,555085.0,1310801.0,42.34700767
2017,4,Hidalgo,Hombres,781180.0,992992.0,78.66931456
2017,4,Hidalgo,Mujeres,472824.0,1158776.0,40.80374464
2017,4,Jalisco,Hombres,2240570.0,2893464.0,77.43555821
2017,4,Jalisco,Mujeres,1474543.0,3130759.0,47.09857897
2017,4,México,Hombres,4574988.0,5919660.0,77.28464135
2017,4,México,Mujeres,2848594.0,6676010.0,42.66910924
2017,4,Michoacán,Hombres,1214488.0,1538329.0,78.94852142
2017,4,Michoacán,Mujeres,718754.0,1723318.0,41.70756645
2017,4,Morelos,Hombres,513671.0,698018.0,73.58993608
2017,4,Morelos,Mujeres,318104.0,768960.0,41.36808156
2017,4,Nayarit,Hombres,345163.0,426618.0,80.90680656
2017,4,Nayarit,Mujeres,231580.0,448825.0,51.59694759
2017,4,Nuevo León,Hombres,1597530.0,2040561.0,78.28876471
2017,4,Nuevo León,Mujeres,942699.0,2079905.0,45.3241374
2017,4,Oaxaca,Hombres,1008009.0,1319246.0,76.40796334
2017,4,Oaxaca,Mujeres,632015.0,1537596.0,41.10410017
2017,4,Puebla,Hombres,1757315.0,2171528.0,80.92527474
2017,4,Puebla,Mujeres,1130475.0,2534870.0,44.59696158
2017,4,Querétaro,Hombres,564363.0,794181.0,71.06226414
2017,4,Querétaro,Mujeres,334442.0,877169.0,38.1274304
2017,4,Quintana Roo,Hombres,538965.0,648504.0,83.1089708
2017,4,Quintana Roo,Mujeres,332468.0,660294.0,50.35151008
2017,4,San Luis Potosí,Hombres,767608.0,973049.0,78.88688031
2017,4,San Luis Potosí,Mujeres,451827.0,1073582.0,42.08593289
2017,4,Sinaloa,Hombres,815124.0,1051711.0,77.50456161
2017,4,Sinaloa,Mujeres,538785.0,1138053.0,47.34269845
2017,4,Sonora,Hombres,812425.0,1059374.0,76.68915794
2017,4,Sonora,Mujeres,543553.0,1088124.0,49.95322224
2017,4,Tabasco,Hombres,630167.0,813506.0,77.46310414
2017,4,Tabasco,Mujeres,320333.0,885511.0,36.17493176
2017,4,Tamaulipas,Hombres,962596.0,1224450.0,78.61456164
2017,4,Tamaulipas,Mujeres,607238.0,1351173.0,44.94154338
2017,4,Tlaxcala,Hombres,344948.0,435295.0,79.24465018
2017,4,Tlaxcala,Mujeres,227437.0,499593.0,45.52445691
2017,4,Veracruz,Hombres,2077543.0,2761885.0,75.22192271
2017,4,Veracruz,Mujeres,1032726.0,3116292.0,33.13957742
2017,4,Yucatán,Hombres,634099.0,797941.0,79.46690294
2017,4,Yucatán,Mujeres,427279.0,868564.0,49.19372666
2017,4,Zacatecas,Hombres,422822.0,546061.0,77.43127599
2017,4,Zacatecas,Mujeres,238204.0,605240.0,39.35694931
2018,1,Nacional,Hombres,33401029.0,43295471.0,77.14670433
2018,1,Nacional,Mujeres,20535638.0,48089659.0,42.70281476
2018,1,Aguascalientes,Hombres,353825.0,467594.0,75.66927719
2018,1,Aguascalientes,Mujeres,222318.0,512688.0,43.36321505
2018,1,Baja California,Hombres,1076752.0,1400878.0,76.86265328
2018,1,Baja California,Mujeres,665615.0,1400787.0,47.51721711
2018,1,Baja California Sur,Hombres,218028.0,270658.0,80.55479609
2018,1,Baja California Sur,Mujeres,148703.0,279427.0,53.21711932
2018,1,Campeche,Hombres,237448.0,299619.0,79.24998081
2018,1,Campeche,Mujeres,141723.0,335388.0,42.25643136
2018,1,Coahuila,Hombres,848705.0,1084274.0,78.27403405
2018,1,Coahuila,Mujeres,500521.0,1131027.0,44.25367387
2018,1,Colima,Hombres,207956.0,262250.0,79.29685415
2018,1,Colima,Mujeres,150610.0,274364.0,54.89422811
2018,1,Chiapas,Hombres,1373140.0,1648548.0,83.2939047
2018,1,Chiapas,Mujeres,547659.0,1903155.0,28.77637397
2018,1,Chihuahua,Hombres,974104.0,1260897.0,77.25484318
2018,1,Chihuahua,Mujeres,634093.0,1380095.0,45.94560519
2018,1,Ciudad de México,Hombres,2488086.0,3409209.0,72.98132793
2018,1,Ciudad de México,Mujeres,2065456.0,4093246.0,50.46009939
2018,1,Durango,Hombres,473438.0,604841.0,78.27478627
2018,1,Durango,Mujeres,292150.0,678511.0,43.0575186
2018,1,Guanajuato,Hombres,1643535.0,2094223.0,78.4794647
2018,1,Guanajuato,Mujeres,990303.0,2287756.0,43.28709006
2018,1,Guerrero,Hombres,804732.0,1162227.0,69.24051842
2018,1,Guerrero,Mujeres,531000.0,1326984.0,40.01555407
2018,1,Hidalgo,Hombres,788089.0,998330.0,78.94073102
2018,1,Hidalgo,Mujeres,463787.0,1182863.0,39.20885174
2018,1,Jalisco,Hombres,2270489.0,2922485.0,77.69035598
2018,1,Jalisco,Mujeres,1423168.0,3137161.0,45.36483783
2018,1,México,Hombres,4597807.0,5987529.0,76.78972411
2018,1,México,Mujeres,2788543.0,6716366.0,41.51862778
2018,1,Michoacán,Hombres,1224738.0,1537695.0,79.64765444
2018,1,Michoacán,Mujeres,728108.0,1736634.0,41.92639324
2018,1,Morelos,Hombres,525480.0,702926.0,74.75609097
2018,1,Morelos,Mujeres,322095.0,774726.0,41.57534406
2018,1,Nayarit,Hombres,352564.0,428469.0,82.28459935
2018,1,Nayarit,Mujeres,229706.0,450827.0,50.95213907
2018,1,Nuevo León,Hombres,1587367.0,2055416.0,77.22850265
2018,1,Nuevo León,Mujeres,923697.0,2117895.0,43.61391854
2018,1,Oaxaca,Hombres,995830.0,1333195.0,74.69499961
2018,1,Oaxaca,Mujeres,623432.0,1553982.0,40.11835401
2018,1,Puebla,Hombres,1757522.0,2185174.0,80.42938457
2018,1,Puebla,Mujeres,1061238.0,2550559.0,41.60805533
2018,1,Querétaro,Hombres,595343.0,804898.0,73.96502414
2018,1,Querétaro,Mujeres,352339.0,875344.0,40.2514897
2018,1,Quintana Roo,Hombres,542457.0,655024.0,82.81482816
2018,1,Quintana Roo,Mujeres,330173.0,665382.0,49.62157077
2018,1,San Luis Potosí,Hombres,753962.0,979163.0,77.00066281
2018,1,San Luis Potosí,Mujeres,430623.0,1078583.0,39.92488293
2018,1,Sinaloa,Hombres,830202.0,1058257.0,78.44994174
2018,1,Sinaloa,Mujeres,564825.0,1153733.0,48.95630098
2018,1,Sonora,Hombres,810949.0,1045933.0,77.53355138
2018,1,Sonora,Mujeres,545006.0,1106041.0,49.27538853
2018,1,Tabasco,Hombres,623235.0,813257.0,76.63444643
2018,1,Tabasco,Mujeres,317703.0,888660.0,35.75079333
2018,1,Tamaulipas,Hombres,958880.0,1244723.0,77.03561355
2018,1,Tamaulipas,Mujeres,606204.0,1344137.0,45.09986705
2018,1,Tlaxcala,Hombres,344177.0,440953.0,78.05298977
2018,1,Tlaxcala,Mujeres,226471.0,502855.0,45.03703851
2018,1,Veracruz,Hombres,2096769.0,2785753.0,75.26758474
2018,1,Veracruz,Mujeres,1049579.0,3172327.0,33.08546061
2018,1,Yucatán,Hombres,640274.0,806911.0,79.34877576
2018,1,Yucatán,Mujeres,434897.0,872783.0,49.82876614
2018,1,Zacatecas,Hombres,405146.0,544162.0,74.45319592
2018,1,Zacatecas,Mujeres,223893.0,605373.0,36.98430554
2018,2,Nacional,Hombres,33885112.0,43681836.0,77.57254526
2018,2,Nacional,Mujeres,21154281.0,48258234.0,43.83558876
2018,2,Aguascalientes,Hombres,360381.0,473125.0,76.17035667
2018,2,Aguascalientes,Mujeres,229332.0,520193.0,44.08594502
2018,2,Baja California,Hombres,1076328.0,1403769.0,76.67415365
2018,2,Baja California,Mujeres,701852.0,1418272.0,49.48641727
2018,2,Baja California Sur,Hombres,225583.0,277298.0,81.35038839
2018,2,Baja California Sur,Mujeres,153551.0,279489.0,54.93990819
2018,2,Campeche,Hombres,242387.0,304989.0,79.47401382
2018,2,Campeche,Mujeres,146768.0,336410.0,43.62771618
2018,2,Coahuila,Hombres,870903.0,1102992.0,78.9582336
2018,2,Coahuila,Mujeres,512062.0,1136884.0,45.0408309
2018,2,Colima,Hombres,209791.0,268583.0,78.11030482
2018,2,Colima,Mujeres,155353.0,279577.0,55.56716039
2018,2,Chiapas,Hombres,1384229.0,1655542.0,83.61183226
2018,2,Chiapas,Mujeres,495939.0,1908859.0,25.98091321
2018,2,Chihuahua,Hombres,1015462.0,1290190.0,78.70639208
2018,2,Chihuahua,Mujeres,676035.0,1412010.0,47.87749379
2018,2,Ciudad de México,Hombres,2593711.0,3459933.0,74.96419728
2018,2,Ciudad de México,Mujeres,2121803.0,4084702.0,51.9451113
2018,2,Durango,Hombres,482917.0,609456.0,79.23738547
2018,2,Durango,Mujeres,303713.0,683774.0,44.41716123
2018,2,Guanajuato,Hombres,1682267.0,2123559.0,79.21922584
2018,2,Guanajuato,Mujeres,1052387.0,2276371.0,46.23090876
2018,2,Guerrero,Hombres,859833.0,1176488.0,73.08472335
2018,2,Guerrero,Mujeres,538633.0,1335135.0,40.34296157
2018,2,Hidalgo,Hombres,797622.0,1022834.0,77.98156886
2018,2,Hidalgo,Mujeres,494601.0,1190497.0,41.54575778
2018,2,Jalisco,Hombres,2258292.0,2930066.0,77.07307617
2018,2,Jalisco,Mujeres,1468527.0,3134039.0,46.85733011
2018,2,México,Hombres,4589083.0,5972050.0,76.84267546
2018,2,México,Mujeres,2918849.0,6782177.0,43.03705138
2018,2,Michoacán,Hombres,1261389.0,1561429.0,80.78426877
2018,2,Michoacán,Mujeres,744562.0,1753142.0,42.47014788
2018,2,Morelos,Hombres,514526.0,698301.0,73.68255237
2018,2,Morelos,Mujeres,317440.0,777146.0,40.84689363
2018,2,Nayarit,Hombres,349456.0,434547.0,80.41845876
2018,2,Nayarit,Mujeres,230826.0,454249.0,50.81486145
2018,2,Nuevo León,Hombres,1607088.0,2067759.0,77.72124314
2018,2,Nuevo León,Mujeres,975799.0,2115752.0,46.1206701
2018,2,Oaxaca,Hombres,1035795.0,1335543.0,77.55609516
2018,2,Oaxaca,Mujeres,654738.0,1564837.0,41.84065177
2018,2,Puebla,Hombres,1761287.0,2208429.0,79.7529375
2018,2,Puebla,Mujeres,1088532.0,2543444.0,42.7975611
2018,2,Querétaro,Hombres,584193.0,806513.0,72.43441829
2018,2,Querétaro,Mujeres,350568.0,883492.0,39.679816
2018,2,Quintana Roo,Hombres,558470.0,667422.0,83.67569544
2018,2,Quintana Roo,Mujeres,340997.0,671343.0,50.79326067
2018,2,San Luis Potosí,Hombres,766594.0,972332.0,78.84076632
2018,2,San Luis Potosí,Mujeres,454845.0,1075864.0,42.27718373
2018,2,Sinaloa,Hombres,810772.0,1064746.0,76.14698717
2018,2,Sinaloa,Mujeres,549962.0,1169267.0,47.03476623
2018,2,Sonora,Hombres,811498.0,1051857.0,77.14908015
2018,2,Sonora,Mujeres,550595.0,1090821.0,50.47528421
2018,2,Tabasco,Hombres,642772.0,820789.0,78.31147835
2018,2,Tabasco,Mujeres,336737.0,885024.0,38.04834671
2018,2,Tamaulipas,Hombres,976523.0,1251086.0,78.05402666
2018,2,Tamaulipas,Mujeres,645387.0,1342827.0,48.06181288
2018,2,Tlaxcala,Hombres,346378.0,440839.0,78.57244935
2018,2,Tlaxcala,Mujeres,229999.0,507158.0,45.35056136
2018,2,Veracruz,Hombres,2129722.0,2855163.0,74.5919585
2018,2,Veracruz,Mujeres,1037403.0,3167768.0,32.74870508
2018,2,Yucatán,Hombres,654335.0,825203.0,79.29382225
2018,2,Yucatán,Mujeres,439882.0,871742.0,50.4601132
2018,2,Zacatecas,Hombres,425525.0,549004.0,77.50854274
2018,2,Zacatecas,Mujeres,236604.0,605969.0,39.04556174
2018,3,Nacional,Hombres,34182637.0,43932152.0,77.80779098
2018,3,Nacional,Mujeres,21207988.0,48555456.0,43.67786804
2018,3,Aguascalientes,Hombres,364874.0,477622.0,76.3938847
2018,3,Aguascalientes,Mujeres,230249.0,519162.0,44.35012578
2018,3,Baja California,Hombres,1055101.0,1388114.0,76.00967932
2018,3,Baja California,Mujeres,719684.0,1447332.0,49.72487308
2018,3,Baja California Sur,Hombres,224190.0,281962.0,79.51071421
2018,3,Baja California Sur,Mujeres,157551.0,285368.0,55.20976423
2018,3,Campeche,Hombres,248709.0,306463.0,81.15465815
2018,3,Campeche,Mujeres,147638.0,336810.0,43.8342092
2018,3,Coahuila,Hombres,860409.0,1096483.0,78.46988964
2018,3,Coahuila,Mujeres,503865.0,1152015.0,43.73771175
2018,3,Colima,Hombres,213411.0,271198.0,78.69195201
2018,3,Colima,Mujeres,151139.0,280650.0,53.85319793
2018,3,Chiapas,Hombres,1413097.0,1675700.0,84.32875813
2018,3,Chiapas,Mujeres,528566.0,1921637.0,27.50602741
2018,3,Chihuahua,Hombres,1020688.0,1290091.0,79.11751962
2018,3,Chihuahua,Mujeres,683167.0,1419076.0,48.14167811
2018,3,Ciudad de México,Hombres,2639270.0,3490149.0,75.62055374
2018,3,Ciudad de México,Mujeres,2048160.0,4018998.0,50.96195619
2018,3,Durango,Hombres,486830.0,615456.0,79.10069932
2018,3,Durango,Mujeres,295731.0,682546.0,43.3276292
2018,3,Guanajuato,Hombres,1679851.0,2104385.0,79.82622001
2018,3,Guanajuato,Mujeres,1005364.0,2335593.0,43.04534223
2018,3,Guerrero,Hombres,909686.0,1154737.0,78.77863098
2018,3,Guerrero,Mujeres,541949.0,1340556.0,40.42718096
2018,3,Hidalgo,Hombres,805199.0,1037376.0,77.61881902
2018,3,Hidalgo,Mujeres,537305.0,1202754.0,44.67289238
2018,3,Jalisco,Hombres,2286507.0,2952162.0,77.45194878
2018,3,Jalisco,Mujeres,1477525.0,3172411.0,46.57419861
2018,3,México,Hombres,4618312.0,6045237.0,76.39587993
2018,3,México,Mujeres,2920939.0,6755475.0,43.23809947
2018,3,Michoacán,Hombres,1283519.0,1598706.0,80.28486789
2018,3,Michoacán,Mujeres,737631.0,1789434.0,41.22147003
2018,3,Morelos,Hombres,525707.0,706315.0,74.42953923
2018,3,Morelos,Mujeres,313819.0,784566.0,39.9990568
2018,3,Nayarit,Hombres,353515.0,436306.0,81.02455616
2018,3,Nayarit,Mujeres,239098.0,461000.0,51.86507592
2018,3,Nuevo León,Hombres,1618130.0,2072208.0,78.08723835
2018,3,Nuevo León,Mujeres,943898.0,2119642.0,44.53101043
2018,3,Oaxaca,Hombres,1026869.0,1336059.0,76.85805792
2018,3,Oaxaca,Mujeres,692789.0,1589446.0,43.58682208
2018,3,Puebla,Hombres,1756862.0,2197287.0,79.95596388
2018,3,Puebla,Mujeres,1129863.0,2560684.0,44.12348419
2018,3,Querétaro,Hombres,581928.0,809499.0,71.88742667
2018,3,Querétaro,Mujeres,365230.0,900993.0,40.53638597
2018,3,Quintana Roo,Hombres,566490.0,678484.0,83.49349432
2018,3,Quintana Roo,Mujeres,350195.0,685384.0,51.09471479
2018,3,San Luis Potosí,Hombres,786104.0,986416.0,79.69294902
2018,3,San Luis Potosí,Mujeres,456587.0,1078238.0,42.34566023
2018,3,Sinaloa,Hombres,808654.0,1089509.0,74.22187426
2018,3,Sinaloa,Mujeres,528680.0,1169044.0,45.22327645
2018,3,Sonora,Hombres,827647.0,1070030.0,77.34801828
2018,3,Sonora,Mujeres,539495.0,1112770.0,48.48216613
2018,3,Tabasco,Hombres,626905.0,824271.0,76.05569042
2018,3,Tabasco,Mujeres,338204.0,881800.0,38.35382173
2018,3,Tamaulipas,Hombres,978899.0,1269609.0,77.10239924
2018,3,Tamaulipas,Mujeres,628846.0,1347386.0,46.67155514
2018,3,Tlaxcala,Hombres,353755.0,441741.0,80.08199375
2018,3,Tlaxcala,Mujeres,234794.0,508618.0,46.16313225
2018,3,Veracruz,Hombres,2168777.0,2855873.0,75.94094695
2018,3,Veracruz,Mujeres,1101228.0,3210646.0,34.29926563
2018,3,Yucatán,Hombres,665611.0,826448.0,80.53876348
2018,3,Yucatán,Mujeres,428108.0,879079.0,48.69960493
2018,3,Zacatecas,Hombres,427131.0,546256.0,78.19245921
2018,3,Zacatecas,Mujeres,230691.0,606343.0,38.04628733
2018,4,Nacional,Hombres,34043549.0,44065419.0,77.25683716
2018,4,Nacional,Mujeres,21475845.0,48809008.0,43.99975718
2018,4,Aguascalientes,Hombres,370040.0,479977.0,77.09536082
2018,4,Aguascalientes,Mujeres,229033.0,525169.0,43.61129465
2018,4,Baja California,Hombres,1069236.0,1390268.0,76.90862481
2018,4,Baja California,Mujeres,716800.0,1457782.0,49.17058929
2018,4,Baja California Sur,Hombres,230793.0,286430.0,80.57570785
2018,4,Baja California Sur,Mujeres,158147.0,283698.0,55.74484135
2018,4,Campeche,Hombres,252999.0,312324.0,81.00530219
2018,4,Campeche,Mujeres,148735.0,339307.0,43.83493415
2018,4,Coahuila,Hombres,843879.0,1099868.0,76.72547978
2018,4,Coahuila,Mujeres,539632.0,1170867.0,46.08824059
2018,4,Colima,Hombres,216375.0,271246.0,79.7707616
2018,4,Colima,Mujeres,159356.0,286027.0,55.71362144
2018,4,Chiapas,Hombres,1402315.0,1692314.0,82.86375933
2018,4,Chiapas,Mujeres,516278.0,1933949.0,26.69553334
2018,4,Chihuahua,Hombres,1011441.0,1283565.0,78.7993596
2018,4,Chihuahua,Mujeres,699827.0,1414675.0,49.46910068
2018,4,Ciudad de México,Hombres,2616477.0,3514314.0,74.45199831
2018,4,Ciudad de México,Mujeres,2033638.0,4019283.0,50.59703435
2018,4,Durango,Hombres,491925.0,624418.0,78.7813612
2018,4,Durango,Mujeres,302726.0,681806.0,44.40060662
2018,4,Guanajuato,Hombres,1677383.0,2103240.0,79.75233449
2018,4,Guanajuato,Mujeres,1037060.0,2357991.0,43.98065981
2018,4,Guerrero,Hombres,913329.0,1165293.0,78.37762691
2018,4,Guerrero,Mujeres,594878.0,1338239.0,44.45229888
2018,4,Hidalgo,Hombres,804997.0,1050447.0,76.63375687
2018,4,Hidalgo,Mujeres,523244.0,1218413.0,42.94471579
2018,4,Jalisco,Hombres,2301923.0,2949349.0,78.04851172
2018,4,Jalisco,Mujeres,1480921.0,3165123.0,46.78873459
2018,4,México,Hombres,4600524.0,6044319.0,76.11318992
2018,4,México,Mujeres,2921952.0,6804270.0,42.94291673
2018,4,Michoacán,Hombres,1238270.0,1601766.0,77.3065479
2018,4,Michoacán,Mujeres,769009.0,1796008.0,42.81768233
2018,4,Morelos,Hombres,518398.0,705256.0,73.50494005
2018,4,Morelos,Mujeres,306628.0,792710.0,38.68098043
2018,4,Nayarit,Hombres,347201.0,439853.0,78.93568988
2018,4,Nayarit,Mujeres,238345.0,462160.0,51.57196642
2018,4,Nuevo León,Hombres,1610518.0,2087664.0,77.14450218
2018,4,Nuevo León,Mujeres,977469.0,2158079.0,45.29347628
2018,4,Oaxaca,Hombres,1023541.0,1349934.0,75.82155868
2018,4,Oaxaca,Mujeres,708448.0,1599386.0,44.29499821
2018,4,Puebla,Hombres,1737556.0,2193193.0,79.22494737
2018,4,Puebla,Mujeres,1152245.0,2565316.0,44.91629881
2018,4,Querétaro,Hombres,582576.0,826640.0,70.47517662
2018,4,Querétaro,Mujeres,365547.0,909207.0,40.20503582
2018,4,Quintana Roo,Hombres,572118.0,682707.0,83.8013965
2018,4,Quintana Roo,Mujeres,350925.0,685496.0,51.19285889
2018,4,San Luis Potosí,Hombres,773423.0,986748.0,78.38100508
2018,4,San Luis Potosí,Mujeres,444007.0,1078251.0,41.17844546
2018,4,Sinaloa,Hombres,817448.0,1086569.0,75.23203773
2018,4,Sinaloa,Mujeres,549678.0,1170370.0,46.96617309
2018,4,Sonora,Hombres,824354.0,1069020.0,77.11305682
2018,4,Sonora,Mujeres,566648.0,1114483.0,50.84402364
2018,4,Tabasco,Hombres,618604.0,821114.0,75.3371639
2018,4,Tabasco,Mujeres,355866.0,884658.0,40.22639257
2018,4,Tamaulipas,Hombres,987640.0,1255583.0,78.65987354
2018,4,Tamaulipas,Mujeres,630969.0,1355342.0,46.55422764
2018,4,Tlaxcala,Hombres,349715.0,446329.0,78.35363599
2018,4,Tlaxcala,Mujeres,239935.0,514247.0,46.65754005
2018,4,Veracruz,Hombres,2137831.0,2860131.0,74.74591199
2018,4,Veracruz,Mujeres,1067451.0,3226520.0,33.08366289
2018,4,Yucatán,Hombres,670062.0,834754.0,80.27059469
2018,4,Yucatán,Mujeres,455804.0,894423.0,50.96067521
2018,4,Zacatecas,Hombres,430658.0,550786.0,78.18971434
2018,4,Zacatecas,Mujeres,234644.0,605753.0,38.73592042
2019,1,Nacional,Hombres,34114946.0,44287308.0,77.03097691
2019,1,Nacional,Mujeres,21463406.0,49082109.0,43.72959198
2019,1,Aguascalientes,Hombres,369463.0,486217.0,75.98726495
2019,1,Aguascalientes,Mujeres,230564.0,531718.0,43.36208291
2019,1,Baja California,Hombres,1066185.0,1403515.0,75.96534415
2019,1,Baja California,Mujeres,705291.0,1466844.0,48.08220915
2019,1,Baja California Sur,Hombres,234644.0,287757.0,81.54241252
2019,1,Baja California Sur,Mujeres,161685.0,282332.0,57.26768485
2019,1,Campeche,Hombres,255832.0,321816.0,79.49635817
2019,1,Campeche,Mujeres,144689.0,340596.0,42.48112133
2019,1,Coahuila,Hombres,847062.0,1115182.0,75.95728769
2019,1,Coahuila,Mujeres,522835.0,1177129.0,44.41611752
2019,1,Colima,Hombres,211022.0,264369.0,79.82100776
2019,1,Colima,Mujeres,159792.0,289967.0,55.10696045
2019,1,Chiapas,Hombres,1397729.0,1674546.0,83.46913133
2019,1,Chiapas,Mujeres,545217.0,1957288.0,27.85573712
2019,1,Chihuahua,Hombres,1001812.0,1308836.0,76.54221002
2019,1,Chihuahua,Mujeres,639694.0,1423792.0,44.92889411
2019,1,Ciudad de México,Hombres,2637437.0,3547114.0,74.35444702
2019,1,Ciudad de México,Mujeres,2036091.0,4035873.0,50.44982833
2019,1,Durango,Hombres,490138.0,625413.0,78.37029291
2019,1,Durango,Mujeres,306333.0,691064.0,44.32773231
2019,1,Guanajuato,Hombres,1613975.0,2073048.0,77.85516785
2019,1,Guanajuato,Mujeres,1037057.0,2392248.0,43.3507312
2019,1,Guerrero,Hombres,871753.0,1176036.0,74.12638729
2019,1,Guerrero,Mujeres,583290.0,1350275.0,43.1978671
2019,1,Hidalgo,Hombres,797075.0,1039484.0,76.67987194
2019,1,Hidalgo,Mujeres,540400.0,1218561.0,44.34739008
2019,1,Jalisco,Hombres,2382729.0,2980066.0,79.95557817
2019,1,Jalisco,Mujeres,1472205.0,3184771.0,46.22640058
2019,1,México,Hombres,4583726.0,6055104.0,75.70020267
2019,1,México,Mujeres,2880392.0,6801173.0,42.35140027
2019,1,Michoacán,Hombres,1298047.0,1624882.0,79.88561631
2019,1,Michoacán,Mujeres,783600.0,1819079.0,43.07674378
2019,1,Morelos,Hombres,523049.0,714110.0,73.24487824
2019,1,Morelos,Mujeres,327652.0,795397.0,41.1935172
2019,1,Nayarit,Hombres,355408.0,443883.0,80.06794583
2019,1,Nayarit,Mujeres,240141.0,461584.0,52.02541683
2019,1,Nuevo León,Hombres,1618561.0,2111612.0,76.65049261
2019,1,Nuevo León,Mujeres,979351.0,2184533.0,44.83113782
2019,1,Oaxaca,Hombres,1022508.0,1351836.0,75.63846502
2019,1,Oaxaca,Mujeres,721250.0,1599233.0,45.09974469
2019,1,Puebla,Hombres,1783464.0,2220363.0,80.32308231
2019,1,Puebla,Mujeres,1139502.0,2567691.0,44.37847077
2019,1,Querétaro,Hombres,600970.0,831801.0,72.24925192
2019,1,Querétaro,Mujeres,361761.0,923240.0,39.18385252
2019,1,Quintana Roo,Hombres,577705.0,692350.0,83.44117859
2019,1,Quintana Roo,Mujeres,362009.0,690843.0,52.40105205
2019,1,San Luis Potosí,Hombres,768162.0,991482.0,77.47614178
2019,1,San Luis Potosí,Mujeres,441769.0,1085836.0,40.68468903
2019,1,Sinaloa,Hombres,825185.0,1106117.0,74.60196345
2019,1,Sinaloa,Mujeres,545439.0,1177997.0,46.30224016
2019,1,Sonora,Hombres,823979.0,1076405.0,76.54916133
2019,1,Sonora,Mujeres,557926.0,1115787.0,50.00291274
2019,1,Tabasco,Hombres,627099.0,819372.0,76.53410173
2019,1,Tabasco,Mujeres,342350.0,877106.0,39.03177039
2019,1,Tamaulipas,Hombres,985160.0,1267657.0,77.71502859
2019,1,Tamaulipas,Mujeres,639281.0,1365183.0,46.82749492
2019,1,Tlaxcala,Hombres,352213.0,453888.0,77.59909934
2019,1,Tlaxcala,Mujeres,243224.0,514748.0,47.25108208
2019,1,Veracruz,Hombres,2102008.0,2826479.0,74.368428
2019,1,Veracruz,Mujeres,1132104.0,3250809.0,34.82530041
2019,1,Yucatán,Hombres,674419.0,841632.0,80.1322906
2019,1,Yucatán,Mujeres,448622.0,901639.0,49.75627718
2019,1,Zacatecas,Hombres,416427.0,554936.0,75.04054522
2019,1,Zacatecas,Mujeres,231890.0,607773.0,38.15404765
2019,2,Nacional,Hombres,34419977.0,44598717.0,77.17705646
2019,2,Nacional,Mujeres,22127687.0,49223837.0,44.95319412
2019,2,Aguascalientes,Hombres,372852.0,490429.0,76.02568364
2019,2,Aguascalientes,Mujeres,237844.0,542331.0,43.855874
2019,2,Baja California,Hombres,1086317.0,1407238.0,77.19497342
2019,2,Baja California,Mujeres,711225.0,1469285.0,48.40619757
2019,2,Baja California Sur,Hombres,238971.0,294229.0,81.21939034
2019,2,Baja California Sur,Mujeres,164946.0,287818.0,57.30913285
2019,2,Campeche,Hombres,255935.0,322184.0,79.43752638
2019,2,Campeche,Mujeres,156866.0,348866.0,44.96454226
2019,2,Coahuila,Hombres,858055.0,1115641.0,76.91138995
2019,2,Coahuila,Mujeres,545268.0,1178980.0,46.2491306
2019,2,Colima,Hombres,206093.0,261739.0,78.73988974
2019,2,Colima,Mujeres,160304.0,292562.0,54.79317205
2019,2,Chiapas,Hombres,1434154.0,1718338.0,83.4616938
2019,2,Chiapas,Mujeres,658739.0,1976230.0,33.33311406
2019,2,Chihuahua,Hombres,1034487.0,1327115.0,77.95006461
2019,2,Chihuahua,Mujeres,654974.0,1422169.0,46.05458282
2019,2,Ciudad de México,Hombres,2709933.0,3585179.0,75.58710458
2019,2,Ciudad de México,Mujeres,2040881.0,4024303.0,50.71390002
2019,2,Durango,Hombres,485665.0,626240.0,77.55253577
2019,2,Durango,Mujeres,310115.0,695303.0,44.60141837
2019,2,Guanajuato,Hombres,1624923.0,2078255.0,78.18689237
2019,2,Guanajuato,Mujeres,1090784.0,2421737.0,45.04138971
2019,2,Guerrero,Hombres,882749.0,1180444.0,74.78109932
2019,2,Guerrero,Mujeres,602367.0,1346505.0,44.73559326
2019,2,Hidalgo,Hombres,805269.0,1052545.0,76.50684769
2019,2,Hidalgo,Mujeres,550946.0,1213176.0,45.41352615
2019,2,Jalisco,Hombres,2327662.0,2978203.0,78.15659309
2019,2,Jalisco,Mujeres,1526973.0,3242514.0,47.09225619
2019,2,México,Hombres,4677625.0,6137359.0,76.21560023
2019,2,México,Mujeres,2957468.0,6762249.0,43.73497634
2019,2,Michoacán,Hombres,1318885.0,1667141.0,79.11058513
2019,2,Michoacán,Mujeres,786120.0,1803449.0,43.58981041
2019,2,Morelos,Hombres,505422.0,710593.0,71.12679129
2019,2,Morelos,Mujeres,328811.0,809156.0,40.63629263
2019,2,Nayarit,Hombres,345714.0,439153.0,78.72290523
2019,2,Nayarit,Mujeres,244195.0,461470.0,52.91676599
2019,2,Nuevo León,Hombres,1640206.0,2139257.0,76.67176034
2019,2,Nuevo León,Mujeres,995277.0,2204156.0,45.15456256
2019,2,Oaxaca,Hombres,1028634.0,1338407.0,76.85509714
2019,2,Oaxaca,Mujeres,781343.0,1600297.0,48.82487438
2019,2,Puebla,Hombres,1777156.0,2250829.0,78.95562035
2019,2,Puebla,Mujeres,1149879.0,2571778.0,44.71144088
2019,2,Querétaro,Hombres,586678.0,839919.0,69.84935452
2019,2,Querétaro,Mujeres,368496.0,931243.0,39.57033771
2019,2,Quintana Roo,Hombres,566062.0,679515.0,83.30382699
2019,2,Quintana Roo,Mujeres,367731.0,709549.0,51.82601906
2019,2,San Luis Potosí,Hombres,766379.0,989208.0,77.4739994
2019,2,San Luis Potosí,Mujeres,472549.0,1091691.0,43.28596645
2019,2,Sinaloa,Hombres,841844.0,1117764.0,75.31500388
2019,2,Sinaloa,Mujeres,541734.0,1172867.0,46.18886881
2019,2,Sonora,Hombres,837534.0,1094721.0,76.50661675
2019,2,Sonora,Mujeres,559385.0,1115788.0,50.13362753
2019,2,Tabasco,Hombres,653901.0,831006.0,78.68787951
2019,2,Tabasco,Mujeres,381321.0,891404.0,42.77757336
2019,2,Tamaulipas,Hombres,998993.0,1265460.0,78.94307208
2019,2,Tamaulipas,Mujeres,653227.0,1363697.0,47.90118333
2019,2,Tlaxcala,Hombres,352349.0,455638.0,77.33090743
2019,2,Tlaxcala,Mujeres,253273.0,517133.0,48.97637552
2019,2,Veracruz,Hombres,2102035.0,2813341.0,74.71668027
2019,2,Veracruz,Mujeres,1177203.0,3230103.0,36.44475114
2019,2,Yucatán,Hombres,670916.0,839459.0,79.92242623
2019,2,Yucatán,Mujeres,444821.0,915012.0,48.61367938
2019,2,Zacatecas,Hombres,426579.0,552168.0,77.25529187
2019,2,Zacatecas,Mujeres,252622.0,611016.0,41.34458017
2019,3,Nacional,Hombres,34703857.0,44715512.0,77.61033129
2019,3,Nacional,Mujeres,22272218.0,49496423.0,44.99763145
2019,3,Aguascalientes,Hombres,375211.0,493039.0,76.1016877
2019,3,Aguascalientes,Mujeres,230381.0,545398.0,42.24089564
2019,3,Baja California,Hombres,1084582.0,1405031.0,77.19274521
2019,3,Baja California,Mujeres,725163.0,1475171.0,49.15789424
2019,3,Baja California Sur,Hombres,247619.0,296400.0,83.54217274
2019,3,Baja California Sur,Mujeres,173819.0,291068.0,59.71766048
2019,3,Campeche,Hombres,257064.0,321521.0,79.95247589
2019,3,Campeche,Mujeres,162413.0,352626.0,46.05814659
2019,3,Coahuila,Hombres,873767.0,1128112.0,77.45392301
2019,3,Coahuila,Mujeres,541007.0,1189774.0,45.47140886
2019,3,Colima,Hombres,212126.0,266316.0,79.65199237
2019,3,Colima,Mujeres,161240.0,289491.0,55.69775917
2019,3,Chiapas,Hombres,1451491.0,1738404.0,83.49560862
2019,3,Chiapas,Mujeres,662616.0,1999642.0,33.13673147
2019,3,Chihuahua,Hombres,1048897.0,1333811.0,78.63910254
2019,3,Chihuahua,Mujeres,664471.0,1426982.0,46.56477797
2019,3,Ciudad de México,Hombres,2692836.0,3556372.0,75.71862561
2019,3,Ciudad de México,Mujeres,2060821.0,4048667.0,50.90122255
2019,3,Durango,Hombres,499149.0,641162.0,77.8506836
2019,3,Durango,Mujeres,306210.0,693691.0,44.14213245
2019,3,Guanajuato,Hombres,1645922.0,2058813.0,79.94519172
2019,3,Guanajuato,Mujeres,1101328.0,2422583.0,45.46089855
2019,3,Guerrero,Hombres,909367.0,1193153.0,76.21545602
2019,3,Guerrero,Mujeres,598160.0,1360437.0,43.96822492
2019,3,Hidalgo,Hombres,811804.0,1057050.0,76.79901613
2019,3,Hidalgo,Mujeres,548798.0,1227322.0,44.71507885
2019,3,Jalisco,Hombres,2343009.0,2991061.0,78.33370834
2019,3,Jalisco,Mujeres,1556123.0,3244873.0,47.9563607
2019,3,México,Hombres,4699769.0,6124969.0,76.7313108
2019,3,México,Mujeres,2916543.0,6731288.0,43.32815651
2019,3,Michoacán,Hombres,1306568.0,1650291.0,79.17197634
2019,3,Michoacán,Mujeres,794880.0,1838451.0,43.23639847
2019,3,Morelos,Hombres,518730.0,716036.0,72.44468155
2019,3,Morelos,Mujeres,338133.0,811666.0,41.65913073
2019,3,Nayarit,Hombres,346125.0,437107.0,79.18541684
2019,3,Nayarit,Mujeres,246573.0,466133.0,52.89756357
2019,3,Nuevo León,Hombres,1666881.0,2171959.0,76.74550947
2019,3,Nuevo León,Mujeres,1004674.0,2234028.0,44.97141486
2019,3,Oaxaca,Hombres,1026613.0,1322221.0,77.64307177
2019,3,Oaxaca,Mujeres,814075.0,1625945.0,50.06780672
2019,3,Puebla,Hombres,1832053.0,2246542.0,81.54991093
2019,3,Puebla,Mujeres,1208358.0,2589727.0,46.65966722
2019,3,Querétaro,Hombres,601850.0,841473.0,71.52338815
2019,3,Querétaro,Mujeres,372612.0,935966.0,39.81042046
2019,3,Quintana Roo,Hombres,569014.0,684886.0,83.08156394
2019,3,Quintana Roo,Mujeres,340821.0,708173.0,48.12679952
2019,3,San Luis Potosí,Hombres,777081.0,998055.0,77.8595368
2019,3,San Luis Potosí,Mujeres,492006.0,1107900.0,44.40888167
2019,3,Sinaloa,Hombres,842235.0,1136033.0,74.13825127
2019,3,Sinaloa,Mujeres,546932.0,1185284.0,46.14354028
2019,3,Sonora,Hombres,858842.0,1112943.0,77.16855221
2019,3,Sonora,Mujeres,561811.0,1121389.0,50.09956402
2019,3,Tabasco,Hombres,659705.0,840021.0,78.53434617
2019,3,Tabasco,Mujeres,370258.0,898989.0,41.18604343
2019,3,Tamaulipas,Hombres,982551.0,1261920.0,77.86159186
2019,3,Tamaulipas,Mujeres,643128.0,1374921.0,46.77563293
2019,3,Tlaxcala,Hombres,361953.0,457029.0,79.19694374
2019,3,Tlaxcala,Mujeres,253478.0,519719.0,48.77212494
2019,3,Veracruz,Hombres,2076879.0,2824728.0,73.52491992
2019,3,Veracruz,Mujeres,1166550.0,3256847.0,35.81838508
2019,3,Yucatán,Hombres,689400.0,850127.0,81.09376599
2019,3,Yucatán,Mujeres,456819.0,914543.0,49.95052174
2019,3,Zacatecas,Hombres,434764.0,558927.0,77.78547109
2019,3,Zacatecas,Mujeres,252017.0,607729.0,41.46864803
2019,4,Nacional,Hombres,34612160.0,44834942.0,77.19907388
2019,4,Nacional,Mujeres,22665698.0,49896526.0,45.42540296
2019,4,Aguascalientes,Hombres,378474.0,499391.0,75.7871087
2019,4,Aguascalientes,Mujeres,254163.0,555883.0,45.72239122
2019,4,Baja California,Hombres,1078898.0,1396524.0,77.25595837
2019,4,Baja California,Mujeres,718213.0,1462065.0,49.1231922
2019,4,Baja California Sur,Hombres,243654.0,298480.0,81.63160011
2019,4,Baja California Sur,Mujeres,170147.0,294773.0,57.72136525
2019,4,Campeche,Hombres,260041.0,328932.0,79.0561575
2019,4,Campeche,Mujeres,165633.0,356757.0,46.42740016
2019,4,Coahuila,Hombres,880222.0,1141216.0,77.13018394
2019,4,Coahuila,Mujeres,531509.0,1202827.0,44.18831636
2019,4,Colima,Hombres,211136.0,268225.0,78.71600336
2019,4,Colima,Mujeres,160281.0,289916.0,55.28532402
2019,4,Chiapas,Hombres,1462341.0,1727368.0,84.65717786
2019,4,Chiapas,Mujeres,673034.0,2016314.0,33.37942404
2019,4,Chihuahua,Hombres,1039817.0,1346995.0,77.19531253
2019,4,Chihuahua,Mujeres,686319.0,1437541.0,47.74256873
2019,4,Ciudad de México,Hombres,2643517.0,3524338.0,75.00747658
2019,4,Ciudad de México,Mujeres,2105762.0,4091733.0,51.46381741
2019,4,Durango,Hombres,497435.0,641928.0,77.49077778
2019,4,Durango,Mujeres,308245.0,699173.0,44.08708574
2019,4,Guanajuato,Hombres,1628032.0,2076875.0,78.38854048
2019,4,Guanajuato,Mujeres,1126775.0,2394120.0,47.06426578
2019,4,Guerrero,Hombres,904734.0,1203887.0,75.15107315
2019,4,Guerrero,Mujeres,590302.0,1365190.0,43.23954907
2019,4,Hidalgo,Hombres,789846.0,1049477.0,75.26091568
2019,4,Hidalgo,Mujeres,548385.0,1241586.0,44.16810434
2019,4,Jalisco,Hombres,2365200.0,3022540.0,78.25206614
2019,4,Jalisco,Mujeres,1537164.0,3264543.0,47.08665194
2019,4,México,Hombres,4672044.0,6161660.0,75.82443692
2019,4,México,Mujeres,3049665.0,6799294.0,44.85267147
2019,4,Michoacán,Hombres,1297140.0,1651709.0,78.53320409
2019,4,Michoacán,Mujeres,803397.0,1851324.0,43.39580754
2019,4,Morelos,Hombres,513359.0,711544.0,72.14718977
2019,4,Morelos,Mujeres,338501.0,823246.0,41.11784327
2019,4,Nayarit,Hombres,339974.0,433322.0,78.45759043
2019,4,Nayarit,Mujeres,244527.0,470279.0,51.99615547
2019,4,Nuevo León,Hombres,1693549.0,2199809.0,76.9861838
2019,4,Nuevo León,Mujeres,1053076.0,2282028.0,46.14649776
2019,4,Oaxaca,Hombres,1030354.0,1309805.0,78.66468673
2019,4,Oaxaca,Mujeres,848707.0,1636669.0,51.85575092
2019,4,Puebla,Hombres,1819184.0,2263578.0,80.36763036
2019,4,Puebla,Mujeres,1181287.0,2599351.0,45.44545927
2019,4,Querétaro,Hombres,611616.0,853012.0,71.70074981
2019,4,Querétaro,Mujeres,383261.0,949628.0,40.35906692
2019,4,Quintana Roo,Hombres,567531.0,682396.0,83.1673984
2019,4,Quintana Roo,Mujeres,358062.0,714642.0,50.10368828
2019,4,San Luis Potosí,Hombres,771703.0,1002447.0,76.98192523
2019,4,San Luis Potosí,Mujeres,472689.0,1119275.0,42.23171249
2019,4,Sinaloa,Hombres,851165.0,1113910.0,76.41236725
2019,4,Sinaloa,Mujeres,563652.0,1199467.0,46.99187222
2019,4,Sonora,Hombres,854260.0,1102426.0,77.48910131
2019,4,Sonora,Mujeres,584409.0,1141395.0,51.20129315
2019,4,Tabasco,Hombres,653635.0,842214.0,77.60913497
2019,4,Tabasco,Mujeres,376473.0,913073.0,41.23142399
2019,4,Tamaulipas,Hombres,974220.0,1259929.0,77.32340473
2019,4,Tamaulipas,Mujeres,659931.0,1388701.0,47.5214607
2019,4,Tlaxcala,Hombres,361478.0,460080.0,78.56850982
2019,4,Tlaxcala,Mujeres,250805.0,524494.0,47.81846885
2019,4,Veracruz,Hombres,2098344.0,2842013.0,73.83301906
2019,4,Veracruz,Mujeres,1204525.0,3280385.0,36.71901316
2019,4,Yucatán,Hombres,691293.0,860922.0,80.29682131
2019,4,Yucatán,Mujeres,459247.0,917076.0,50.07731093
2019,4,Zacatecas,Hombres,427964.0,557990.0,76.69743185
2019,4,Zacatecas,Mujeres,257552.0,613778.0,41.96175164
2020,1,Nacional,Hombres,34455691.0,45076414.0,76.43840302
2020,1,Nacional,Mujeres,22559276.0,50075227.0,45.05077131
2020,1,Aguascalientes,Hombres,384368.0,507328.0,75.76321433
2020,1,Aguascalientes,Mujeres,247764.0,552894.0,44.81220632
2020,1,Baja California,Hombres,1062706.0,1393118.0,76.28255467
2020,1,Baja California,Mujeres,694461.0,1477225.0,47.01118652
2020,1,Baja California Sur,Hombres,245546.0,306648.0,80.07422191
2020,1,Baja California Sur,Mujeres,168446.0,293216.0,57.44775183
2020,1,Campeche,Hombres,264252.0,331634.0,79.68181791
2020,1,Campeche,Mujeres,162589.0,358297.0,45.37827556
2020,1,Coahuila,Hombres,871436.0,1154345.0,75.49181571
2020,1,Coahuila,Mujeres,524480.0,1205049.0,43.52354137
2020,1,Colima,Hombres,216517.0,271866.0,79.64107318
2020,1,Colima,Mujeres,155456.0,288782.0,53.83161
2020,1,Chiapas,Hombres,1437867.0,1718532.0,83.66832855
2020,1,Chiapas,Mujeres,660970.0,2007149.0,32.9307889
2020,1,Chihuahua,Hombres,1039624.0,1361234.0,76.37364333
2020,1,Chihuahua,Mujeres,684455.0,1436600.0,47.64409021
2020,1,Ciudad de México,Hombres,2604399.0,3571673.0,72.91818148
2020,1,Ciudad de México,Mujeres,2055382.0,4072499.0,50.46979754
2020,1,Durango,Hombres,492719.0,645238.0,76.36236551
2020,1,Durango,Mujeres,302474.0,706554.0,42.80974986
2020,1,Guanajuato,Hombres,1601748.0,2079432.0,77.02814999
2020,1,Guanajuato,Mujeres,1088053.0,2387433.0,45.57417946
2020,1,Guerrero,Hombres,904302.0,1199254.0,75.40537701
2020,1,Guerrero,Mujeres,612249.0,1360209.0,45.01139163
2020,1,Hidalgo,Hombres,802804.0,1062451.0,75.56150825
2020,1,Hidalgo,Mujeres,532538.0,1239323.0,42.97007318
2020,1,Jalisco,Hombres,2337313.0,3039328.0,76.90229551
2020,1,Jalisco,Mujeres,1563205.0,3267820.0,47.83632513
2020,1,México,Hombres,4628796.0,6197052.0,74.69351556
2020,1,México,Mujeres,3006487.0,6819614.0,44.08588228
2020,1,Michoacán,Hombres,1299350.0,1634786.0,79.48135108
2020,1,Michoacán,Mujeres,831997.0,1859257.0,44.74889701
2020,1,Morelos,Hombres,515018.0,709183.0,72.62131213
2020,1,Morelos,Mujeres,352906.0,830494.0,42.49350387
2020,1,Nayarit,Hombres,347160.0,439429.0,79.00252373
2020,1,Nayarit,Mujeres,250990.0,467005.0,53.74460659
2020,1,Nuevo León,Hombres,1712252.0,2232727.0,76.68882044
2020,1,Nuevo León,Mujeres,1047661.0,2295204.0,45.64565938
2020,1,Oaxaca,Hombres,1019554.0,1329045.0,76.71327908
2020,1,Oaxaca,Mujeres,780860.0,1647483.0,47.39715068
2020,1,Puebla,Hombres,1792437.0,2275383.0,78.77517763
2020,1,Puebla,Mujeres,1187949.0,2622566.0,45.29720129
2020,1,Querétaro,Hombres,633040.0,866459.0,73.06058336
2020,1,Querétaro,Mujeres,401386.0,960455.0,41.79123436
2020,1,Quintana Roo,Hombres,566264.0,686048.0,82.5399972
2020,1,Quintana Roo,Mujeres,356540.0,723683.0,49.26742787
2020,1,San Luis Potosí,Hombres,770507.0,1010954.0,76.21583178
2020,1,San Luis Potosí,Mujeres,478271.0,1127891.0,42.4040089
2020,1,Sinaloa,Hombres,843512.0,1122302.0,75.15909265
2020,1,Sinaloa,Mujeres,563206.0,1199179.0,46.96596588
2020,1,Sonora,Hombres,853810.0,1122642.0,76.05363063
2020,1,Sonora,Mujeres,562055.0,1134840.0,49.52724613
2020,1,Tabasco,Hombres,650973.0,831974.0,78.24439225
2020,1,Tabasco,Mujeres,394399.0,926502.0,42.56860752
2020,1,Tamaulipas,Hombres,958518.0,1270674.0,75.43382488
2020,1,Tamaulipas,Mujeres,647791.0,1402431.0,46.19057907
2020,1,Tlaxcala,Hombres,358762.0,460880.0,77.84282243
2020,1,Tlaxcala,Mujeres,251325.0,528960.0,47.51304446
2020,1,Veracruz,Hombres,2140557.0,2829649.0,75.64743896
2020,1,Veracruz,Mujeres,1274737.0,3328985.0,38.29206199
2020,1,Yucatán,Hombres,685673.0,854964.0,80.19904932
2020,1,Yucatán,Mujeres,461903.0,920478.0,50.18077564
2020,1,Zacatecas,Hombres,413907.0,560182.0,73.8879507
2020,1,Zacatecas,Mujeres,256291.0,627150.0,40.86598103
2020,2,Nacional,Hombres,28613521.0,45124319.0,63.41046715
2020,2,Nacional,Mujeres,18365328.0,50257599.0,36.54242298
2020,2,Aguascalientes,Hombres,,,
2020,2,Aguascalientes,Mujeres,,,
2020,2,Baja California,Hombres,,,
2020,2,Baja California,Mujeres,,,
2020,2,Baja California Sur,Hombres,,,
2020,2,Baja California Sur,Mujeres,,,
2020,2,Campeche,Hombres,,,
2020,2,Campeche,Mujeres,,,
2020,2,Coahuila,Hombres,,,
2020,2,Coahuila,Mujeres,,,
2020,2,Colima,Hombres,,,
2020,2,Colima,Mujeres,,,
2020,2,Chiapas,Hombres,,,
2020,2,Chiapas,Mujeres,,,
2020,2,Chihuahua,Hombres,,,
2020,2,Chihuahua,Mujeres,,,
2020,2,Ciudad de México,Hombres,,,
2020,2,Ciudad de México,Mujeres,,,
2020,2,Durango,Hombres,,,
2020,2,Durango,Mujeres,,,
2020,2,Guanajuato,Hombres,,,
2020,2,Guanajuato,Mujeres,,,
2020,2,Guerrero,Hombres,,,
2020,2,Guerrero,Mujeres,,,
2020,2,Hidalgo,Hombres,,,
2020,2,Hidalgo,Mujeres,,,
2020,2,Jalisco,Hombres,,,
2020,2,Jalisco,Mujeres,,,
2020,2,México,Hombres,,,
2020,2,México,Mujeres,,,
2020,2,Michoacán,Hombres,,,
2020,2,Michoacán,Mujeres,,,
2020,2,Morelos,Hombres,,,
2020,2,Morelos,Mujeres,,,
2020,2,Nayarit,Hombres,,,
2020,2,Nayarit,Mujeres,,,
2020,2,Nuevo León,Hombres,,,
2020,2,Nuevo León,Mujeres,,,
2020,2,Oaxaca,Hombres,,,
2020,2,Oaxaca,Mujeres,,,
2020,2,Puebla,Hombres,,,
2020,2,Puebla,Mujeres,,,
2020,2,Querétaro,Hombres,,,
2020,2,Querétaro,Mujeres,,,
2020,2,Quintana Roo,Hombres,,,
2020,2,Quintana Roo,Mujeres,,,
2020,2,San Luis Potosí,Hombres,,,
2020,2,San Luis Potosí,Mujeres,,,
2020,2,Sinaloa,Hombres,,,
2020,2,Sinaloa,Mujeres,,,
2020,2,Sonora,Hombres,,,
2020,2,Sonora,Mujeres,,,
2020,2,Tabasco,Hombres,,,
2020,2,Tabasco,Mujeres,,,
2020,2,Tamaulipas,Hombres,,,
2020,2,Tamaulipas,Mujeres,,,
2020,2,Tlaxcala,Hombres,,,
2020,2,Tlaxcala,Mujeres,,,
2020,2,Veracruz,Hombres,,,
2020,2,Veracruz,Mujeres,,,
2020,2,Yucatán,Hombres,,,
2020,2,Yucatán,Mujeres,,,
2020,2,Zacatecas,Hombres,,,
2020,2,Zacatecas,Mujeres,,,
2020,3,Nacional,Hombres,33405814.0,45956648.0,72.68984022
2020,3,Nacional,Mujeres,20165977.0,50382749.0,40.02555915
2020,3,Aguascalientes,Hombres,380362.0,511199.0,74.4058576
2020,3,Aguascalientes,Mujeres,232526.0,555950.0,41.82498426
2020,3,Baja California,Hombres,1022596.0,1438638.0,71.08084174
2020,3,Baja California,Mujeres,654776.0,1495016.0,43.79725702
2020,3,Baja California Sur,Hombres,221309.0,302382.0,73.18854958
2020,3,Baja California Sur,Mujeres,144173.0,301344.0,47.84332855
2020,3,Campeche,Hombres,249478.0,333851.0,74.72734843
2020,3,Campeche,Mujeres,139275.0,373833.0,37.25594049
2020,3,Coahuila,Hombres,871238.0,1172625.0,74.29809189
2020,3,Coahuila,Mujeres,516019.0,1214493.0,42.48842933
2020,3,Colima,Hombres,210128.0,280952.0,74.79142345
2020,3,Colima,Mujeres,132951.0,290881.0,45.70631977
2020,3,Chiapas,Hombres,1436781.0,1800671.0,79.7914222
2020,3,Chiapas,Mujeres,568855.0,2032118.0,27.99320709
2020,3,Chihuahua,Hombres,1059782.0,1392990.0,76.07965599
2020,3,Chihuahua,Mujeres,672796.0,1465295.0,45.91539588
2020,3,Ciudad de México,Hombres,2213456.0,3564094.0,62.10431038
2020,3,Ciudad de México,Mujeres,1700281.0,4128998.0,41.17902213
2020,3,Durango,Hombres,512238.0,667677.0,76.7194317
2020,3,Durango,Mujeres,295522.0,713416.0,41.42351727
2020,3,Guanajuato,Hombres,1631064.0,2122235.0,76.8559561
2020,3,Guanajuato,Mujeres,1019301.0,2409327.0,42.30646151
2020,3,Guerrero,Hombres,914424.0,1219126.0,75.00652107
2020,3,Guerrero,Mujeres,556837.0,1348198.0,41.30231613
2020,3,Hidalgo,Hombres,795760.0,1085923.0,73.27959717
2020,3,Hidalgo,Mujeres,461216.0,1267386.0,36.39112315
2020,3,Jalisco,Hombres,2314717.0,3053002.0,75.81773612
2020,3,Jalisco,Mujeres,1445046.0,3309507.0,43.6634822
2020,3,México,Hombres,4435579.0,6330340.0,70.06857452
2020,3,México,Mujeres,2550519.0,6827239.0,37.35798615
2020,3,Michoacán,Hombres,1250878.0,1634216.0,76.54300288
2020,3,Michoacán,Mujeres,701931.0,1846225.0,38.01979715
2020,3,Morelos,Hombres,496283.0,731784.0,67.81823598
2020,3,Morelos,Mujeres,336306.0,836486.0,40.20461789
2020,3,Nayarit,Hombres,382077.0,448906.0,85.11291896
2020,3,Nayarit,Mujeres,245157.0,456079.0,53.7531875
2020,3,Nuevo León,Hombres,1702451.0,2312109.0,73.63195247
2020,3,Nuevo León,Mujeres,1007364.0,2308355.0,43.63990807
2020,3,Oaxaca,Hombres,1043539.0,1388010.0,75.18238341
2020,3,Oaxaca,Mujeres,757896.0,1665655.0,45.50137934
2020,3,Puebla,Hombres,1742618.0,2367509.0,73.60554912
2020,3,Puebla,Mujeres,1074443.0,2526803.0,42.5218349
2020,3,Querétaro,Hombres,608210.0,873935.0,69.59442064
2020,3,Querétaro,Mujeres,374603.0,983072.0,38.10534732
2020,3,Quintana Roo,Hombres,516995.0,708488.0,72.97159585
2020,3,Quintana Roo,Mujeres,307468.0,730588.0,42.0850055
2020,3,San Luis Potosí,Hombres,764326.0,1012833.0,75.46416833
2020,3,San Luis Potosí,Mujeres,448290.0,1158847.0,38.68414036
2020,3,Sinaloa,Hombres,778274.0,1130393.0,68.84986018
2020,3,Sinaloa,Mujeres,460945.0,1167298.0,39.48820267
2020,3,Sonora,Hombres,782396.0,1135597.0,68.89732889
2020,3,Sonora,Mujeres,459134.0,1146649.0,40.04137273
2020,3,Tabasco,Hombres,593798.0,826437.0,71.85036488
2020,3,Tabasco,Mujeres,293171.0,933529.0,31.40459482
2020,3,Tamaulipas,Hombres,936765.0,1278878.0,73.24897293
2020,3,Tamaulipas,Mujeres,590221.0,1433231.0,41.18114944
2020,3,Tlaxcala,Hombres,343325.0,460584.0,74.54123461
2020,3,Tlaxcala,Mujeres,222924.0,526802.0,42.31646805
2020,3,Veracruz,Hombres,2051522.0,2922941.0,70.18691106
2020,3,Veracruz,Mujeres,1135841.0,3410204.0,33.30712767
2020,3,Yucatán,Hombres,705153.0,900471.0,78.30935144
2020,3,Yucatán,Mujeres,411334.0,896579.0,45.87816578
2020,3,Zacatecas,Hombres,438292.0,547852.0,80.00189832
2020,3,Zacatecas,Mujeres,248856.0,623346.0,39.9226112
2020,4,Nacional,Hombres,34061444.0,45876630.0,74.24574124
2020,4,Nacional,Mujeres,21591996.0,50763490.0,42.53449871
2020,4,Aguascalientes,Hombres,371570.0,511650.0,72.62190951
2020,4,Aguascalientes,Mujeres,246338.0,558456.0,44.11054765
2020,4,Baja California,Hombres,1057336.0,1456614.0,72.58861991
2020,4,Baja California,Mujeres,669217.0,1446729.0,46.25724652
2020,4,Baja California Sur,Hombres,237601.0,310315.0,76.56768123
2020,4,Baja California Sur,Mujeres,155286.0,308116.0,50.3985512
2020,4,Campeche,Hombres,265129.0,335962.0,78.91636554
2020,4,Campeche,Mujeres,151605.0,362616.0,41.80869018
2020,4,Coahuila,Hombres,898051.0,1179860.0,76.11504755
2020,4,Coahuila,Mujeres,530494.0,1213645.0,43.71080505
2020,4,Colima,Hombres,207437.0,272314.0,76.17566486
2020,4,Colima,Mujeres,142561.0,299135.0,47.6577465
2020,4,Chiapas,Hombres,1483101.0,1813927.0,81.76189009
2020,4,Chiapas,Mujeres,615091.0,2058101.0,29.88633697
2020,4,Chihuahua,Hombres,1037304.0,1370010.0,75.71506777
2020,4,Chihuahua,Mujeres,673080.0,1474016.0,45.66300501
2020,4,Ciudad de México,Hombres,2337147.0,3555959.0,65.72480166
2020,4,Ciudad de México,Mujeres,1829622.0,4107338.0,44.54520178
2020,4,Durango,Hombres,502583.0,658308.0,76.34465934
2020,4,Durango,Mujeres,298242.0,699479.0,42.63773466
2020,4,Guanajuato,Hombres,1630758.0,2120853.0,76.89160918
2020,4,Guanajuato,Mujeres,1105510.0,2454359.0,45.04271787
2020,4,Guerrero,Hombres,955403.0,1243135.0,76.85432395
2020,4,Guerrero,Mujeres,566616.0,1340502.0,42.26894104
2020,4,Hidalgo,Hombres,780361.0,1086170.0,71.84519919
2020,4,Hidalgo,Mujeres,506634.0,1259620.0,40.22117782
2020,4,Jalisco,Hombres,2315335.0,3033125.0,76.33496806
2020,4,Jalisco,Mujeres,1486588.0,3330212.0,44.63944037
2020,4,México,Hombres,4501548.0,6332986.0,71.08097191
2020,4,México,Mujeres,2827442.0,6962866.0,40.60744527
2020,4,Michoacán,Hombres,1251572.0,1612286.0,77.62717037
2020,4,Michoacán,Mujeres,721513.0,1867461.0,38.63604113
2020,4,Morelos,Hombres,504849.0,731093.0,69.05400544
2020,4,Morelos,Mujeres,350817.0,833561.0,42.08654196
2020,4,Nayarit,Hombres,370497.0,439931.0,84.2170704
2020,4,Nayarit,Mujeres,263151.0,458791.0,57.35748958
2020,4,Nuevo León,Hombres,1711745.0,2302107.0,74.35557948
2020,4,Nuevo León,Mujeres,1051695.0,2351761.0,44.71946767
2020,4,Oaxaca,Hombres,1107243.0,1401522.0,79.00289828
2020,4,Oaxaca,Mujeres,788570.0,1686012.0,46.77131598
2020,4,Puebla,Hombres,1782746.0,2358323.0,75.59380119
2020,4,Puebla,Mujeres,1171432.0,2623006.0,44.65990547
2020,4,Querétaro,Hombres,642316.0,875049.0,73.40343226
2020,4,Querétaro,Mujeres,417034.0,992255.0,42.02891394
2020,4,Quintana Roo,Hombres,547548.0,704965.0,77.67023895
2020,4,Quintana Roo,Mujeres,333199.0,723667.0,46.04313863
2020,4,San Luis Potosí,Hombres,774890.0,1027809.0,75.3924124
2020,4,San Luis Potosí,Mujeres,473816.0,1146102.0,41.34152109
2020,4,Sinaloa,Hombres,803613.0,1134250.0,70.84972449
2020,4,Sinaloa,Mujeres,495290.0,1215943.0,40.73299489
2020,4,Sonora,Hombres,834962.0,1116774.0,74.76553
2020,4,Sonora,Mujeres,560930.0,1166451.0,48.08860381
2020,4,Tabasco,Hombres,610969.0,847394.0,72.09975525
2020,4,Tabasco,Mujeres,330251.0,935494.0,35.30231086
2020,4,Tamaulipas,Hombres,951792.0,1275180.0,74.63981556
2020,4,Tamaulipas,Mujeres,646105.0,1451051.0,44.52669134
2020,4,Tlaxcala,Hombres,358875.0,468103.0,76.66581927
2020,4,Tlaxcala,Mujeres,245155.0,542945.0,45.15282395
2020,4,Veracruz,Hombres,2065733.0,2842562.0,72.67151957
2020,4,Veracruz,Mujeres,1233914.0,3354988.0,36.7784922
2020,4,Yucatán,Hombres,721859.0,906326.0,79.64672756
2020,4,Yucatán,Mujeres,439832.0,905621.0,48.56689498
2020,4,Zacatecas,Hombres,439571.0,551768.0,79.66591031
2020,4,Zacatecas,Mujeres,264966.0,633191.0,41.84614121
2021,1,Nacional,Hombres,34189144.0,46056801.0,74.23256339
2021,1,Nacional,Mujeres,21195989.0,50884068.0,41.65545294
2021,1,Aguascalientes,Hombres,374170.0,508708.0,73.55300094
2021,1,Aguascalientes,Mujeres,244119.0,560580.0,43.54757573
2021,1,Baja California,Hombres,1048841.0,1447993.0,72.43412088
2021,1,Baja California,Mujeres,683141.0,1502493.0,45.4671669
2021,1,Baja California Sur,Hombres,236983.0,308826.0,76.73673849
2021,1,Baja California Sur,Mujeres,166469.0,313559.0,53.09016804
2021,1,Campeche,Hombres,274577.0,340949.0,80.53315892
2021,1,Campeche,Mujeres,164286.0,363417.0,45.20592047
2021,1,Coahuila,Hombres,885293.0,1174504.0,75.37590336
2021,1,Coahuila,Mujeres,534069.0,1218632.0,43.82528934
2021,1,Colima,Hombres,208582.0,275964.0,75.58304706
2021,1,Colima,Mujeres,156681.0,298018.0,52.57434115
2021,1,Chiapas,Hombres,1482013.0,1826701.0,81.13057364
2021,1,Chiapas,Mujeres,649262.0,2058473.0,31.54095293
2021,1,Chihuahua,Hombres,1032713.0,1381158.0,74.77153229
2021,1,Chihuahua,Mujeres,638501.0,1471520.0,43.39057573
2021,1,Ciudad de México,Hombres,2363831.0,3578061.0,66.06458079
2021,1,Ciudad de México,Mujeres,1811826.0,4168688.0,43.46273936
2021,1,Durango,Hombres,496575.0,651707.0,76.19605129
2021,1,Durango,Mujeres,307002.0,716125.0,42.86989003
2021,1,Guanajuato,Hombres,1645792.0,2158728.0,76.23897036
2021,1,Guanajuato,Mujeres,1038530.0,2454788.0,42.30630099
2021,1,Guerrero,Hombres,860250.0,1200946.0,71.63103087
2021,1,Guerrero,Mujeres,555691.0,1370073.0,40.55922568
2021,1,Hidalgo,Hombres,786695.0,1096386.0,71.75347004
2021,1,Hidalgo,Mujeres,493819.0,1268722.0,38.92255356
2021,1,Jalisco,Hombres,2353924.0,3045117.0,77.30159465
2021,1,Jalisco,Mujeres,1525982.0,3357141.0,45.45480812
2021,1,México,Hombres,4577259.0,6367559.0,71.88404536
2021,1,México,Mujeres,2679388.0,6886758.0,38.90637656
2021,1,Michoacán,Hombres,1272110.0,1665216.0,76.39309255
2021,1,Michoacán,Mujeres,717590.0,1867442.0,38.42636077
2021,1,Morelos,Hombres,491491.0,730928.0,67.24205394
2021,1,Morelos,Mujeres,331695.0,841105.0,39.43562338
2021,1,Nayarit,Hombres,401637.0,472635.0,84.97826018
2021,1,Nayarit,Mujeres,249943.0,471956.0,52.95896228
2021,1,Nuevo León,Hombres,1753541.0,2350728.0,74.59565718
2021,1,Nuevo León,Mujeres,1031639.0,2372962.0,43.47473748
2021,1,Oaxaca,Hombres,1065347.0,1378077.0,77.30678329
2021,1,Oaxaca,Mujeres,786590.0,1695446.0,46.39428209
2021,1,Puebla,Hombres,1800646.0,2344260.0,76.81084863
2021,1,Puebla,Mujeres,1076623.0,2635156.0,40.85613907
2021,1,Querétaro,Hombres,640394.0,878979.0,72.85657564
2021,1,Querétaro,Mujeres,369901.0,976676.0,37.87346059
2021,1,Quintana Roo,Hombres,576839.0,721996.0,79.89504097
2021,1,Quintana Roo,Mujeres,342220.0,718760.0,47.61255496
2021,1,San Luis Potosí,Hombres,746351.0,1003561.0,74.37026748
2021,1,San Luis Potosí,Mujeres,487479.0,1167698.0,41.74700993
2021,1,Sinaloa,Hombres,837402.0,1163407.0,71.978422
2021,1,Sinaloa,Mujeres,511106.0,1181205.0,43.26988118
2021,1,Sonora,Hombres,808472.0,1092710.0,73.98779182
2021,1,Sonora,Mujeres,548952.0,1164440.0,47.14300436
2021,1,Tabasco,Hombres,621329.0,835695.0,74.34877557
2021,1,Tabasco,Mujeres,346308.0,920047.0,37.64025099
2021,1,Tamaulipas,Hombres,961706.0,1287625.0,74.68836035
2021,1,Tamaulipas,Mujeres,624733.0,1439701.0,43.39324624
2021,1,Tlaxcala,Hombres,347942.0,468903.0,74.20340667
2021,1,Tlaxcala,Mujeres,237778.0,543702.0,43.73314794
2021,1,Veracruz,Hombres,2099292.0,2853297.0,73.57425463
2021,1,Veracruz,Mujeres,1156057.0,3320495.0,34.81580307
2021,1,Yucatán,Hombres,711426.0,890589.0,79.88263947
2021,1,Yucatán,Mujeres,472293.0,923128.0,51.16224402
2021,1,Zacatecas,Hombres,425721.0,554888.0,76.72196912
2021,1,Zacatecas,Mujeres,256316.0,635162.0,40.35442926
2021,2,Nacional,Hombres,35057441.0,46213616.0,75.85954971
2021,2,Nacional,Mujeres,22610813.0,51449144.0,43.94788959
2021,2,Aguascalientes,Hombres,379035.0,511761.0,74.06484668
2021,2,Aguascalientes,Mujeres,252829.0,564804.0,44.76402433
2021,2,Baja California,Hombres,1097712.0,1490165.0,73.66378891
2021,2,Baja California,Mujeres,711029.0,1514323.0,46.95358916
2021,2,Baja California Sur,Hombres,249403.0,312281.0,79.86492934
2021,2,Baja California Sur,Mujeres,177312.0,321138.0,55.21364647
2021,2,Campeche,Hombres,272514.0,339557.0,80.25574499
2021,2,Campeche,Mujeres,170691.0,363162.0,47.00133825
2021,2,Coahuila,Hombres,912357.0,1175471.0,77.61629168
2021,2,Coahuila,Mujeres,554927.0,1235737.0,44.90656183
2021,2,Colima,Hombres,217497.0,276381.0,78.69462807
2021,2,Colima,Mujeres,163597.0,297380.0,55.01277826
2021,2,Chiapas,Hombres,1557648.0,1859486.0,83.76766483
2021,2,Chiapas,Mujeres,705658.0,2093765.0,33.7028272
2021,2,Chihuahua,Hombres,1074139.0,1402793.0,76.57145423
2021,2,Chihuahua,Mujeres,666493.0,1478733.0,45.07189601
2021,2,Ciudad de México,Hombres,2515067.0,3610346.0,69.66276916
2021,2,Ciudad de México,Mujeres,1924527.0,4151850.0,46.35348098
2021,2,Durango,Hombres,518540.0,665339.0,77.93620996
2021,2,Durango,Mujeres,324627.0,708108.0,45.84427799
2021,2,Guanajuato,Hombres,1675906.0,2155928.0,77.73478521
2021,2,Guanajuato,Mujeres,1124602.0,2504609.0,44.90129996
2021,2,Guerrero,Hombres,917603.0,1202031.0,76.33771508
2021,2,Guerrero,Mujeres,613772.0,1389008.0,44.18779445
2021,2,Hidalgo,Hombres,805368.0,1084042.0,74.29306245
2021,2,Hidalgo,Mujeres,520806.0,1288515.0,40.41908709
2021,2,Jalisco,Hombres,2392572.0,3042102.0,78.64864492
2021,2,Jalisco,Mujeres,1564547.0,3383746.0,46.23712891
2021,2,México,Hombres,4715426.0,6328577.0,74.51005179
2021,2,México,Mujeres,3037317.0,7082243.0,42.88637089
2021,2,Michoacán,Hombres,1257496.0,1682986.0,74.71814976
2021,2,Michoacán,Mujeres,784348.0,1896982.0,41.34715037
2021,2,Morelos,Hombres,520105.0,740170.0,70.26831674
2021,2,Morelos,Mujeres,335206.0,826954.0,40.53502371
2021,2,Nayarit,Hombres,395496.0,470191.0,84.11390265
2021,2,Nayarit,Mujeres,231639.0,457074.0,50.67866472
2021,2,Nuevo León,Hombres,1797052.0,2337845.0,76.86788474
2021,2,Nuevo León,Mujeres,1105986.0,2377674.0,46.51546007
2021,2,Oaxaca,Hombres,1075217.0,1401945.0,76.69466349
2021,2,Oaxaca,Mujeres,769018.0,1715923.0,44.81657976
2021,2,Puebla,Hombres,1799875.0,2304379.0,78.10672637
2021,2,Puebla,Mujeres,1224428.0,2694528.0,45.44127951
2021,2,Querétaro,Hombres,642223.0,875434.0,73.36052746
2021,2,Querétaro,Mujeres,410703.0,985952.0,41.65547613
2021,2,Quintana Roo,Hombres,588255.0,730445.0,80.5337842
2021,2,Quintana Roo,Mujeres,332396.0,725765.0,45.79939788
2021,2,San Luis Potosí,Hombres,780539.0,1032437.0,75.60161056
2021,2,San Luis Potosí,Mujeres,501787.0,1146220.0,43.77754707
2021,2,Sinaloa,Hombres,843045.0,1168285.0,72.16090252
2021,2,Sinaloa,Mujeres,525059.0,1212132.0,43.31698198
2021,2,Sonora,Hombres,825290.0,1095358.0,75.34431665
2021,2,Sonora,Mujeres,576735.0,1175867.0,49.04763889
2021,2,Tabasco,Hombres,639179.0,840330.0,76.06285626
2021,2,Tabasco,Mujeres,359185.0,918114.0,39.12204802
2021,2,Tamaulipas,Hombres,973631.0,1299959.0,74.89705445
2021,2,Tamaulipas,Mujeres,672127.0,1438868.0,46.7122071
2021,2,Tlaxcala,Hombres,361440.0,471365.0,76.67943101
2021,2,Tlaxcala,Mujeres,257819.0,542352.0,47.53720831
2021,2,Veracruz,Hombres,2139573.0,2888330.0,74.07647326
2021,2,Veracruz,Mujeres,1259788.0,3385551.0,37.21072286
2021,2,Yucatán,Hombres,696284.0,873130.0,79.74574233
2021,2,Yucatán,Mujeres,492727.0,941844.0,52.31513924
2021,2,Zacatecas,Hombres,421954.0,544767.0,77.45586645
2021,2,Zacatecas,Mujeres,259128.0,630223.0,41.1168745
2021,3,Nacional,Hombres,35462690.0,46458594.0,76.33181925
2021,3,Nacional,Mujeres,22844756.0,51659777.0,44.22155365
2021,3,Aguascalientes,Hombres,394705.0,518235.0,76.16332359
2021,3,Aguascalientes,Mujeres,255439.0,576134.0,44.33673416
2021,3,Baja California,Hombres,1104448.0,1484357.0,74.40582016
2021,3,Baja California,Mujeres,709177.0,1504282.0,47.14388659
2021,3,Baja California Sur,Hombres,250849.0,320999.0,78.14634937
2021,3,Baja California Sur,Mujeres,173540.0,314179.0,55.23602787
2021,3,Campeche,Hombres,271393.0,341410.0,79.49181336
2021,3,Campeche,Mujeres,159945.0,365108.0,43.8075857
2021,3,Coahuila,Hombres,923086.0,1195733.0,77.19833776
2021,3,Coahuila,Mujeres,565760.0,1244134.0,45.47420133
2021,3,Colima,Hombres,224682.0,285669.0,78.65116621
2021,3,Colima,Mujeres,169966.0,304315.0,55.85199547
2021,3,Chiapas,Hombres,1519828.0,1825799.0,83.24180263
2021,3,Chiapas,Mujeres,650216.0,2090308.0,31.10622932
2021,3,Chihuahua,Hombres,1092195.0,1409631.0,77.48091522
2021,3,Chihuahua,Mujeres,682610.0,1481330.0,46.08088677
2021,3,Ciudad de México,Hombres,2598114.0,3617904.0,71.81268491
2021,3,Ciudad de México,Mujeres,2126013.0,4174088.0,50.93359316
2021,3,Durango,Hombres,510547.0,649462.0,78.61075783
2021,3,Durango,Mujeres,331787.0,711682.0,46.62011966
2021,3,Guanajuato,Hombres,1697388.0,2157225.0,78.68386469
2021,3,Guanajuato,Mujeres,1132871.0,2507984.0,45.17058323
2021,3,Guerrero,Hombres,934250.0,1203737.0,77.6124685
2021,3,Guerrero,Mujeres,592565.0,1390583.0,42.61270273
2021,3,Hidalgo,Hombres,810564.0,1089769.0,74.37943271
2021,3,Hidalgo,Mujeres,566442.0,1296776.0,43.6807899
2021,3,Jalisco,Hombres,2410145.0,3091885.0,77.95066763
2021,3,Jalisco,Mujeres,1549355.0,3389451.0,45.71109009
2021,3,México,Hombres,4869514.0,6410061.0,75.96673417
2021,3,México,Mujeres,3087311.0,7131686.0,43.29005792
2021,3,Michoacán,Hombres,1342725.0,1719561.0,78.0853369
2021,3,Michoacán,Mujeres,830656.0,1925912.0,43.13052725
2021,3,Morelos,Hombres,519646.0,731022.0,71.08486475
2021,3,Morelos,Mujeres,338174.0,834718.0,40.51356266
2021,3,Nayarit,Hombres,355670.0,448281.0,79.34085986
2021,3,Nayarit,Mujeres,245022.0,480507.0,50.99238929
2021,3,Nuevo León,Hombres,1781539.0,2331632.0,76.40738333
2021,3,Nuevo León,Mujeres,1085116.0,2366014.0,45.86261958
2021,3,Oaxaca,Hombres,1064044.0,1414532.0,75.22233502
2021,3,Oaxaca,Mujeres,719869.0,1694889.0,42.47292891
2021,3,Puebla,Hombres,1789627.0,2288642.0,78.19602192
2021,3,Puebla,Mujeres,1210112.0,2729882.0,44.32836291
2021,3,Querétaro,Hombres,661112.0,871342.0,75.87284901
2021,3,Querétaro,Mujeres,426076.0,1005113.0,42.39085556
2021,3,Quintana Roo,Hombres,586179.0,721732.0,81.21837469
2021,3,Quintana Roo,Mujeres,344265.0,738338.0,46.62701906
2021,3,San Luis Potosí,Hombres,780175.0,1007924.0,77.40414952
2021,3,San Luis Potosí,Mujeres,531566.0,1149208.0,46.25498604
2021,3,Sinaloa,Hombres,814709.0,1133947.0,71.8471851
2021,3,Sinaloa,Mujeres,532709.0,1248668.0,42.66218082
2021,3,Sonora,Hombres,849815.0,1112641.0,76.37818488
2021,3,Sonora,Mujeres,591302.0,1182703.0,49.99581467
2021,3,Tabasco,Hombres,644408.0,857151.0,75.18021912
2021,3,Tabasco,Mujeres,361950.0,951747.0,38.03006471
2021,3,Tamaulipas,Hombres,995500.0,1318912.0,75.47887956
2021,3,Tamaulipas,Mujeres,666086.0,1437980.0,46.32095022
2021,3,Tlaxcala,Hombres,366627.0,473622.0,77.40919974
2021,3,Tlaxcala,Mujeres,260167.0,540733.0,48.11376409
2021,3,Veracruz,Hombres,2165149.0,2989375.0,72.4281497
2021,3,Veracruz,Mujeres,1217402.0,3322799.0,36.63784659
2021,3,Yucatán,Hombres,698665.0,888159.0,78.66440581
2021,3,Yucatán,Mujeres,458629.0,933291.0,49.14105033
2021,3,Zacatecas,Hombres,435392.0,548243.0,79.41587945
2021,3,Zacatecas,Mujeres,272658.0,635235.0,42.92238306
2021,4,Nacional,Hombres,35555690.0,46539862.0,76.39835718
2021,4,Nacional,Mujeres,23206103.0,51944490.0,44.67481152
2021,4,Aguascalientes,Hombres,396686.0,522505.0,75.92003904
2021,4,Aguascalientes,Mujeres,262882.0,583485.0,45.05377173
2021,4,Baja California,Hombres,1113476.0,1489903.0,74.73479817
2021,4,Baja California,Mujeres,713972.0,1507499.0,47.36135812
2021,4,Baja California Sur,Hombres,256108.0,324412.0,78.94529179
2021,4,Baja California Sur,Mujeres,172640.0,315875.0,54.65453106
2021,4,Campeche,Hombres,271240.0,345020.0,78.61573242
2021,4,Campeche,Mujeres,162686.0,369835.0,43.98880582
2021,4,Coahuila,Hombres,913613.0,1191126.0,76.70162518
2021,4,Coahuila,Mujeres,579924.0,1268953.0,45.70098341
2021,4,Colima,Hombres,229389.0,286285.0,80.12609812
2021,4,Colima,Mujeres,172604.0,305384.0,56.52031541
2021,4,Chiapas,Hombres,1492576.0,1785725.0,83.5837545
2021,4,Chiapas,Mujeres,740210.0,2118714.0,34.93675881
2021,4,Chihuahua,Hombres,1079801.0,1408278.0,76.67527292
2021,4,Chihuahua,Mujeres,697488.0,1477525.0,47.20651089
2021,4,Ciudad de México,Hombres,2629683.0,3635935.0,72.32480779
2021,4,Ciudad de México,Mujeres,2114965.0,4152856.0,50.92796379
2021,4,Durango,Hombres,506950.0,649779.0,78.0188341
2021,4,Durango,Mujeres,329066.0,720481.0,45.67309894
2021,4,Guanajuato,Hombres,1698100.0,2190888.0,77.50738513
2021,4,Guanajuato,Mujeres,1101097.0,2512633.0,43.82243646
2021,4,Guerrero,Hombres,921917.0,1195162.0,77.13740899
2021,4,Guerrero,Mujeres,584599.0,1398320.0,41.80724012
2021,4,Hidalgo,Hombres,827622.0,1087132.0,76.12893374
2021,4,Hidalgo,Mujeres,578197.0,1324894.0,43.64100071
2021,4,Jalisco,Hombres,2476957.0,3139188.0,78.90438547
2021,4,Jalisco,Mujeres,1573197.0,3374601.0,46.61875582
2021,4,México,Hombres,4840075.0,6373953.0,75.93521634
2021,4,México,Mujeres,3141774.0,7219325.0,43.51894395
2021,4,Michoacán,Hombres,1332965.0,1717564.0,77.60787953
2021,4,Michoacán,Mujeres,833023.0,1947894.0,42.76531475
2021,4,Morelos,Hombres,506945.0,725360.0,69.8887449
2021,4,Morelos,Mujeres,343731.0,836341.0,41.0993841
2021,4,Nayarit,Hombres,360197.0,454275.0,79.29051786
2021,4,Nayarit,Mujeres,249650.0,481886.0,51.80685888
2021,4,Nuevo León,Hombres,1787956.0,2342064.0,76.34103936
2021,4,Nuevo León,Mujeres,1104717.0,2391633.0,46.19090805
2021,4,Oaxaca,Hombres,1081809.0,1437347.0,75.264289
2021,4,Oaxaca,Mujeres,772547.0,1707383.0,45.24743423
2021,4,Puebla,Hombres,1791841.0,2318044.0,77.2996975
2021,4,Puebla,Mujeres,1253025.0,2723270.0,46.01177996
2021,4,Querétaro,Hombres,637108.0,869760.0,73.25101177
2021,4,Querétaro,Mujeres,423427.0,1014296.0,41.7459006
2021,4,Quintana Roo,Hombres,573859.0,712104.0,80.58640311
2021,4,Quintana Roo,Mujeres,363498.0,747886.0,48.60339677
2021,4,San Luis Potosí,Hombres,782224.0,1023312.0,76.44042091
2021,4,San Luis Potosí,Mujeres,533208.0,1153959.0,46.20684097
2021,4,Sinaloa,Hombres,846826.0,1177182.0,71.93670987
2021,4,Sinaloa,Mujeres,533388.0,1251391.0,42.62360845
2021,4,Sonora,Hombres,845136.0,1094364.0,77.22622455
2021,4,Sonora,Mujeres,606482.0,1182765.0,51.27662723
2021,4,Tabasco,Hombres,644535.0,857013.0,75.20714388
2021,4,Tabasco,Mujeres,360463.0,959196.0,37.57970217
2021,4,Tamaulipas,Hombres,1009576.0,1336113.0,75.56067488
2021,4,Tamaulipas,Mujeres,678466.0,1420943.0,47.74758734
2021,4,Tlaxcala,Hombres,364724.0,471531.0,77.34889117
2021,4,Tlaxcala,Mujeres,257737.0,544462.0,47.33792257
2021,4,Veracruz,Hombres,2197707.0,2929842.0,75.01110981
2021,4,Veracruz,Mujeres,1197639.0,3347312.0,35.77912665
2021,4,Yucatán,Hombres,701571.0,895597.0,78.33556834
2021,4,Yucatán,Mujeres,489585.0,940224.0,52.07110221
2021,4,Zacatecas,Hombres,436518.0,553099.0,78.92221826
2021,4,Zacatecas,Mujeres,280216.0,643269.0,43.56124732
2022,1,Nacional,Hombres,35221576.0,46496943.0,75.7503047
2022,1,Nacional,Mujeres,22863738.0,52383921.0,43.64648076
2022,1,Aguascalientes,Hombres,393695.0,520126.0,75.69223611
2022,1,Aguascalientes,Mujeres,253834.0,587667.0,43.19350925
2022,1,Baja California,Hombres,1087966.0,1458742.0,74.58248271
2022,1,Baja California,Mujeres,716756.0,1543601.0,46.43402019
2022,1,Baja California Sur,Hombres,255008.0,325547.0,78.33216095
2022,1,Baja California Sur,Mujeres,178212.0,319558.0,55.76827994
2022,1,Campeche,Hombres,271255.0,346260.0,78.33853174
2022,1,Campeche,Mujeres,164815.0,370879.0,44.43902189
2022,1,Coahuila,Hombres,914950.0,1193023.0,76.69173184
2022,1,Coahuila,Mujeres,573688.0,1271437.0,45.12122897
2022,1,Colima,Hombres,227698.0,287822.0,79.11070036
2022,1,Colima,Mujeres,163176.0,308176.0,52.94896423
2022,1,Chiapas,Hombres,1492790.0,1800826.0,82.8947383
2022,1,Chiapas,Mujeres,665382.0,2143345.0,31.04409229
2022,1,Chihuahua,Hombres,1065835.0,1394485.0,76.43215954
2022,1,Chihuahua,Mujeres,669231.0,1498934.0,44.64712923
2022,1,Ciudad de México,Hombres,2602807.0,3604167.0,72.21660373
2022,1,Ciudad de México,Mujeres,2055301.0,4148738.0,49.54039035
2022,1,Durango,Hombres,499242.0,650477.0,76.75013874
2022,1,Durango,Mujeres,322389.0,723405.0,44.56549236
2022,1,Guanajuato,Hombres,1710762.0,2230022.0,76.71502792
2022,1,Guanajuato,Mujeres,1095876.0,2536352.0,43.20677887
2022,1,Guerrero,Hombres,834841.0,1151278.0,72.51428413
2022,1,Guerrero,Mujeres,539726.0,1410268.0,38.27116548
2022,1,Hidalgo,Hombres,803166.0,1074704.0,74.73369411
2022,1,Hidalgo,Mujeres,569108.0,1353330.0,42.05241885
2022,1,Jalisco,Hombres,2451048.0,3159598.0,77.5746788
2022,1,Jalisco,Mujeres,1588082.0,3394172.0,46.7884951
2022,1,México,Hombres,4800541.0,6405390.0,74.9453351
2022,1,México,Mujeres,3157579.0,7247583.0,43.56733824
2022,1,Michoacán,Hombres,1348222.0,1719938.0,78.38782561
2022,1,Michoacán,Mujeres,855532.0,1990528.0,42.98015401
2022,1,Morelos,Hombres,506313.0,720641.0,70.25870024
2022,1,Morelos,Mujeres,342784.0,838691.0,40.87131017
2022,1,Nayarit,Hombres,360627.0,454335.0,79.37469048
2022,1,Nayarit,Mujeres,252581.0,488414.0,51.71452907
2022,1,Nuevo León,Hombres,1774609.0,2338920.0,75.87300977
2022,1,Nuevo León,Mujeres,1082308.0,2397746.0,45.1385593
2022,1,Oaxaca,Hombres,1065688.0,1405195.0,75.839154
2022,1,Oaxaca,Mujeres,818756.0,1714300.0,47.76036866
2022,1,Puebla,Hombres,1836876.0,2358396.0,77.88666534
2022,1,Puebla,Mujeres,1185992.0,2738658.0,43.30558982
2022,1,Querétaro,Hombres,644054.0,885964.0,72.69527881
2022,1,Querétaro,Mujeres,409189.0,1030304.0,39.71536556
2022,1,Quintana Roo,Hombres,581457.0,726852.0,79.99661554
2022,1,Quintana Roo,Mujeres,358490.0,753123.0,47.60045836
2022,1,San Luis Potosí,Hombres,782262.0,1026592.0,76.19989246
2022,1,San Luis Potosí,Mujeres,507359.0,1159657.0,43.75078148
2022,1,Sinaloa,Hombres,847735.0,1166042.0,72.70192669
2022,1,Sinaloa,Mujeres,525518.0,1267854.0,41.44940979
2022,1,Sonora,Hombres,850849.0,1119645.0,75.9927477
2022,1,Sonora,Mujeres,568034.0,1188661.0,47.78772081
2022,1,Tabasco,Hombres,656027.0,847159.0,77.43847377
2022,1,Tabasco,Mujeres,368333.0,956569.0,38.50563838
2022,1,Tamaulipas,Hombres,992956.0,1324435.0,74.97204468
2022,1,Tamaulipas,Mujeres,647447.0,1426875.0,45.37517302
2022,1,Tlaxcala,Hombres,366007.0,477184.0,76.70144012
2022,1,Tlaxcala,Mujeres,254524.0,549446.0,46.32375156
2022,1,Veracruz,Hombres,2076280.0,2875764.0,72.19924862
2022,1,Veracruz,Mujeres,1220164.0,3428391.0,35.58998959
2022,1,Yucatán,Hombres,704242.0,899109.0,78.3266545
2022,1,Yucatán,Mujeres,492382.0,949101.0,51.87877792
2022,1,Zacatecas,Hombres,415768.0,548305.0,75.82786953
2022,1,Zacatecas,Mujeres,261190.0,648158.0,40.2972732
2022,2,Nacional,Hombres,35679294.0,46636973.0,76.50430915
2022,2,Nacional,Mujeres,23659125.0,52424004.0,45.13032808
2022,2,Aguascalientes,Hombres,390181.0,521623.0,74.8013412
2022,2,Aguascalientes,Mujeres,260183.0,584890.0,44.48409103
2022,2,Baja California,Hombres,1110069.0,1469233.0,75.55431984
2022,2,Baja California,Mujeres,742880.0,1542095.0,48.17342641
2022,2,Baja California Sur,Hombres,260281.0,324614.0,80.18169272
2022,2,Baja California Sur,Mujeres,181878.0,321326.0,56.6023291
2022,2,Campeche,Hombres,273031.0,348472.0,78.35091485
2022,2,Campeche,Mujeres,169931.0,371060.0,45.79609767
2022,2,Coahuila,Hombres,921892.0,1192879.0,77.2829432
2022,2,Coahuila,Mujeres,593919.0,1280128.0,46.39528235
2022,2,Colima,Hombres,228275.0,287133.0,79.50148537
2022,2,Colima,Mujeres,166962.0,305245.0,54.69770185
2022,2,Chiapas,Hombres,1487902.0,1825702.0,81.49752807
2022,2,Chiapas,Mujeres,711657.0,2164376.0,32.88046994
2022,2,Chihuahua,Hombres,1110983.0,1415228.0,78.50205055
2022,2,Chihuahua,Mujeres,693432.0,1487869.0,46.60571596
2022,2,Ciudad de México,Hombres,2697484.0,3631236.0,74.28556007
2022,2,Ciudad de México,Mujeres,2095642.0,4163416.0,50.3346771
2022,2,Durango,Hombres,508056.0,657481.0,77.27310751
2022,2,Durango,Mujeres,327559.0,717578.0,45.64785988
2022,2,Guanajuato,Hombres,1677972.0,2208501.0,75.97786915
2022,2,Guanajuato,Mujeres,1150667.0,2530983.0,45.46324491
2022,2,Guerrero,Hombres,909420.0,1192265.0,76.27666668
2022,2,Guerrero,Mujeres,610570.0,1414874.0,43.15366598
2022,2,Hidalgo,Hombres,812378.0,1079656.0,75.24415184
2022,2,Hidalgo,Mujeres,611359.0,1336991.0,45.72648582
2022,2,Jalisco,Hombres,2495062.0,3179300.0,78.47834429
2022,2,Jalisco,Mujeres,1573701.0,3391764.0,46.39771517
2022,2,México,Hombres,4823104.0,6344694.0,76.01791355
2022,2,México,Mujeres,3289742.0,7254582.0,45.34709236
2022,2,Michoacán,Hombres,1345471.0,1704717.0,78.92635552
2022,2,Michoacán,Mujeres,890970.0,1954675.0,45.58149053
2022,2,Morelos,Hombres,496769.0,731585.0,67.90311447
2022,2,Morelos,Mujeres,345003.0,839944.0,41.07452402
2022,2,Nayarit,Hombres,358548.0,454820.0,78.8329449
2022,2,Nayarit,Mujeres,260078.0,496464.0,52.38607432
2022,2,Nuevo León,Hombres,1791393.0,2349678.0,76.23993586
2022,2,Nuevo León,Mujeres,1099334.0,2408005.0,45.65331052
2022,2,Oaxaca,Hombres,1081199.0,1415437.0,76.38623266
2022,2,Oaxaca,Mujeres,826701.0,1726077.0,47.89479264
2022,2,Puebla,Hombres,1843431.0,2347238.0,78.53617741
2022,2,Puebla,Mujeres,1247027.0,2759227.0,45.1947955
2022,2,Querétaro,Hombres,626235.0,898726.0,69.68030301
2022,2,Querétaro,Mujeres,403428.0,1034086.0,39.01300279
2022,2,Quintana Roo,Hombres,589677.0,721914.0,81.68244417
2022,2,Quintana Roo,Mujeres,371004.0,758272.0,48.92756161
2022,2,San Luis Potosí,Hombres,787856.0,1027380.0,76.68593899
2022,2,San Luis Potosí,Mujeres,497223.0,1146210.0,43.37974717
2022,2,Sinaloa,Hombres,859989.0,1174056.0,73.24940207
2022,2,Sinaloa,Mujeres,570297.0,1261916.0,45.1929447
2022,2,Sonora,Hombres,851374.0,1117330.0,76.19718436
2022,2,Sonora,Mujeres,607647.0,1198178.0,50.71425114
2022,2,Tabasco,Hombres,656599.0,852877.0,76.98636497
2022,2,Tabasco,Mujeres,372938.0,953345.0,39.1188919
2022,2,Tamaulipas,Hombres,1011300.0,1327808.0,76.16311997
2022,2,Tamaulipas,Mujeres,664606.0,1425160.0,46.63378147
2022,2,Tlaxcala,Hombres,371168.0,475581.0,78.04517001
2022,2,Tlaxcala,Mujeres,259810.0,556088.0,46.72102257
2022,2,Veracruz,Hombres,2155929.0,2908333.0,74.12937239
2022,2,Veracruz,Mujeres,1283185.0,3432704.0,37.38117239
2022,2,Yucatán,Hombres,716552.0,893700.0,80.17813584
2022,2,Yucatán,Mujeres,507908.0,961417.0,52.82910537
2022,2,Zacatecas,Hombres,429714.0,557776.0,77.04060411
2022,2,Zacatecas,Mujeres,271884.0,645059.0,42.14870268
2022,3,Nacional,Hombres,35821428.0,46786513.0,76.5635772
2022,3,Nacional,Mujeres,23659043.0,52442222.0,45.11449381
2022,3,Aguascalientes,Hombres,394627.0,523803.0,75.33882013
2022,3,Aguascalientes,Mujeres,271119.0,589567.0,45.98612202
2022,3,Baja California,Hombres,1102274.0,1474669.0,74.74721446
2022,3,Baja California,Mujeres,727782.0,1546219.0,47.06849418
2022,3,Baja California Sur,Hombres,260551.0,318707.0,81.75251877
2022,3,Baja California Sur,Mujeres,179910.0,322269.0,55.82603353
2022,3,Campeche,Hombres,274825.0,347120.0,79.1729085
2022,3,Campeche,Mujeres,170834.0,373345.0,45.75767722
2022,3,Coahuila,Hombres,931524.0,1217133.0,76.53428179
2022,3,Coahuila,Mujeres,583361.0,1269355.0,45.95727751
2022,3,Colima,Hombres,228754.0,289935.0,78.89837377
2022,3,Colima,Mujeres,164526.0,303298.0,54.24565938
2022,3,Chiapas,Hombres,1504258.0,1811762.0,83.02735127
2022,3,Chiapas,Mujeres,724483.0,2102369.0,34.46031596
2022,3,Chihuahua,Hombres,1121293.0,1428111.0,78.51581565
2022,3,Chihuahua,Mujeres,698925.0,1499750.0,46.60276713
2022,3,Ciudad de México,Hombres,2674341.0,3646081.0,73.34837048
2022,3,Ciudad de México,Mujeres,2124193.0,4214921.0,50.39698253
2022,3,Durango,Hombres,517668.0,657486.0,78.73445214
2022,3,Durango,Mujeres,337418.0,723964.0,46.60701361
2022,3,Guanajuato,Hombres,1703120.0,2233776.0,76.24399224
2022,3,Guanajuato,Mujeres,1145117.0,2548029.0,44.94128599
2022,3,Guerrero,Hombres,937949.0,1188488.0,78.91951791
2022,3,Guerrero,Mujeres,619287.0,1419786.0,43.61833403
2022,3,Hidalgo,Hombres,844486.0,1113093.0,75.86841351
2022,3,Hidalgo,Mujeres,622020.0,1342929.0,46.31815978
2022,3,Jalisco,Hombres,2500663.0,3162154.0,79.08099985
2022,3,Jalisco,Mujeres,1639495.0,3409510.0,48.08594197
2022,3,México,Hombres,4845341.0,6378162.0,75.96766906
2022,3,México,Mujeres,3339229.0,7276009.0,45.8936898
2022,3,Michoacán,Hombres,1373004.0,1708474.0,80.36434854
2022,3,Michoacán,Mujeres,878192.0,1941296.0,45.23740841
2022,3,Morelos,Hombres,510349.0,730673.0,69.84642925
2022,3,Morelos,Mujeres,359628.0,837125.0,42.95989249
2022,3,Nayarit,Hombres,360083.0,449656.0,80.0796609
2022,3,Nayarit,Mujeres,261499.0,495851.0,52.73741507
2022,3,Nuevo León,Hombres,1777220.0,2329453.0,76.29344743
2022,3,Nuevo León,Mujeres,1112659.0,2408732.0,46.19272713
2022,3,Oaxaca,Hombres,1084725.0,1408065.0,77.03657147
2022,3,Oaxaca,Mujeres,835897.0,1726726.0,48.40935968
2022,3,Puebla,Hombres,1845444.0,2370182.0,77.86085625
2022,3,Puebla,Mujeres,1150311.0,2711383.0,42.4252494
2022,3,Querétaro,Hombres,648461.0,907352.0,71.46741287
2022,3,Querétaro,Mujeres,417774.0,1030043.0,40.55888929
2022,3,Quintana Roo,Hombres,595823.0,732020.0,81.39436081
2022,3,Quintana Roo,Mujeres,366455.0,764806.0,47.91476531
2022,3,San Luis Potosí,Hombres,781426.0,1022815.0,76.39954439
2022,3,San Luis Potosí,Mujeres,501190.0,1155115.0,43.3887535
2022,3,Sinaloa,Hombres,857907.0,1187050.0,72.27218736
2022,3,Sinaloa,Mujeres,556219.0,1256394.0,44.27106465
2022,3,Sonora,Hombres,852830.0,1126571.0,75.70139831
2022,3,Sonora,Mujeres,581696.0,1193276.0,48.74781693
2022,3,Tabasco,Hombres,675651.0,868982.0,77.75201328
2022,3,Tabasco,Mujeres,372879.0,955842.0,39.01052684
2022,3,Tamaulipas,Hombres,1000669.0,1323367.0,75.61538107
2022,3,Tamaulipas,Mujeres,657240.0,1430932.0,45.93090377
2022,3,Tlaxcala,Hombres,374271.0,474495.0,78.87775424
2022,3,Tlaxcala,Mujeres,265927.0,559070.0,47.56595775
2022,3,Veracruz,Hombres,2075469.0,2900414.0,71.55768108
2022,3,Veracruz,Mujeres,1236726.0,3427460.0,36.08287186
2022,3,Yucatán,Hombres,727743.0,902921.0,80.59874563
2022,3,Yucatán,Mujeres,496896.0,958968.0,51.81570188
2022,3,Zacatecas,Hombres,438679.0,553543.0,79.24930855
2022,3,Zacatecas,Mujeres,260156.0,647883.0,40.15478103
2022,4,Nacional,Hombres,35745640.0,46754291.0,76.4542446
2022,4,Nacional,Mujeres,24399816.0,52761504.0,46.24548989
2022,4,Aguascalientes,Hombres,389449.0,517598.0,75.24159676
2022,4,Aguascalientes,Mujeres,273952.0,585273.0,46.80755818
2022,4,Baja California,Hombres,1100707.0,1456472.0,75.57350914
2022,4,Baja California,Mujeres,747386.0,1545831.0,48.34849346
2022,4,Baja California Sur,Hombres,256563.0,315412.0,81.34218102
2022,4,Baja California Sur,Mujeres,187455.0,326013.0,57.49924083
2022,4,Campeche,Hombres,269537.0,343326.0,78.50759919
2022,4,Campeche,Mujeres,165646.0,374136.0,44.2742746
2022,4,Coahuila,Hombres,943102.0,1221119.0,77.23260387
2022,4,Coahuila,Mujeres,597433.0,1267720.0,47.12657369
2022,4,Colima,Hombres,222463.0,286840.0,77.55647748
2022,4,Colima,Mujeres,162881.0,302082.0,53.91946558
2022,4,Chiapas,Hombres,1487826.0,1790916.0,83.07625818
2022,4,Chiapas,Mujeres,723281.0,2111462.0,34.25498541
2022,4,Chihuahua,Hombres,1128367.0,1454927.0,77.55488763
2022,4,Chihuahua,Mujeres,726785.0,1507752.0,48.2032191
2022,4,Ciudad de México,Hombres,2700908.0,3652506.0,73.94670946
2022,4,Ciudad de México,Mujeres,2220223.0,4205491.0,52.79343125
2022,4,Durango,Hombres,503294.0,652378.0,77.14760461
2022,4,Durango,Mujeres,321532.0,735384.0,43.7230073
2022,4,Guanajuato,Hombres,1710924.0,2235708.0,76.52716723
2022,4,Guanajuato,Mujeres,1131719.0,2539921.0,44.55725198
2022,4,Guerrero,Hombres,923813.0,1177597.0,78.44899401
2022,4,Guerrero,Mujeres,676031.0,1408721.0,47.98899143
2022,4,Hidalgo,Hombres,846802.0,1126145.0,75.19475734
2022,4,Hidalgo,Mujeres,636488.0,1376387.0,46.2433894
2022,4,Jalisco,Hombres,2448133.0,3160620.0,77.45736596
2022,4,Jalisco,Mujeres,1716494.0,3481571.0,49.30228337
2022,4,México,Hombres,4788273.0,6390560.0,74.92728337
2022,4,México,Mujeres,3429018.0,7352100.0,46.63998041
2022,4,Michoacán,Hombres,1364033.0,1692297.0,80.60245926
2022,4,Michoacán,Mujeres,882286.0,1959820.0,45.01872621
2022,4,Morelos,Hombres,509775.0,723674.0,70.44263025
2022,4,Morelos,Mujeres,373300.0,831196.0,44.91118822
2022,4,Nayarit,Hombres,356681.0,450985.0,79.0893267
2022,4,Nayarit,Mujeres,266035.0,496209.0,53.61349754
2022,4,Nuevo León,Hombres,1791387.0,2318024.0,77.2807788
2022,4,Nuevo León,Mujeres,1127916.0,2419459.0,46.61852092
2022,4,Oaxaca,Hombres,1095374.0,1423615.0,76.9431342
2022,4,Oaxaca,Mujeres,835550.0,1707287.0,48.94021919
2022,4,Puebla,Hombres,1820216.0,2343722.0,77.66347715
2022,4,Puebla,Mujeres,1196336.0,2714869.0,44.06606728
2022,4,Querétaro,Hombres,654928.0,908384.0,72.09814352
2022,4,Querétaro,Mujeres,456175.0,1033348.0,44.14534116
2022,4,Quintana Roo,Hombres,600114.0,748123.0,80.21595379
2022,4,Quintana Roo,Mujeres,387059.0,766880.0,50.47191216
2022,4,San Luis Potosí,Hombres,798958.0,1030640.0,77.52056974
2022,4,San Luis Potosí,Mujeres,507765.0,1150748.0,44.12477797
2022,4,Sinaloa,Hombres,872179.0,1161978.0,75.05985483
2022,4,Sinaloa,Mujeres,594114.0,1258968.0,47.19055607
2022,4,Sonora,Hombres,835961.0,1110260.0,75.29416533
2022,4,Sonora,Mujeres,609609.0,1219748.0,49.9782742
2022,4,Tabasco,Hombres,678052.0,868234.0,78.09553646
2022,4,Tabasco,Mujeres,411363.0,983609.0,41.82180114
2022,4,Tamaulipas,Hombres,1001985.0,1328670.0,75.41263068
2022,4,Tamaulipas,Mujeres,670580.0,1434321.0,46.75243547
2022,4,Tlaxcala,Hombres,379108.0,485774.0,78.04205248
2022,4,Tlaxcala,Mujeres,269431.0,574255.0,46.91835509
2022,4,Veracruz,Hombres,2119648.0,2924993.0,72.46677172
2022,4,Veracruz,Mujeres,1309144.0,3465871.0,37.77243873
2022,4,Yucatán,Hombres,717336.0,898749.0,79.81494277
2022,4,Yucatán,Mujeres,524108.0,972527.0,53.89135726
2022,4,Zacatecas,Hombres,429744.0,554045.0,77.56481874
2022,4,Zacatecas,Mujeres,262721.0,652545.0,40.26097817
2023,1,Nacional,Hombres,35823919.0,46936230.0,76.32466221
2023,1,Nacional,Mujeres,24265389.0,52811244.0,45.94739143
2023,1,Aguascalientes,Hombres,385711.0,512049.0,75.32697066
2023,1,Aguascalientes,Mujeres,281061.0,596664.0,47.10540606
2023,1,Baja California,Hombres,1091243.0,1462241.0,74.62812218
2023,1,Baja California,Mujeres,732476.0,1538476.0,47.61049246
2023,1,Baja California Sur,Hombres,263384.0,325756.0,80.85315389
2023,1,Baja California Sur,Mujeres,183857.0,327877.0,56.07499154
2023,1,Campeche,Hombres,270790.0,345002.0,78.48940006
2023,1,Campeche,Mujeres,168385.0,373916.0,45.0328416
2023,1,Coahuila,Hombres,925485.0,1212538.0,76.32626771
2023,1,Coahuila,Mujeres,591741.0,1276205.0,46.36723724
2023,1,Colima,Hombres,224773.0,284983.0,78.87242397
2023,1,Colima,Mujeres,166603.0,305790.0,54.482815
2023,1,Chiapas,Hombres,1462009.0,1765627.0,82.80395576
2023,1,Chiapas,Mujeres,737460.0,2117567.0,34.82581661
2023,1,Chihuahua,Hombres,1100308.0,1448156.0,75.97993586
2023,1,Chihuahua,Mujeres,693929.0,1507812.0,46.02224946
2023,1,Ciudad de México,Hombres,2723645.0,3706840.0,73.47619536
2023,1,Ciudad de México,Mujeres,2152638.0,4171434.0,51.60426846
2023,1,Durango,Hombres,508432.0,659624.0,77.07906322
2023,1,Durango,Mujeres,321595.0,728983.0,44.11556922
2023,1,Guanajuato,Hombres,1757508.0,2237770.0,78.53836632
2023,1,Guanajuato,Mujeres,1179891.0,2581174.0,45.71140884
2023,1,Guerrero,Hombres,917899.0,1186072.0,77.38982119
2023,1,Guerrero,Mujeres,667968.0,1421429.0,46.99270945
2023,1,Hidalgo,Hombres,882151.0,1142257.0,77.22876726
2023,1,Hidalgo,Mujeres,642511.0,1375008.0,46.72780086
2023,1,Jalisco,Hombres,2440895.0,3170276.0,76.99313877
2023,1,Jalisco,Mujeres,1757241.0,3519109.0,49.93425893
2023,1,México,Hombres,4780226.0,6458603.0,74.01331217
2023,1,México,Mujeres,3319801.0,7346737.0,45.1874213
2023,1,Michoacán,Hombres,1327653.0,1697377.0,78.21792095
2023,1,Michoacán,Mujeres,861689.0,1955146.0,44.07287231
2023,1,Morelos,Hombres,505459.0,725014.0,69.7171365
2023,1,Morelos,Mujeres,385187.0,832043.0,46.29412182
2023,1,Nayarit,Hombres,362867.0,454217.0,79.88846741
2023,1,Nayarit,Mujeres,258999.0,499722.0,51.82861671
2023,1,Nuevo León,Hombres,1791856.0,2343871.0,76.44857588
2023,1,Nuevo León,Mujeres,1109275.0,2386203.0,46.487034
2023,1,Oaxaca,Hombres,1105727.0,1412763.0,78.26698463
2023,1,Oaxaca,Mujeres,810649.0,1697324.0,47.76041581
2023,1,Puebla,Hombres,1831173.0,2309969.0,79.27262227
2023,1,Puebla,Mujeres,1246029.0,2749755.0,45.31418254
2023,1,Querétaro,Hombres,661896.0,907386.0,72.94536173
2023,1,Querétaro,Mujeres,469913.0,1052641.0,44.64133546
2023,1,Quintana Roo,Hombres,606822.0,743777.0,81.58655081
2023,1,Quintana Roo,Mujeres,390001.0,778372.0,50.10470572
2023,1,San Luis Potosí,Hombres,784287.0,1021995.0,76.7407864
2023,1,San Luis Potosí,Mujeres,522215.0,1155567.0,45.19123513
2023,1,Sinaloa,Hombres,883968.0,1162049.0,76.06976986
2023,1,Sinaloa,Mujeres,600275.0,1239363.0,48.43415529
2023,1,Sonora,Hombres,867710.0,1137250.0,76.29896681
2023,1,Sonora,Mujeres,597043.0,1223193.0,48.81020411
2023,1,Tabasco,Hombres,686653.0,882690.0,77.79095719
2023,1,Tabasco,Mujeres,406119.0,978735.0,41.49427577
2023,1,Tamaulipas,Hombres,1014064.0,1351776.0,75.01716261
2023,1,Tamaulipas,Mujeres,654250.0,1444943.0,45.27860269
2023,1,Tlaxcala,Hombres,382244.0,492058.0,77.6827122
2023,1,Tlaxcala,Mujeres,268437.0,578843.0,46.37475101
2023,1,Veracruz,Hombres,2149395.0,2918374.0,73.65043
2023,1,Veracruz,Mujeres,1330102.0,3435215.0,38.71961435
2023,1,Yucatán,Hombres,710939.0,893711.0,79.54909361
2023,1,Yucatán,Mujeres,506613.0,969306.0,52.26553844
2023,1,Zacatecas,Hombres,416747.0,564159.0,73.87048687
2023,1,Zacatecas,Mujeres,251436.0,646692.0,38.88033252
2023,2,Nacional,Hombres,35716535.0,46931627.0,76.10333859
2023,2,Nacional,Mujeres,24499897.0,53119156.0,46.12252687
2023,2,Aguascalientes,Hombres,386497.0,516654.0,74.80770496
2023,2,Aguascalientes,Mujeres,272172.0,600963.0,45.28931066
2023,2,Baja California,Hombres,1101136.0,1471048.0,74.85384569
2023,2,Baja California,Mujeres,745249.0,1547335.0,48.1633906
2023,2,Baja California Sur,Hombres,281050.0,345587.0,81.32539708
2023,2,Baja California Sur,Mujeres,187866.0,335894.0,55.93014463
2023,2,Campeche,Hombres,273843.0,346924.0,78.93457933
2023,2,Campeche,Mujeres,166850.0,374819.0,44.51481915
2023,2,Coahuila,Hombres,936301.0,1221321.0,76.66297394
2023,2,Coahuila,Mujeres,621740.0,1288932.0,48.23683484
2023,2,Colima,Hombres,218135.0,279231.0,78.11990789
2023,2,Colima,Mujeres,160465.0,297985.0,53.85002601
2023,2,Chiapas,Hombres,1469148.0,1783829.0,82.35923959
2023,2,Chiapas,Mujeres,716881.0,2115492.0,33.88719976
2023,2,Chihuahua,Hombres,1130155.0,1455785.0,77.63199923
2023,2,Chihuahua,Mujeres,722202.0,1515358.0,47.65883705
2023,2,Ciudad de México,Hombres,2677562.0,3659609.0,73.16524798
2023,2,Ciudad de México,Mujeres,2246701.0,4239135.0,52.99904344
2023,2,Durango,Hombres,516149.0,659641.0,78.24695554
2023,2,Durango,Mujeres,331481.0,738128.0,44.90833568
2023,2,Guanajuato,Hombres,1718917.0,2237729.0,76.81524438
2023,2,Guanajuato,Mujeres,1136284.0,2596570.0,43.76096158
2023,2,Guerrero,Hombres,922747.0,1189474.0,77.57605463
2023,2,Guerrero,Mujeres,688893.0,1426586.0,48.28962292
2023,2,Hidalgo,Hombres,860590.0,1135509.0,75.78891933
2023,2,Hidalgo,Mujeres,634238.0,1387250.0,45.71908452
2023,2,Jalisco,Hombres,2399290.0,3164476.0,75.81950377
2023,2,Jalisco,Mujeres,1781220.0,3545487.0,50.23907858
2023,2,México,Hombres,4772313.0,6467933.0,73.78420587
2023,2,México,Mujeres,3337799.0,7420027.0,44.98365033
2023,2,Michoacán,Hombres,1346196.0,1696647.0,79.34449535
2023,2,Michoacán,Mujeres,874372.0,1959468.0,44.62292826
2023,2,Morelos,Hombres,510596.0,725410.0,70.38722929
2023,2,Morelos,Mujeres,376090.0,847597.0,44.37132269
2023,2,Nayarit,Hombres,362887.0,455126.0,79.73330462
2023,2,Nayarit,Mujeres,265999.0,497611.0,53.45520899
2023,2,Nuevo León,Hombres,1771270.0,2334394.0,75.87707988
2023,2,Nuevo León,Mujeres,1125239.0,2412599.0,46.64011715
2023,2,Oaxaca,Hombres,1093282.0,1425340.0,76.70324274
2023,2,Oaxaca,Mujeres,743193.0,1710012.0,43.46127396
2023,2,Puebla,Hombres,1805029.0,2283710.0,79.03932636
2023,2,Puebla,Mujeres,1265573.0,2735261.0,46.26882042
2023,2,Querétaro,Hombres,664510.0,913478.0,72.74504695
2023,2,Querétaro,Mujeres,479945.0,1049261.0,45.74124074
2023,2,Quintana Roo,Hombres,600287.0,737848.0,81.35645824
2023,2,Quintana Roo,Mujeres,394542.0,778832.0,50.65816505
2023,2,San Luis Potosí,Hombres,795998.0,1024734.0,77.67849998
2023,2,San Luis Potosí,Mujeres,522725.0,1146398.0,45.59716608
2023,2,Sinaloa,Hombres,874304.0,1167833.0,74.86549875
2023,2,Sinaloa,Mujeres,597849.0,1243774.0,48.06733378
2023,2,Sonora,Hombres,888187.0,1156049.0,76.82952885
2023,2,Sonora,Mujeres,621101.0,1221731.0,50.83778671
2023,2,Tabasco,Hombres,673090.0,879058.0,76.56946413
2023,2,Tabasco,Mujeres,401348.0,986075.0,40.70156935
2023,2,Tamaulipas,Hombres,1016399.0,1331024.0,76.3621843
2023,2,Tamaulipas,Mujeres,685614.0,1454928.0,47.123569
2023,2,Tlaxcala,Hombres,391116.0,499514.0,78.29930693
2023,2,Tlaxcala,Mujeres,279668.0,578881.0,48.3118292
2023,2,Veracruz,Hombres,2134882.0,2916841.0,73.19157952
2023,2,Veracruz,Mujeres,1316990.0,3447170.0,38.20496233
2023,2,Yucatán,Hombres,703905.0,883818.0,79.64365967
2023,2,Yucatán,Mujeres,521605.0,967479.0,53.91383172
2023,2,Zacatecas,Hombres,420764.0,566053.0,74.33296882
2023,2,Zacatecas,Mujeres,278003.0,652118.0,42.63078155
2023,3,Nacional,Hombres,36229602.0,47279941.0,76.62784943
2023,3,Nacional,Mujeres,24763066.0,53317781.0,46.4442922
2023,3,Aguascalientes,Hombres,400288.0,528172.0,75.78743288
2023,3,Aguascalientes,Mujeres,287574.0,608478.0,47.26119925
2023,3,Baja California,Hombres,1095428.0,1472608.0,74.386938
2023,3,Baja California,Mujeres,761853.0,1548897.0,49.18680842
2023,3,Baja California Sur,Hombres,286374.0,350386.0,81.73100523
2023,3,Baja California Sur,Mujeres,189089.0,337353.0,56.0507836
2023,3,Campeche,Hombres,275212.0,350864.0,78.43836928
2023,3,Campeche,Mujeres,167939.0,377649.0,44.46960008
2023,3,Coahuila,Hombres,937116.0,1238718.0,75.65208546
2023,3,Coahuila,Mujeres,589748.0,1277318.0,46.17080476
2023,3,Colima,Hombres,220722.0,278660.0,79.20835427
2023,3,Colima,Mujeres,168276.0,301088.0,55.88930811
2023,3,Chiapas,Hombres,1497443.0,1807104.0,82.86424024
2023,3,Chiapas,Mujeres,724545.0,2118863.0,34.19499043
2023,3,Chihuahua,Hombres,1130367.0,1450861.0,77.91008236
2023,3,Chihuahua,Mujeres,733699.0,1529864.0,47.95844598
2023,3,Ciudad de México,Hombres,2726465.0,3701304.0,73.66228227
2023,3,Ciudad de México,Mujeres,2185798.0,4202125.0,52.01649166
2023,3,Durango,Hombres,511496.0,654821.0,78.1123391
2023,3,Durango,Mujeres,333780.0,736212.0,45.33748431
2023,3,Guanajuato,Hombres,1730723.0,2246550.0,77.03914892
2023,3,Guanajuato,Mujeres,1171731.0,2621918.0,44.68984156
2023,3,Guerrero,Hombres,954646.0,1212888.0,78.708504
2023,3,Guerrero,Mujeres,711619.0,1429579.0,49.77822142
2023,3,Hidalgo,Hombres,885888.0,1148959.0,77.10353459
2023,3,Hidalgo,Mujeres,644303.0,1390432.0,46.33833226
2023,3,Jalisco,Hombres,2413181.0,3139169.0,76.87324257
2023,3,Jalisco,Mujeres,1705373.0,3516809.0,48.49205629
2023,3,México,Hombres,4901379.0,6497543.0,75.43434495
2023,3,México,Mujeres,3437919.0,7429231.0,46.27557011
2023,3,Michoacán,Hombres,1373991.0,1732035.0,79.32813136
2023,3,Michoacán,Mujeres,901627.0,2036780.0,44.26727482
2023,3,Morelos,Hombres,514645.0,725228.0,70.96320054
2023,3,Morelos,Mujeres,369467.0,847944.0,43.5720991
2023,3,Nayarit,Hombres,372947.0,468462.0,79.61093963
2023,3,Nayarit,Mujeres,261762.0,503389.0,51.99994438
2023,3,Nuevo León,Hombres,1809812.0,2396838.0,75.50831554
2023,3,Nuevo León,Mujeres,1151685.0,2471150.0,46.60522429
2023,3,Oaxaca,Hombres,1161190.0,1462253.0,79.41101848
2023,3,Oaxaca,Mujeres,820330.0,1748216.0,46.9238355
2023,3,Puebla,Hombres,1815958.0,2297070.0,79.05540536
2023,3,Puebla,Mujeres,1312351.0,2738413.0,47.92377921
2023,3,Querétaro,Hombres,683840.0,920900.0,74.25779129
2023,3,Querétaro,Mujeres,499926.0,1078247.0,46.36470122
2023,3,Quintana Roo,Hombres,586819.0,731033.0,80.27257319
2023,3,Quintana Roo,Mujeres,392978.0,763874.0,51.44539544
2023,3,San Luis Potosí,Hombres,793920.0,1019140.0,77.90097533
2023,3,San Luis Potosí,Mujeres,561057.0,1164453.0,48.18202195
2023,3,Sinaloa,Hombres,868547.0,1155885.0,75.14129866
2023,3,Sinaloa,Mujeres,625180.0,1263223.0,49.49086582
2023,3,Sonora,Hombres,860087.0,1149975.0,74.79179982
2023,3,Sonora,Mujeres,603668.0,1207131.0,50.00849121
2023,3,Tabasco,Hombres,697542.0,883669.0,78.9370228
2023,3,Tabasco,Mujeres,418646.0,973351.0,43.01079467
2023,3,Tamaulipas,Hombres,1001608.0,1336358.0,74.95057462
2023,3,Tamaulipas,Mujeres,682555.0,1454791.0,46.91773595
2023,3,Tlaxcala,Hombres,390948.0,499205.0,78.31411945
2023,3,Tlaxcala,Mujeres,278203.0,582359.0,47.7717353
2023,3,Veracruz,Hombres,2178040.0,2962505.0,73.52021347
2023,3,Veracruz,Mujeres,1297229.0,3430775.0,37.81154404
2023,3,Yucatán,Hombres,713386.0,886200.0,80.49943579
2023,3,Yucatán,Mujeres,501911.0,975815.0,51.43505685
2023,3,Zacatecas,Hombres,439594.0,574578.0,76.50728013
2023,3,Zacatecas,Mujeres,271245.0,652054.0,41.59854859
2023,4,Nacional,Hombres,36126828.0,47280827.0,76.4090442
2023,4,Nacional,Mujeres,24916140.0,53558916.0,46.52099382
2023,4,Aguascalientes,Hombres,391459.0,530374.0,73.80810522
2023,4,Aguascalientes,Mujeres,270898.0,612664.0,44.21640573
2023,4,Baja California,Hombres,1114181.0,1492740.0,74.63999089
2023,4,Baja California,Mujeres,742776.0,1537732.0,48.30334545
2023,4,Baja California Sur,Hombres,280880.0,344213.0,81.60063681
2023,4,Baja California Sur,Mujeres,189266.0,332297.0,56.95687894
2023,4,Campeche,Hombres,274083.0,348650.0,78.61264879
2023,4,Campeche,Mujeres,175217.0,378849.0,46.24982513
2023,4,Coahuila,Hombres,953782.0,1253128.0,76.11209709
2023,4,Coahuila,Mujeres,633756.0,1308847.0,48.42093843
2023,4,Colima,Hombres,216689.0,272316.0,79.57262886
2023,4,Colima,Mujeres,165014.0,300488.0,54.91533772
2023,4,Chiapas,Hombres,1522583.0,1826245.0,83.37232956
2023,4,Chiapas,Mujeres,720553.0,2129995.0,33.82885875
2023,4,Chihuahua,Hombres,1106955.0,1434185.0,77.18355721
2023,4,Chihuahua,Mujeres,751037.0,1554004.0,48.32915488
2023,4,Ciudad de México,Hombres,2647213.0,3659753.0,72.33310554
2023,4,Ciudad de México,Mujeres,2199966.0,4275915.0,51.45018084
2023,4,Durango,Hombres,494901.0,647443.0,76.43931589
2023,4,Durango,Mujeres,358662.0,754653.0,47.52674408
2023,4,Guanajuato,Hombres,1726623.0,2254560.0,76.58359059
2023,4,Guanajuato,Mujeres,1165305.0,2607508.0,44.69037104
2023,4,Guerrero,Hombres,928249.0,1214832.0,76.40965994
2023,4,Guerrero,Mujeres,728799.0,1423850.0,51.18509674
2023,4,Hidalgo,Hombres,842712.0,1127167.0,74.76372179
2023,4,Hidalgo,Mujeres,625024.0,1388049.0,45.02895791
2023,4,Jalisco,Hombres,2420321.0,3191553.0,75.83521251
2023,4,Jalisco,Mujeres,1678023.0,3560574.0,47.12787882
2023,4,México,Hombres,5026182.0,6577198.0,76.41828633
2023,4,México,Mujeres,3464711.0,7481304.0,46.3115922
2023,4,Michoacán,Hombres,1351844.0,1713663.0,78.88622209
2023,4,Michoacán,Mujeres,921181.0,2016498.0,45.68221739
2023,4,Morelos,Hombres,521981.0,723543.0,72.14236058
2023,4,Morelos,Mujeres,388288.0,852466.0,45.54879608
2023,4,Nayarit,Hombres,381041.0,474102.0,80.37110158
2023,4,Nayarit,Mujeres,271570.0,510099.0,53.23868504
2023,4,Nuevo León,Hombres,1804762.0,2385363.0,75.65984716
2023,4,Nuevo León,Mujeres,1160848.0,2488448.0,46.64947791
2023,4,Oaxaca,Hombres,1147295.0,1443285.0,79.49192294
2023,4,Oaxaca,Mujeres,775472.0,1729485.0,44.83831892
2023,4,Puebla,Hombres,1762880.0,2229395.0,79.07436771
2023,4,Puebla,Mujeres,1270604.0,2724353.0,46.63874322
2023,4,Querétaro,Hombres,677533.0,914862.0,74.05849188
2023,4,Querétaro,Mujeres,502263.0,1080860.0,46.46883038
2023,4,Quintana Roo,Hombres,585989.0,736675.0,79.54511827
2023,4,Quintana Roo,Mujeres,409938.0,778695.0,52.6442317
2023,4,San Luis Potosí,Hombres,792770.0,1028736.0,77.06253111
2023,4,San Luis Potosí,Mujeres,559005.0,1175877.0,47.53941101
2023,4,Sinaloa,Hombres,875614.0,1172567.0,74.67496527
2023,4,Sinaloa,Mujeres,623914.0,1249426.0,49.93605063
2023,4,Sonora,Hombres,860433.0,1133321.0,75.92138503
2023,4,Sonora,Mujeres,611016.0,1223599.0,49.93596758
2023,4,Tabasco,Hombres,712522.0,895498.0,79.56712354
2023,4,Tabasco,Mujeres,414396.0,989640.0,41.87340851
2023,4,Tamaulipas,Hombres,1007127.0,1329685.0,75.74177343
2023,4,Tamaulipas,Mujeres,705291.0,1472270.0,47.90500384
2023,4,Tlaxcala,Hombres,389412.0,499049.0,78.03081461
2023,4,Tlaxcala,Mujeres,279778.0,583018.0,47.98788374
2023,4,Veracruz,Hombres,2185593.0,2965600.0,73.69817238
2023,4,Veracruz,Mujeres,1368690.0,3394191.0,40.3244838
2023,4,Yucatán,Hombres,706300.0,885371.0,79.77446743
2023,4,Yucatán,Mujeres,522580.0,983057.0,53.1586673
2023,4,Zacatecas,Hombres,416919.0,575755.0,72.41257132
2023,4,Zacatecas,Mujeres,262299.0,660205.0,39.72993237
2024,1,Nacional,Hombres,35945805.0,47341862.0,75.92816058
2024,1,Nacional,Mujeres,24717315.0,53798998.0,45.94382037
2024,1,Aguascalientes,Hombres,401400.0,537622.0,74.6621232
2024,1,Aguascalientes,Mujeres,283181.0,621112.0,45.59258234
2024,1,Baja California,Hombres,1086799.0,1500231.0,72.44211058
2024,1,Baja California,Mujeres,731644.0,1544661.0,47.36599163
2024,1,Baja California Sur,Hombres,270470.0,335903.0,80.52026924
2024,1,Baja California Sur,Mujeres,190315.0,338786.0,56.17557986
2024,1,Campeche,Hombres,273435.0,350334.0,78.0498039
2024,1,Campeche,Mujeres,180692.0,380480.0,47.49053827
2024,1,Coahuila,Hombres,933863.0,1244132.0,75.06140828
2024,1,Coahuila,Mujeres,597299.0,1303953.0,45.80678905
2024,1,Colima,Hombres,210282.0,269718.0,77.96365092
2024,1,Colima,Mujeres,174138.0,302567.0,57.5535336
2024,1,Chiapas,Hombres,1534194.0,1848907.0,82.97842996
2024,1,Chiapas,Mujeres,721243.0,2193032.0,32.8879378
2024,1,Chihuahua,Hombres,1081866.0,1441567.0,75.04791661
2024,1,Chihuahua,Mujeres,732011.0,1578447.0,46.37539303
2024,1,Ciudad de México,Hombres,2637832.0,3657130.0,72.12847233
2024,1,Ciudad de México,Mujeres,2272205.0,4339569.0,52.36015374
2024,1,Durango,Hombres,493728.0,654693.0,75.41366717
2024,1,Durango,Mujeres,346964.0,748898.0,46.32994079
2024,1,Guanajuato,Hombres,1716793.0,2238670.0,76.68807819
2024,1,Guanajuato,Mujeres,1171019.0,2611234.0,44.84542557
2024,1,Guerrero,Hombres,925463.0,1224720.0,75.56527206
2024,1,Guerrero,Mujeres,710950.0,1429767.0,49.72488524
2024,1,Hidalgo,Hombres,852007.0,1132827.0,75.21068972
2024,1,Hidalgo,Mujeres,615753.0,1374135.0,44.81022607
2024,1,Jalisco,Hombres,2443570.0,3219666.0,75.89513943
2024,1,Jalisco,Mujeres,1649033.0,3565845.0,46.24522378
2024,1,México,Hombres,4943273.0,6575513.0,75.1769938
2024,1,México,Mujeres,3385400.0,7433831.0,45.54044879
2024,1,Michoacán,Hombres,1363788.0,1723602.0,79.124299
2024,1,Michoacán,Mujeres,943362.0,2012304.0,46.87969611
2024,1,Morelos,Hombres,516811.0,727749.0,71.01500655
2024,1,Morelos,Mujeres,385222.0,859275.0,44.83104943
2024,1,Nayarit,Hombres,382990.0,474207.0,80.76430757
2024,1,Nayarit,Mujeres,271196.0,504870.0,53.7160061
2024,1,Nuevo León,Hombres,1816598.0,2417096.0,75.15622052
2024,1,Nuevo León,Mujeres,1170476.0,2483921.0,47.12211057
2024,1,Oaxaca,Hombres,1117190.0,1448045.0,77.15160786
2024,1,Oaxaca,Mujeres,753416.0,1739398.0,43.31475602
2024,1,Puebla,Hombres,1782879.0,2241914.0,79.52486135
2024,1,Puebla,Mujeres,1234493.0,2719583.0,45.39273117
2024,1,Querétaro,Hombres,669595.0,921309.0,72.67865613
2024,1,Querétaro,Mujeres,511245.0,1090537.0,46.88011503
2024,1,Quintana Roo,Hombres,583587.0,722441.0,80.77988376
2024,1,Quintana Roo,Mujeres,396951.0,778084.0,51.01647123
2024,1,San Luis Potosí,Hombres,787117.0,1028491.0,76.53124821
2024,1,San Luis Potosí,Mujeres,551318.0,1185694.0,46.49749429
2024,1,Sinaloa,Hombres,853383.0,1154898.0,73.8924996
2024,1,Sinaloa,Mujeres,628412.0,1270068.0,49.47861059
2024,1,Sonora,Hombres,844803.0,1157511.0,72.9844468
2024,1,Sonora,Mujeres,597455.0,1211764.0,49.30456756
2024,1,Tabasco,Hombres,711649.0,897887.0,79.25819173
2024,1,Tabasco,Mujeres,406633.0,1011382.0,40.20567896
2024,1,Tamaulipas,Hombres,987094.0,1312791.0,75.1904911
2024,1,Tamaulipas,Mujeres,680797.0,1464640.0,46.48220723
2024,1,Tlaxcala,Hombres,385066.0,503291.0,76.50961372
2024,1,Tlaxcala,Mujeres,286373.0,592037.0,48.37079439
2024,1,Veracruz,Hombres,2209397.0,2904066.0,76.07943483
2024,1,Veracruz,Mujeres,1361998.0,3456469.0,39.40431695
2024,1,Yucatán,Hombres,707031.0,894811.0,79.01456285
2024,1,Yucatán,Mujeres,510331.0,986699.0,51.72104157
2024,1,Zacatecas,Hombres,421852.0,580120.0,72.71805833
2024,1,Zacatecas,Mujeres,265790.0,665956.0,39.91104517
2024,2,Nacional,Hombres,36017628.0,47287388.0,76.16751426
2024,2,Nacional,Mujeres,24935982.0,53884652.0,46.27659468
2024,2,Aguascalientes,Hombres,396758.0,538827.0,73.63365236
2024,2,Aguascalientes,Mujeres,279092.0,620537.0,44.97588379
2024,2,Baja California,Hombres,1094020.0,1481047.0,73.86801364
2024,2,Baja California,Mujeres,751171.0,1558492.0,48.19857914
2024,2,Baja California Sur,Hombres,278095.0,342032.0,81.30671984
2024,2,Baja California Sur,Mujeres,189180.0,337163.0,56.10935957
2024,2,Campeche,Hombres,274183.0,349429.0,78.46601169
2024,2,Campeche,Mujeres,174463.0,377459.0,46.2203842
2024,2,Coahuila,Hombres,954480.0,1248211.0,76.46784077
2024,2,Coahuila,Mujeres,612778.0,1301985.0,47.06490474
2024,2,Colima,Hombres,209795.0,270448.0,77.5731379
2024,2,Colima,Mujeres,166693.0,305319.0,54.59634022
2024,2,Chiapas,Hombres,1515340.0,1865222.0,81.24180392
2024,2,Chiapas,Mujeres,720294.0,2241676.0,32.13194057
2024,2,Chihuahua,Hombres,1079871.0,1414745.0,76.32972727
2024,2,Chihuahua,Mujeres,759344.0,1570201.0,48.3596686
2024,2,Ciudad de México,Hombres,2659550.0,3660246.0,72.66041681
2024,2,Ciudad de México,Mujeres,2378223.0,4355221.0,54.60625305
2024,2,Durango,Hombres,501759.0,662203.0,75.77117591
2024,2,Durango,Mujeres,351943.0,762659.0,46.14683627
2024,2,Guanajuato,Hombres,1681859.0,2202990.0,76.34437741
2024,2,Guanajuato,Mujeres,1237839.0,2639777.0,46.89180185
2024,2,Guerrero,Hombres,920636.0,1203384.0,76.5039256
2024,2,Guerrero,Mujeres,672136.0,1416165.0,47.46170114
2024,2,Hidalgo,Hombres,852805.0,1132704.0,75.28930771
2024,2,Hidalgo,Mujeres,630706.0,1371434.0,45.98879713
2024,2,Jalisco,Hombres,2439288.0,3210059.0,75.98888369
2024,2,Jalisco,Mujeres,1621367.0,3571312.0,45.39975785
2024,2,México,Hombres,5033661.0,6600873.0,76.25750412
2024,2,México,Mujeres,3407256.0,7429026.0,45.86410116
2024,2,Michoacán,Hombres,1361061.0,1711780.0,79.51144423
2024,2,Michoacán,Mujeres,926987.0,2001853.0,46.30644708
2024,2,Morelos,Hombres,512038.0,729330.0,70.206628
2024,2,Morelos,Mujeres,375117.0,854859.0,43.88056978
2024,2,Nayarit,Hombres,372539.0,473713.0,78.64234252
2024,2,Nayarit,Mujeres,274077.0,500014.0,54.81386521
2024,2,Nuevo León,Hombres,1816852.0,2386366.0,76.13467507
2024,2,Nuevo León,Mujeres,1195737.0,2502418.0,47.78326403
2024,2,Oaxaca,Hombres,1127565.0,1467692.0,76.82572365
2024,2,Oaxaca,Mujeres,758575.0,1745311.0,43.46360047
2024,2,Puebla,Hombres,1807931.0,2265618.0,79.79858034
2024,2,Puebla,Mujeres,1246913.0,2704410.0,46.10665543
2024,2,Querétaro,Hombres,685695.0,931189.0,73.63650129
2024,2,Querétaro,Mujeres,503471.0,1085246.0,46.3923387
2024,2,Quintana Roo,Hombres,574344.0,714303.0,80.40621417
2024,2,Quintana Roo,Mujeres,410763.0,785853.0,52.26969929
2024,2,San Luis Potosí,Hombres,787247.0,1032477.0,76.24838132
2024,2,San Luis Potosí,Mujeres,557568.0,1185932.0,47.01517456
2024,2,Sinaloa,Hombres,853474.0,1147961.0,74.34695081
2024,2,Sinaloa,Mujeres,652339.0,1279987.0,50.96450198
2024,2,Sonora,Hombres,851712.0,1165416.0,73.08222986
2024,2,Sonora,Mujeres,630062.0,1228988.0,51.26673328
2024,2,Tabasco,Hombres,709614.0,915115.0,77.54369669
2024,2,Tabasco,Mujeres,398141.0,1019910.0,39.0368758
2024,2,Tamaulipas,Hombres,976861.0,1292149.0,75.59971799
2024,2,Tamaulipas,Mujeres,692304.0,1463573.0,47.3023211
2024,2,Tlaxcala,Hombres,398707.0,512747.0,77.75901175
2024,2,Tlaxcala,Mujeres,287028.0,602437.0,47.64448399
2024,2,Veracruz,Hombres,2154522.0,2885638.0,74.66362725
2024,2,Veracruz,Mujeres,1286039.0,3429748.0,37.49660325
2024,2,Yucatán,Hombres,711383.0,897456.0,79.26661586
2024,2,Yucatán,Mujeres,518655.0,968512.0,53.5517371
2024,2,Zacatecas,Hombres,423983.0,576018.0,73.60585954
2024,2,Zacatecas,Mujeres,269721.0,667175.0,40.42732417
2024,3,Nacional,Hombres,36334958.0,47551829.0,76.41127327
2024,3,Nacional,Mujeres,25035376.0,54069039.0,46.30260952
2024,3,Aguascalientes,Hombres,406872.0,542850.0,74.95109146
2024,3,Aguascalientes,Mujeres,282646.0,619468.0,45.62721561
2024,3,Baja California,Hombres,1087724.0,1470343.0,73.9775685
2024,3,Baja California,Mujeres,734463.0,1558113.0,47.13798036
2024,3,Baja California Sur,Hombres,286025.0,352030.0,81.25017754
2024,3,Baja California Sur,Mujeres,194876.0,338663.0,57.54274899
2024,3,Campeche,Hombres,274023.0,348669.0,78.59115666
2024,3,Campeche,Mujeres,170022.0,378643.0,44.90298249
2024,3,Coahuila,Hombres,951715.0,1245078.0,76.43818299
2024,3,Coahuila,Mujeres,623586.0,1333406.0,46.76640123
2024,3,Colima,Hombres,213242.0,273030.0,78.10204007
2024,3,Colima,Mujeres,170838.0,301080.0,56.74172977
2024,3,Chiapas,Hombres,1553947.0,1910852.0,81.32220601
2024,3,Chiapas,Mujeres,676095.0,2238027.0,30.20942107
2024,3,Chihuahua,Hombres,1098295.0,1432903.0,76.64824486
2024,3,Chihuahua,Mujeres,760024.0,1584555.0,47.96450739
2024,3,Ciudad de México,Hombres,2710677.0,3682526.0,73.60917479
2024,3,Ciudad de México,Mujeres,2386025.0,4349180.0,54.86149113
2024,3,Durango,Hombres,509119.0,669126.0,76.08716445
2024,3,Durango,Mujeres,365298.0,762486.0,47.90881406
2024,3,Guanajuato,Hombres,1701097.0,2209618.0,76.98602202
2024,3,Guanajuato,Mujeres,1206907.0,2637277.0,45.76337639
2024,3,Guerrero,Hombres,919092.0,1211413.0,75.8694186
2024,3,Guerrero,Mujeres,652305.0,1422761.0,45.84782687
2024,3,Hidalgo,Hombres,880224.0,1142528.0,77.04178803
2024,3,Hidalgo,Mujeres,605163.0,1345550.0,44.97514028
2024,3,Jalisco,Hombres,2409037.0,3197539.0,75.34034769
2024,3,Jalisco,Mujeres,1607369.0,3584494.0,44.84228457
2024,3,México,Hombres,5042433.0,6654677.0,75.77276854
2024,3,México,Mujeres,3403089.0,7468843.0,45.56380419
2024,3,Michoacán,Hombres,1359335.0,1727971.0,78.66654012
2024,3,Michoacán,Mujeres,882354.0,2000422.0,44.10839313
2024,3,Morelos,Hombres,530550.0,730452.0,72.63310936
2024,3,Morelos,Mujeres,374960.0,833713.0,44.97470952
2024,3,Nayarit,Hombres,366339.0,464926.0,78.79512008
2024,3,Nayarit,Mujeres,270535.0,500804.0,54.02013562
2024,3,Nuevo León,Hombres,1806157.0,2359437.0,76.55033807
2024,3,Nuevo León,Mujeres,1200766.0,2495489.0,48.11746315
2024,3,Oaxaca,Hombres,1127487.0,1445255.0,78.013015
2024,3,Oaxaca,Mujeres,814377.0,1758282.0,46.3166318
2024,3,Puebla,Hombres,1853415.0,2305293.0,80.39824005
2024,3,Puebla,Mujeres,1319470.0,2741034.0,48.13767359
2024,3,Querétaro,Hombres,703065.0,939607.0,74.82543234
2024,3,Querétaro,Mujeres,517295.0,1079670.0,47.91232506
2024,3,Quintana Roo,Hombres,602322.0,736057.0,81.83089081
2024,3,Quintana Roo,Mujeres,400777.0,781917.0,51.25569594
2024,3,San Luis Potosí,Hombres,792531.0,1028675.0,77.04386711
2024,3,San Luis Potosí,Mujeres,564628.0,1208819.0,46.70906066
2024,3,Sinaloa,Hombres,827667.0,1142324.0,72.4546626
2024,3,Sinaloa,Mujeres,624954.0,1290975.0,48.40945797
2024,3,Sonora,Hombres,835822.0,1137459.0,73.48150571
2024,3,Sonora,Mujeres,606173.0,1242791.0,48.77513596
2024,3,Tabasco,Hombres,716723.0,929272.0,77.12736422
2024,3,Tabasco,Mujeres,397643.0,1031993.0,38.53155981
2024,3,Tamaulipas,Hombres,1003522.0,1323458.0,75.82575344
2024,3,Tamaulipas,Mujeres,711772.0,1488271.0,47.82542964
2024,3,Tlaxcala,Hombres,406961.0,519834.0,78.2867223
2024,3,Tlaxcala,Mujeres,288491.0,598541.0,48.19903733
2024,3,Veracruz,Hombres,2195990.0,2932973.0,74.87249286
2024,3,Veracruz,Mujeres,1426646.0,3444983.0,41.41227983
2024,3,Yucatán,Hombres,726422.0,912877.0,79.57501394
2024,3,Yucatán,Mujeres,525362.0,989762.0,53.07962924
2024,3,Zacatecas,Hombres,437128.0,572777.0,76.31731023
2024,3,Zacatecas,Mujeres,270467.0,659027.0,41.04035191
2024,4,Nacional,Hombres,35867548.0,47649912.0,75.27306241
2024,4,Nacional,Mujeres,25187773.0,54286601.0,46.39777134
2024,4,Aguascalientes,Hombres,393850.0,536706.0,73.38282039
2024,4,Aguascalientes,Mujeres,284637.0,615220.0,46.26588863
2024,4,Baja California,Hombres,1091052.0,1478029.0,73.8180374
2024,4,Baja California,Mujeres,724733.0,1546251.0,46.87033347
2024,4,Baja California Sur,Hombres,270621.0,342393.0,79.03812286
2024,4,Baja California Sur,Mujeres,193728.0,337748.0,57.35874084
2024,4,Campeche,Hombres,273331.0,351388.0,77.786094
2024,4,Campeche,Mujeres,173011.0,383200.0,45.14900835
2024,4,Coahuila,Hombres,964034.0,1286012.0,74.96306411
2024,4,Coahuila,Mujeres,638490.0,1384152.0,46.12860437
2024,4,Colima,Hombres,205487.0,266339.0,77.15242604
2024,4,Colima,Mujeres,162704.0,296377.0,54.89764725
2024,4,Chiapas,Hombres,1577459.0,1963607.0,80.33476149
2024,4,Chiapas,Mujeres,712096.0,2265916.0,31.42640769
2024,4,Chihuahua,Hombres,1099680.0,1451096.0,75.78271872
2024,4,Chihuahua,Mujeres,783402.0,1588278.0,49.32398484
2024,4,Ciudad de México,Hombres,2734173.0,3648604.0,74.93751035
2024,4,Ciudad de México,Mujeres,2484036.0,4354909.0,57.039906
2024,4,Durango,Hombres,511513.0,678256.0,75.41591965
2024,4,Durango,Mujeres,368801.0,764770.0,48.2237797
2024,4,Guanajuato,Hombres,1652243.0,2203617.0,74.97868277
2024,4,Guanajuato,Mujeres,1248563.0,2633475.0,47.41123421
2024,4,Guerrero,Hombres,893119.0,1202043.0,74.30008743
2024,4,Guerrero,Mujeres,692662.0,1428740.0,48.48061929
2024,4,Hidalgo,Hombres,862959.0,1133954.0,76.10176427
2024,4,Hidalgo,Mujeres,631711.0,1369625.0,46.12291686
2024,4,Jalisco,Hombres,2372762.0,3190559.0,74.36822199
2024,4,Jalisco,Mujeres,1606819.0,3606893.0,44.54856299
2024,4,México,Hombres,4955007.0,6691402.0,74.05035596
2024,4,México,Mujeres,3430435.0,7554986.0,45.40623901
2024,4,Michoacán,Hombres,1345486.0,1750592.0,76.85891401
2024,4,Michoacán,Mujeres,906479.0,1990414.0,45.54223393
2024,4,Morelos,Hombres,498741.0,733450.0,67.99931829
2024,4,Morelos,Mujeres,380248.0,838079.0,45.37137907
2024,4,Nayarit,Hombres,361820.0,462456.0,78.23879461
2024,4,Nayarit,Mujeres,272242.0,495423.0,54.95142535
2024,4,Nuevo León,Hombres,1827445.0,2375954.0,76.91415743
2024,4,Nuevo León,Mujeres,1196714.0,2474436.0,48.36310173
2024,4,Oaxaca,Hombres,1047831.0,1446250.0,72.45158168
2024,4,Oaxaca,Mujeres,745561.0,1738320.0,42.88974412
2024,4,Puebla,Hombres,1790785.0,2296655.0,77.97361815
2024,4,Puebla,Mujeres,1299264.0,2740787.0,47.40477826
2024,4,Querétaro,Hombres,690138.0,922104.0,74.8438354
2024,4,Querétaro,Mujeres,549476.0,1088156.0,50.49606858
2024,4,Quintana Roo,Hombres,601859.0,736818.0,81.6835365
2024,4,Quintana Roo,Mujeres,400228.0,779327.0,51.35559271
2024,4,San Luis Potosí,Hombres,787976.0,1029038.0,76.57404294
2024,4,San Luis Potosí,Mujeres,530779.0,1181727.0,44.91553464
2024,4,Sinaloa,Hombres,857101.0,1183549.0,72.41787201
2024,4,Sinaloa,Mujeres,622624.0,1315460.0,47.33127575
2024,4,Sonora,Hombres,827865.0,1140013.0,72.61890873
2024,4,Sonora,Mujeres,620307.0,1235494.0,50.20720457
2024,4,Tabasco,Hombres,716594.0,929206.0,77.11895963
2024,4,Tabasco,Mujeres,434197.0,1026824.0,42.28543548
2024,4,Tamaulipas,Hombres,985071.0,1339475.0,73.54157412
2024,4,Tamaulipas,Mujeres,693917.0,1487269.0,46.65712793
2024,4,Tlaxcala,Hombres,397288.0,525180.0,75.64796832
2024,4,Tlaxcala,Mujeres,291563.0,607270.0,48.01208688
2024,4,Veracruz,Hombres,2136760.0,2862920.0,74.63568664
2024,4,Veracruz,Mujeres,1336058.0,3504477.0,38.12431926
2024,4,Yucatán,Hombres,710284.0,910122.0,78.04272394
2024,4,Yucatán,Mujeres,518923.0,983195.0,52.77925539
2024,4,Zacatecas,Hombres,427214.0,582125.0,73.38870518
2024,4,Zacatecas,Mujeres,253365.0,669403.0,37.84939715
2025,1,Nacional,Hombres,35834250.0,47878914.0,74.84348956
2025,1,Nacional,Mujeres,24656985.0,54380745.0,45.34138876
2025,1,Aguascalientes,Hombres,411019.0,547512.0,75.07031809
2025,1,Aguascalientes,Mujeres,272468.0,613038.0,44.44553192
2025,1,Baja California,Hombres,1071944.0,1463306.0,73.25494463
2025,1,Baja California,Mujeres,728925.0,1538096.0,47.39138519
2025,1,Baja California Sur,Hombres,269164.0,339430.0,79.2988245
2025,1,Baja California Sur,Mujeres,194117.0,342064.0,56.74873708
2025,1,Campeche,Hombres,268846.0,345086.0,77.90695653
2025,1,Campeche,Mujeres,180237.0,384225.0,46.90923287
2025,1,Coahuila,Hombres,933906.0,1260525.0,74.08865354
2025,1,Coahuila,Mujeres,638240.0,1387679.0,45.99334572
2025,1,Colima,Hombres,210690.0,269745.0,78.10710115
2025,1,Colima,Mujeres,162290.0,295377.0,54.94334359
2025,1,Chiapas,Hombres,1588178.0,1952732.0,81.33107871
2025,1,Chiapas,Mujeres,721328.0,2270653.0,31.76742549
2025,1,Chihuahua,Hombres,1064927.0,1461930.0,72.84391182
2025,1,Chihuahua,Mujeres,752546.0,1588091.0,47.38683111
2025,1,Ciudad de México,Hombres,2685936.0,3719249.0,72.21715997
2025,1,Ciudad de México,Mujeres,2380749.0,4295927.0,55.41874897
2025,1,Durango,Hombres,515256.0,696466.0,73.98150089
2025,1,Durango,Mujeres,358111.0,762808.0,46.94641378
2025,1,Guanajuato,Hombres,1674808.0,2255211.0,74.26391588
2025,1,Guanajuato,Mujeres,1184959.0,2647265.0,44.76163134
2025,1,Guerrero,Hombres,892743.0,1203068.0,74.20553119
2025,1,Guerrero,Mujeres,641254.0,1425329.0,44.98989356
2025,1,Hidalgo,Hombres,866437.0,1130261.0,76.65813471
2025,1,Hidalgo,Mujeres,655759.0,1387991.0,47.24519107
2025,1,Jalisco,Hombres,2394183.0,3215100.0,74.4668284
2025,1,Jalisco,Mujeres,1598058.0,3647265.0,43.81524238
2025,1,México,Hombres,4915831.0,6699492.0,73.37617539
2025,1,México,Mujeres,3314490.0,7605832.0,43.57826994
2025,1,Michoacán,Hombres,1363007.0,1731588.0,78.71427845
2025,1,Michoacán,Mujeres,894517.0,1999499.0,44.73705663
2025,1,Morelos,Hombres,509319.0,740055.0,68.82177676
2025,1,Morelos,Mujeres,379478.0,846113.0,44.84956501
2025,1,Nayarit,Hombres,369399.0,462243.0,79.91446058
2025,1,Nayarit,Mujeres,274793.0,505995.0,54.30745363
2025,1,Nuevo León,Hombres,1802735.0,2391201.0,75.39035823
2025,1,Nuevo León,Mujeres,1123473.0,2480408.0,45.29387907
2025,1,Oaxaca,Hombres,1088896.0,1472227.0,73.96250714
2025,1,Oaxaca,Mujeres,740578.0,1745812.0,42.4202606
2025,1,Puebla,Hombres,1779665.0,2295958.0,77.51295973
2025,1,Puebla,Mujeres,1312457.0,2765819.0,47.45274365
2025,1,Querétaro,Hombres,691382.0,917802.0,75.33019104
2025,1,Querétaro,Mujeres,525440.0,1070569.0,49.08044227
2025,1,Quintana Roo,Hombres,603353.0,730749.0,82.56638052
2025,1,Quintana Roo,Mujeres,391918.0,776375.0,50.48050233
2025,1,San Luis Potosí,Hombres,775304.0,1041431.0,74.44602667
2025,1,San Luis Potosí,Mujeres,510392.0,1175144.0,43.43229426
2025,1,Sinaloa,Hombres,854733.0,1186934.0,72.01183891
2025,1,Sinaloa,Mujeres,626276.0,1301987.0,48.10155555
2025,1,Sonora,Hombres,818033.0,1132775.0,72.21495884
2025,1,Sonora,Mujeres,607378.0,1239814.0,48.98944519
2025,1,Tabasco,Hombres,703013.0,928295.0,75.73163703
2025,1,Tabasco,Mujeres,418826.0,1032472.0,40.56536158
2025,1,Tamaulipas,Hombres,992704.0,1341779.0,73.9841658
2025,1,Tamaulipas,Mujeres,697754.0,1493150.0,46.7303352
2025,1,Tlaxcala,Hombres,402461.0,535653.0,75.13464874
2025,1,Tlaxcala,Mujeres,290528.0,616132.0,47.15353204
2025,1,Veracruz,Hombres,2187072.0,2916484.0,74.99002223
2025,1,Veracruz,Mujeres,1299037.0,3487493.0,37.24844752
2025,1,Yucatán,Hombres,714633.0,910350.0,78.50090624
2025,1,Yucatán,Mujeres,525224.0,979865.0,53.60166962
2025,1,Zacatecas,Hombres,414673.0,584277.0,70.9719876
2025,1,Zacatecas,Mujeres,255385.0,672458.0,37.97783653
2025,2,Nacional,Hombres,36046346.0,48005708.0,75.087625
2025,2,Nacional,Mujeres,25018659.0,54609492.0,45.81375524
2025,2,Aguascalientes,Hombres,408357.0,549789.0,74.27522195
2025,2,Aguascalientes,Mujeres,264079.0,619861.0,42.6029384
2025,2,Baja California,Hombres,1084341.0,1488088.0,72.86806963
2025,2,Baja California,Mujeres,706278.0,1526160.0,46.27810977
2025,2,Baja California Sur,Hombres,269958.0,342001.0,78.93485692
2025,2,Baja California Sur,Mujeres,186975.0,342789.0,54.54521586
2025,2,Campeche,Hombres,261599.0,338713.0,77.23323285
2025,2,Campeche,Mujeres,173189.0,382757.0,45.24776817
2025,2,Coahuila,Hombres,977396.0,1289923.0,75.77165459
2025,2,Coahuila,Mujeres,645146.0,1376503.0,46.86847758
2025,2,Colima,Hombres,210631.0,275100.0,76.565249
2025,2,Colima,Mujeres,162511.0,293353.0,55.3977631
2025,2,Chiapas,Hombres,1557465.0,1948412.0,79.93509586
2025,2,Chiapas,Mujeres,714836.0,2292454.0,31.18213059
2025,2,Chihuahua,Hombres,1120495.0,1474974.0,75.96710179
2025,2,Chihuahua,Mujeres,784584.0,1596524.0,49.14326374
2025,2,Ciudad de México,Hombres,2751984.0,3729413.0,73.79134464
2025,2,Ciudad de México,Mujeres,2392437.0,4327046.0,55.2903066
2025,2,Durango,Hombres,523224.0,689313.0,75.90514034
2025,2,Durango,Mujeres,360845.0,765430.0,47.14278249
2025,2,Guanajuato,Hombres,1671010.0,2267990.0,73.67801445
2025,2,Guanajuato,Mujeres,1252606.0,2639458.0,47.45694002
2025,2,Guerrero,Hombres,883897.0,1224588.0,72.1791329
2025,2,Guerrero,Mujeres,638073.0,1461941.0,43.6456054
2025,2,Hidalgo,Hombres,831230.0,1104775.0,75.2397547
2025,2,Hidalgo,Mujeres,653286.0,1431459.0,45.63777237
2025,2,Jalisco,Hombres,2410722.0,3256106.0,74.03696317
2025,2,Jalisco,Mujeres,1571948.0,3627077.0,43.33925086
2025,2,México,Hombres,4931211.0,6677442.0,73.84880318
2025,2,México,Mujeres,3466082.0,7703830.0,44.99167297
2025,2,Michoacán,Hombres,1377155.0,1775512.0,77.56382384
2025,2,Michoacán,Mujeres,918601.0,2009672.0,45.70900127
2025,2,Morelos,Hombres,501904.0,723852.0,69.33793096
2025,2,Morelos,Mujeres,358066.0,841579.0,42.54692667
2025,2,Nayarit,Hombres,362771.0,461736.0,78.56675676
2025,2,Nayarit,Mujeres,272963.0,508262.0,53.70517568
2025,2,Nuevo León,Hombres,1838747.0,2389763.0,76.9426508
2025,2,Nuevo León,Mujeres,1157443.0,2483515.0,46.60503359
2025,2,Oaxaca,Hombres,1083089.0,1472436.0,73.55762831
2025,2,Oaxaca,Mujeres,770658.0,1742364.0,44.23059705
2025,2,Puebla,Hombres,1765829.0,2296056.0,76.90705279
2025,2,Puebla,Mujeres,1317154.0,2778955.0,47.39745696
2025,2,Querétaro,Hombres,681007.0,912609.0,74.62199036
2025,2,Querétaro,Mujeres,531659.0,1077429.0,49.34515407
2025,2,Quintana Roo,Hombres,603845.0,746763.0,80.86166562
2025,2,Quintana Roo,Mujeres,412180.0,769417.0,53.5704306
2025,2,San Luis Potosí,Hombres,784278.0,1047471.0,74.87348098
2025,2,San Luis Potosí,Mujeres,494540.0,1173807.0,42.13128734
2025,2,Sinaloa,Hombres,862055.0,1185049.0,72.74424939
2025,2,Sinaloa,Mujeres,619840.0,1295949.0,47.82904266
2025,2,Sonora,Hombres,843115.0,1129499.0,74.64504174
2025,2,Sonora,Mujeres,657005.0,1270509.0,51.71195167
2025,2,Tabasco,Hombres,711224.0,932044.0,76.30798546
2025,2,Tabasco,Mujeres,431845.0,1029890.0,41.93117712
2025,2,Tamaulipas,Hombres,1009702.0,1345167.0,75.06146077
2025,2,Tamaulipas,Mujeres,706244.0,1499691.0,47.09263442
2025,2,Tlaxcala,Hombres,405826.0,539295.0,75.2512076
2025,2,Tlaxcala,Mujeres,297448.0,615848.0,48.29893091
2025,2,Veracruz,Hombres,2169753.0,2902290.0,74.76003432
2025,2,Veracruz,Mujeres,1308812.0,3465038.0,37.77193785
2025,2,Yucatán,Hombres,717098.0,899266.0,79.74259007
2025,2,Yucatán,Mujeres,524676.0,987631.0,53.12469941
2025,2,Zacatecas,Hombres,435428.0,590273.0,73.76722296
2025,2,Zacatecas,Mujeres,266650.0,673294.0,39.60379864
2025,3,Nacional,Hombres,36276569.0,48329265.0,75.06128843
2025,3,Nacional,Mujeres,25026686.0,54739090.0,45.7199526
2025,3,Aguascalientes,Hombres,397635.0,541209.0,73.47161633
2025,3,Aguascalientes,Mujeres,275552.0,620972.0,44.37430351
2025,3,Baja California,Hombres,1078279.0,1487075.0,72.5100617
2025,3,Baja California,Mujeres,715748.0,1531608.0,46.73180083
2025,3,Baja California Sur,Hombres,275031.0,347036.0,79.25143213
2025,3,Baja California Sur,Mujeres,196018.0,351042.0,55.83890247
2025,3,Campeche,Hombres,264100.0,339356.0,77.82387817
2025,3,Campeche,Mujeres,171292.0,381680.0,44.87843219
2025,3,Coahuila,Hombres,946308.0,1285814.0,73.59602555
2025,3,Coahuila,Mujeres,630851.0,1381168.0,45.67518216
2025,3,Colima,Hombres,219173.0,280210.0,78.21740837
2025,3,Colima,Mujeres,170070.0,300666.0,56.56442697
2025,3,Chiapas,Hombres,1597325.0,1976107.0,80.83190839
2025,3,Chiapas,Mujeres,742742.0,2287486.0,32.46979435
2025,3,Chihuahua,Hombres,1111372.0,1501841.0,74.00064321
2025,3,Chihuahua,Mujeres,758095.0,1614689.0,46.949908
2025,3,Ciudad de México,Hombres,2696889.0,3724176.0,72.41572364
2025,3,Ciudad de México,Mujeres,2363081.0,4320111.0,54.6995436
2025,3,Durango,Hombres,535856.0,702400.0,76.28929385
2025,3,Durango,Mujeres,359458.0,773104.0,46.49542623
2025,3,Guanajuato,Hombres,1768962.0,2301951.0,76.84620568
2025,3,Guanajuato,Mujeres,1220650.0,2643758.0,46.17101868
2025,3,Guerrero,Hombres,920123.0,1231739.0,74.70113393
2025,3,Guerrero,Mujeres,687910.0,1468511.0,46.84404815
2025,3,Hidalgo,Hombres,868335.0,1132297.0,76.68791845
2025,3,Hidalgo,Mujeres,678371.0,1412458.0,48.02769357
2025,3,Jalisco,Hombres,2443863.0,3342220.0,73.12094955
2025,3,Jalisco,Mujeres,1519459.0,3582217.0,42.41672127
2025,3,México,Hombres,4957929.0,6719507.0,73.78411839
2025,3,México,Mujeres,3416571.0,7720883.0,44.25103968
2025,3,Michoacán,Hombres,1358900.0,1757453.0,77.32212469
2025,3,Michoacán,Mujeres,912670.0,2017979.0,45.22693249
2025,3,Morelos,Hombres,521238.0,735378.0,70.88028198
2025,3,Morelos,Mujeres,376521.0,860061.0,43.77840642
2025,3,Nayarit,Hombres,369929.0,467561.0,79.11887433
2025,3,Nayarit,Mujeres,271421.0,502213.0,54.04499684
2025,3,Nuevo León,Hombres,1835228.0,2389453.0,76.80536089
2025,3,Nuevo León,Mujeres,1189706.0,2489219.0,47.79434835
2025,3,Oaxaca,Hombres,1089671.0,1437744.0,75.79033541
2025,3,Oaxaca,Mujeres,794976.0,1750048.0,45.42595403
2025,3,Puebla,Hombres,1816453.0,2325843.0,78.09869368
2025,3,Puebla,Mujeres,1356991.0,2814121.0,48.22077658
2025,3,Querétaro,Hombres,688316.0,924587.0,74.44577958
2025,3,Querétaro,Mujeres,535753.0,1081188.0,49.55225178
2025,3,Quintana Roo,Hombres,595457.0,738931.0,80.58357276
2025,3,Quintana Roo,Mujeres,400369.0,770485.0,51.96324393
2025,3,San Luis Potosí,Hombres,772493.0,1039544.0,74.31075549
2025,3,San Luis Potosí,Mujeres,510298.0,1181301.0,43.19796563
2025,3,Sinaloa,Hombres,852625.0,1198083.0,71.16577065
2025,3,Sinaloa,Mujeres,604315.0,1295881.0,46.63352576
2025,3,Sonora,Hombres,845778.0,1147282.0,73.72014901
2025,3,Sonora,Mujeres,643466.0,1250789.0,51.44480804
2025,3,Tabasco,Hombres,721098.0,934219.0,77.18725481
2025,3,Tabasco,Mujeres,439156.0,1038541.0,42.28586064
2025,3,Tamaulipas,Hombres,1008785.0,1355252.0,74.43523419
2025,3,Tamaulipas,Mujeres,698185.0,1499864.0,46.54988719
2025,3,Tlaxcala,Hombres,409369.0,527157.0,77.65599243
2025,3,Tlaxcala,Mujeres,304100.0,616586.0,49.3199651
2025,3,Veracruz,Hombres,2133501.0,2929206.0,72.83547146
2025,3,Veracruz,Mujeres,1265019.0,3485074.0,36.29819625
2025,3,Yucatán,Hombres,730692.0,905542.0,80.691122
2025,3,Yucatán,Mujeres,538886.0,1010111.0,53.34918638
2025,3,Zacatecas,Hombres,445856.0,603092.0,73.92835587
2025,3,Zacatecas,Mujeres,278986.0,685276.0,40.71147975
2025,4,Nacional,Hombres,36198885.0,48535835.0,74.58177036
2025,4,Nacional,Mujeres,25149317.0,54947114.0,45.77004172
2025,4,Aguascalientes,Hombres,408066.0,554902.0,73.53839056
2025,4,Aguascalientes,Mujeres,280959.0,626193.0,44.86779635
2025,4,Baja California,Hombres,1063834.0,1471662.0,72.28793024
2025,4,Baja California,Mujeres,734929.0,1545853.0,47.54197197
2025,4,Baja California Sur,Hombres,280915.0,358302.0,78.40173931
2025,4,Baja California Sur,Mujeres,204011.0,363384.0,56.14198754
2025,4,Campeche,Hombres,260994.0,335638.0,77.76056346
2025,4,Campeche,Mujeres,174993.0,377058.0,46.41010136
2025,4,Coahuila,Hombres,1004624.0,1343646.0,74.76850301
2025,4,Coahuila,Mujeres,647304.0,1425060.0,45.42292956
2025,4,Colima,Hombres,224321.0,283773.0,79.0494515
2025,4,Colima,Mujeres,174221.0,312223.0,55.80018128
2025,4,Chiapas,Hombres,1521166.0,1903186.0,79.92734289
2025,4,Chiapas,Mujeres,711287.0,2268018.0,31.36161177
2025,4,Chihuahua,Hombres,1119768.0,1522712.0,73.53774056
2025,4,Chihuahua,Mujeres,778887.0,1628332.0,47.83342709
2025,4,Ciudad de México,Hombres,2699169.0,3711837.0,72.71787527
2025,4,Ciudad de México,Mujeres,2366723.0,4353944.0,54.35814057
2025,4,Durango,Hombres,532303.0,703079.0,75.71026869
2025,4,Durango,Mujeres,369864.0,786756.0,47.0112716
2025,4,Guanajuato,Hombres,1720932.0,2300400.0,74.81011998
2025,4,Guanajuato,Mujeres,1226963.0,2663745.0,46.06157872
2025,4,Guerrero,Hombres,930185.0,1243737.0,74.78952544
2025,4,Guerrero,Mujeres,670449.0,1435234.0,46.71356726
2025,4,Hidalgo,Hombres,848041.0,1129417.0,75.08661548
2025,4,Hidalgo,Mujeres,661015.0,1397854.0,47.28784265
2025,4,Jalisco,Hombres,2435979.0,3331058.0,73.12928805
2025,4,Jalisco,Mujeres,1598033.0,3624903.0,44.08484862
2025,4,México,Hombres,4952285.0,6816176.0,72.65488743
2025,4,México,Mujeres,3381487.0,7722678.0,43.78645594
2025,4,Michoacán,Hombres,1333917.0,1752458.0,76.11691692
2025,4,Michoacán,Mujeres,925876.0,2000598.0,46.27996229
2025,4,Morelos,Hombres,527182.0,750034.0,70.28774696
2025,4,Morelos,Mujeres,395587.0,863736.0,45.79952671
2025,4,Nayarit,Hombres,378801.0,472244.0,80.21298312
2025,4,Nayarit,Mujeres,278407.0,510363.0,54.55078052
2025,4,Nuevo León,Hombres,1883241.0,2448956.0,76.8997483
2025,4,Nuevo León,Mujeres,1208728.0,2555030.0,47.30778112
2025,4,Oaxaca,Hombres,1064342.0,1438409.0,73.99439242
2025,4,Oaxaca,Mujeres,766190.0,1732026.0,44.23663386
2025,4,Puebla,Hombres,1835968.0,2320962.0,79.10375094
2025,4,Puebla,Mujeres,1326359.0,2765489.0,47.961102
2025,4,Querétaro,Hombres,703295.0,912279.0,77.09209573
2025,4,Querétaro,Mujeres,546548.0,1075039.0,50.83983
2025,4,Quintana Roo,Hombres,607101.0,747933.0,81.17050591
2025,4,Quintana Roo,Mujeres,404400.0,776290.0,52.09393397
2025,4,San Luis Potosí,Hombres,766223.0,1071705.0,71.49570078
2025,4,San Luis Potosí,Mujeres,533359.0,1199449.0,44.4670011
2025,4,Sinaloa,Hombres,858460.0,1187297.0,72.30372855
2025,4,Sinaloa,Mujeres,612151.0,1307908.0,46.80382718
2025,4,Sonora,Hombres,865947.0,1150690.0,75.25458638
2025,4,Sonora,Mujeres,657968.0,1250013.0,52.63689258
2025,4,Tabasco,Hombres,716779.0,944145.0,75.91831763
2025,4,Tabasco,Mujeres,429439.0,1037012.0,41.41118907
2025,4,Tamaulipas,Hombres,1015904.0,1389251.0,73.12602258
2025,4,Tamaulipas,Mujeres,698925.0,1502903.0,46.50499733
2025,4,Tlaxcala,Hombres,404368.0,520083.0,77.75066672
2025,4,Tlaxcala,Mujeres,294784.0,601815.0,48.98249462
2025,4,Veracruz,Hombres,2047532.0,2882750.0,71.02704015
2025,4,Veracruz,Mujeres,1288196.0,3524995.0,36.54461921
2025,4,Yucatán,Hombres,737169.0,924730.0,79.71721475
2025,4,Yucatán,Mujeres,531504.0,1012525.0,52.4929261
2025,4,Zacatecas,Hombres,450074.0,612384.0,73.49538851
2025,4,Zacatecas,Mujeres,269771.0,700688.0,38.50087343
