periodo,trimestre,entidad_federativa,sexo,poblacion_desocupada_abierta,poblacion_economicamente_activa,tasa_desocupacion
2005,1,Nacional,Hombres,964855.0,26989423.0,3.574937486
2005,1,Nacional,Mujeres,654410.0,15116913.0,4.328992302
2005,1,Aguascalientes,Hombres,12442.0,250401.0,4.968829997
2005,1,Aguascalientes,Mujeres,5877.0,147006.0,3.997796008
2005,1,Baja California,Hombres,10798.0,753603.0,1.432849922
2005,1,Baja California,Mujeres,8992.0,396124.0,2.269996264
2005,1,Baja California Sur,Hombres,2864.0,145145.0,1.973199215
2005,1,Baja California Sur,Mujeres,2975.0,75692.0,3.930402156
2005,1,Campeche,Hombres,4815.0,208429.0,2.310139184
2005,1,Campeche,Mujeres,2997.0,110898.0,2.702483363
2005,1,Coahuila,Hombres,31227.0,650857.0,4.797828094
2005,1,Coahuila,Mujeres,18234.0,343322.0,5.311049103
2005,1,Colima,Hombres,5214.0,162844.0,3.201837341
2005,1,Colima,Mujeres,3031.0,101797.0,2.977494425
2005,1,Chiapas,Hombres,19247.0,1104948.0,1.741891926
2005,1,Chiapas,Mujeres,13119.0,419596.0,3.1265789
2005,1,Chihuahua,Hombres,27904.0,844241.0,3.305217349
2005,1,Chihuahua,Mujeres,14535.0,396054.0,3.669954097
2005,1,Ciudad de México,Hombres,119617.0,2365719.0,5.056264079
2005,1,Ciudad de México,Mujeres,100810.0,1600760.0,6.297633624
2005,1,Durango,Hombres,14858.0,389336.0,3.816240985
2005,1,Durango,Mujeres,8584.0,185998.0,4.615103388
2005,1,Guanajuato,Hombres,58547.0,1203373.0,4.865241284
2005,1,Guanajuato,Mujeres,29829.0,722628.0,4.127850014
2005,1,Guerrero,Hombres,11018.0,696309.0,1.582343471
2005,1,Guerrero,Mujeres,4446.0,379064.0,1.172889011
2005,1,Hidalgo,Hombres,16365.0,618492.0,2.645951767
2005,1,Hidalgo,Mujeres,14862.0,354939.0,4.187198364
2005,1,Jalisco,Hombres,68345.0,1781391.0,3.836608583
2005,1,Jalisco,Mujeres,40454.0,1141201.0,3.544861948
2005,1,México,Hombres,184057.0,3752344.0,4.905120639
2005,1,México,Mujeres,130415.0,2042596.0,6.384767228
2005,1,Michoacán,Hombres,19211.0,1007429.0,1.906933392
2005,1,Michoacán,Mujeres,16128.0,584447.0,2.75953166
2005,1,Morelos,Hombres,10015.0,404923.0,2.47330974
2005,1,Morelos,Mujeres,8634.0,276394.0,3.12380153
2005,1,Nayarit,Hombres,4818.0,267687.0,1.799863273
2005,1,Nayarit,Mujeres,5708.0,166655.0,3.425039753
2005,1,Nuevo León,Hombres,54593.0,1203509.0,4.536152202
2005,1,Nuevo León,Mujeres,45499.0,656770.0,6.927691582
2005,1,Oaxaca,Hombres,15064.0,848905.0,1.774521295
2005,1,Oaxaca,Mujeres,10499.0,529699.0,1.982069062
2005,1,Puebla,Hombres,41710.0,1352216.0,3.084566371
2005,1,Puebla,Mujeres,29607.0,827060.0,3.579788649
2005,1,Querétaro,Hombres,17679.0,386867.0,4.56978755
2005,1,Querétaro,Mujeres,7389.0,236879.0,3.11931408
2005,1,Quintana Roo,Hombres,5457.0,305925.0,1.783770532
2005,1,Quintana Roo,Mujeres,7142.0,176876.0,4.03785703
2005,1,San Luis Potosí,Hombres,17261.0,611798.0,2.821356069
2005,1,San Luis Potosí,Mujeres,12749.0,332404.0,3.835393076
2005,1,Sinaloa,Hombres,18727.0,763381.0,2.453165588
2005,1,Sinaloa,Mujeres,17206.0,408748.0,4.209439557
2005,1,Sonora,Hombres,24092.0,655337.0,3.676276481
2005,1,Sonora,Mujeres,11859.0,346777.0,3.419776975
2005,1,Tabasco,Hombres,19548.0,536995.0,3.640257358
2005,1,Tabasco,Mujeres,7536.0,210829.0,3.574460819
2005,1,Tamaulipas,Hombres,34971.0,809651.0,4.319268426
2005,1,Tamaulipas,Mujeres,30381.0,458499.0,6.626186753
2005,1,Tlaxcala,Hombres,10227.0,265006.0,3.859157906
2005,1,Tlaxcala,Mujeres,5525.0,139263.0,3.967313644
2005,1,Veracruz,Hombres,61254.0,1821945.0,3.362011477
2005,1,Veracruz,Mujeres,26809.0,900242.0,2.977977033
2005,1,Yucatán,Hombres,12738.0,488530.0,2.607414079
2005,1,Yucatán,Mujeres,7651.0,286377.0,2.671653101
2005,1,Zacatecas,Hombres,10172.0,331887.0,3.064898595
2005,1,Zacatecas,Mujeres,4928.0,161319.0,3.054816854
2005,2,Nacional,Hombres,909637.0,26738081.0,3.402027991
2005,2,Nacional,Mujeres,556386.0,15480926.0,3.594009816
2005,2,Aguascalientes,Hombres,15417.0,257623.0,5.984325934
2005,2,Aguascalientes,Mujeres,6233.0,151707.0,4.108577719
2005,2,Baja California,Hombres,8821.0,741944.0,1.188903745
2005,2,Baja California,Mujeres,4991.0,403089.0,1.238188092
2005,2,Baja California Sur,Hombres,2906.0,146751.0,1.980225007
2005,2,Baja California Sur,Mujeres,2485.0,78360.0,3.171260847
2005,2,Campeche,Hombres,5041.0,213548.0,2.360593403
2005,2,Campeche,Mujeres,3986.0,116228.0,3.429466222
2005,2,Coahuila,Hombres,31181.0,656702.0,4.748120152
2005,2,Coahuila,Mujeres,15724.0,351452.0,4.474010676
2005,2,Colima,Hombres,4251.0,162318.0,2.618933205
2005,2,Colima,Mujeres,2669.0,105568.0,2.528228251
2005,2,Chiapas,Hombres,16879.0,1116405.0,1.511906521
2005,2,Chiapas,Mujeres,15685.0,482753.0,3.249073543
2005,2,Chihuahua,Hombres,15617.0,848906.0,1.839661871
2005,2,Chihuahua,Mujeres,11221.0,439324.0,2.554151378
2005,2,Ciudad de México,Hombres,128656.0,2333249.0,5.514027864
2005,2,Ciudad de México,Mujeres,87470.0,1673677.0,5.226217484
2005,2,Durango,Hombres,11991.0,381712.0,3.141373601
2005,2,Durango,Mujeres,7132.0,187693.0,3.79982205
2005,2,Guanajuato,Hombres,53465.0,1166035.0,4.585196842
2005,2,Guanajuato,Mujeres,22460.0,696101.0,3.226543275
2005,2,Guerrero,Hombres,9822.0,701580.0,1.399982896
2005,2,Guerrero,Mujeres,3139.0,404801.0,0.775442748
2005,2,Hidalgo,Hombres,21467.0,620924.0,3.457266912
2005,2,Hidalgo,Mujeres,11378.0,357112.0,3.18611528
2005,2,Jalisco,Hombres,50369.0,1776928.0,2.834611194
2005,2,Jalisco,Mujeres,34087.0,1108403.0,3.075325491
2005,2,México,Hombres,203047.0,3689009.0,5.50410693
2005,2,México,Mujeres,105309.0,2008194.0,5.243965473
2005,2,Michoacán,Hombres,24295.0,980747.0,2.477193405
2005,2,Michoacán,Mujeres,17652.0,635248.0,2.778757273
2005,2,Morelos,Hombres,10963.0,410837.0,2.668454886
2005,2,Morelos,Mujeres,7939.0,272104.0,2.917634434
2005,2,Nayarit,Hombres,4598.0,261136.0,1.760768335
2005,2,Nayarit,Mujeres,5298.0,162850.0,3.253300583
2005,2,Nuevo León,Hombres,48509.0,1204887.0,4.026020697
2005,2,Nuevo León,Mujeres,40380.0,675936.0,5.973938361
2005,2,Oaxaca,Hombres,13836.0,851809.0,1.624307797
2005,2,Oaxaca,Mujeres,7680.0,583183.0,1.316910815
2005,2,Puebla,Hombres,37163.0,1316592.0,2.822666399
2005,2,Puebla,Mujeres,22444.0,827865.0,2.711070042
2005,2,Querétaro,Hombres,15683.0,391882.0,4.001969981
2005,2,Querétaro,Mujeres,9177.0,250477.0,3.663809452
2005,2,Quintana Roo,Hombres,6490.0,313857.0,2.067820695
2005,2,Quintana Roo,Mujeres,5929.0,187493.0,3.162251391
2005,2,San Luis Potosí,Hombres,11524.0,597823.0,1.927660863
2005,2,San Luis Potosí,Mujeres,11667.0,346011.0,3.37185812
2005,2,Sinaloa,Hombres,22904.0,738942.0,3.099566678
2005,2,Sinaloa,Mujeres,15411.0,433362.0,3.556149362
2005,2,Sonora,Hombres,21860.0,640581.0,3.412527065
2005,2,Sonora,Mujeres,9364.0,352713.0,2.654849694
2005,2,Tabasco,Hombres,15724.0,538882.0,2.917892971
2005,2,Tabasco,Mujeres,6077.0,216890.0,2.801881138
2005,2,Tamaulipas,Hombres,27797.0,819043.0,3.393838907
2005,2,Tamaulipas,Mujeres,23589.0,471164.0,5.006537002
2005,2,Tlaxcala,Hombres,11638.0,270745.0,4.298509668
2005,2,Tlaxcala,Mujeres,6792.0,147611.0,4.601283102
2005,2,Veracruz,Hombres,39033.0,1755752.0,2.223149967
2005,2,Veracruz,Mujeres,21058.0,885718.0,2.377506159
2005,2,Yucatán,Hombres,10898.0,485745.0,2.24356401
2005,2,Yucatán,Mujeres,7749.0,300841.0,2.575779232
2005,2,Zacatecas,Hombres,7792.0,345187.0,2.257327188
2005,2,Zacatecas,Mujeres,4211.0,166998.0,2.521587085
2005,3,Nacional,Hombres,935739.0,27171531.0,3.443821403
2005,3,Nacional,Mujeres,686302.0,15875871.0,4.322925023
2005,3,Aguascalientes,Hombres,14585.0,259283.0,5.625127756
2005,3,Aguascalientes,Mujeres,7760.0,152684.0,5.082392392
2005,3,Baja California,Hombres,7373.0,751373.0,0.981270288
2005,3,Baja California,Mujeres,7512.0,412998.0,1.818895007
2005,3,Baja California Sur,Hombres,3366.0,149709.0,2.248361822
2005,3,Baja California Sur,Mujeres,2551.0,78022.0,3.269590628
2005,3,Campeche,Hombres,4638.0,212762.0,2.179900546
2005,3,Campeche,Mujeres,4197.0,117981.0,3.557352455
2005,3,Coahuila,Hombres,23734.0,647259.0,3.666847429
2005,3,Coahuila,Mujeres,18570.0,337401.0,5.503836681
2005,3,Colima,Hombres,5430.0,163640.0,3.318259594
2005,3,Colima,Mujeres,3407.0,106384.0,3.202549256
2005,3,Chiapas,Hombres,20485.0,1129196.0,1.814122615
2005,3,Chiapas,Mujeres,17641.0,491732.0,3.587523285
2005,3,Chihuahua,Hombres,14777.0,862193.0,1.713885406
2005,3,Chihuahua,Mujeres,16745.0,461716.0,3.626688267
2005,3,Ciudad de México,Hombres,135745.0,2347552.0,5.782406524
2005,3,Ciudad de México,Mujeres,118523.0,1685244.0,7.032987508
2005,3,Durango,Hombres,12560.0,390671.0,3.214981404
2005,3,Durango,Mujeres,6434.0,186696.0,3.446244162
2005,3,Guanajuato,Hombres,48314.0,1206966.0,4.00292966
2005,3,Guanajuato,Mujeres,26607.0,727451.0,3.657565939
2005,3,Guerrero,Hombres,9175.0,764711.0,1.199799663
2005,3,Guerrero,Mujeres,3055.0,455754.0,0.670317759
2005,3,Hidalgo,Hombres,12894.0,614099.0,2.099661455
2005,3,Hidalgo,Mujeres,11016.0,397229.0,2.773211422
2005,3,Jalisco,Hombres,79222.0,1835367.0,4.316411922
2005,3,Jalisco,Mujeres,47597.0,1162623.0,4.093932427
2005,3,México,Hombres,166326.0,3697385.0,4.498476626
2005,3,México,Mujeres,122650.0,2094805.0,5.854960247
2005,3,Michoacán,Hombres,28822.0,1007491.0,2.860769972
2005,3,Michoacán,Mujeres,26903.0,657968.0,4.088800671
2005,3,Morelos,Hombres,10674.0,423337.0,2.521395484
2005,3,Morelos,Mujeres,6549.0,270277.0,2.423069666
2005,3,Nayarit,Hombres,5633.0,257201.0,2.190115902
2005,3,Nayarit,Mujeres,5472.0,160004.0,3.419914502
2005,3,Nuevo León,Hombres,60380.0,1225886.0,4.925417208
2005,3,Nuevo León,Mujeres,53560.0,698827.0,7.664271701
2005,3,Oaxaca,Hombres,19757.0,898734.0,2.198314518
2005,3,Oaxaca,Mujeres,10593.0,574242.0,1.844692656
2005,3,Puebla,Hombres,41364.0,1349263.0,3.065673631
2005,3,Puebla,Mujeres,32269.0,874775.0,3.688834272
2005,3,Querétaro,Hombres,17911.0,401719.0,4.458589213
2005,3,Querétaro,Mujeres,10910.0,256955.0,4.245879629
2005,3,Quintana Roo,Hombres,6263.0,325539.0,1.923886232
2005,3,Quintana Roo,Mujeres,7026.0,188813.0,3.721142082
2005,3,San Luis Potosí,Hombres,13186.0,599620.0,2.199059404
2005,3,San Luis Potosí,Mujeres,12627.0,346900.0,3.639953877
2005,3,Sinaloa,Hombres,26395.0,717609.0,3.678186868
2005,3,Sinaloa,Mujeres,14541.0,394862.0,3.682552385
2005,3,Sonora,Hombres,24558.0,625581.0,3.925630734
2005,3,Sonora,Mujeres,15859.0,347731.0,4.560709284
2005,3,Tabasco,Hombres,19076.0,548105.0,3.480355041
2005,3,Tabasco,Mujeres,9919.0,232285.0,4.270185333
2005,3,Tamaulipas,Hombres,37294.0,812614.0,4.589386843
2005,3,Tamaulipas,Mujeres,23438.0,455105.0,5.150020325
2005,3,Tlaxcala,Hombres,12188.0,276581.0,4.406665678
2005,3,Tlaxcala,Mujeres,9318.0,162438.0,5.736342481
2005,3,Veracruz,Hombres,31067.0,1819462.0,1.707482761
2005,3,Veracruz,Mujeres,15911.0,899849.0,1.768185551
2005,3,Yucatán,Hombres,11919.0,496166.0,2.402220225
2005,3,Yucatán,Mujeres,9509.0,304891.0,3.118819513
2005,3,Zacatecas,Hombres,10628.0,354457.0,2.998389085
2005,3,Zacatecas,Mujeres,7633.0,181229.0,4.211798332
2005,4,Nacional,Hombres,805700.0,27268601.0,2.954680367
2005,4,Nacional,Mujeres,542586.0,16045683.0,3.381507662
2005,4,Aguascalientes,Hombres,13335.0,264673.0,5.038292535
2005,4,Aguascalientes,Mujeres,4123.0,155039.0,2.659330878
2005,4,Baja California,Hombres,11612.0,758193.0,1.531536166
2005,4,Baja California,Mujeres,7295.0,435285.0,1.675913482
2005,4,Baja California Sur,Hombres,2089.0,151651.0,1.377504929
2005,4,Baja California Sur,Mujeres,2057.0,84308.0,2.439863358
2005,4,Campeche,Hombres,3682.0,211500.0,1.740898345
2005,4,Campeche,Mujeres,2296.0,115965.0,1.979907731
2005,4,Coahuila,Hombres,25898.0,653410.0,3.963514486
2005,4,Coahuila,Mujeres,14588.0,353721.0,4.124154348
2005,4,Colima,Hombres,4940.0,163477.0,3.021831817
2005,4,Colima,Mujeres,3841.0,111224.0,3.453391354
2005,4,Chiapas,Hombres,14319.0,1108599.0,1.291630247
2005,4,Chiapas,Mujeres,11949.0,463164.0,2.57986372
2005,4,Chihuahua,Hombres,18100.0,883359.0,2.048997067
2005,4,Chihuahua,Mujeres,11442.0,456233.0,2.507929063
2005,4,Ciudad de México,Hombres,108281.0,2358646.0,4.590811847
2005,4,Ciudad de México,Mujeres,93374.0,1756850.0,5.314853289
2005,4,Durango,Hombres,11511.0,391314.0,2.94162744
2005,4,Durango,Mujeres,5248.0,184426.0,2.845585763
2005,4,Guanajuato,Hombres,34485.0,1219543.0,2.827698572
2005,4,Guanajuato,Mujeres,19419.0,753082.0,2.578603658
2005,4,Guerrero,Hombres,6693.0,754451.0,0.887135149
2005,4,Guerrero,Mujeres,1948.0,437280.0,0.445481156
2005,4,Hidalgo,Hombres,21469.0,604925.0,3.549035004
2005,4,Hidalgo,Mujeres,12257.0,377431.0,3.247480997
2005,4,Jalisco,Hombres,57167.0,1812475.0,3.154084884
2005,4,Jalisco,Mujeres,42122.0,1157025.0,3.640543636
2005,4,México,Hombres,160621.0,3733143.0,4.302567568
2005,4,México,Mujeres,85254.0,2077229.0,4.104217686
2005,4,Michoacán,Hombres,28879.0,1009139.0,2.861746499
2005,4,Michoacán,Mujeres,17459.0,669544.0,2.607595617
2005,4,Morelos,Hombres,10563.0,429696.0,2.458249553
2005,4,Morelos,Mujeres,6043.0,268064.0,2.254312403
2005,4,Nayarit,Hombres,5072.0,271463.0,1.868394588
2005,4,Nayarit,Mujeres,3615.0,162361.0,2.226519915
2005,4,Nuevo León,Hombres,40884.0,1230847.0,3.321615115
2005,4,Nuevo León,Mujeres,45247.0,697222.0,6.48961163
2005,4,Oaxaca,Hombres,14413.0,875110.0,1.646992949
2005,4,Oaxaca,Mujeres,6260.0,567247.0,1.103575691
2005,4,Puebla,Hombres,38871.0,1339183.0,2.902590609
2005,4,Puebla,Mujeres,26478.0,862387.0,3.070315299
2005,4,Querétaro,Hombres,16323.0,416036.0,3.923458547
2005,4,Querétaro,Mujeres,8054.0,261887.0,3.075372203
2005,4,Quintana Roo,Hombres,8823.0,332066.0,2.657001921
2005,4,Quintana Roo,Mujeres,4725.0,178676.0,2.644451409
2005,4,San Luis Potosí,Hombres,12091.0,600262.0,2.014287095
2005,4,San Luis Potosí,Mujeres,8853.0,351228.0,2.520584919
2005,4,Sinaloa,Hombres,16022.0,736381.0,2.175775855
2005,4,Sinaloa,Mujeres,18033.0,434158.0,4.153557
2005,4,Sonora,Hombres,18415.0,644287.0,2.858198287
2005,4,Sonora,Mujeres,9132.0,344992.0,2.647017902
2005,4,Tabasco,Hombres,13771.0,549244.0,2.507264531
2005,4,Tabasco,Mujeres,9020.0,220429.0,4.09202056
2005,4,Tamaulipas,Hombres,17876.0,815998.0,2.190691644
2005,4,Tamaulipas,Mujeres,19715.0,479456.0,4.111951879
2005,4,Tlaxcala,Hombres,9860.0,277219.0,3.556754768
2005,4,Tlaxcala,Mujeres,8572.0,170275.0,5.034209367
2005,4,Veracruz,Hombres,40505.0,1824247.0,2.220368185
2005,4,Veracruz,Mujeres,21339.0,968472.0,2.203367779
2005,4,Yucatán,Hombres,11759.0,489626.0,2.401628998
2005,4,Yucatán,Mujeres,8077.0,303971.0,2.657161374
2005,4,Zacatecas,Hombres,7371.0,358438.0,2.056422589
2005,4,Zacatecas,Mujeres,4751.0,187052.0,2.539935419
2006,1,Nacional,Hombres,943144.0,27336757.0,3.450094684
2006,1,Nacional,Mujeres,586929.0,16063591.0,3.653784512
2006,1,Aguascalientes,Hombres,15008.0,264650.0,5.670886076
2006,1,Aguascalientes,Mujeres,5860.0,154431.0,3.794574923
2006,1,Baja California,Hombres,9756.0,765196.0,1.274967459
2006,1,Baja California,Mujeres,9795.0,442330.0,2.214410056
2006,1,Baja California Sur,Hombres,2946.0,155317.0,1.896765969
2006,1,Baja California Sur,Mujeres,2559.0,80851.0,3.165081446
2006,1,Campeche,Hombres,4068.0,209809.0,1.938906339
2006,1,Campeche,Mujeres,2753.0,117489.0,2.343198087
2006,1,Coahuila,Hombres,37274.0,673534.0,5.534093305
2006,1,Coahuila,Mujeres,23075.0,361674.0,6.380054967
2006,1,Colima,Hombres,6613.0,166158.0,3.979946798
2006,1,Colima,Mujeres,3423.0,110336.0,3.102341937
2006,1,Chiapas,Hombres,18458.0,1123193.0,1.643350698
2006,1,Chiapas,Mujeres,9359.0,429635.0,2.178360702
2006,1,Chihuahua,Hombres,26989.0,888646.0,3.037092385
2006,1,Chihuahua,Mujeres,12100.0,454428.0,2.662688039
2006,1,Ciudad de México,Hombres,123152.0,2366584.0,5.2037874
2006,1,Ciudad de México,Mujeres,100932.0,1736856.0,5.811189874
2006,1,Durango,Hombres,16927.0,392904.0,4.308177061
2006,1,Durango,Mujeres,6202.0,182535.0,3.39770455
2006,1,Guanajuato,Hombres,46768.0,1206333.0,3.876873135
2006,1,Guanajuato,Mujeres,20368.0,722053.0,2.820845561
2006,1,Guerrero,Hombres,9224.0,671747.0,1.373136017
2006,1,Guerrero,Mujeres,3043.0,445183.0,0.683539129
2006,1,Hidalgo,Hombres,14854.0,616461.0,2.409560378
2006,1,Hidalgo,Mujeres,19896.0,365002.0,5.450929036
2006,1,Jalisco,Hombres,73717.0,1817400.0,4.056179157
2006,1,Jalisco,Mujeres,40745.0,1153078.0,3.533585759
2006,1,México,Hombres,162625.0,3742236.0,4.345663929
2006,1,México,Mujeres,84274.0,2173071.0,3.878106146
2006,1,Michoacán,Hombres,33642.0,1025294.0,3.281205196
2006,1,Michoacán,Mujeres,14617.0,628520.0,2.325622096
2006,1,Morelos,Hombres,12406.0,430005.0,2.885082732
2006,1,Morelos,Mujeres,4965.0,269761.0,1.840518088
2006,1,Nayarit,Hombres,7035.0,274120.0,2.56639428
2006,1,Nayarit,Mujeres,5176.0,163312.0,3.169393553
2006,1,Nuevo León,Hombres,49394.0,1235338.0,3.998419866
2006,1,Nuevo León,Mujeres,39863.0,698483.0,5.707082348
2006,1,Oaxaca,Hombres,17248.0,863194.0,1.998160321
2006,1,Oaxaca,Mujeres,7710.0,591193.0,1.30414264
2006,1,Puebla,Hombres,46446.0,1326407.0,3.501640145
2006,1,Puebla,Mujeres,35298.0,860473.0,4.102162415
2006,1,Querétaro,Hombres,19114.0,406021.0,4.707638275
2006,1,Querétaro,Mujeres,12974.0,261481.0,4.961737182
2006,1,Quintana Roo,Hombres,7867.0,330180.0,2.382639772
2006,1,Quintana Roo,Mujeres,5032.0,191762.0,2.624086107
2006,1,San Luis Potosí,Hombres,13406.0,616412.0,2.174844098
2006,1,San Luis Potosí,Mujeres,10092.0,359555.0,2.806802854
2006,1,Sinaloa,Hombres,20022.0,751164.0,2.665463201
2006,1,Sinaloa,Mujeres,16332.0,440932.0,3.703972495
2006,1,Sonora,Hombres,15243.0,654512.0,2.3289107
2006,1,Sonora,Mujeres,13673.0,368926.0,3.706163296
2006,1,Tabasco,Hombres,20353.0,558144.0,3.646549994
2006,1,Tabasco,Mujeres,8279.0,235959.0,3.508660403
2006,1,Tamaulipas,Hombres,29116.0,822706.0,3.539052833
2006,1,Tamaulipas,Mujeres,21752.0,485911.0,4.476539942
2006,1,Tlaxcala,Hombres,13207.0,278139.0,4.748345252
2006,1,Tlaxcala,Mujeres,12013.0,158749.0,7.567291762
2006,1,Veracruz,Hombres,47702.0,1868208.0,2.553355943
2006,1,Veracruz,Mujeres,20415.0,944332.0,2.161845622
2006,1,Yucatán,Hombres,10267.0,497712.0,2.062839554
2006,1,Yucatán,Mujeres,7569.0,296913.0,2.549231593
2006,1,Zacatecas,Hombres,12297.0,339033.0,3.62708055
2006,1,Zacatecas,Mujeres,6785.0,178377.0,3.803741514
2006,2,Nacional,Hombres,807368.0,27498925.0,2.935998407
2006,2,Nacional,Mujeres,562893.0,16222874.0,3.469748948
2006,2,Aguascalientes,Hombres,12288.0,262771.0,4.676315118
2006,2,Aguascalientes,Mujeres,5781.0,155630.0,3.714579451
2006,2,Baja California,Hombres,9895.0,755557.0,1.309629849
2006,2,Baja California,Mujeres,5775.0,470166.0,1.228289583
2006,2,Baja California Sur,Hombres,2311.0,157839.0,1.464150178
2006,2,Baja California Sur,Mujeres,2657.0,80819.0,3.287593264
2006,2,Campeche,Hombres,4513.0,217595.0,2.074036628
2006,2,Campeche,Mujeres,1989.0,115394.0,1.723659809
2006,2,Coahuila,Hombres,34556.0,682693.0,5.061718811
2006,2,Coahuila,Mujeres,19286.0,377254.0,5.11220557
2006,2,Colima,Hombres,4552.0,171033.0,2.661474686
2006,2,Colima,Mujeres,3254.0,110757.0,2.937963289
2006,2,Chiapas,Hombres,12373.0,1123854.0,1.100943717
2006,2,Chiapas,Mujeres,11068.0,438746.0,2.522644081
2006,2,Chihuahua,Hombres,26916.0,900090.0,2.99036763
2006,2,Chihuahua,Mujeres,10206.0,477506.0,2.137355342
2006,2,Ciudad de México,Hombres,113130.0,2360207.0,4.793223645
2006,2,Ciudad de México,Mujeres,90394.0,1727477.0,5.232718004
2006,2,Durango,Hombres,12593.0,388641.0,3.240265438
2006,2,Durango,Mujeres,6824.0,186731.0,3.654454804
2006,2,Guanajuato,Hombres,33189.0,1227886.0,2.702938221
2006,2,Guanajuato,Mujeres,19424.0,754818.0,2.573335559
2006,2,Guerrero,Hombres,6763.0,734156.0,0.921193861
2006,2,Guerrero,Mujeres,5673.0,482890.0,1.174801715
2006,2,Hidalgo,Hombres,18126.0,633175.0,2.862715679
2006,2,Hidalgo,Mujeres,16486.0,375594.0,4.389313993
2006,2,Jalisco,Hombres,47560.0,1825836.0,2.604834169
2006,2,Jalisco,Mujeres,33358.0,1120306.0,2.97757934
2006,2,México,Hombres,149178.0,3751674.0,3.976304977
2006,2,México,Mujeres,104807.0,2148941.0,4.877146464
2006,2,Michoacán,Hombres,27354.0,1016598.0,2.690739112
2006,2,Michoacán,Mujeres,15761.0,673706.0,2.339447771
2006,2,Morelos,Hombres,10741.0,435430.0,2.466756999
2006,2,Morelos,Mujeres,7535.0,276248.0,2.727621557
2006,2,Nayarit,Hombres,5922.0,270571.0,2.188704628
2006,2,Nayarit,Mujeres,4575.0,165942.0,2.756987381
2006,2,Nuevo León,Hombres,48003.0,1253844.0,3.828466699
2006,2,Nuevo León,Mujeres,43831.0,708388.0,6.187428358
2006,2,Oaxaca,Hombres,15113.0,867944.0,1.74124137
2006,2,Oaxaca,Mujeres,8041.0,546734.0,1.470733483
2006,2,Puebla,Hombres,36951.0,1367014.0,2.703044738
2006,2,Puebla,Mujeres,23540.0,907498.0,2.593945111
2006,2,Querétaro,Hombres,14930.0,398052.0,3.750766232
2006,2,Querétaro,Mujeres,7082.0,262533.0,2.697565639
2006,2,Quintana Roo,Hombres,6670.0,333287.0,2.001278178
2006,2,Quintana Roo,Mujeres,7897.0,201073.0,3.927429342
2006,2,San Luis Potosí,Hombres,14988.0,604249.0,2.48043439
2006,2,San Luis Potosí,Mujeres,10339.0,344474.0,3.001387623
2006,2,Sinaloa,Hombres,20883.0,750333.0,2.783164275
2006,2,Sinaloa,Mujeres,9187.0,426299.0,2.155060181
2006,2,Sonora,Hombres,15887.0,647159.0,2.454883576
2006,2,Sonora,Mujeres,15211.0,384261.0,3.958507369
2006,2,Tabasco,Hombres,14038.0,542446.0,2.587907368
2006,2,Tabasco,Mujeres,7052.0,221916.0,3.177778979
2006,2,Tamaulipas,Hombres,26765.0,822739.0,3.253158049
2006,2,Tamaulipas,Mujeres,24398.0,493415.0,4.944721989
2006,2,Tlaxcala,Hombres,7907.0,276220.0,2.862573311
2006,2,Tlaxcala,Mujeres,8257.0,164203.0,5.028531756
2006,2,Veracruz,Hombres,34371.0,1862427.0,1.845495152
2006,2,Veracruz,Mujeres,18107.0,929331.0,1.948390832
2006,2,Yucatán,Hombres,9415.0,507924.0,1.85362377
2006,2,Yucatán,Mujeres,8780.0,308764.0,2.843595756
2006,2,Zacatecas,Hombres,9487.0,349681.0,2.713044175
2006,2,Zacatecas,Mujeres,6318.0,185060.0,3.414027883
2006,3,Nacional,Hombres,1016593.0,27841708.0,3.651331305
2006,3,Nacional,Mujeres,758307.0,16709639.0,4.538141129
2006,3,Aguascalientes,Hombres,12601.0,265487.0,4.746371762
2006,3,Aguascalientes,Mujeres,7756.0,161158.0,4.812668313
2006,3,Baja California,Hombres,18262.0,778477.0,2.345862498
2006,3,Baja California,Mujeres,9465.0,462323.0,2.047269982
2006,3,Baja California Sur,Hombres,3030.0,159217.0,1.903063115
2006,3,Baja California Sur,Mujeres,2117.0,80004.0,2.646117694
2006,3,Campeche,Hombres,6407.0,214575.0,2.985902365
2006,3,Campeche,Mujeres,3069.0,115380.0,2.659906396
2006,3,Coahuila,Hombres,34565.0,697085.0,4.958505778
2006,3,Coahuila,Mujeres,25263.0,382923.0,6.597409923
2006,3,Colima,Hombres,6388.0,172979.0,3.692933824
2006,3,Colima,Mujeres,4415.0,110484.0,3.996053727
2006,3,Chiapas,Hombres,18913.0,1144071.0,1.653131668
2006,3,Chiapas,Mujeres,12275.0,446191.0,2.751064006
2006,3,Chihuahua,Hombres,24816.0,886455.0,2.799465286
2006,3,Chihuahua,Mujeres,17129.0,496480.0,3.450088624
2006,3,Ciudad de México,Hombres,140208.0,2424388.0,5.783232717
2006,3,Ciudad de México,Mujeres,120622.0,1794280.0,6.722585104
2006,3,Durango,Hombres,15926.0,389456.0,4.089293784
2006,3,Durango,Mujeres,10314.0,188668.0,5.466745818
2006,3,Guanajuato,Hombres,50506.0,1255102.0,4.024055415
2006,3,Guanajuato,Mujeres,37596.0,788956.0,4.765284756
2006,3,Guerrero,Hombres,12920.0,746120.0,1.73162494
2006,3,Guerrero,Mujeres,12293.0,502304.0,2.447322737
2006,3,Hidalgo,Hombres,17824.0,625418.0,2.849933964
2006,3,Hidalgo,Mujeres,18342.0,357304.0,5.13344379
2006,3,Jalisco,Hombres,65791.0,1827206.0,3.600633973
2006,3,Jalisco,Mujeres,49034.0,1155399.0,4.24390189
2006,3,México,Hombres,188031.0,3810104.0,4.93506214
2006,3,México,Mujeres,128627.0,2265731.0,5.677064047
2006,3,Michoacán,Hombres,32739.0,1035003.0,3.163179237
2006,3,Michoacán,Mujeres,19012.0,646766.0,2.939548461
2006,3,Morelos,Hombres,12824.0,439240.0,2.91958838
2006,3,Morelos,Mujeres,9994.0,272786.0,3.663677755
2006,3,Nayarit,Hombres,7687.0,272586.0,2.820027441
2006,3,Nayarit,Mujeres,7133.0,165881.0,4.300070532
2006,3,Nuevo León,Hombres,63951.0,1292387.0,4.948285614
2006,3,Nuevo León,Mujeres,56498.0,741889.0,7.615424949
2006,3,Oaxaca,Hombres,17833.0,888567.0,2.006939263
2006,3,Oaxaca,Mujeres,9872.0,594667.0,1.660088756
2006,3,Puebla,Hombres,42542.0,1373558.0,3.097211767
2006,3,Puebla,Mujeres,31073.0,925898.0,3.355985217
2006,3,Querétaro,Hombres,17449.0,404684.0,4.311759299
2006,3,Querétaro,Mujeres,11017.0,264568.0,4.164146836
2006,3,Quintana Roo,Hombres,7794.0,349486.0,2.230132251
2006,3,Quintana Roo,Mujeres,7759.0,209647.0,3.700983081
2006,3,San Luis Potosí,Hombres,15525.0,620773.0,2.500914183
2006,3,San Luis Potosí,Mujeres,11765.0,347046.0,3.390040513
2006,3,Sinaloa,Hombres,23841.0,725128.0,3.28783332
2006,3,Sinaloa,Mujeres,22495.0,411303.0,5.469203969
2006,3,Sonora,Hombres,20149.0,614901.0,3.276787645
2006,3,Sonora,Mujeres,18439.0,381427.0,4.834214673
2006,3,Tabasco,Hombres,20949.0,550743.0,3.803770543
2006,3,Tabasco,Mujeres,5948.0,230873.0,2.576308187
2006,3,Tamaulipas,Hombres,37758.0,828450.0,4.557667934
2006,3,Tamaulipas,Mujeres,36262.0,523152.0,6.93144631
2006,3,Tlaxcala,Hombres,10915.0,278615.0,3.917592377
2006,3,Tlaxcala,Mujeres,12654.0,172582.0,7.332166738
2006,3,Veracruz,Hombres,42291.0,1903417.0,2.22184629
2006,3,Veracruz,Mujeres,20787.0,976931.0,2.127785893
2006,3,Yucatán,Hombres,11563.0,507190.0,2.279816242
2006,3,Yucatán,Mujeres,10426.0,328875.0,3.170201444
2006,3,Zacatecas,Hombres,14595.0,360840.0,4.044728966
2006,3,Zacatecas,Mujeres,8856.0,207763.0,4.262549155
2006,4,Nacional,Hombres,960558.0,27957259.0,3.435808925
2006,4,Nacional,Mujeres,644654.0,16757861.0,3.846875207
2006,4,Aguascalientes,Hombres,10535.0,270946.0,3.888228651
2006,4,Aguascalientes,Mujeres,7261.0,170598.0,4.256204645
2006,4,Baja California,Hombres,17598.0,775102.0,2.270410862
2006,4,Baja California,Mujeres,8936.0,463025.0,1.929917391
2006,4,Baja California Sur,Hombres,2215.0,164800.0,1.344053398
2006,4,Baja California Sur,Mujeres,1667.0,84757.0,1.966799202
2006,4,Campeche,Hombres,4368.0,216766.0,2.015076165
2006,4,Campeche,Mujeres,1634.0,114553.0,1.426413974
2006,4,Coahuila,Hombres,32550.0,710649.0,4.580320242
2006,4,Coahuila,Mujeres,22886.0,391958.0,5.838890902
2006,4,Colima,Hombres,5161.0,168526.0,3.06243547
2006,4,Colima,Mujeres,3419.0,111053.0,3.078710165
2006,4,Chiapas,Hombres,21035.0,1138230.0,1.848044771
2006,4,Chiapas,Mujeres,13215.0,448544.0,2.946199258
2006,4,Chihuahua,Hombres,26382.0,894004.0,2.950993508
2006,4,Chihuahua,Mujeres,12277.0,463942.0,2.646235952
2006,4,Ciudad de México,Hombres,121751.0,2359906.0,5.159146169
2006,4,Ciudad de México,Mujeres,105752.0,1804092.0,5.861785319
2006,4,Durango,Hombres,12485.0,387152.0,3.224831591
2006,4,Durango,Mujeres,6104.0,198710.0,3.071813195
2006,4,Guanajuato,Hombres,46213.0,1277156.0,3.618430325
2006,4,Guanajuato,Mujeres,22597.0,751647.0,3.00633143
2006,4,Guerrero,Hombres,9161.0,755272.0,1.212940504
2006,4,Guerrero,Mujeres,6210.0,478499.0,1.297808355
2006,4,Hidalgo,Hombres,15953.0,614355.0,2.596707116
2006,4,Hidalgo,Mujeres,14750.0,340988.0,4.325665419
2006,4,Jalisco,Hombres,71428.0,1848178.0,3.864779258
2006,4,Jalisco,Mujeres,39139.0,1156124.0,3.385363508
2006,4,México,Hombres,190209.0,3867690.0,4.917896729
2006,4,México,Mujeres,123315.0,2281742.0,5.404423462
2006,4,Michoacán,Hombres,26675.0,1034497.0,2.578547835
2006,4,Michoacán,Mujeres,16500.0,659139.0,2.503265624
2006,4,Morelos,Hombres,12319.0,431066.0,2.857799038
2006,4,Morelos,Mujeres,8960.0,287497.0,3.11655426
2006,4,Nayarit,Hombres,7268.0,277528.0,2.618834856
2006,4,Nayarit,Mujeres,4896.0,167593.0,2.921363064
2006,4,Nuevo León,Hombres,50702.0,1282638.0,3.952946973
2006,4,Nuevo León,Mujeres,39215.0,720758.0,5.440799825
2006,4,Oaxaca,Hombres,18024.0,879457.0,2.04944642
2006,4,Oaxaca,Mujeres,10738.0,574505.0,1.869087301
2006,4,Puebla,Hombres,41706.0,1374578.0,3.034094828
2006,4,Puebla,Mujeres,26665.0,919084.0,2.901258209
2006,4,Querétaro,Hombres,15358.0,409513.0,3.750308293
2006,4,Querétaro,Mujeres,9657.0,267654.0,3.60801632
2006,4,Quintana Roo,Hombres,6694.0,352471.0,1.899163335
2006,4,Quintana Roo,Mujeres,7743.0,208352.0,3.716307019
2006,4,San Luis Potosí,Hombres,15037.0,618721.0,2.430336129
2006,4,San Luis Potosí,Mujeres,10116.0,378434.0,2.673121337
2006,4,Sinaloa,Hombres,17399.0,734783.0,2.367909982
2006,4,Sinaloa,Mujeres,13545.0,408949.0,3.312148948
2006,4,Sonora,Hombres,19458.0,632126.0,3.07818378
2006,4,Sonora,Mujeres,16334.0,387733.0,4.212692755
2006,4,Tabasco,Hombres,21569.0,556322.0,3.877071193
2006,4,Tabasco,Mujeres,11039.0,248257.0,4.446601707
2006,4,Tamaulipas,Hombres,40321.0,844167.0,4.77642457
2006,4,Tamaulipas,Mujeres,26264.0,515185.0,5.097974514
2006,4,Tlaxcala,Hombres,9741.0,278343.0,3.499638935
2006,4,Tlaxcala,Mujeres,9564.0,174280.0,5.487720909
2006,4,Veracruz,Hombres,51368.0,1916650.0,2.68009287
2006,4,Veracruz,Mujeres,24798.0,1027655.0,2.413066642
2006,4,Yucatán,Hombres,7983.0,512917.0,1.556392165
2006,4,Yucatán,Mujeres,8061.0,325592.0,2.475797931
2006,4,Zacatecas,Hombres,11892.0,372750.0,3.190342052
2006,4,Zacatecas,Mujeres,11397.0,226962.0,5.021545457
2007,1,Nacional,Hombres,1030975.0,27817651.0,3.706190001
2007,1,Nacional,Mujeres,724192.0,16654969.0,4.34820383
2007,1,Aguascalientes,Hombres,16789.0,274325.0,6.120113005
2007,1,Aguascalientes,Mujeres,7886.0,166904.0,4.724871783
2007,1,Baja California,Hombres,21241.0,783579.0,2.710766879
2007,1,Baja California,Mujeres,10991.0,454841.0,2.416448825
2007,1,Baja California Sur,Hombres,3109.0,164268.0,1.892638858
2007,1,Baja California Sur,Mujeres,1771.0,86261.0,2.053071492
2007,1,Campeche,Hombres,6340.0,213444.0,2.970334139
2007,1,Campeche,Mujeres,2250.0,115032.0,1.955977467
2007,1,Coahuila,Hombres,45147.0,717709.0,6.290432473
2007,1,Coahuila,Mujeres,26350.0,383433.0,6.872126291
2007,1,Colima,Hombres,5442.0,167801.0,3.243127276
2007,1,Colima,Mujeres,2491.0,110840.0,2.247383616
2007,1,Chiapas,Hombres,18358.0,1130511.0,1.623867437
2007,1,Chiapas,Mujeres,14628.0,454176.0,3.220777848
2007,1,Chihuahua,Hombres,38404.0,904295.0,4.246844227
2007,1,Chihuahua,Mujeres,18296.0,480880.0,3.804691399
2007,1,Ciudad de México,Hombres,127978.0,2385950.0,5.363817347
2007,1,Ciudad de México,Mujeres,107724.0,1794321.0,6.00360805
2007,1,Durango,Hombres,17968.0,398009.0,4.514470778
2007,1,Durango,Mujeres,11148.0,197994.0,5.630473651
2007,1,Guanajuato,Hombres,57425.0,1259284.0,4.560130995
2007,1,Guanajuato,Mujeres,20654.0,724119.0,2.852293615
2007,1,Guerrero,Hombres,7407.0,728480.0,1.016774654
2007,1,Guerrero,Mujeres,5212.0,462340.0,1.127308907
2007,1,Hidalgo,Hombres,26898.0,626399.0,4.294068158
2007,1,Hidalgo,Mujeres,18885.0,370842.0,5.092465255
2007,1,Jalisco,Hombres,59689.0,1846400.0,3.232723137
2007,1,Jalisco,Mujeres,43490.0,1155321.0,3.764321777
2007,1,México,Hombres,190028.0,3790511.0,5.013255469
2007,1,México,Mujeres,168620.0,2275239.0,7.41108956
2007,1,Michoacán,Hombres,28311.0,1025043.0,2.761932914
2007,1,Michoacán,Mujeres,17727.0,623144.0,2.844767823
2007,1,Morelos,Hombres,13072.0,431308.0,3.030780788
2007,1,Morelos,Mujeres,10974.0,284568.0,3.856371764
2007,1,Nayarit,Hombres,7753.0,277277.0,2.796120847
2007,1,Nayarit,Mujeres,5934.0,169034.0,3.510536342
2007,1,Nuevo León,Hombres,58240.0,1291897.0,4.50809933
2007,1,Nuevo León,Mujeres,42791.0,735007.0,5.821849316
2007,1,Oaxaca,Hombres,14988.0,853971.0,1.755094728
2007,1,Oaxaca,Mujeres,13013.0,542064.0,2.400639039
2007,1,Puebla,Hombres,43724.0,1382960.0,3.161624342
2007,1,Puebla,Mujeres,36520.0,911584.0,4.00621336
2007,1,Querétaro,Hombres,16809.0,414046.0,4.05969385
2007,1,Querétaro,Mujeres,8972.0,270349.0,3.31867327
2007,1,Quintana Roo,Hombres,7982.0,356420.0,2.239492733
2007,1,Quintana Roo,Mujeres,7342.0,220240.0,3.333636033
2007,1,San Luis Potosí,Hombres,21735.0,622371.0,3.492289969
2007,1,San Luis Potosí,Mujeres,10651.0,357995.0,2.975181218
2007,1,Sinaloa,Hombres,16377.0,726719.0,2.253553299
2007,1,Sinaloa,Mujeres,13459.0,417195.0,3.226069344
2007,1,Sonora,Hombres,14457.0,620038.0,2.331631287
2007,1,Sonora,Mujeres,11209.0,384531.0,2.914979547
2007,1,Tabasco,Hombres,28225.0,567795.0,4.970984246
2007,1,Tabasco,Mujeres,13923.0,275392.0,5.055702417
2007,1,Tamaulipas,Hombres,42388.0,828893.0,5.113808417
2007,1,Tamaulipas,Mujeres,20228.0,495799.0,4.079879145
2007,1,Tlaxcala,Hombres,12129.0,277493.0,4.370921068
2007,1,Tlaxcala,Mujeres,9975.0,170408.0,5.853598423
2007,1,Veracruz,Hombres,40111.0,1899538.0,2.11161872
2007,1,Veracruz,Mujeres,21794.0,1023476.0,2.129409972
2007,1,Yucatán,Hombres,7264.0,508911.0,1.427361562
2007,1,Yucatán,Mujeres,9100.0,334516.0,2.720348205
2007,1,Zacatecas,Hombres,15187.0,342006.0,4.44056537
2007,1,Zacatecas,Mujeres,10184.0,207124.0,4.916861397
2007,2,Nacional,Hombres,878430.0,27931534.0,3.144940052
2007,2,Nacional,Mujeres,611291.0,16803470.0,3.637885508
2007,2,Aguascalientes,Hombres,10659.0,274565.0,3.882140841
2007,2,Aguascalientes,Mujeres,5450.0,165667.0,3.289731811
2007,2,Baja California,Hombres,14472.0,787503.0,1.837707285
2007,2,Baja California,Mujeres,6216.0,483863.0,1.284661154
2007,2,Baja California Sur,Hombres,2713.0,165480.0,1.639473048
2007,2,Baja California Sur,Mujeres,2234.0,86205.0,2.591497013
2007,2,Campeche,Hombres,2611.0,214184.0,1.219045307
2007,2,Campeche,Mujeres,1961.0,114116.0,1.718426864
2007,2,Coahuila,Hombres,30002.0,716151.0,4.189339958
2007,2,Coahuila,Mujeres,23136.0,383109.0,6.039012396
2007,2,Colima,Hombres,4388.0,168211.0,2.608628449
2007,2,Colima,Mujeres,3893.0,108871.0,3.575791533
2007,2,Chiapas,Hombres,18701.0,1146405.0,1.631273416
2007,2,Chiapas,Mujeres,15155.0,474780.0,3.192004718
2007,2,Chihuahua,Hombres,23209.0,934938.0,2.482410598
2007,2,Chihuahua,Mujeres,13794.0,474326.0,2.908126478
2007,2,Ciudad de México,Hombres,142047.0,2380402.0,5.967353413
2007,2,Ciudad de México,Mujeres,97316.0,1741562.0,5.587857337
2007,2,Durango,Hombres,12263.0,398634.0,3.076255412
2007,2,Durango,Mujeres,4795.0,192969.0,2.48485508
2007,2,Guanajuato,Hombres,32393.0,1259749.0,2.571385252
2007,2,Guanajuato,Mujeres,21882.0,771583.0,2.835987833
2007,2,Guerrero,Hombres,8320.0,736519.0,1.129638203
2007,2,Guerrero,Mujeres,7095.0,492903.0,1.439431288
2007,2,Hidalgo,Hombres,16113.0,626693.0,2.571115363
2007,2,Hidalgo,Mujeres,18312.0,353588.0,5.178908786
2007,2,Jalisco,Hombres,61670.0,1877199.0,3.285213768
2007,2,Jalisco,Mujeres,27912.0,1183113.0,2.35919984
2007,2,México,Hombres,165725.0,3803466.0,4.357209976
2007,2,México,Mujeres,122432.0,2193427.0,5.581767709
2007,2,Michoacán,Hombres,15775.0,1024007.0,1.540516813
2007,2,Michoacán,Mujeres,10981.0,625842.0,1.754596208
2007,2,Morelos,Hombres,11241.0,433705.0,2.59185391
2007,2,Morelos,Mujeres,9151.0,300780.0,3.042423033
2007,2,Nayarit,Hombres,6409.0,272862.0,2.348806356
2007,2,Nayarit,Mujeres,5363.0,171606.0,3.125182103
2007,2,Nuevo León,Hombres,49647.0,1277773.0,3.885431919
2007,2,Nuevo León,Mujeres,41511.0,745798.0,5.565984355
2007,2,Oaxaca,Hombres,12993.0,876388.0,1.482562518
2007,2,Oaxaca,Mujeres,10446.0,585431.0,1.784326419
2007,2,Puebla,Hombres,33176.0,1373695.0,2.415092142
2007,2,Puebla,Mujeres,29559.0,947652.0,3.119182991
2007,2,Querétaro,Hombres,14096.0,411134.0,3.428565869
2007,2,Querétaro,Mujeres,7735.0,268745.0,2.878193083
2007,2,Quintana Roo,Hombres,6897.0,364764.0,1.890811593
2007,2,Quintana Roo,Mujeres,7389.0,220696.0,3.348044369
2007,2,San Luis Potosí,Hombres,15531.0,616060.0,2.52102068
2007,2,San Luis Potosí,Mujeres,7981.0,354184.0,2.253348542
2007,2,Sinaloa,Hombres,17989.0,731766.0,2.458299511
2007,2,Sinaloa,Mujeres,15808.0,418448.0,3.777769281
2007,2,Sonora,Hombres,16943.0,618438.0,2.739644071
2007,2,Sonora,Mujeres,12700.0,375680.0,3.380536627
2007,2,Tabasco,Hombres,21731.0,545750.0,3.981859826
2007,2,Tabasco,Mujeres,10296.0,270514.0,3.80608767
2007,2,Tamaulipas,Hombres,27991.0,831663.0,3.365666141
2007,2,Tamaulipas,Mujeres,27739.0,544891.0,5.090742919
2007,2,Tlaxcala,Hombres,12850.0,277914.0,4.623732522
2007,2,Tlaxcala,Mujeres,8423.0,168077.0,5.011393587
2007,2,Veracruz,Hombres,43873.0,1920146.0,2.284878337
2007,2,Veracruz,Mujeres,18215.0,1047218.0,1.739370408
2007,2,Yucatán,Hombres,11407.0,510653.0,2.233806518
2007,2,Yucatán,Mujeres,7832.0,331640.0,2.361596912
2007,2,Zacatecas,Hombres,14595.0,354717.0,4.114547653
2007,2,Zacatecas,Mujeres,8579.0,206186.0,4.160806262
2007,3,Nacional,Hombres,988155.0,28096922.0,3.516951074
2007,3,Nacional,Mujeres,741742.0,16943471.0,4.377745268
2007,3,Aguascalientes,Hombres,13480.0,276950.0,4.867304568
2007,3,Aguascalientes,Mujeres,9378.0,168211.0,5.575140746
2007,3,Baja California,Hombres,14867.0,790318.0,1.881141515
2007,3,Baja California,Mujeres,6422.0,459817.0,1.396642577
2007,3,Baja California Sur,Hombres,3802.0,171611.0,2.215475698
2007,3,Baja California Sur,Mujeres,2162.0,93515.0,2.311928568
2007,3,Campeche,Hombres,4297.0,216996.0,1.980220834
2007,3,Campeche,Mujeres,2923.0,110746.0,2.63937298
2007,3,Coahuila,Hombres,30649.0,714619.0,4.288858818
2007,3,Coahuila,Mujeres,29109.0,388948.0,7.484033855
2007,3,Colima,Hombres,5114.0,172268.0,2.968630274
2007,3,Colima,Mujeres,2992.0,111767.0,2.676997683
2007,3,Chiapas,Hombres,21067.0,1148827.0,1.833783503
2007,3,Chiapas,Mujeres,13760.0,469254.0,2.932313843
2007,3,Chihuahua,Hombres,26758.0,926315.0,2.888650189
2007,3,Chihuahua,Mujeres,13378.0,458378.0,2.918551937
2007,3,Ciudad de México,Hombres,146067.0,2405597.0,6.071964672
2007,3,Ciudad de México,Mujeres,121242.0,1785948.0,6.7886635
2007,3,Durango,Hombres,12890.0,412058.0,3.128200399
2007,3,Durango,Mujeres,8468.0,200104.0,4.231799464
2007,3,Guanajuato,Hombres,46510.0,1270310.0,3.661311019
2007,3,Guanajuato,Mujeres,28406.0,765250.0,3.711989546
2007,3,Guerrero,Hombres,9938.0,773571.0,1.284691386
2007,3,Guerrero,Mujeres,7351.0,523354.0,1.404594213
2007,3,Hidalgo,Hombres,16270.0,595516.0,2.732084444
2007,3,Hidalgo,Mujeres,14419.0,390406.0,3.693334631
2007,3,Jalisco,Hombres,58462.0,1907970.0,3.064094299
2007,3,Jalisco,Mujeres,46657.0,1220289.0,3.823438546
2007,3,México,Hombres,180788.0,3798548.0,4.759397538
2007,3,México,Mujeres,161311.0,2184674.0,7.383756112
2007,3,Michoacán,Hombres,27633.0,1019517.0,2.710401102
2007,3,Michoacán,Mujeres,15929.0,630742.0,2.525438293
2007,3,Morelos,Hombres,11738.0,437944.0,2.680251356
2007,3,Morelos,Mujeres,11267.0,290833.0,3.874044555
2007,3,Nayarit,Hombres,9044.0,274740.0,3.291839557
2007,3,Nayarit,Mujeres,7258.0,169607.0,4.27930451
2007,3,Nuevo León,Hombres,55427.0,1281528.0,4.325071321
2007,3,Nuevo León,Mujeres,39445.0,738520.0,5.341087581
2007,3,Oaxaca,Hombres,15064.0,877711.0,1.716282467
2007,3,Oaxaca,Mujeres,7271.0,593534.0,1.225035129
2007,3,Puebla,Hombres,45861.0,1361118.0,3.369362539
2007,3,Puebla,Mujeres,33366.0,964819.0,3.458265229
2007,3,Querétaro,Hombres,15923.0,422072.0,3.772579086
2007,3,Querétaro,Mujeres,10993.0,273432.0,4.02037801
2007,3,Quintana Roo,Hombres,10031.0,364514.0,2.75188333
2007,3,Quintana Roo,Mujeres,5757.0,220657.0,2.609026679
2007,3,San Luis Potosí,Hombres,18322.0,643830.0,2.845782272
2007,3,San Luis Potosí,Mujeres,11195.0,387506.0,2.888987525
2007,3,Sinaloa,Hombres,17448.0,707111.0,2.467505102
2007,3,Sinaloa,Mujeres,15080.0,416063.0,3.624451105
2007,3,Sonora,Hombres,19163.0,636920.0,3.00869811
2007,3,Sonora,Mujeres,13325.0,392814.0,3.392190706
2007,3,Tabasco,Hombres,24339.0,554189.0,4.391823006
2007,3,Tabasco,Mujeres,13715.0,276239.0,4.96490358
2007,3,Tamaulipas,Hombres,38862.0,847505.0,4.585459673
2007,3,Tamaulipas,Mujeres,37012.0,518556.0,7.137512631
2007,3,Tlaxcala,Hombres,15008.0,284600.0,5.273366128
2007,3,Tlaxcala,Mujeres,12429.0,178780.0,6.952119924
2007,3,Veracruz,Hombres,49681.0,1917827.0,2.590483917
2007,3,Veracruz,Mujeres,18601.0,1018701.0,1.825952856
2007,3,Yucatán,Hombres,11690.0,505990.0,2.310322338
2007,3,Yucatán,Mujeres,12563.0,328986.0,3.818703531
2007,3,Zacatecas,Hombres,11962.0,378332.0,3.161773257
2007,3,Zacatecas,Mujeres,8558.0,213021.0,4.01744429
2007,4,Nacional,Hombres,945817.0,28536941.0,3.314360148
2007,4,Nacional,Mujeres,648988.0,17503447.0,3.707772532
2007,4,Aguascalientes,Hombres,13585.0,285954.0,4.750764109
2007,4,Aguascalientes,Mujeres,9607.0,170928.0,5.620495179
2007,4,Baja California,Hombres,14842.0,813447.0,1.824581073
2007,4,Baja California,Mujeres,11975.0,502707.0,2.382103293
2007,4,Baja California Sur,Hombres,3802.0,173775.0,2.187886635
2007,4,Baja California Sur,Mujeres,2338.0,100724.0,2.321194551
2007,4,Campeche,Hombres,4190.0,221140.0,1.894727322
2007,4,Campeche,Mujeres,2885.0,117350.0,2.458457605
2007,4,Coahuila,Hombres,24667.0,738722.0,3.339145172
2007,4,Coahuila,Mujeres,23257.0,416472.0,5.58428898
2007,4,Colima,Hombres,4379.0,175930.0,2.489058148
2007,4,Colima,Mujeres,4383.0,116958.0,3.747499102
2007,4,Chiapas,Hombres,19908.0,1167320.0,1.705444951
2007,4,Chiapas,Mujeres,14753.0,516128.0,2.858399467
2007,4,Chihuahua,Hombres,37139.0,959884.0,3.869113351
2007,4,Chihuahua,Mujeres,16068.0,483805.0,3.321172787
2007,4,Ciudad de México,Hombres,119107.0,2375329.0,5.014336961
2007,4,Ciudad de México,Mujeres,119594.0,1828029.0,6.542237568
2007,4,Durango,Hombres,10197.0,422659.0,2.412583194
2007,4,Durango,Mujeres,7883.0,210181.0,3.750576884
2007,4,Guanajuato,Hombres,47839.0,1304480.0,3.667285048
2007,4,Guanajuato,Mujeres,17850.0,776528.0,2.298693672
2007,4,Guerrero,Hombres,7586.0,785599.0,0.965632594
2007,4,Guerrero,Mujeres,9960.0,542274.0,1.836709855
2007,4,Hidalgo,Hombres,15821.0,620003.0,2.551761846
2007,4,Hidalgo,Mujeres,16060.0,399725.0,4.017762212
2007,4,Jalisco,Hombres,62440.0,1939298.0,3.219721776
2007,4,Jalisco,Mujeres,39013.0,1227852.0,3.177337334
2007,4,México,Hombres,205299.0,3855551.0,5.324764217
2007,4,México,Mujeres,91826.0,2204004.0,4.166326377
2007,4,Michoacán,Hombres,22782.0,1049492.0,2.170764522
2007,4,Michoacán,Mujeres,16453.0,662641.0,2.482943253
2007,4,Morelos,Hombres,15995.0,445783.0,3.588068634
2007,4,Morelos,Mujeres,9119.0,312382.0,2.919182283
2007,4,Nayarit,Hombres,6881.0,279342.0,2.463288729
2007,4,Nayarit,Mujeres,5583.0,182017.0,3.067295912
2007,4,Nuevo León,Hombres,45306.0,1305024.0,3.471660291
2007,4,Nuevo León,Mujeres,32742.0,752550.0,4.350807255
2007,4,Oaxaca,Hombres,18784.0,879705.0,2.135261252
2007,4,Oaxaca,Mujeres,9314.0,603271.0,1.543916416
2007,4,Puebla,Hombres,43079.0,1377389.0,3.127584147
2007,4,Puebla,Mujeres,41558.0,976536.0,4.255654681
2007,4,Querétaro,Hombres,14037.0,433931.0,3.234846093
2007,4,Querétaro,Mujeres,10239.0,284954.0,3.593211536
2007,4,Quintana Roo,Hombres,9154.0,370888.0,2.468130541
2007,4,Quintana Roo,Mujeres,7619.0,233036.0,3.26945193
2007,4,San Luis Potosí,Hombres,14557.0,643274.0,2.262954822
2007,4,San Luis Potosí,Mujeres,11325.0,382317.0,2.962201524
2007,4,Sinaloa,Hombres,17228.0,738433.0,2.333048496
2007,4,Sinaloa,Mujeres,10826.0,425654.0,2.543380304
2007,4,Sonora,Hombres,14631.0,650824.0,2.248073212
2007,4,Sonora,Mujeres,12802.0,411098.0,3.114099315
2007,4,Tabasco,Hombres,21451.0,544327.0,3.940829685
2007,4,Tabasco,Mujeres,15188.0,334655.0,4.538405223
2007,4,Tamaulipas,Hombres,22111.0,855320.0,2.585114343
2007,4,Tamaulipas,Mujeres,26816.0,523162.0,5.125754546
2007,4,Tlaxcala,Hombres,10585.0,283631.0,3.731961598
2007,4,Tlaxcala,Mujeres,10313.0,173685.0,5.937760889
2007,4,Veracruz,Hombres,55970.0,1949915.0,2.870381529
2007,4,Veracruz,Mujeres,26906.0,1074822.0,2.503298221
2007,4,Yucatán,Hombres,9805.0,516630.0,1.897876624
2007,4,Yucatán,Mujeres,6879.0,337500.0,2.038222222
2007,4,Zacatecas,Hombres,12660.0,373942.0,3.38555177
2007,4,Zacatecas,Mujeres,7854.0,219502.0,3.578099516
2008,1,Nacional,Hombres,1074291.0,28461579.0,3.77453057
2008,1,Nacional,Mujeres,697885.0,17163576.0,4.066081567
2008,1,Aguascalientes,Hombres,16403.0,286169.0,5.731927637
2008,1,Aguascalientes,Mujeres,9173.0,166173.0,5.520150686
2008,1,Baja California,Hombres,21342.0,808457.0,2.639843554
2008,1,Baja California,Mujeres,10868.0,482346.0,2.253154375
2008,1,Baja California Sur,Hombres,3883.0,174716.0,2.222463884
2008,1,Baja California Sur,Mujeres,3418.0,103352.0,3.307144516
2008,1,Campeche,Hombres,4098.0,225843.0,1.814534876
2008,1,Campeche,Mujeres,2066.0,117498.0,1.758327801
2008,1,Coahuila,Hombres,33291.0,739799.0,4.500006083
2008,1,Coahuila,Mujeres,30991.0,415663.0,7.45579953
2008,1,Colima,Hombres,5988.0,177825.0,3.367355546
2008,1,Colima,Mujeres,3421.0,121716.0,2.810641165
2008,1,Chiapas,Hombres,30917.0,1166150.0,2.651202675
2008,1,Chiapas,Mujeres,17545.0,485726.0,3.612118767
2008,1,Chihuahua,Hombres,38288.0,958191.0,3.995863038
2008,1,Chihuahua,Mujeres,14337.0,467738.0,3.065177514
2008,1,Ciudad de México,Hombres,121823.0,2396056.0,5.084313555
2008,1,Ciudad de México,Mujeres,97079.0,1772055.0,5.478328833
2008,1,Durango,Hombres,17828.0,411112.0,4.336531164
2008,1,Durango,Mujeres,7452.0,203635.0,3.659488791
2008,1,Guanajuato,Hombres,66505.0,1273428.0,5.222517488
2008,1,Guanajuato,Mujeres,24895.0,768847.0,3.237965421
2008,1,Guerrero,Hombres,7957.0,749580.0,1.061527789
2008,1,Guerrero,Mujeres,7910.0,515605.0,1.534120111
2008,1,Hidalgo,Hombres,22871.0,611787.0,3.738392611
2008,1,Hidalgo,Mujeres,13648.0,395548.0,3.450402985
2008,1,Jalisco,Hombres,63452.0,1922532.0,3.300439212
2008,1,Jalisco,Mujeres,46713.0,1225074.0,3.813075782
2008,1,México,Hombres,215284.0,3853681.0,5.58645098
2008,1,México,Mujeres,127485.0,2270449.0,5.614968669
2008,1,Michoacán,Hombres,25194.0,1041154.0,2.419814936
2008,1,Michoacán,Mujeres,21367.0,634006.0,3.37015738
2008,1,Morelos,Hombres,14828.0,439851.0,3.371141591
2008,1,Morelos,Mujeres,7666.0,296232.0,2.587836561
2008,1,Nayarit,Hombres,9487.0,286320.0,3.313425538
2008,1,Nayarit,Mujeres,5031.0,176480.0,2.85074796
2008,1,Nuevo León,Hombres,50129.0,1306524.0,3.83682198
2008,1,Nuevo León,Mujeres,42556.0,750120.0,5.673225617
2008,1,Oaxaca,Hombres,14490.0,882808.0,1.641353499
2008,1,Oaxaca,Mujeres,12933.0,584148.0,2.213993714
2008,1,Puebla,Hombres,51066.0,1371180.0,3.724237518
2008,1,Puebla,Mujeres,29948.0,907889.0,3.298641133
2008,1,Querétaro,Hombres,19629.0,427904.0,4.587243868
2008,1,Querétaro,Mujeres,8871.0,268252.0,3.306965093
2008,1,Quintana Roo,Hombres,10507.0,376530.0,2.790481502
2008,1,Quintana Roo,Mujeres,9564.0,237511.0,4.026760866
2008,1,San Luis Potosí,Hombres,14645.0,649904.0,2.253409734
2008,1,San Luis Potosí,Mujeres,10198.0,375602.0,2.715108013
2008,1,Sinaloa,Hombres,19205.0,742093.0,2.587950567
2008,1,Sinaloa,Mujeres,14512.0,431399.0,3.363939184
2008,1,Sonora,Hombres,29325.0,658132.0,4.455793063
2008,1,Sonora,Mujeres,11293.0,412016.0,2.740912974
2008,1,Tabasco,Hombres,23714.0,581135.0,4.080635308
2008,1,Tabasco,Mujeres,14410.0,287942.0,5.004480069
2008,1,Tamaulipas,Hombres,31219.0,863276.0,3.616340545
2008,1,Tamaulipas,Mujeres,26293.0,530947.0,4.95209503
2008,1,Tlaxcala,Hombres,14256.0,280759.0,5.077664474
2008,1,Tlaxcala,Mujeres,10999.0,176687.0,6.225132579
2008,1,Veracruz,Hombres,52041.0,1943329.0,2.6779305
2008,1,Veracruz,Mujeres,38547.0,1061757.0,3.630491723
2008,1,Yucatán,Hombres,10218.0,521457.0,1.959509605
2008,1,Yucatán,Mujeres,9787.0,328964.0,2.975097579
2008,1,Zacatecas,Hombres,14408.0,333897.0,4.315103161
2008,1,Zacatecas,Mujeres,6909.0,192199.0,3.594711731
2008,2,Nacional,Hombres,923328.0,28715484.0,3.215435965
2008,2,Nacional,Mujeres,660715.0,17330709.0,3.812394519
2008,2,Aguascalientes,Hombres,15378.0,279876.0,5.494576169
2008,2,Aguascalientes,Mujeres,6592.0,169265.0,3.894484979
2008,2,Baja California,Hombres,24205.0,826740.0,2.927764473
2008,2,Baja California,Mujeres,13684.0,530090.0,2.581448433
2008,2,Baja California Sur,Hombres,5304.0,179119.0,2.961159899
2008,2,Baja California Sur,Mujeres,2495.0,104449.0,2.388725598
2008,2,Campeche,Hombres,4374.0,225843.0,1.936743667
2008,2,Campeche,Mujeres,3152.0,122236.0,2.57861841
2008,2,Coahuila,Hombres,32028.0,736981.0,4.345837952
2008,2,Coahuila,Mujeres,22656.0,406133.0,5.578468137
2008,2,Colima,Hombres,4223.0,177756.0,2.375728527
2008,2,Colima,Mujeres,2399.0,125676.0,1.908876794
2008,2,Chiapas,Hombres,19036.0,1178411.0,1.615395647
2008,2,Chiapas,Mujeres,10547.0,474227.0,2.224040386
2008,2,Chihuahua,Hombres,37809.0,951990.0,3.971575332
2008,2,Chihuahua,Mujeres,20763.0,489821.0,4.238895433
2008,2,Ciudad de México,Hombres,116419.0,2397170.0,4.856518311
2008,2,Ciudad de México,Mujeres,113351.0,1825261.0,6.210125566
2008,2,Durango,Hombres,16464.0,405554.0,4.05963201
2008,2,Durango,Mujeres,7484.0,200575.0,3.731272591
2008,2,Guanajuato,Hombres,42534.0,1293312.0,3.288765588
2008,2,Guanajuato,Mujeres,37781.0,785815.0,4.807874627
2008,2,Guerrero,Hombres,7277.0,775800.0,0.937999484
2008,2,Guerrero,Mujeres,7289.0,498232.0,1.462973073
2008,2,Hidalgo,Hombres,13458.0,629977.0,2.136268467
2008,2,Hidalgo,Mujeres,15070.0,389964.0,3.864459283
2008,2,Jalisco,Hombres,60398.0,1959103.0,3.08294153
2008,2,Jalisco,Mujeres,36211.0,1249825.0,2.89728562
2008,2,México,Hombres,165218.0,3878977.0,4.259318887
2008,2,México,Mujeres,100298.0,2239543.0,4.47850298
2008,2,Michoacán,Hombres,28399.0,1050212.0,2.704120692
2008,2,Michoacán,Mujeres,18433.0,652852.0,2.82345769
2008,2,Morelos,Hombres,9290.0,444077.0,2.091979544
2008,2,Morelos,Mujeres,7859.0,304031.0,2.584933773
2008,2,Nayarit,Hombres,7681.0,286505.0,2.680930525
2008,2,Nayarit,Mujeres,3751.0,178273.0,2.104076332
2008,2,Nuevo León,Hombres,49785.0,1310824.0,3.797992713
2008,2,Nuevo León,Mujeres,37010.0,759220.0,4.874739865
2008,2,Oaxaca,Hombres,16522.0,891094.0,1.854125378
2008,2,Oaxaca,Mujeres,10517.0,564676.0,1.862483973
2008,2,Puebla,Hombres,35313.0,1396386.0,2.52888528
2008,2,Puebla,Mujeres,32313.0,927325.0,3.484538862
2008,2,Querétaro,Hombres,16444.0,429096.0,3.832242668
2008,2,Querétaro,Mujeres,8273.0,281026.0,2.943855729
2008,2,Quintana Roo,Hombres,8483.0,377135.0,2.249327164
2008,2,Quintana Roo,Mujeres,8517.0,247913.0,3.435479382
2008,2,San Luis Potosí,Hombres,17030.0,652836.0,2.608618397
2008,2,San Luis Potosí,Mujeres,10322.0,374862.0,2.753546638
2008,2,Sinaloa,Hombres,13551.0,742401.0,1.825293878
2008,2,Sinaloa,Mujeres,17237.0,417051.0,4.133067658
2008,2,Sonora,Hombres,26687.0,679242.0,3.928938434
2008,2,Sonora,Mujeres,15710.0,427311.0,3.676479192
2008,2,Tabasco,Hombres,19285.0,574646.0,3.355979159
2008,2,Tabasco,Mujeres,13856.0,272874.0,5.077801476
2008,2,Tamaulipas,Hombres,33448.0,870589.0,3.841996625
2008,2,Tamaulipas,Mujeres,27793.0,548699.0,5.065254356
2008,2,Tlaxcala,Hombres,13661.0,281140.0,4.85914491
2008,2,Tlaxcala,Mujeres,11205.0,181443.0,6.17549313
2008,2,Veracruz,Hombres,38356.0,1944253.0,1.972788521
2008,2,Veracruz,Mujeres,21788.0,1042575.0,2.089825672
2008,2,Yucatán,Hombres,11700.0,530930.0,2.203680335
2008,2,Yucatán,Mujeres,7979.0,337628.0,2.363251863
2008,2,Zacatecas,Hombres,13568.0,357509.0,3.795149213
2008,2,Zacatecas,Mujeres,8380.0,201838.0,4.151844549
2008,3,Nacional,Hombres,1147494.0,28936934.0,3.965499593
2008,3,Nacional,Mujeres,754716.0,17189735.0,4.390503984
2008,3,Aguascalientes,Hombres,18780.0,286900.0,6.545834786
2008,3,Aguascalientes,Mujeres,9306.0,171664.0,5.421055084
2008,3,Baja California,Hombres,30712.0,826738.0,3.714840736
2008,3,Baja California,Mujeres,19335.0,525600.0,3.678652968
2008,3,Baja California Sur,Hombres,5928.0,180130.0,3.290956531
2008,3,Baja California Sur,Mujeres,3083.0,107852.0,2.858546898
2008,3,Campeche,Hombres,4001.0,228277.0,1.75269519
2008,3,Campeche,Mujeres,3106.0,122004.0,2.54581817
2008,3,Coahuila,Hombres,39074.0,725222.0,5.387867439
2008,3,Coahuila,Mujeres,28151.0,415259.0,6.779142656
2008,3,Colima,Hombres,4630.0,185187.0,2.500175498
2008,3,Colima,Mujeres,4133.0,127271.0,3.247401215
2008,3,Chiapas,Hombres,23218.0,1198639.0,1.937030248
2008,3,Chiapas,Mujeres,15848.0,504590.0,3.140767752
2008,3,Chihuahua,Hombres,43972.0,962579.0,4.568144537
2008,3,Chihuahua,Mujeres,23606.0,491441.0,4.80342503
2008,3,Ciudad de México,Hombres,146698.0,2397399.0,6.119048185
2008,3,Ciudad de México,Mujeres,115178.0,1769452.0,6.509246931
2008,3,Durango,Hombres,13319.0,410098.0,3.247760291
2008,3,Durango,Mujeres,8688.0,197082.0,4.40831735
2008,3,Guanajuato,Hombres,56644.0,1294015.0,4.37738357
2008,3,Guanajuato,Mujeres,42167.0,790662.0,5.333125912
2008,3,Guerrero,Hombres,8805.0,796619.0,1.105296258
2008,3,Guerrero,Mujeres,7282.0,529113.0,1.376265561
2008,3,Hidalgo,Hombres,20842.0,638471.0,3.264361263
2008,3,Hidalgo,Mujeres,13658.0,381905.0,3.57628206
2008,3,Jalisco,Hombres,66800.0,1947037.0,3.430854165
2008,3,Jalisco,Mujeres,50190.0,1222631.0,4.105081582
2008,3,México,Hombres,206765.0,3903964.0,5.29628347
2008,3,México,Mujeres,95277.0,2193460.0,4.343685319
2008,3,Michoacán,Hombres,30449.0,1087361.0,2.800265965
2008,3,Michoacán,Mujeres,21111.0,655160.0,3.222266317
2008,3,Morelos,Hombres,15402.0,451286.0,3.412913319
2008,3,Morelos,Mujeres,7496.0,300206.0,2.496952093
2008,3,Nayarit,Hombres,9101.0,281965.0,3.227705566
2008,3,Nayarit,Mujeres,7001.0,174842.0,4.004186637
2008,3,Nuevo León,Hombres,57521.0,1331577.0,4.319765211
2008,3,Nuevo León,Mujeres,44504.0,745692.0,5.968147707
2008,3,Oaxaca,Hombres,28413.0,918083.0,3.094818224
2008,3,Oaxaca,Mujeres,9747.0,587309.0,1.659603377
2008,3,Puebla,Hombres,50858.0,1414193.0,3.596255957
2008,3,Puebla,Mujeres,33878.0,882576.0,3.838536285
2008,3,Querétaro,Hombres,18210.0,437487.0,4.162409397
2008,3,Querétaro,Mujeres,10932.0,285898.0,3.823741334
2008,3,Quintana Roo,Hombres,13078.0,389340.0,3.359017825
2008,3,Quintana Roo,Mujeres,10208.0,242257.0,4.213706931
2008,3,San Luis Potosí,Hombres,23109.0,636546.0,3.630373924
2008,3,San Luis Potosí,Mujeres,14763.0,371449.0,3.974435252
2008,3,Sinaloa,Hombres,33585.0,749175.0,4.482931224
2008,3,Sinaloa,Mujeres,25040.0,420755.0,5.951206759
2008,3,Sonora,Hombres,27894.0,674800.0,4.133669235
2008,3,Sonora,Mujeres,17936.0,408290.0,4.392955987
2008,3,Tabasco,Hombres,22842.0,602107.0,3.793677868
2008,3,Tabasco,Mujeres,15084.0,269239.0,5.602457296
2008,3,Tamaulipas,Hombres,36054.0,855132.0,4.216191185
2008,3,Tamaulipas,Mujeres,34100.0,536617.0,6.354625366
2008,3,Tlaxcala,Hombres,13750.0,287573.0,4.781394637
2008,3,Tlaxcala,Mujeres,15384.0,186037.0,8.269322769
2008,3,Veracruz,Hombres,51953.0,1933924.0,2.686403395
2008,3,Veracruz,Mujeres,29324.0,1039418.0,2.821194168
2008,3,Yucatán,Hombres,10731.0,536405.0,2.000540636
2008,3,Yucatán,Mujeres,11176.0,337533.0,3.311083657
2008,3,Zacatecas,Hombres,14356.0,368705.0,3.893627697
2008,3,Zacatecas,Mujeres,8024.0,196471.0,4.084063297
2008,4,Nacional,Hombres,1228854.0,28804108.0,4.266245634
2008,4,Nacional,Mujeres,695839.0,17119425.0,4.064616656
2008,4,Aguascalientes,Hombres,17772.0,288837.0,6.152951319
2008,4,Aguascalientes,Mujeres,8831.0,176480.0,5.003966455
2008,4,Baja California,Hombres,34738.0,819200.0,4.240478516
2008,4,Baja California,Mujeres,24099.0,523160.0,4.606430155
2008,4,Baja California Sur,Hombres,6536.0,179530.0,3.640617167
2008,4,Baja California Sur,Mujeres,5760.0,111803.0,5.151919
2008,4,Campeche,Hombres,5455.0,226111.0,2.412531898
2008,4,Campeche,Mujeres,2559.0,119275.0,2.145462167
2008,4,Coahuila,Hombres,38133.0,721997.0,5.281600893
2008,4,Coahuila,Mujeres,26082.0,419941.0,6.21087248
2008,4,Colima,Hombres,6393.0,182547.0,3.502111785
2008,4,Colima,Mujeres,3845.0,123014.0,3.125660494
2008,4,Chiapas,Hombres,31344.0,1190847.0,2.632076161
2008,4,Chiapas,Mujeres,16981.0,466015.0,3.643874124
2008,4,Chihuahua,Hombres,68239.0,939303.0,7.264854898
2008,4,Chihuahua,Mujeres,30877.0,503279.0,6.135165584
2008,4,Ciudad de México,Hombres,134662.0,2342442.0,5.74878695
2008,4,Ciudad de México,Mujeres,99780.0,1737065.0,5.744171922
2008,4,Durango,Hombres,23278.0,411993.0,5.650095997
2008,4,Durango,Mujeres,11667.0,211450.0,5.517616458
2008,4,Guanajuato,Hombres,75908.0,1312838.0,5.78197767
2008,4,Guanajuato,Mujeres,39301.0,792377.0,4.959886519
2008,4,Guerrero,Hombres,10745.0,781941.0,1.374144597
2008,4,Guerrero,Mujeres,9333.0,548950.0,1.700154841
2008,4,Hidalgo,Hombres,32189.0,662284.0,4.860301623
2008,4,Hidalgo,Mujeres,15305.0,354079.0,4.322481706
2008,4,Jalisco,Hombres,90452.0,1930290.0,4.685928021
2008,4,Jalisco,Mujeres,35750.0,1203083.0,2.971532305
2008,4,México,Hombres,208512.0,3918160.0,5.321681606
2008,4,México,Mujeres,102847.0,2244826.0,4.581513222
2008,4,Michoacán,Hombres,35644.0,1068471.0,3.335981978
2008,4,Michoacán,Mujeres,14328.0,635965.0,2.252954172
2008,4,Morelos,Hombres,18034.0,452113.0,3.988825802
2008,4,Morelos,Mujeres,8847.0,301642.0,2.932947003
2008,4,Nayarit,Hombres,8906.0,291893.0,3.051118047
2008,4,Nayarit,Mujeres,7363.0,178010.0,4.136284478
2008,4,Nuevo León,Hombres,54413.0,1322008.0,4.115935758
2008,4,Nuevo León,Mujeres,37237.0,747369.0,4.982411633
2008,4,Oaxaca,Hombres,22826.0,912650.0,2.501068318
2008,4,Oaxaca,Mujeres,7996.0,573884.0,1.393312934
2008,4,Puebla,Hombres,46085.0,1425042.0,3.233939772
2008,4,Puebla,Mujeres,27534.0,900703.0,3.056945519
2008,4,Querétaro,Hombres,19644.0,434764.0,4.518313384
2008,4,Querétaro,Mujeres,8421.0,278297.0,3.02590398
2008,4,Quintana Roo,Hombres,16206.0,391379.0,4.140743372
2008,4,Quintana Roo,Mujeres,8278.0,242689.0,3.410949816
2008,4,San Luis Potosí,Hombres,23605.0,642035.0,3.67659084
2008,4,San Luis Potosí,Mujeres,9872.0,377416.0,2.61568137
2008,4,Sinaloa,Hombres,25634.0,747076.0,3.431243943
2008,4,Sinaloa,Mujeres,16015.0,439143.0,3.646875847
2008,4,Sonora,Hombres,24511.0,664647.0,3.687822258
2008,4,Sonora,Mujeres,21241.0,398148.0,5.334950822
2008,4,Tabasco,Hombres,30545.0,581271.0,5.25486391
2008,4,Tabasco,Mujeres,18058.0,271412.0,6.653353573
2008,4,Tamaulipas,Hombres,37435.0,837476.0,4.469978841
2008,4,Tamaulipas,Mujeres,29130.0,535462.0,5.440161954
2008,4,Tlaxcala,Hombres,13320.0,281557.0,4.73083603
2008,4,Tlaxcala,Mujeres,10513.0,174228.0,6.03404734
2008,4,Veracruz,Hombres,46763.0,1928073.0,2.425374973
2008,4,Veracruz,Mujeres,22434.0,984867.0,2.277871022
2008,4,Yucatán,Hombres,11795.0,543344.0,2.170816278
2008,4,Yucatán,Mujeres,7727.0,341020.0,2.26584951
2008,4,Zacatecas,Hombres,9132.0,371989.0,2.454911301
2008,4,Zacatecas,Mujeres,7828.0,204373.0,3.83025155
2009,1,Nacional,Hombres,1459044.0,28961308.0,5.037907818
2009,1,Nacional,Mujeres,850165.0,17185486.0,4.946994225
2009,1,Aguascalientes,Hombres,22845.0,282687.0,8.081376222
2009,1,Aguascalientes,Mujeres,10163.0,169043.0,6.012079767
2009,1,Baja California,Hombres,55683.0,836449.0,6.657070545
2009,1,Baja California,Mujeres,28751.0,521025.0,5.518161317
2009,1,Baja California Sur,Hombres,9969.0,181400.0,5.495589857
2009,1,Baja California Sur,Mujeres,5695.0,110953.0,5.13280398
2009,1,Campeche,Hombres,4595.0,223509.0,2.055845626
2009,1,Campeche,Mujeres,2933.0,119505.0,2.454290615
2009,1,Coahuila,Hombres,61871.0,735714.0,8.409653751
2009,1,Coahuila,Mujeres,35444.0,420331.0,8.432402083
2009,1,Colima,Hombres,7512.0,182169.0,4.12364343
2009,1,Colima,Mujeres,5334.0,125757.0,4.241513395
2009,1,Chiapas,Hombres,30436.0,1205266.0,2.525251687
2009,1,Chiapas,Mujeres,12642.0,510579.0,2.476012527
2009,1,Chihuahua,Hombres,74165.0,931328.0,7.963359847
2009,1,Chihuahua,Mujeres,41533.0,482501.0,8.607857808
2009,1,Ciudad de México,Hombres,119453.0,2326074.0,5.135391221
2009,1,Ciudad de México,Mujeres,108820.0,1798918.0,6.049191792
2009,1,Durango,Hombres,26143.0,408560.0,6.398815351
2009,1,Durango,Mujeres,13105.0,209199.0,6.264370289
2009,1,Guanajuato,Hombres,78286.0,1279482.0,6.118569859
2009,1,Guanajuato,Mujeres,44284.0,807049.0,5.487151338
2009,1,Guerrero,Hombres,14882.0,766968.0,1.940367786
2009,1,Guerrero,Mujeres,5494.0,492584.0,1.115342764
2009,1,Hidalgo,Hombres,27395.0,661856.0,4.139117875
2009,1,Hidalgo,Mujeres,22958.0,372098.0,6.169879978
2009,1,Jalisco,Hombres,119565.0,1945416.0,6.145986257
2009,1,Jalisco,Mujeres,49411.0,1209616.0,4.084850068
2009,1,México,Hombres,256013.0,3958210.0,6.467898368
2009,1,México,Mujeres,142318.0,2234358.0,6.369525385
2009,1,Michoacán,Hombres,38928.0,1075222.0,3.620461635
2009,1,Michoacán,Mujeres,16379.0,642707.0,2.548439647
2009,1,Morelos,Hombres,17603.0,443068.0,3.972979317
2009,1,Morelos,Mujeres,8811.0,304854.0,2.890235982
2009,1,Nayarit,Hombres,9293.0,295602.0,3.143754102
2009,1,Nayarit,Mujeres,5540.0,184129.0,3.008760163
2009,1,Nuevo León,Hombres,85599.0,1334553.0,6.414057741
2009,1,Nuevo León,Mujeres,61046.0,773705.0,7.890087307
2009,1,Oaxaca,Hombres,26692.0,929934.0,2.870311226
2009,1,Oaxaca,Mujeres,11623.0,580997.0,2.000526681
2009,1,Puebla,Hombres,67335.0,1435322.0,4.691281817
2009,1,Puebla,Mujeres,40872.0,871763.0,4.688430227
2009,1,Querétaro,Hombres,27560.0,433589.0,6.356249813
2009,1,Querétaro,Mujeres,15437.0,283636.0,5.442539029
2009,1,Quintana Roo,Hombres,14934.0,390036.0,3.828877334
2009,1,Quintana Roo,Mujeres,8293.0,232718.0,3.563540422
2009,1,San Luis Potosí,Hombres,26168.0,652018.0,4.013386134
2009,1,San Luis Potosí,Mujeres,14053.0,375942.0,3.738076618
2009,1,Sinaloa,Hombres,24677.0,773571.0,3.190011001
2009,1,Sinaloa,Mujeres,13972.0,430064.0,3.24881878
2009,1,Sonora,Hombres,35850.0,684737.0,5.235586802
2009,1,Sonora,Mujeres,23241.0,405636.0,5.729521048
2009,1,Tabasco,Hombres,29025.0,590030.0,4.919241395
2009,1,Tabasco,Mujeres,13696.0,278633.0,4.915426385
2009,1,Tamaulipas,Hombres,42880.0,856348.0,5.007310112
2009,1,Tamaulipas,Mujeres,36282.0,525852.0,6.89965998
2009,1,Tlaxcala,Hombres,16035.0,277165.0,5.78536251
2009,1,Tlaxcala,Mujeres,11616.0,173618.0,6.690550519
2009,1,Veracruz,Hombres,56056.0,1978350.0,2.833472338
2009,1,Veracruz,Mujeres,22744.0,1016699.0,2.237043609
2009,1,Yucatán,Hombres,16281.0,538847.0,3.021451358
2009,1,Yucatán,Mujeres,8609.0,338567.0,2.542775876
2009,1,Zacatecas,Hombres,15315.0,347828.0,4.403038283
2009,1,Zacatecas,Mujeres,9066.0,182450.0,4.969032612
2009,2,Nacional,Hombres,1563208.0,29252738.0,5.343800638
2009,2,Nacional,Mujeres,821112.0,17374532.0,4.725951755
2009,2,Aguascalientes,Hombres,22446.0,287714.0,7.80149732
2009,2,Aguascalientes,Mujeres,10718.0,173924.0,6.162461765
2009,2,Baja California,Hombres,51810.0,839837.0,6.169054233
2009,2,Baja California,Mujeres,28214.0,532442.0,5.298980922
2009,2,Baja California Sur,Hombres,8861.0,180503.0,4.909059683
2009,2,Baja California Sur,Mujeres,5670.0,108097.0,5.245288953
2009,2,Campeche,Hombres,6741.0,229484.0,2.937459692
2009,2,Campeche,Mujeres,3288.0,121310.0,2.710411343
2009,2,Coahuila,Hombres,55933.0,728867.0,7.673965209
2009,2,Coahuila,Mujeres,31394.0,411025.0,7.637978225
2009,2,Colima,Hombres,7372.0,182432.0,4.040957727
2009,2,Colima,Mujeres,5480.0,123627.0,4.432688652
2009,2,Chiapas,Hombres,21043.0,1214970.0,1.731976921
2009,2,Chiapas,Mujeres,10912.0,519814.0,2.099212411
2009,2,Chihuahua,Hombres,71163.0,917730.0,7.754241444
2009,2,Chihuahua,Mujeres,29925.0,481155.0,6.219409546
2009,2,Ciudad de México,Hombres,159647.0,2359655.0,6.765692442
2009,2,Ciudad de México,Mujeres,126766.0,1811468.0,6.997970707
2009,2,Durango,Hombres,23217.0,410835.0,5.651173829
2009,2,Durango,Mujeres,11602.0,204761.0,5.66611806
2009,2,Guanajuato,Hombres,69754.0,1272982.0,5.479574731
2009,2,Guanajuato,Mujeres,34008.0,819989.0,4.147372709
2009,2,Guerrero,Hombres,14201.0,829151.0,1.712715778
2009,2,Guerrero,Mujeres,6683.0,529409.0,1.262351037
2009,2,Hidalgo,Hombres,32503.0,666468.0,4.876903317
2009,2,Hidalgo,Mujeres,18967.0,363730.0,5.214582245
2009,2,Jalisco,Hombres,89510.0,1944172.0,4.604016517
2009,2,Jalisco,Mujeres,47537.0,1198489.0,3.966411039
2009,2,México,Hombres,321070.0,4111615.0,7.808853699
2009,2,México,Mujeres,136721.0,2276686.0,6.005263791
2009,2,Michoacán,Hombres,50054.0,1062229.0,4.712166586
2009,2,Michoacán,Mujeres,18924.0,653338.0,2.896509923
2009,2,Morelos,Hombres,16300.0,451898.0,3.607008661
2009,2,Morelos,Mujeres,7953.0,316431.0,2.513344141
2009,2,Nayarit,Hombres,10857.0,290390.0,3.738765109
2009,2,Nayarit,Mujeres,5567.0,190340.0,2.924766208
2009,2,Nuevo León,Hombres,95179.0,1345566.0,7.073528909
2009,2,Nuevo León,Mujeres,54532.0,773268.0,7.052147509
2009,2,Oaxaca,Hombres,24635.0,935398.0,2.633638302
2009,2,Oaxaca,Mujeres,10169.0,596901.0,1.703632596
2009,2,Puebla,Hombres,62516.0,1424525.0,4.388550569
2009,2,Puebla,Mujeres,35550.0,855750.0,4.154250657
2009,2,Querétaro,Hombres,39236.0,433394.0,9.053194091
2009,2,Querétaro,Mujeres,18404.0,277651.0,6.628465232
2009,2,Quintana Roo,Hombres,23266.0,391520.0,5.942480588
2009,2,Quintana Roo,Mujeres,11587.0,245206.0,4.725414549
2009,2,San Luis Potosí,Hombres,22802.0,653741.0,3.487925646
2009,2,San Luis Potosí,Mujeres,14074.0,375496.0,3.748109168
2009,2,Sinaloa,Hombres,33095.0,752732.0,4.396651132
2009,2,Sinaloa,Mujeres,13122.0,416126.0,3.153371815
2009,2,Sonora,Hombres,36377.0,689834.0,5.273297634
2009,2,Sonora,Mujeres,22886.0,409578.0,5.587702464
2009,2,Tabasco,Hombres,33725.0,583595.0,5.778836351
2009,2,Tabasco,Mujeres,13984.0,287933.0,4.856685409
2009,2,Tamaulipas,Hombres,54773.0,864360.0,6.336827248
2009,2,Tamaulipas,Mujeres,32217.0,541621.0,5.94825533
2009,2,Tlaxcala,Hombres,16580.0,295116.0,5.61812982
2009,2,Tlaxcala,Mujeres,15219.0,195042.0,7.802934753
2009,2,Veracruz,Hombres,58567.0,1987040.0,2.947449473
2009,2,Veracruz,Mujeres,21960.0,1016358.0,2.160655989
2009,2,Yucatán,Hombres,16138.0,555263.0,2.906370495
2009,2,Yucatán,Mujeres,8506.0,341108.0,2.493638378
2009,2,Zacatecas,Hombres,13837.0,359722.0,3.846581527
2009,2,Zacatecas,Mujeres,8573.0,206459.0,4.152398297
2009,3,Nacional,Hombres,1710043.0,29560472.0,5.784897481
2009,3,Nacional,Mujeres,1237244.0,18348857.0,6.742894121
2009,3,Aguascalientes,Hombres,24086.0,293073.0,8.21843022
2009,3,Aguascalientes,Mujeres,14521.0,183653.0,7.906758942
2009,3,Baja California,Hombres,67825.0,844437.0,8.031978703
2009,3,Baja California,Mujeres,36467.0,534153.0,6.827070147
2009,3,Baja California Sur,Hombres,9518.0,180048.0,5.28636808
2009,3,Baja California Sur,Mujeres,8144.0,105379.0,7.728295011
2009,3,Campeche,Hombres,5489.0,232599.0,2.359855373
2009,3,Campeche,Mujeres,3960.0,124563.0,3.179114183
2009,3,Coahuila,Hombres,68352.0,740215.0,9.234073884
2009,3,Coahuila,Mujeres,44476.0,434060.0,10.2465097
2009,3,Colima,Hombres,9955.0,186618.0,5.334426475
2009,3,Colima,Mujeres,5467.0,126771.0,4.312500493
2009,3,Chiapas,Hombres,25744.0,1241532.0,2.073567173
2009,3,Chiapas,Mujeres,22800.0,548822.0,4.154352413
2009,3,Chihuahua,Hombres,77234.0,934928.0,8.260956993
2009,3,Chihuahua,Mujeres,60885.0,514061.0,11.84392514
2009,3,Ciudad de México,Hombres,182560.0,2394844.0,7.623043505
2009,3,Ciudad de México,Mujeres,176356.0,1878704.0,9.387109412
2009,3,Durango,Hombres,22505.0,408224.0,5.51290468
2009,3,Durango,Mujeres,17916.0,207872.0,8.618765394
2009,3,Guanajuato,Hombres,98696.0,1328490.0,7.42918652
2009,3,Guanajuato,Mujeres,70459.0,906533.0,7.772359087
2009,3,Guerrero,Hombres,15062.0,857545.0,1.756409285
2009,3,Guerrero,Mujeres,12666.0,603617.0,2.098350444
2009,3,Hidalgo,Hombres,36873.0,677562.0,5.442011211
2009,3,Hidalgo,Mujeres,39299.0,403723.0,9.734149404
2009,3,Jalisco,Hombres,106828.0,1972218.0,5.416642582
2009,3,Jalisco,Mujeres,78283.0,1283419.0,6.09956686
2009,3,México,Hombres,295555.0,4114234.0,7.183718768
2009,3,México,Mujeres,192956.0,2396177.0,8.052660551
2009,3,Michoacán,Hombres,34934.0,1089814.0,3.205501122
2009,3,Michoacán,Mujeres,25352.0,705953.0,3.591173917
2009,3,Morelos,Hombres,21241.0,456092.0,4.65717443
2009,3,Morelos,Mujeres,17774.0,320029.0,5.55387168
2009,3,Nayarit,Hombres,12382.0,295790.0,4.186077961
2009,3,Nayarit,Mujeres,9937.0,192017.0,5.175062625
2009,3,Nuevo León,Hombres,98930.0,1344567.0,7.357759041
2009,3,Nuevo León,Mujeres,81013.0,810989.0,9.989407994
2009,3,Oaxaca,Hombres,18020.0,954026.0,1.888837411
2009,3,Oaxaca,Mujeres,9001.0,644795.0,1.395947549
2009,3,Puebla,Hombres,73455.0,1449793.0,5.066585368
2009,3,Puebla,Mujeres,48212.0,945915.0,5.096863883
2009,3,Querétaro,Hombres,41114.0,454981.0,9.036421301
2009,3,Querétaro,Mujeres,20973.0,281656.0,7.446317494
2009,3,Quintana Roo,Hombres,22675.0,392506.0,5.776981753
2009,3,Quintana Roo,Mujeres,18546.0,247201.0,7.502396835
2009,3,San Luis Potosí,Hombres,29783.0,653829.0,4.555166565
2009,3,San Luis Potosí,Mujeres,22497.0,371647.0,6.053324795
2009,3,Sinaloa,Hombres,43945.0,744379.0,5.903578688
2009,3,Sinaloa,Mujeres,26638.0,452528.0,5.886486582
2009,3,Sonora,Hombres,46468.0,656306.0,7.080233915
2009,3,Sonora,Mujeres,29015.0,425569.0,6.817930817
2009,3,Tabasco,Hombres,34187.0,587782.0,5.816272019
2009,3,Tabasco,Mujeres,26107.0,317562.0,8.221071791
2009,3,Tamaulipas,Hombres,54795.0,854504.0,6.412491925
2009,3,Tamaulipas,Mujeres,39453.0,542700.0,7.2697623
2009,3,Tlaxcala,Hombres,20051.0,293737.0,6.826174435
2009,3,Tlaxcala,Mujeres,17959.0,191494.0,9.378361724
2009,3,Veracruz,Hombres,73107.0,1982188.0,3.688197083
2009,3,Veracruz,Mujeres,30855.0,1076186.0,2.867069447
2009,3,Yucatán,Hombres,18974.0,564274.0,3.362550818
2009,3,Yucatán,Mujeres,12703.0,349484.0,3.634787286
2009,3,Zacatecas,Hombres,19700.0,379337.0,5.193271418
2009,3,Zacatecas,Mujeres,16554.0,221625.0,7.469373942
2009,4,Nacional,Hombres,1598813.0,29842462.0,5.357510382
2009,4,Nacional,Mujeres,919299.0,18234245.0,5.041607152
2009,4,Aguascalientes,Hombres,20467.0,295891.0,6.917074193
2009,4,Aguascalientes,Mujeres,12608.0,186324.0,6.766707456
2009,4,Baja California,Hombres,60951.0,870782.0,6.999570501
2009,4,Baja California,Mujeres,32170.0,520467.0,6.180987459
2009,4,Baja California Sur,Hombres,9138.0,181101.0,5.045803171
2009,4,Baja California Sur,Mujeres,7088.0,106003.0,6.686603209
2009,4,Campeche,Hombres,8140.0,236218.0,3.445969401
2009,4,Campeche,Mujeres,4574.0,131156.0,3.487450059
2009,4,Coahuila,Hombres,52624.0,751471.0,7.002798511
2009,4,Coahuila,Mujeres,31850.0,435548.0,7.312626852
2009,4,Colima,Hombres,7246.0,186639.0,3.882361136
2009,4,Colima,Mujeres,5764.0,121378.0,4.748801265
2009,4,Chiapas,Hombres,30478.0,1255274.0,2.4279958
2009,4,Chiapas,Mujeres,18533.0,566241.0,3.272988003
2009,4,Chihuahua,Hombres,80417.0,952577.0,8.442047205
2009,4,Chihuahua,Mujeres,41905.0,499310.0,8.392581763
2009,4,Ciudad de México,Hombres,158112.0,2389992.0,6.615586998
2009,4,Ciudad de México,Mujeres,109557.0,1789667.0,6.121641624
2009,4,Durango,Hombres,29111.0,413764.0,7.035653174
2009,4,Durango,Mujeres,15535.0,211038.0,7.361233522
2009,4,Guanajuato,Hombres,87690.0,1345786.0,6.515894801
2009,4,Guanajuato,Mujeres,41575.0,881350.0,4.717195212
2009,4,Guerrero,Hombres,17085.0,840207.0,2.033427477
2009,4,Guerrero,Mujeres,9858.0,562727.0,1.751826374
2009,4,Hidalgo,Hombres,40867.0,682775.0,5.985427117
2009,4,Hidalgo,Mujeres,20040.0,378040.0,5.301026346
2009,4,Jalisco,Hombres,110947.0,2019295.0,5.494343323
2009,4,Jalisco,Mujeres,53165.0,1307513.0,4.06611636
2009,4,México,Hombres,296851.0,4070567.0,7.292620414
2009,4,México,Mujeres,133111.0,2419601.0,5.501361588
2009,4,Michoacán,Hombres,34799.0,1116622.0,3.116453016
2009,4,Michoacán,Mujeres,31261.0,685443.0,4.56070016
2009,4,Morelos,Hombres,17021.0,458764.0,3.710186501
2009,4,Morelos,Mujeres,9576.0,314236.0,3.047391133
2009,4,Nayarit,Hombres,11920.0,305003.0,3.90815828
2009,4,Nayarit,Mujeres,6641.0,192022.0,3.458457885
2009,4,Nuevo León,Hombres,80945.0,1364419.0,5.932561772
2009,4,Nuevo León,Mujeres,64857.0,812275.0,7.984611123
2009,4,Oaxaca,Hombres,20533.0,960238.0,2.13832404
2009,4,Oaxaca,Mujeres,11512.0,628039.0,1.833007186
2009,4,Puebla,Hombres,54007.0,1436535.0,3.759532486
2009,4,Puebla,Mujeres,31286.0,951219.0,3.289042797
2009,4,Querétaro,Hombres,42677.0,466625.0,9.145888026
2009,4,Querétaro,Mujeres,15590.0,268349.0,5.809598694
2009,4,Quintana Roo,Hombres,20834.0,391375.0,5.323283296
2009,4,Quintana Roo,Mujeres,15309.0,251841.0,6.078835456
2009,4,San Luis Potosí,Hombres,22707.0,663302.0,3.423327534
2009,4,San Luis Potosí,Mujeres,16428.0,376048.0,4.368591244
2009,4,Sinaloa,Hombres,40949.0,774783.0,5.285221798
2009,4,Sinaloa,Mujeres,22916.0,482054.0,4.75382426
2009,4,Sonora,Hombres,37865.0,691229.0,5.477924103
2009,4,Sonora,Mujeres,33166.0,449552.0,7.377567
2009,4,Tabasco,Hombres,29807.0,580357.0,5.135976649
2009,4,Tabasco,Mujeres,22928.0,306771.0,7.473978962
2009,4,Tamaulipas,Hombres,51399.0,874421.0,5.878061026
2009,4,Tamaulipas,Mujeres,39162.0,542476.0,7.219121215
2009,4,Tlaxcala,Hombres,16943.0,296386.0,5.71653182
2009,4,Tlaxcala,Mujeres,11827.0,186841.0,6.329981107
2009,4,Veracruz,Hombres,70962.0,2021724.0,3.509974655
2009,4,Veracruz,Mujeres,27260.0,1090609.0,2.49952091
2009,4,Yucatán,Hombres,15989.0,559876.0,2.85581093
2009,4,Yucatán,Mujeres,13584.0,366831.0,3.703067625
2009,4,Zacatecas,Hombres,19332.0,388464.0,4.976522921
2009,4,Zacatecas,Mujeres,8663.0,213276.0,4.061872878
2010,1,Nacional,Hombres,1582018.0,29507488.0,5.361411991
2010,1,Nacional,Mujeres,921595.0,17716485.0,5.201906586
2010,1,Aguascalientes,Hombres,23908.0,295396.0,8.093542228
2010,1,Aguascalientes,Mujeres,11875.0,183771.0,6.461846537
2010,1,Baja California,Hombres,51594.0,852163.0,6.054475494
2010,1,Baja California,Mujeres,28358.0,517956.0,5.474982431
2010,1,Baja California Sur,Hombres,12158.0,184975.0,6.572780105
2010,1,Baja California Sur,Mujeres,6456.0,108875.0,5.929735936
2010,1,Campeche,Hombres,5638.0,231912.0,2.431094553
2010,1,Campeche,Mujeres,3862.0,124754.0,3.095692322
2010,1,Coahuila,Hombres,58881.0,736399.0,7.995801189
2010,1,Coahuila,Mujeres,33361.0,423818.0,7.871539198
2010,1,Colima,Hombres,8095.0,185073.0,4.373949739
2010,1,Colima,Mujeres,5864.0,124866.0,4.696234363
2010,1,Chiapas,Hombres,25915.0,1268317.0,2.043258901
2010,1,Chiapas,Mujeres,16491.0,545324.0,3.024073762
2010,1,Chihuahua,Hombres,70801.0,914530.0,7.741790865
2010,1,Chihuahua,Mujeres,50451.0,480067.0,10.5091581
2010,1,Ciudad de México,Hombres,153609.0,2384995.0,6.440642433
2010,1,Ciudad de México,Mujeres,108470.0,1778012.0,6.100633742
2010,1,Durango,Hombres,24372.0,402070.0,6.061631059
2010,1,Durango,Mujeres,10026.0,210307.0,4.767316352
2010,1,Guanajuato,Hombres,79988.0,1315163.0,6.081983754
2010,1,Guanajuato,Mujeres,39705.0,849455.0,4.674173441
2010,1,Guerrero,Hombres,18398.0,776254.0,2.370100508
2010,1,Guerrero,Mujeres,11869.0,540217.0,2.197080062
2010,1,Hidalgo,Hombres,27332.0,664998.0,4.110087549
2010,1,Hidalgo,Mujeres,17062.0,365601.0,4.66683625
2010,1,Jalisco,Hombres,118844.0,1996010.0,5.954078386
2010,1,Jalisco,Mujeres,50485.0,1265455.0,3.989474142
2010,1,México,Hombres,298268.0,4042736.0,7.377874786
2010,1,México,Mujeres,143112.0,2320656.0,6.166876952
2010,1,Michoacán,Hombres,32491.0,1088962.0,2.983667015
2010,1,Michoacán,Mujeres,21594.0,641302.0,3.367212327
2010,1,Morelos,Hombres,18998.0,470365.0,4.038990996
2010,1,Morelos,Mujeres,12949.0,308723.0,4.194374893
2010,1,Nayarit,Hombres,10606.0,303899.0,3.489975288
2010,1,Nayarit,Mujeres,7394.0,187041.0,3.953143963
2010,1,Nuevo León,Hombres,86771.0,1361973.0,6.370977986
2010,1,Nuevo León,Mujeres,60704.0,796514.0,7.62120942
2010,1,Oaxaca,Hombres,28561.0,942655.0,3.02984655
2010,1,Oaxaca,Mujeres,15368.0,605815.0,2.536748017
2010,1,Puebla,Hombres,66272.0,1436350.0,4.613917221
2010,1,Puebla,Mujeres,33801.0,899241.0,3.758836619
2010,1,Querétaro,Hombres,35730.0,467678.0,7.639871878
2010,1,Querétaro,Mujeres,12085.0,258564.0,4.673891184
2010,1,Quintana Roo,Hombres,18039.0,397351.0,4.539814924
2010,1,Quintana Roo,Mujeres,14222.0,254559.0,5.586916982
2010,1,San Luis Potosí,Hombres,26655.0,667726.0,3.99190686
2010,1,San Luis Potosí,Mujeres,17114.0,357821.0,4.782838347
2010,1,Sinaloa,Hombres,30086.0,767709.0,3.918932825
2010,1,Sinaloa,Mujeres,16399.0,472294.0,3.472201637
2010,1,Sonora,Hombres,48501.0,703857.0,6.890746274
2010,1,Sonora,Mujeres,36308.0,428232.0,8.478581703
2010,1,Tabasco,Hombres,38938.0,591563.0,6.582223702
2010,1,Tabasco,Mujeres,23598.0,309596.0,7.622191501
2010,1,Tamaulipas,Hombres,52310.0,867582.0,6.029401255
2010,1,Tamaulipas,Mujeres,33822.0,531020.0,6.369251629
2010,1,Tlaxcala,Hombres,17402.0,284881.0,6.108515485
2010,1,Tlaxcala,Mujeres,13713.0,185076.0,7.409388576
2010,1,Veracruz,Hombres,60753.0,1982646.0,3.064238397
2010,1,Veracruz,Mujeres,36554.0,1072864.0,3.407142005
2010,1,Yucatán,Hombres,13700.0,554759.0,2.469540828
2010,1,Yucatán,Mujeres,13520.0,369224.0,3.661733798
2010,1,Zacatecas,Hombres,18404.0,366541.0,5.020993559
2010,1,Zacatecas,Mujeres,15003.0,199465.0,7.521620334
2010,2,Nacional,Hombres,1566651.0,30138363.0,5.198195403
2010,2,Nacional,Mujeres,934989.0,18205192.0,5.135837073
2010,2,Aguascalientes,Hombres,20419.0,304990.0,6.694973606
2010,2,Aguascalientes,Mujeres,11083.0,193115.0,5.739067395
2010,2,Baja California,Hombres,51549.0,846770.0,6.087721577
2010,2,Baja California,Mujeres,25427.0,532236.0,4.777391984
2010,2,Baja California Sur,Hombres,9577.0,191064.0,5.012456559
2010,2,Baja California Sur,Mujeres,5749.0,110287.0,5.212763064
2010,2,Campeche,Hombres,6971.0,235143.0,2.964579001
2010,2,Campeche,Mujeres,5385.0,126494.0,4.257118915
2010,2,Coahuila,Hombres,56608.0,747811.0,7.569827135
2010,2,Coahuila,Mujeres,37005.0,428549.0,8.634951896
2010,2,Colima,Hombres,7518.0,188306.0,3.992437841
2010,2,Colima,Mujeres,5104.0,128334.0,3.977122197
2010,2,Chiapas,Hombres,30935.0,1294640.0,2.389467342
2010,2,Chiapas,Mujeres,18316.0,566289.0,3.234390921
2010,2,Chihuahua,Hombres,61760.0,896453.0,6.889374011
2010,2,Chihuahua,Mujeres,33007.0,497953.0,6.628537231
2010,2,Ciudad de México,Hombres,196387.0,2425248.0,8.097604864
2010,2,Ciudad de México,Mujeres,118768.0,1815118.0,6.543266058
2010,2,Durango,Hombres,18965.0,413786.0,4.583287013
2010,2,Durango,Mujeres,9693.0,209103.0,4.635514555
2010,2,Guanajuato,Hombres,80257.0,1342657.0,5.977476005
2010,2,Guanajuato,Mujeres,49090.0,878845.0,5.585740375
2010,2,Guerrero,Hombres,14584.0,844377.0,1.72719058
2010,2,Guerrero,Mujeres,7752.0,569201.0,1.361909062
2010,2,Hidalgo,Hombres,31554.0,690823.0,4.567595462
2010,2,Hidalgo,Mujeres,17594.0,405129.0,4.342814264
2010,2,Jalisco,Hombres,96693.0,2030336.0,4.762413709
2010,2,Jalisco,Mujeres,66268.0,1272628.0,5.207177588
2010,2,México,Hombres,264293.0,4220518.0,6.262098633
2010,2,México,Mujeres,152232.0,2409033.0,6.319216051
2010,2,Michoacán,Hombres,52163.0,1087497.0,4.796610933
2010,2,Michoacán,Mujeres,17462.0,650304.0,2.685205688
2010,2,Morelos,Hombres,21777.0,479751.0,4.539229725
2010,2,Morelos,Mujeres,12590.0,311453.0,4.042343468
2010,2,Nayarit,Hombres,12144.0,305130.0,3.979942975
2010,2,Nayarit,Mujeres,6865.0,194037.0,3.537985023
2010,2,Nuevo León,Hombres,80617.0,1372754.0,5.872647248
2010,2,Nuevo León,Mujeres,66574.0,818439.0,8.134265351
2010,2,Oaxaca,Hombres,21892.0,962949.0,2.273432965
2010,2,Oaxaca,Mujeres,11526.0,625438.0,1.842868518
2010,2,Puebla,Hombres,57527.0,1451172.0,3.964175163
2010,2,Puebla,Mujeres,36950.0,944376.0,3.912636492
2010,2,Querétaro,Hombres,39748.0,479375.0,8.291629726
2010,2,Querétaro,Mujeres,13195.0,281936.0,4.680140174
2010,2,Quintana Roo,Hombres,23017.0,419366.0,5.488523152
2010,2,Quintana Roo,Mujeres,13875.0,261233.0,5.311350404
2010,2,San Luis Potosí,Hombres,26589.0,681319.0,3.902577207
2010,2,San Luis Potosí,Mujeres,17753.0,377115.0,4.707582568
2010,2,Sinaloa,Hombres,39178.0,761036.0,5.147982487
2010,2,Sinaloa,Mujeres,16449.0,466616.0,3.525168447
2010,2,Sonora,Hombres,42746.0,692203.0,6.175356073
2010,2,Sonora,Mujeres,28963.0,440639.0,6.572954278
2010,2,Tabasco,Hombres,40406.0,614905.0,6.571096348
2010,2,Tabasco,Mujeres,24183.0,311736.0,7.757525599
2010,2,Tamaulipas,Hombres,54754.0,911661.0,6.005960549
2010,2,Tamaulipas,Mujeres,40374.0,510121.0,7.914592812
2010,2,Tlaxcala,Hombres,19324.0,293721.0,6.579032483
2010,2,Tlaxcala,Mujeres,13676.0,191475.0,7.142446795
2010,2,Veracruz,Hombres,56568.0,2017907.0,2.803300648
2010,2,Veracruz,Mujeres,26821.0,1113222.0,2.409312788
2010,2,Yucatán,Hombres,12161.0,551765.0,2.204018015
2010,2,Yucatán,Mujeres,13571.0,362779.0,3.740844977
2010,2,Zacatecas,Hombres,17970.0,382930.0,4.69276369
2010,2,Zacatecas,Mujeres,11689.0,201959.0,5.787808417
2010,3,Nacional,Hombres,1645244.0,30137776.0,5.45907568
2010,3,Nacional,Mujeres,1049151.0,18257737.0,5.746336471
2010,3,Aguascalientes,Hombres,20838.0,306043.0,6.808847123
2010,3,Aguascalientes,Mujeres,11660.0,194511.0,5.99451959
2010,3,Baja California,Hombres,53396.0,847990.0,6.296772368
2010,3,Baja California,Mujeres,26351.0,512288.0,5.143786308
2010,3,Baja California Sur,Hombres,10907.0,186967.0,5.833649788
2010,3,Baja California Sur,Mujeres,8567.0,115880.0,7.392992751
2010,3,Campeche,Hombres,8835.0,237132.0,3.725772987
2010,3,Campeche,Mujeres,4473.0,126766.0,3.528548664
2010,3,Coahuila,Hombres,51584.0,731500.0,7.051811347
2010,3,Coahuila,Mujeres,38441.0,428219.0,8.976948711
2010,3,Colima,Hombres,9348.0,190514.0,4.906726015
2010,3,Colima,Mujeres,6200.0,129964.0,4.770551845
2010,3,Chiapas,Hombres,31084.0,1281184.0,2.426193271
2010,3,Chiapas,Mujeres,22971.0,554890.0,4.139739408
2010,3,Chihuahua,Hombres,69943.0,896648.0,7.800496962
2010,3,Chihuahua,Mujeres,36477.0,478008.0,7.631043832
2010,3,Ciudad de México,Hombres,151101.0,2427703.0,6.224031523
2010,3,Ciudad de México,Mujeres,145330.0,1848702.0,7.861191257
2010,3,Durango,Hombres,20519.0,421000.0,4.873871734
2010,3,Durango,Mujeres,15928.0,218428.0,7.292105408
2010,3,Guanajuato,Hombres,105695.0,1340819.0,7.882868605
2010,3,Guanajuato,Mujeres,39266.0,899184.0,4.366848165
2010,3,Guerrero,Hombres,15454.0,844800.0,1.829308712
2010,3,Guerrero,Mujeres,11799.0,565811.0,2.085325312
2010,3,Hidalgo,Hombres,29419.0,678981.0,4.332816382
2010,3,Hidalgo,Mujeres,19780.0,383152.0,5.16244206
2010,3,Jalisco,Hombres,125911.0,2052570.0,6.13430967
2010,3,Jalisco,Mujeres,72492.0,1315773.0,5.509460978
2010,3,México,Hombres,291128.0,4227362.0,6.886753488
2010,3,México,Mujeres,175798.0,2442087.0,7.198678835
2010,3,Michoacán,Hombres,46302.0,1151476.0,4.021099875
2010,3,Michoacán,Mujeres,20525.0,656291.0,3.127423658
2010,3,Morelos,Hombres,20168.0,480741.0,4.195190342
2010,3,Morelos,Mujeres,13174.0,305157.0,4.317122006
2010,3,Nayarit,Hombres,16021.0,311967.0,5.135479073
2010,3,Nayarit,Mujeres,9906.0,191257.0,5.17941827
2010,3,Nuevo León,Hombres,84243.0,1368271.0,6.156894358
2010,3,Nuevo León,Mujeres,64347.0,817537.0,7.870836427
2010,3,Oaxaca,Hombres,22521.0,942960.0,2.388330364
2010,3,Oaxaca,Mujeres,10760.0,623605.0,1.725451207
2010,3,Puebla,Hombres,58009.0,1488950.0,3.895966957
2010,3,Puebla,Mujeres,33551.0,963261.0,3.483064299
2010,3,Querétaro,Hombres,33053.0,477289.0,6.925154361
2010,3,Querétaro,Mujeres,14982.0,286545.0,5.228498142
2010,3,Quintana Roo,Hombres,20405.0,413579.0,4.933761144
2010,3,Quintana Roo,Mujeres,15531.0,258885.0,5.999188829
2010,3,San Luis Potosí,Hombres,22821.0,669303.0,3.409666474
2010,3,San Luis Potosí,Mujeres,15923.0,375499.0,4.240490654
2010,3,Sinaloa,Hombres,37820.0,762468.0,4.960208166
2010,3,Sinaloa,Mujeres,22723.0,448192.0,5.069925389
2010,3,Sonora,Hombres,56908.0,683450.0,8.326578389
2010,3,Sonora,Mujeres,31558.0,421329.0,7.49010868
2010,3,Tabasco,Hombres,44744.0,598080.0,7.481273408
2010,3,Tabasco,Mujeres,27163.0,295572.0,9.1899774
2010,3,Tamaulipas,Hombres,65052.0,894868.0,7.269452031
2010,3,Tamaulipas,Mujeres,49512.0,535490.0,9.246111038
2010,3,Tlaxcala,Hombres,16907.0,290825.0,5.813461704
2010,3,Tlaxcala,Mujeres,15967.0,195681.0,8.159708914
2010,3,Veracruz,Hombres,75007.0,1980603.0,3.787078986
2010,3,Veracruz,Mujeres,38918.0,1086269.0,3.582722143
2010,3,Yucatán,Hombres,14658.0,561139.0,2.612186998
2010,3,Yucatán,Mujeres,19069.0,373098.0,5.110989606
2010,3,Zacatecas,Hombres,15443.0,390594.0,3.953721767
2010,3,Zacatecas,Mujeres,10009.0,210406.0,4.756993622
2010,4,Nacional,Hombres,1672386.0,29959389.0,5.582176592
2010,4,Nacional,Mujeres,851437.0,17731396.0,4.80186106
2010,4,Aguascalientes,Hombres,22787.0,302435.0,7.534511548
2010,4,Aguascalientes,Mujeres,10865.0,185811.0,5.847339501
2010,4,Baja California,Hombres,53399.0,861086.0,6.201355033
2010,4,Baja California,Mujeres,22574.0,527956.0,4.275735099
2010,4,Baja California Sur,Hombres,10712.0,186044.0,5.75777773
2010,4,Baja California Sur,Mujeres,7370.0,115299.0,6.392076254
2010,4,Campeche,Hombres,6008.0,234697.0,2.559896377
2010,4,Campeche,Mujeres,3787.0,129565.0,2.922857253
2010,4,Coahuila,Hombres,48723.0,741663.0,6.569425736
2010,4,Coahuila,Mujeres,31696.0,419823.0,7.549848388
2010,4,Colima,Hombres,7988.0,181311.0,4.405689671
2010,4,Colima,Mujeres,5783.0,129390.0,4.469433496
2010,4,Chiapas,Hombres,36558.0,1260840.0,2.899495574
2010,4,Chiapas,Mujeres,13769.0,521001.0,2.642797231
2010,4,Chihuahua,Hombres,48380.0,842275.0,5.743967232
2010,4,Chihuahua,Mujeres,25751.0,462084.0,5.572796288
2010,4,Ciudad de México,Hombres,173635.0,2347654.0,7.396106922
2010,4,Ciudad de México,Mujeres,98234.0,1823715.0,5.386477602
2010,4,Durango,Hombres,26445.0,423556.0,6.243566376
2010,4,Durango,Mujeres,10846.0,217058.0,4.996821126
2010,4,Guanajuato,Hombres,96165.0,1366099.0,7.039387336
2010,4,Guanajuato,Mujeres,33684.0,890848.0,3.781116419
2010,4,Guerrero,Hombres,21513.0,830608.0,2.590030436
2010,4,Guerrero,Mujeres,8466.0,567553.0,1.491666858
2010,4,Hidalgo,Hombres,29734.0,687977.0,4.321946809
2010,4,Hidalgo,Mujeres,13766.0,398323.0,3.455989235
2010,4,Jalisco,Hombres,124045.0,2057061.0,6.03020523
2010,4,Jalisco,Mujeres,71117.0,1301413.0,5.464598863
2010,4,México,Hombres,296012.0,4198344.0,7.050684746
2010,4,México,Mujeres,134463.0,2244330.0,5.991231236
2010,4,Michoacán,Hombres,45147.0,1118095.0,4.037850093
2010,4,Michoacán,Mujeres,16443.0,586113.0,2.805431717
2010,4,Morelos,Hombres,20564.0,473725.0,4.340915088
2010,4,Morelos,Mujeres,9256.0,298771.0,3.098024909
2010,4,Nayarit,Hombres,9676.0,307848.0,3.143109587
2010,4,Nayarit,Mujeres,9607.0,193417.0,4.966988424
2010,4,Nuevo León,Hombres,77858.0,1390136.0,5.600746977
2010,4,Nuevo León,Mujeres,50333.0,815631.0,6.171050389
2010,4,Oaxaca,Hombres,24885.0,965334.0,2.577864242
2010,4,Oaxaca,Mujeres,16399.0,605242.0,2.709494715
2010,4,Puebla,Hombres,58143.0,1444895.0,4.024029428
2010,4,Puebla,Mujeres,42893.0,954076.0,4.49576344
2010,4,Querétaro,Hombres,41216.0,458791.0,8.983611274
2010,4,Querétaro,Mujeres,10888.0,272995.0,3.988351435
2010,4,Quintana Roo,Hombres,21003.0,416523.0,5.04245864
2010,4,Quintana Roo,Mujeres,15174.0,267669.0,5.668941865
2010,4,San Luis Potosí,Hombres,28063.0,675152.0,4.156545489
2010,4,San Luis Potosí,Mujeres,17659.0,368784.0,4.788439846
2010,4,Sinaloa,Hombres,28967.0,763452.0,3.794213651
2010,4,Sinaloa,Mujeres,21706.0,457157.0,4.748040607
2010,4,Sonora,Hombres,60549.0,693295.0,8.733511709
2010,4,Sonora,Mujeres,24256.0,426937.0,5.6814003
2010,4,Tabasco,Hombres,50601.0,601083.0,8.41830496
2010,4,Tabasco,Mujeres,22879.0,292424.0,7.823913222
2010,4,Tamaulipas,Hombres,74576.0,900889.0,8.278045353
2010,4,Tamaulipas,Mujeres,34851.0,515517.0,6.760397814
2010,4,Tlaxcala,Hombres,17710.0,287981.0,6.149711266
2010,4,Tlaxcala,Mujeres,13036.0,190317.0,6.849624574
2010,4,Veracruz,Hombres,80647.0,1995969.0,4.040493615
2010,4,Veracruz,Mujeres,30376.0,994389.0,3.054740147
2010,4,Yucatán,Hombres,11651.0,548827.0,2.122891184
2010,4,Yucatán,Mujeres,11031.0,345745.0,3.19050167
2010,4,Zacatecas,Hombres,19026.0,395744.0,4.807653433
2010,4,Zacatecas,Mujeres,12479.0,212043.0,5.885127073
2011,1,Nacional,Hombres,1599623.0,30036184.0,5.325653219
2011,1,Nacional,Mujeres,863141.0,17681436.0,4.881622737
2011,1,Aguascalientes,Hombres,20451.0,297484.0,6.874655444
2011,1,Aguascalientes,Mujeres,8645.0,184055.0,4.696965581
2011,1,Baja California,Hombres,46105.0,872243.0,5.28579765
2011,1,Baja California,Mujeres,33142.0,519690.0,6.377263369
2011,1,Baja California Sur,Hombres,11472.0,185502.0,6.1842999
2011,1,Baja California Sur,Mujeres,6565.0,116743.0,5.623463505
2011,1,Campeche,Hombres,5950.0,231895.0,2.565816426
2011,1,Campeche,Mujeres,2898.0,131777.0,2.19916981
2011,1,Coahuila,Hombres,36624.0,747216.0,4.901393974
2011,1,Coahuila,Mujeres,27850.0,411397.0,6.769616696
2011,1,Colima,Hombres,8640.0,183258.0,4.714664571
2011,1,Colima,Mujeres,4280.0,127246.0,3.363563491
2011,1,Chiapas,Hombres,24498.0,1296598.0,1.889405969
2011,1,Chiapas,Mujeres,13633.0,541548.0,2.517413046
2011,1,Chihuahua,Hombres,61881.0,861064.0,7.18657382
2011,1,Chihuahua,Mujeres,36229.0,446527.0,8.113507134
2011,1,Ciudad de México,Hombres,160661.0,2400665.0,6.692353994
2011,1,Ciudad de México,Mujeres,108389.0,1775464.0,6.104826682
2011,1,Durango,Hombres,30135.0,422305.0,7.135837842
2011,1,Durango,Mujeres,14141.0,208683.0,6.776306647
2011,1,Guanajuato,Hombres,98066.0,1338808.0,7.324874067
2011,1,Guanajuato,Mujeres,45127.0,900014.0,5.014033115
2011,1,Guerrero,Hombres,17194.0,779136.0,2.206803434
2011,1,Guerrero,Mujeres,10593.0,538640.0,1.966619635
2011,1,Hidalgo,Hombres,31264.0,668973.0,4.673432261
2011,1,Hidalgo,Mujeres,18843.0,404840.0,4.65443138
2011,1,Jalisco,Hombres,99418.0,2023259.0,4.913755481
2011,1,Jalisco,Mujeres,61266.0,1302700.0,4.703001459
2011,1,México,Hombres,289681.0,4244823.0,6.824336374
2011,1,México,Mujeres,105621.0,2265483.0,4.66218462
2011,1,Michoacán,Hombres,43537.0,1157913.0,3.759954332
2011,1,Michoacán,Mujeres,10476.0,599154.0,1.748465336
2011,1,Morelos,Hombres,20253.0,472143.0,4.28959023
2011,1,Morelos,Mujeres,7332.0,299283.0,2.449855154
2011,1,Nayarit,Hombres,10703.0,312254.0,3.427658253
2011,1,Nayarit,Mujeres,8561.0,190528.0,4.493302822
2011,1,Nuevo León,Hombres,83748.0,1377024.0,6.08181121
2011,1,Nuevo León,Mujeres,55034.0,800134.0,6.878097919
2011,1,Oaxaca,Hombres,33144.0,948420.0,3.494654267
2011,1,Oaxaca,Mujeres,19227.0,594008.0,3.236825093
2011,1,Puebla,Hombres,61488.0,1421581.0,4.325325113
2011,1,Puebla,Mujeres,41481.0,927373.0,4.472957483
2011,1,Querétaro,Hombres,32280.0,472936.0,6.825447841
2011,1,Querétaro,Mujeres,12042.0,297272.0,4.050835598
2011,1,Quintana Roo,Hombres,16479.0,415199.0,3.968940195
2011,1,Quintana Roo,Mujeres,12923.0,261390.0,4.943953479
2011,1,San Luis Potosí,Hombres,26330.0,663595.0,3.967781554
2011,1,San Luis Potosí,Mujeres,17251.0,381925.0,4.516855404
2011,1,Sinaloa,Hombres,33803.0,766049.0,4.412642011
2011,1,Sinaloa,Mujeres,21959.0,447426.0,4.907850684
2011,1,Sonora,Hombres,51649.0,703247.0,7.344361227
2011,1,Sonora,Mujeres,26596.0,436818.0,6.088576936
2011,1,Tabasco,Hombres,41437.0,608961.0,6.804540849
2011,1,Tabasco,Mujeres,18597.0,304367.0,6.110057923
2011,1,Tamaulipas,Hombres,54192.0,898196.0,6.033427003
2011,1,Tamaulipas,Mujeres,40865.0,519995.0,7.858729411
2011,1,Tlaxcala,Hombres,22160.0,291029.0,7.614361455
2011,1,Tlaxcala,Mujeres,13024.0,185630.0,7.01610731
2011,1,Veracruz,Hombres,87336.0,2043638.0,4.273555297
2011,1,Veracruz,Mujeres,34142.0,1002864.0,3.404449656
2011,1,Yucatán,Hombres,13755.0,562331.0,2.446068241
2011,1,Yucatán,Mujeres,12748.0,357566.0,3.565215932
2011,1,Zacatecas,Hombres,25289.0,368439.0,6.863822777
2011,1,Zacatecas,Mujeres,13661.0,200896.0,6.800035839
2011,2,Nacional,Hombres,1597033.0,30402783.0,5.252917142
2011,2,Nacional,Mujeres,952110.0,18262050.0,5.213598692
2011,2,Aguascalientes,Hombres,21033.0,301633.0,6.9730434
2011,2,Aguascalientes,Mujeres,9207.0,185400.0,4.966019417
2011,2,Baja California,Hombres,49881.0,888974.0,5.61107524
2011,2,Baja California,Mujeres,29979.0,530874.0,5.647102702
2011,2,Baja California Sur,Hombres,10962.0,187622.0,5.842598416
2011,2,Baja California Sur,Mujeres,5904.0,117693.0,5.01644108
2011,2,Campeche,Hombres,8520.0,234704.0,3.630104302
2011,2,Campeche,Mujeres,5302.0,131357.0,4.036328479
2011,2,Coahuila,Hombres,42995.0,776005.0,5.540557084
2011,2,Coahuila,Mujeres,33755.0,447747.0,7.538855648
2011,2,Colima,Hombres,8678.0,187673.0,4.624000256
2011,2,Colima,Mujeres,5984.0,133309.0,4.48881921
2011,2,Chiapas,Hombres,23805.0,1316409.0,1.808328567
2011,2,Chiapas,Mujeres,15170.0,573066.0,2.64716455
2011,2,Chihuahua,Hombres,46412.0,880579.0,5.270623079
2011,2,Chihuahua,Mujeres,38670.0,446957.0,8.651838991
2011,2,Ciudad de México,Hombres,150599.0,2395120.0,6.287743412
2011,2,Ciudad de México,Mujeres,94841.0,1816107.0,5.22221433
2011,2,Durango,Hombres,35600.0,434715.0,8.189273432
2011,2,Durango,Mujeres,12203.0,230864.0,5.285795966
2011,2,Guanajuato,Hombres,93292.0,1389214.0,6.715452047
2011,2,Guanajuato,Mujeres,43832.0,890370.0,4.922897223
2011,2,Guerrero,Hombres,24987.0,844681.0,2.958158169
2011,2,Guerrero,Mujeres,9784.0,565128.0,1.731289195
2011,2,Hidalgo,Hombres,37009.0,682384.0,5.423485897
2011,2,Hidalgo,Mujeres,16803.0,403026.0,4.169209927
2011,2,Jalisco,Hombres,114736.0,2035851.0,5.635775899
2011,2,Jalisco,Mujeres,75306.0,1315720.0,5.723558204
2011,2,México,Hombres,272162.0,4275826.0,6.365132725
2011,2,México,Mujeres,167382.0,2370008.0,7.062507806
2011,2,Michoacán,Hombres,35855.0,1201288.0,2.984713075
2011,2,Michoacán,Mujeres,18639.0,659789.0,2.824994051
2011,2,Morelos,Hombres,17328.0,470134.0,3.685757678
2011,2,Morelos,Mujeres,9587.0,305452.0,3.138627346
2011,2,Nayarit,Hombres,15140.0,302632.0,5.002775648
2011,2,Nayarit,Mujeres,9805.0,188923.0,5.18994511
2011,2,Nuevo León,Hombres,78991.0,1363408.0,5.793643576
2011,2,Nuevo León,Mujeres,52619.0,812747.0,6.474216454
2011,2,Oaxaca,Hombres,26108.0,957654.0,2.726245596
2011,2,Oaxaca,Mujeres,17205.0,626649.0,2.745556125
2011,2,Puebla,Hombres,78164.0,1463498.0,5.340902413
2011,2,Puebla,Mujeres,48387.0,986841.0,4.903221492
2011,2,Querétaro,Hombres,35524.0,476829.0,7.450050228
2011,2,Querétaro,Mujeres,14185.0,301364.0,4.70693248
2011,2,Quintana Roo,Hombres,17623.0,426579.0,4.131239466
2011,2,Quintana Roo,Mujeres,13853.0,270229.0,5.1263928
2011,2,San Luis Potosí,Hombres,26407.0,647422.0,4.078792503
2011,2,San Luis Potosí,Mujeres,15361.0,390299.0,3.935700578
2011,2,Sinaloa,Hombres,44099.0,764800.0,5.766082636
2011,2,Sinaloa,Mujeres,19669.0,449516.0,4.375595084
2011,2,Sonora,Hombres,43515.0,706717.0,6.157344453
2011,2,Sonora,Mujeres,22329.0,440112.0,5.073481296
2011,2,Tabasco,Hombres,32124.0,602736.0,5.329696584
2011,2,Tabasco,Mujeres,25825.0,310046.0,8.329409184
2011,2,Tamaulipas,Hombres,71414.0,893568.0,7.992005085
2011,2,Tamaulipas,Mujeres,52430.0,582459.0,9.001491951
2011,2,Tlaxcala,Hombres,19386.0,297529.0,6.51566738
2011,2,Tlaxcala,Mujeres,11687.0,182135.0,6.416668954
2011,2,Veracruz,Hombres,75451.0,2034306.0,3.708930712
2011,2,Veracruz,Mujeres,33264.0,1017053.0,3.270626015
2011,2,Yucatán,Hombres,13674.0,571873.0,2.391090329
2011,2,Yucatán,Mujeres,9947.0,369445.0,2.692417004
2011,2,Zacatecas,Hombres,25559.0,390420.0,6.546539624
2011,2,Zacatecas,Mujeres,13196.0,211365.0,6.243228538
2011,3,Nacional,Hombres,1651472.0,30749529.0,5.370722914
2011,3,Nacional,Mujeres,1083482.0,18557415.0,5.838539473
2011,3,Aguascalientes,Hombres,25473.0,306863.0,8.301098536
2011,3,Aguascalientes,Mujeres,15053.0,191820.0,7.847461162
2011,3,Baja California,Hombres,58601.0,889777.0,6.586032231
2011,3,Baja California,Mujeres,29951.0,545920.0,5.486334994
2011,3,Baja California Sur,Hombres,13160.0,191553.0,6.870161261
2011,3,Baja California Sur,Mujeres,10357.0,124031.0,8.350331772
2011,3,Campeche,Hombres,6793.0,235566.0,2.883692893
2011,3,Campeche,Mujeres,4342.0,130878.0,3.317593484
2011,3,Coahuila,Hombres,39419.0,785039.0,5.021279198
2011,3,Coahuila,Mujeres,40485.0,468131.0,8.648220263
2011,3,Colima,Hombres,9486.0,190046.0,4.991423129
2011,3,Colima,Mujeres,6343.0,134344.0,4.721461323
2011,3,Chiapas,Hombres,29049.0,1308744.0,2.21960903
2011,3,Chiapas,Mujeres,15538.0,543914.0,2.856701611
2011,3,Chihuahua,Hombres,60526.0,896820.0,6.748957427
2011,3,Chihuahua,Mujeres,43024.0,451509.0,9.528935193
2011,3,Ciudad de México,Hombres,168852.0,2456793.0,6.872862305
2011,3,Ciudad de México,Mujeres,130373.0,1866577.0,6.984603368
2011,3,Durango,Hombres,28012.0,431233.0,6.495792298
2011,3,Durango,Mujeres,12939.0,225266.0,5.743876129
2011,3,Guanajuato,Hombres,90262.0,1435304.0,6.288702602
2011,3,Guanajuato,Mujeres,50402.0,900283.0,5.598461817
2011,3,Guerrero,Hombres,28783.0,863082.0,3.334909082
2011,3,Guerrero,Mujeres,17107.0,563406.0,3.03635389
2011,3,Hidalgo,Hombres,32660.0,722402.0,4.521028458
2011,3,Hidalgo,Mujeres,17298.0,424776.0,4.07226397
2011,3,Jalisco,Hombres,112134.0,2066384.0,5.426580926
2011,3,Jalisco,Mujeres,75664.0,1361544.0,5.557220332
2011,3,México,Hombres,253114.0,4259307.0,5.942609913
2011,3,México,Mujeres,159963.0,2441176.0,6.552702468
2011,3,Michoacán,Hombres,35146.0,1223420.0,2.872766507
2011,3,Michoacán,Mujeres,18916.0,655390.0,2.886220418
2011,3,Morelos,Hombres,19259.0,475690.0,4.048645126
2011,3,Morelos,Mujeres,10391.0,312937.0,3.320476645
2011,3,Nayarit,Hombres,16215.0,300246.0,5.400571531
2011,3,Nayarit,Mujeres,11734.0,183035.0,6.410795749
2011,3,Nuevo León,Hombres,83477.0,1393556.0,5.990214961
2011,3,Nuevo León,Mujeres,59936.0,812483.0,7.376892809
2011,3,Oaxaca,Hombres,28258.0,974057.0,2.901062258
2011,3,Oaxaca,Mujeres,14805.0,650747.0,2.275077718
2011,3,Puebla,Hombres,66267.0,1492543.0,4.439872084
2011,3,Puebla,Mujeres,51270.0,955245.0,5.367209459
2011,3,Querétaro,Hombres,29950.0,479956.0,6.240155348
2011,3,Querétaro,Mujeres,13637.0,298731.0,4.564976517
2011,3,Quintana Roo,Hombres,19232.0,426879.0,4.50525793
2011,3,Quintana Roo,Mujeres,13861.0,267017.0,5.191055251
2011,3,San Luis Potosí,Hombres,31757.0,656878.0,4.834535485
2011,3,San Luis Potosí,Mujeres,18931.0,384547.0,4.922935298
2011,3,Sinaloa,Hombres,40250.0,748507.0,5.37737122
2011,3,Sinaloa,Mujeres,33529.0,451160.0,7.431731536
2011,3,Sonora,Hombres,47981.0,734176.0,6.535353921
2011,3,Sonora,Mujeres,40489.0,470608.0,8.603551151
2011,3,Tabasco,Hombres,42398.0,596333.0,7.109785975
2011,3,Tabasco,Mujeres,22593.0,314435.0,7.185268815
2011,3,Tamaulipas,Hombres,64382.0,887130.0,7.257335453
2011,3,Tamaulipas,Mujeres,53476.0,583250.0,9.168624089
2011,3,Tlaxcala,Hombres,18589.0,301816.0,6.159050547
2011,3,Tlaxcala,Mujeres,14107.0,199249.0,7.080085722
2011,3,Veracruz,Hombres,110966.0,2045811.0,5.424059212
2011,3,Veracruz,Mujeres,44816.0,1058172.0,4.235228299
2011,3,Yucatán,Hombres,15118.0,567469.0,2.664110286
2011,3,Yucatán,Mujeres,13635.0,367779.0,3.707389492
2011,3,Zacatecas,Hombres,25903.0,406149.0,6.377708673
2011,3,Zacatecas,Mujeres,18517.0,219055.0,8.45312821
2011,4,Nacional,Hombres,1518931.0,30682187.0,4.950530417
2011,4,Nacional,Mujeres,905654.0,19237632.0,4.707720784
2011,4,Aguascalientes,Hombres,19967.0,310747.0,6.425484397
2011,4,Aguascalientes,Mujeres,12343.0,201987.0,6.110789308
2011,4,Baja California,Hombres,68415.0,914323.0,7.482585476
2011,4,Baja California,Mujeres,35124.0,575188.0,6.106525171
2011,4,Baja California Sur,Hombres,9051.0,196591.0,4.60397475
2011,4,Baja California Sur,Mujeres,6089.0,129630.0,4.697215151
2011,4,Campeche,Hombres,6325.0,235098.0,2.690367421
2011,4,Campeche,Mujeres,3959.0,136312.0,2.904366453
2011,4,Coahuila,Hombres,40691.0,794859.0,5.119272726
2011,4,Coahuila,Mujeres,29875.0,461663.0,6.471170529
2011,4,Colima,Hombres,7726.0,188914.0,4.089691606
2011,4,Colima,Mujeres,6268.0,135121.0,4.638805219
2011,4,Chiapas,Hombres,26867.0,1289642.0,2.083291332
2011,4,Chiapas,Mujeres,15117.0,574933.0,2.629349855
2011,4,Chihuahua,Hombres,65541.0,914855.0,7.164086112
2011,4,Chihuahua,Mujeres,18584.0,474052.0,3.920245036
2011,4,Ciudad de México,Hombres,150196.0,2459583.0,6.106563592
2011,4,Ciudad de México,Mujeres,114556.0,1928318.0,5.940721396
2011,4,Durango,Hombres,25178.0,443062.0,5.68272612
2011,4,Durango,Mujeres,12354.0,248899.0,4.963459074
2011,4,Guanajuato,Hombres,76339.0,1436964.0,5.312520007
2011,4,Guanajuato,Mujeres,45722.0,942493.0,4.851176614
2011,4,Guerrero,Hombres,19640.0,850300.0,2.309773021
2011,4,Guerrero,Mujeres,11240.0,592481.0,1.897107249
2011,4,Hidalgo,Hombres,29679.0,702989.0,4.221829929
2011,4,Hidalgo,Mujeres,16695.0,408114.0,4.090768756
2011,4,Jalisco,Hombres,116954.0,2035338.0,5.746170906
2011,4,Jalisco,Mujeres,64211.0,1388898.0,4.623161672
2011,4,México,Hombres,249179.0,4188366.0,5.94931293
2011,4,México,Mujeres,152381.0,2569627.0,5.930082459
2011,4,Michoacán,Hombres,35637.0,1185620.0,3.005769133
2011,4,Michoacán,Mujeres,16924.0,631624.0,2.6794422
2011,4,Morelos,Hombres,13595.0,469946.0,2.892885566
2011,4,Morelos,Mujeres,7415.0,318398.0,2.328846287
2011,4,Nayarit,Hombres,15099.0,300742.0,5.020582426
2011,4,Nayarit,Mujeres,10934.0,195929.0,5.58059297
2011,4,Nuevo León,Hombres,77978.0,1406128.0,5.545583332
2011,4,Nuevo León,Mujeres,46159.0,839254.0,5.500003575
2011,4,Oaxaca,Hombres,32033.0,976411.0,3.280688153
2011,4,Oaxaca,Mujeres,16204.0,682587.0,2.373909846
2011,4,Puebla,Hombres,60901.0,1510862.0,4.030877737
2011,4,Puebla,Mujeres,48765.0,1070225.0,4.556518489
2011,4,Querétaro,Hombres,28940.0,478422.0,6.049052928
2011,4,Querétaro,Mujeres,11688.0,301880.0,3.871737114
2011,4,Quintana Roo,Hombres,18606.0,432896.0,4.298030012
2011,4,Quintana Roo,Mujeres,11803.0,272759.0,4.327263262
2011,4,San Luis Potosí,Hombres,22513.0,644494.0,3.493127942
2011,4,San Luis Potosí,Mujeres,12303.0,388698.0,3.165182224
2011,4,Sinaloa,Hombres,33094.0,752320.0,4.398925989
2011,4,Sinaloa,Mujeres,24093.0,507305.0,4.749213984
2011,4,Sonora,Hombres,43264.0,749644.0,5.771272764
2011,4,Sonora,Mujeres,31785.0,478304.0,6.645355255
2011,4,Tabasco,Hombres,38567.0,600293.0,6.42469594
2011,4,Tabasco,Mujeres,18557.0,339770.0,5.461635812
2011,4,Tamaulipas,Hombres,59439.0,903521.0,6.578596402
2011,4,Tamaulipas,Mujeres,41925.0,588182.0,7.127895787
2011,4,Tlaxcala,Hombres,16773.0,305963.0,5.48203541
2011,4,Tlaxcala,Mujeres,12638.0,197164.0,6.409892272
2011,4,Veracruz,Hombres,75710.0,2022186.0,3.743968161
2011,4,Veracruz,Mujeres,23703.0,1068165.0,2.219039193
2011,4,Yucatán,Hombres,12430.0,578463.0,2.148797762
2011,4,Yucatán,Mujeres,11022.0,375009.0,2.939129461
2011,4,Zacatecas,Hombres,22604.0,402645.0,5.61387823
2011,4,Zacatecas,Mujeres,15218.0,214663.0,7.089251524
2012,1,Nacional,Hombres,1552766.0,30708944.0,5.056396599
2012,1,Nacional,Mujeres,873910.0,18645932.0,4.686866819
2012,1,Aguascalientes,Hombres,22003.0,306225.0,7.185239611
2012,1,Aguascalientes,Mujeres,10596.0,189281.0,5.598026215
2012,1,Baja California,Hombres,57821.0,890352.0,6.494173091
2012,1,Baja California,Mujeres,25792.0,547845.0,4.707900957
2012,1,Baja California Sur,Hombres,9564.0,193069.0,4.953669414
2012,1,Baja California Sur,Mujeres,9427.0,129755.0,7.265230627
2012,1,Campeche,Hombres,4054.0,241425.0,1.679196438
2012,1,Campeche,Mujeres,3329.0,139388.0,2.388297414
2012,1,Coahuila,Hombres,40079.0,775989.0,5.164892801
2012,1,Coahuila,Mujeres,29213.0,453920.0,6.435715545
2012,1,Colima,Hombres,9879.0,194105.0,5.089513408
2012,1,Colima,Mujeres,3963.0,133673.0,2.964697433
2012,1,Chiapas,Hombres,26684.0,1311843.0,2.034084871
2012,1,Chiapas,Mujeres,13851.0,578949.0,2.392438712
2012,1,Chihuahua,Hombres,70675.0,919768.0,7.684002922
2012,1,Chihuahua,Mujeres,26581.0,469288.0,5.664112443
2012,1,Ciudad de México,Hombres,150351.0,2447457.0,6.143151851
2012,1,Ciudad de México,Mujeres,113964.0,1887144.0,6.03896682
2012,1,Durango,Hombres,23960.0,444461.0,5.390799193
2012,1,Durango,Mujeres,11484.0,238530.0,4.814488744
2012,1,Guanajuato,Hombres,106808.0,1436455.0,7.435527044
2012,1,Guanajuato,Mujeres,52157.0,906892.0,5.751180956
2012,1,Guerrero,Hombres,22713.0,820646.0,2.767697643
2012,1,Guerrero,Mujeres,11656.0,524919.0,2.220533073
2012,1,Hidalgo,Hombres,27673.0,691738.0,4.000503081
2012,1,Hidalgo,Mujeres,21293.0,390820.0,5.448288215
2012,1,Jalisco,Hombres,99034.0,2069290.0,4.785892746
2012,1,Jalisco,Mujeres,51775.0,1325517.0,3.906023084
2012,1,México,Hombres,277610.0,4247188.0,6.53632474
2012,1,México,Mujeres,137319.0,2453096.0,5.597783373
2012,1,Michoacán,Hombres,40528.0,1178501.0,3.438944897
2012,1,Michoacán,Mujeres,19596.0,662935.0,2.955945907
2012,1,Morelos,Hombres,16606.0,473223.0,3.509127832
2012,1,Morelos,Mujeres,8721.0,312071.0,2.794556367
2012,1,Nayarit,Hombres,16179.0,301568.0,5.364959147
2012,1,Nayarit,Mujeres,8851.0,198546.0,4.457908998
2012,1,Nuevo León,Hombres,72879.0,1393140.0,5.23127611
2012,1,Nuevo León,Mujeres,49051.0,823799.0,5.954243693
2012,1,Oaxaca,Hombres,22427.0,941767.0,2.381374586
2012,1,Oaxaca,Mujeres,16958.0,638631.0,2.655367497
2012,1,Puebla,Hombres,63266.0,1533427.0,4.125791446
2012,1,Puebla,Mujeres,32615.0,961336.0,3.392674362
2012,1,Querétaro,Hombres,32398.0,491658.0,6.589539883
2012,1,Querétaro,Mujeres,8574.0,303899.0,2.821332087
2012,1,Quintana Roo,Hombres,15398.0,436641.0,3.526466823
2012,1,Quintana Roo,Mujeres,11462.0,282593.0,4.05600988
2012,1,San Luis Potosí,Hombres,16571.0,652796.0,2.538465309
2012,1,San Luis Potosí,Mujeres,13904.0,372980.0,3.727813824
2012,1,Sinaloa,Hombres,35618.0,757671.0,4.700984992
2012,1,Sinaloa,Mujeres,21762.0,500484.0,4.348190951
2012,1,Sonora,Hombres,53173.0,767917.0,6.924316039
2012,1,Sonora,Mujeres,32646.0,470731.0,6.935171042
2012,1,Tabasco,Hombres,30981.0,592416.0,5.229602171
2012,1,Tabasco,Mujeres,16177.0,299008.0,5.410223138
2012,1,Tamaulipas,Hombres,61266.0,901109.0,6.798955509
2012,1,Tamaulipas,Mujeres,39003.0,572642.0,6.81106171
2012,1,Tlaxcala,Hombres,16653.0,292075.0,5.701617735
2012,1,Tlaxcala,Mujeres,11080.0,181047.0,6.119957801
2012,1,Veracruz,Hombres,70484.0,2048634.0,3.440536475
2012,1,Veracruz,Mujeres,34330.0,1112002.0,3.087224663
2012,1,Yucatán,Hombres,15108.0,576205.0,2.621983495
2012,1,Yucatán,Mujeres,12330.0,370037.0,3.332099223
2012,1,Zacatecas,Hombres,24323.0,380185.0,6.397674816
2012,1,Zacatecas,Mujeres,14450.0,214174.0,6.746850691
2012,2,Nacional,Hombres,1493620.0,31184202.0,4.78966882
2012,2,Nacional,Mujeres,943477.0,19427565.0,4.856383185
2012,2,Aguascalientes,Hombres,20880.0,320631.0,6.512158837
2012,2,Aguascalientes,Mujeres,9965.0,196744.0,5.064957508
2012,2,Baja California,Hombres,64048.0,925853.0,6.91772884
2012,2,Baja California,Mujeres,34063.0,592381.0,5.750184425
2012,2,Baja California Sur,Hombres,9752.0,192056.0,5.077685675
2012,2,Baja California Sur,Mujeres,5869.0,129578.0,4.529318248
2012,2,Campeche,Hombres,5383.0,241966.0,2.224692725
2012,2,Campeche,Mujeres,3245.0,136039.0,2.385345379
2012,2,Coahuila,Hombres,40394.0,795111.0,5.080296965
2012,2,Coahuila,Mujeres,28950.0,467727.0,6.189507982
2012,2,Colima,Hombres,7570.0,192876.0,3.924801427
2012,2,Colima,Mujeres,5623.0,139805.0,4.022030686
2012,2,Chiapas,Hombres,30316.0,1321494.0,2.294070196
2012,2,Chiapas,Mujeres,12211.0,615221.0,1.984815213
2012,2,Chihuahua,Hombres,68035.0,935006.0,7.276423895
2012,2,Chihuahua,Mujeres,27534.0,513568.0,5.361315347
2012,2,Ciudad de México,Hombres,158309.0,2458383.0,6.439558035
2012,2,Ciudad de México,Mujeres,120571.0,1984379.0,6.07600665
2012,2,Durango,Hombres,29864.0,441626.0,6.762283018
2012,2,Durango,Mujeres,14038.0,229110.0,6.127187814
2012,2,Guanajuato,Hombres,80900.0,1472323.0,5.494718211
2012,2,Guanajuato,Mujeres,64682.0,993272.0,6.512012822
2012,2,Guerrero,Hombres,12357.0,848243.0,1.456775947
2012,2,Guerrero,Mujeres,10086.0,557831.0,1.808074489
2012,2,Hidalgo,Hombres,29333.0,714779.0,4.103785925
2012,2,Hidalgo,Mujeres,24169.0,434076.0,5.567918982
2012,2,Jalisco,Hombres,100173.0,2083769.0,4.807298698
2012,2,Jalisco,Mujeres,58898.0,1358589.0,4.335233098
2012,2,México,Hombres,246563.0,4257757.0,5.790912915
2012,2,México,Mujeres,161409.0,2542996.0,6.347198344
2012,2,Michoacán,Hombres,38878.0,1200297.0,3.239031673
2012,2,Michoacán,Mujeres,19946.0,668401.0,2.984136768
2012,2,Morelos,Hombres,14165.0,477630.0,2.965684735
2012,2,Morelos,Mujeres,10890.0,317147.0,3.433738929
2012,2,Nayarit,Hombres,16295.0,305231.0,5.338579633
2012,2,Nayarit,Mujeres,9202.0,202189.0,4.551187255
2012,2,Nuevo León,Hombres,84513.0,1426265.0,5.925476682
2012,2,Nuevo León,Mujeres,59206.0,871372.0,6.794572238
2012,2,Oaxaca,Hombres,26044.0,963351.0,2.703479832
2012,2,Oaxaca,Mujeres,12987.0,656174.0,1.979200639
2012,2,Puebla,Hombres,64833.0,1565590.0,4.141122516
2012,2,Puebla,Mujeres,40852.0,1001331.0,4.079769826
2012,2,Querétaro,Hombres,24029.0,485275.0,4.951625367
2012,2,Querétaro,Mujeres,7855.0,293234.0,2.678748031
2012,2,Quintana Roo,Hombres,18556.0,439200.0,4.224954463
2012,2,Quintana Roo,Mujeres,11690.0,291930.0,4.004384613
2012,2,San Luis Potosí,Hombres,18673.0,678984.0,2.750138442
2012,2,San Luis Potosí,Mujeres,15358.0,391641.0,3.921448469
2012,2,Sinaloa,Hombres,33323.0,765074.0,4.355526394
2012,2,Sinaloa,Mujeres,19075.0,497555.0,3.833747023
2012,2,Sonora,Hombres,33045.0,771251.0,4.284597362
2012,2,Sonora,Mujeres,31903.0,477382.0,6.682908028
2012,2,Tabasco,Hombres,35236.0,593238.0,5.939606027
2012,2,Tabasco,Mujeres,18554.0,307963.0,6.024749726
2012,2,Tamaulipas,Hombres,50055.0,901293.0,5.553687868
2012,2,Tamaulipas,Mujeres,40510.0,605269.0,6.692891921
2012,2,Tlaxcala,Hombres,18585.0,309805.0,5.998934814
2012,2,Tlaxcala,Mujeres,12300.0,200262.0,6.14195404
2012,2,Veracruz,Hombres,79894.0,2109773.0,3.786852898
2012,2,Veracruz,Mujeres,31210.0,1142195.0,2.732458118
2012,2,Yucatán,Hombres,12931.0,586027.0,2.206553623
2012,2,Yucatán,Mujeres,9874.0,384908.0,2.565288329
2012,2,Zacatecas,Hombres,20688.0,404045.0,5.120221757
2012,2,Zacatecas,Mujeres,10752.0,227296.0,4.730395607
2012,3,Nacional,Hombres,1571265.0,31493393.0,4.98918932
2012,3,Nacional,Mujeres,1037333.0,19562830.0,5.302571254
2012,3,Aguascalientes,Hombres,21138.0,321726.0,6.570187054
2012,3,Aguascalientes,Mujeres,11355.0,197689.0,5.743870423
2012,3,Baja California,Hombres,66452.0,925172.0,7.182664413
2012,3,Baja California,Mujeres,38716.0,593110.0,6.527625567
2012,3,Baja California Sur,Hombres,8927.0,193329.0,4.617517289
2012,3,Baja California Sur,Mujeres,7118.0,132771.0,5.361110483
2012,3,Campeche,Hombres,5012.0,244412.0,2.050635812
2012,3,Campeche,Mujeres,3907.0,145759.0,2.680451979
2012,3,Coahuila,Hombres,35160.0,816489.0,4.30624295
2012,3,Coahuila,Mujeres,33886.0,473023.0,7.163710855
2012,3,Colima,Hombres,8662.0,198480.0,4.364167674
2012,3,Colima,Mujeres,7766.0,144107.0,5.389051191
2012,3,Chiapas,Hombres,27979.0,1320925.0,2.118136912
2012,3,Chiapas,Mujeres,18165.0,554356.0,3.276775213
2012,3,Chihuahua,Hombres,54175.0,919452.0,5.892096597
2012,3,Chihuahua,Mujeres,41339.0,547543.0,7.549909322
2012,3,Ciudad de México,Hombres,163634.0,2529385.0,6.469319617
2012,3,Ciudad de México,Mujeres,123321.0,1942349.0,6.349064972
2012,3,Durango,Hombres,19768.0,443120.0,4.46109406
2012,3,Durango,Mujeres,17644.0,241984.0,7.291391166
2012,3,Guanajuato,Hombres,89618.0,1521058.0,5.891820036
2012,3,Guanajuato,Mujeres,64443.0,1031453.0,6.247788314
2012,3,Guerrero,Hombres,13261.0,864199.0,1.534484534
2012,3,Guerrero,Mujeres,11431.0,556852.0,2.05278961
2012,3,Hidalgo,Hombres,31293.0,737356.0,4.243947293
2012,3,Hidalgo,Mujeres,22377.0,430002.0,5.203929284
2012,3,Jalisco,Hombres,99125.0,2098372.0,4.723900243
2012,3,Jalisco,Mujeres,69667.0,1361000.0,5.118809699
2012,3,México,Hombres,273155.0,4346772.0,6.284088514
2012,3,México,Mujeres,137425.0,2608608.0,5.268135343
2012,3,Michoacán,Hombres,54764.0,1183521.0,4.627209826
2012,3,Michoacán,Mujeres,27189.0,713000.0,3.813323983
2012,3,Morelos,Hombres,20221.0,481971.0,4.195480641
2012,3,Morelos,Mujeres,8770.0,313544.0,2.797055597
2012,3,Nayarit,Hombres,18755.0,308903.0,6.071485224
2012,3,Nayarit,Mujeres,11245.0,205352.0,5.475963224
2012,3,Nuevo León,Hombres,75518.0,1428304.0,5.287249773
2012,3,Nuevo León,Mujeres,56224.0,848453.0,6.626648736
2012,3,Oaxaca,Hombres,34605.0,999566.0,3.462002509
2012,3,Oaxaca,Mujeres,20499.0,693334.0,2.956583696
2012,3,Puebla,Hombres,56017.0,1558812.0,3.593569975
2012,3,Puebla,Mujeres,39675.0,1006838.0,3.940554488
2012,3,Querétaro,Hombres,29369.0,497791.0,5.899865606
2012,3,Querétaro,Mujeres,10552.0,308758.0,3.41756327
2012,3,Quintana Roo,Hombres,20347.0,446448.0,4.557529656
2012,3,Quintana Roo,Mujeres,14700.0,279931.0,5.251294069
2012,3,San Luis Potosí,Hombres,24034.0,702221.0,3.422569248
2012,3,San Luis Potosí,Mujeres,18939.0,408441.0,4.636899822
2012,3,Sinaloa,Hombres,40267.0,760478.0,5.294959223
2012,3,Sinaloa,Mujeres,23120.0,488294.0,4.734852364
2012,3,Sonora,Hombres,48261.0,759548.0,6.353910484
2012,3,Sonora,Mujeres,40603.0,473928.0,8.567335123
2012,3,Tabasco,Hombres,33543.0,613947.0,5.463500921
2012,3,Tabasco,Mujeres,19635.0,315974.0,6.214118883
2012,3,Tamaulipas,Hombres,64345.0,918717.0,7.00378898
2012,3,Tamaulipas,Mujeres,45580.0,584776.0,7.794437528
2012,3,Tlaxcala,Hombres,14736.0,314745.0,4.681885336
2012,3,Tlaxcala,Mujeres,14995.0,201764.0,7.431950199
2012,3,Veracruz,Hombres,83309.0,2032340.0,4.099166478
2012,3,Veracruz,Mujeres,43153.0,1139389.0,3.78738078
2012,3,Yucatán,Hombres,17896.0,592268.0,3.021605084
2012,3,Yucatán,Mujeres,18573.0,386890.0,4.800589315
2012,3,Zacatecas,Hombres,17919.0,413566.0,4.332802987
2012,3,Zacatecas,Mujeres,15321.0,233558.0,6.559826681
2012,4,Nacional,Hombres,1523050.0,31117484.0,4.894515251
2012,4,Nacional,Mujeres,933777.0,19334080.0,4.829694508
2012,4,Aguascalientes,Hombres,23392.0,323625.0,7.228118965
2012,4,Aguascalientes,Mujeres,7755.0,194661.0,3.983848845
2012,4,Baja California,Hombres,59793.0,908413.0,6.582138301
2012,4,Baja California,Mujeres,30357.0,600849.0,5.052350923
2012,4,Baja California Sur,Hombres,10053.0,192619.0,5.219111303
2012,4,Baja California Sur,Mujeres,8493.0,134680.0,6.306058806
2012,4,Campeche,Hombres,5306.0,245873.0,2.158024671
2012,4,Campeche,Mujeres,2918.0,142506.0,2.047633082
2012,4,Coahuila,Hombres,42833.0,798895.0,5.361530614
2012,4,Coahuila,Mujeres,28319.0,465778.0,6.079935076
2012,4,Colima,Hombres,9158.0,193266.0,4.738546873
2012,4,Colima,Mujeres,6931.0,140914.0,4.918602836
2012,4,Chiapas,Hombres,33810.0,1305902.0,2.589015102
2012,4,Chiapas,Mujeres,12215.0,540688.0,2.259158702
2012,4,Chihuahua,Hombres,58277.0,944196.0,6.172129515
2012,4,Chihuahua,Mujeres,26629.0,519121.0,5.12963259
2012,4,Ciudad de México,Hombres,155276.0,2515048.0,6.173878192
2012,4,Ciudad de México,Mujeres,116898.0,1979276.0,5.906098998
2012,4,Durango,Hombres,28231.0,455338.0,6.200009663
2012,4,Durango,Mujeres,10872.0,248059.0,4.382828279
2012,4,Guanajuato,Hombres,82681.0,1480879.0,5.583238063
2012,4,Guanajuato,Mujeres,54683.0,982659.0,5.564799183
2012,4,Guerrero,Hombres,24625.0,831308.0,2.962199329
2012,4,Guerrero,Mujeres,13383.0,523972.0,2.554144115
2012,4,Hidalgo,Hombres,37326.0,738801.0,5.052240048
2012,4,Hidalgo,Mujeres,24358.0,430443.0,5.658821261
2012,4,Jalisco,Hombres,113078.0,2037661.0,5.549401986
2012,4,Jalisco,Mujeres,69399.0,1368431.0,5.071428519
2012,4,México,Hombres,248239.0,4275004.0,5.806754801
2012,4,México,Mujeres,145117.0,2580599.0,5.623384338
2012,4,Michoacán,Hombres,53184.0,1137632.0,4.674973981
2012,4,Michoacán,Mujeres,23112.0,707660.0,3.265975186
2012,4,Morelos,Hombres,23959.0,480413.0,4.987167291
2012,4,Morelos,Mujeres,8985.0,310031.0,2.898097287
2012,4,Nayarit,Hombres,18888.0,312190.0,6.05016176
2012,4,Nayarit,Mujeres,13003.0,208753.0,6.228892519
2012,4,Nuevo León,Hombres,71911.0,1421264.0,5.059651127
2012,4,Nuevo León,Mujeres,52162.0,879387.0,5.931631921
2012,4,Oaxaca,Hombres,26699.0,984794.0,2.711125372
2012,4,Oaxaca,Mujeres,15574.0,647135.0,2.406607586
2012,4,Puebla,Hombres,60104.0,1562922.0,3.845617376
2012,4,Puebla,Mujeres,47134.0,1021274.0,4.615215897
2012,4,Querétaro,Hombres,37388.0,473950.0,7.888595843
2012,4,Querétaro,Mujeres,7513.0,292143.0,2.571685784
2012,4,Quintana Roo,Hombres,18701.0,431110.0,4.337872005
2012,4,Quintana Roo,Mujeres,12833.0,286873.0,4.473408093
2012,4,San Luis Potosí,Hombres,20701.0,690456.0,2.998163533
2012,4,San Luis Potosí,Mujeres,13419.0,404546.0,3.317051707
2012,4,Sinaloa,Hombres,37759.0,790834.0,4.774579747
2012,4,Sinaloa,Mujeres,23100.0,498478.0,4.634106219
2012,4,Sonora,Hombres,39338.0,749629.0,5.24766251
2012,4,Sonora,Mujeres,35510.0,463774.0,7.656746605
2012,4,Tabasco,Hombres,31458.0,596104.0,5.277267054
2012,4,Tabasco,Mujeres,19972.0,303196.0,6.587158142
2012,4,Tamaulipas,Hombres,52614.0,893448.0,5.888870981
2012,4,Tamaulipas,Mujeres,37525.0,571761.0,6.563056942
2012,4,Tlaxcala,Hombres,16721.0,319152.0,5.23919637
2012,4,Tlaxcala,Mujeres,14103.0,200382.0,7.038057311
2012,4,Veracruz,Hombres,47938.0,2047943.0,2.340787805
2012,4,Veracruz,Mujeres,29823.0,1093405.0,2.727534628
2012,4,Yucatán,Hombres,12229.0,578088.0,2.115421873
2012,4,Yucatán,Mujeres,9962.0,382432.0,2.604907539
2012,4,Zacatecas,Hombres,21380.0,400727.0,5.335303087
2012,4,Zacatecas,Mujeres,11720.0,210214.0,5.575270914
2013,1,Nacional,Hombres,1529781.0,31075472.0,4.922792484
2013,1,Nacional,Mujeres,924246.0,18927289.0,4.883139894
2013,1,Aguascalientes,Hombres,22084.0,319395.0,6.914322391
2013,1,Aguascalientes,Mujeres,8907.0,194854.0,4.571114783
2013,1,Baja California,Hombres,45357.0,916812.0,4.947251999
2013,1,Baja California,Mujeres,22300.0,565501.0,3.943405936
2013,1,Baja California Sur,Hombres,9085.0,196782.0,4.616784055
2013,1,Baja California Sur,Mujeres,6080.0,127178.0,4.780701065
2013,1,Campeche,Hombres,5385.0,240798.0,2.236314255
2013,1,Campeche,Mujeres,3961.0,137923.0,2.871892288
2013,1,Coahuila,Hombres,43695.0,794071.0,5.502656563
2013,1,Coahuila,Mujeres,26053.0,463894.0,5.61615369
2013,1,Colima,Hombres,10654.0,192848.0,5.524558201
2013,1,Colima,Mujeres,8115.0,144842.0,5.602656688
2013,1,Chiapas,Hombres,30795.0,1330039.0,2.31534564
2013,1,Chiapas,Mujeres,15488.0,569223.0,2.720902002
2013,1,Chihuahua,Hombres,50953.0,928577.0,5.487213231
2013,1,Chihuahua,Mujeres,28807.0,547284.0,5.263629121
2013,1,Ciudad de México,Hombres,166358.0,2518230.0,6.606147969
2013,1,Ciudad de México,Mujeres,117798.0,1913237.0,6.156999891
2013,1,Durango,Hombres,27990.0,454149.0,6.163175522
2013,1,Durango,Mujeres,12960.0,232649.0,5.570623557
2013,1,Guanajuato,Hombres,95579.0,1456414.0,6.562625737
2013,1,Guanajuato,Mujeres,54688.0,951520.0,5.747435682
2013,1,Guerrero,Hombres,17054.0,817242.0,2.086774786
2013,1,Guerrero,Mujeres,10497.0,506145.0,2.073911626
2013,1,Hidalgo,Hombres,44866.0,746401.0,6.010978013
2013,1,Hidalgo,Mujeres,19813.0,440013.0,4.502821508
2013,1,Jalisco,Hombres,86285.0,2061744.0,4.185049162
2013,1,Jalisco,Mujeres,63068.0,1354278.0,4.656946358
2013,1,México,Hombres,253071.0,4238665.0,5.970535534
2013,1,México,Mujeres,162429.0,2427221.0,6.691974072
2013,1,Michoacán,Hombres,43158.0,1145498.0,3.767618974
2013,1,Michoacán,Mujeres,25293.0,701455.0,3.605790821
2013,1,Morelos,Hombres,20734.0,471006.0,4.402067065
2013,1,Morelos,Mujeres,11476.0,318959.0,3.597954596
2013,1,Nayarit,Hombres,15620.0,313645.0,4.98015272
2013,1,Nayarit,Mujeres,9755.0,216149.0,4.513090507
2013,1,Nuevo León,Hombres,91929.0,1425576.0,6.448551322
2013,1,Nuevo León,Mujeres,50306.0,801815.0,6.274015827
2013,1,Oaxaca,Hombres,30346.0,940944.0,3.22505909
2013,1,Oaxaca,Mujeres,17529.0,632326.0,2.772146013
2013,1,Puebla,Hombres,56794.0,1563341.0,3.632860649
2013,1,Puebla,Mujeres,41414.0,996338.0,4.156621548
2013,1,Querétaro,Hombres,29031.0,495592.0,5.857842742
2013,1,Querétaro,Mujeres,11766.0,291429.0,4.037347004
2013,1,Quintana Roo,Hombres,19185.0,448449.0,4.278078444
2013,1,Quintana Roo,Mujeres,10066.0,273203.0,3.684439776
2013,1,San Luis Potosí,Hombres,23604.0,681155.0,3.465290573
2013,1,San Luis Potosí,Mujeres,12494.0,386558.0,3.232115232
2013,1,Sinaloa,Hombres,32343.0,794180.0,4.072502455
2013,1,Sinaloa,Mujeres,21706.0,493763.0,4.396036155
2013,1,Sonora,Hombres,35460.0,748009.0,4.740584672
2013,1,Sonora,Mujeres,20490.0,454575.0,4.507507012
2013,1,Tabasco,Hombres,43349.0,602369.0,7.19641947
2013,1,Tabasco,Mujeres,21718.0,299359.0,7.254834496
2013,1,Tamaulipas,Hombres,63384.0,915723.0,6.921743802
2013,1,Tamaulipas,Mujeres,46026.0,581526.0,7.91469341
2013,1,Tlaxcala,Hombres,17032.0,309611.0,5.501096537
2013,1,Tlaxcala,Mujeres,12344.0,206653.0,5.973298234
2013,1,Veracruz,Hombres,59179.0,2040624.0,2.9000443
2013,1,Veracruz,Mujeres,26487.0,1102767.0,2.401867303
2013,1,Yucatán,Hombres,17822.0,588244.0,3.029695161
2013,1,Yucatán,Mujeres,14634.0,395290.0,3.702092135
2013,1,Zacatecas,Hombres,21600.0,379339.0,5.69411529
2013,1,Zacatecas,Mujeres,9778.0,199362.0,4.90464582
2013,2,Nacional,Hombres,1578052.0,31388717.0,5.027449832
2013,2,Nacional,Mujeres,981426.0,19651975.0,4.994032406
2013,2,Aguascalientes,Hombres,16706.0,319686.0,5.22575277
2013,2,Aguascalientes,Mujeres,8026.0,203399.0,3.945938771
2013,2,Baja California,Hombres,49931.0,939841.0,5.312707149
2013,2,Baja California,Mujeres,35963.0,633389.0,5.677869366
2013,2,Baja California Sur,Hombres,11417.0,199881.0,5.71189858
2013,2,Baja California Sur,Mujeres,8011.0,135795.0,5.899333554
2013,2,Campeche,Hombres,4838.0,243421.0,1.987503132
2013,2,Campeche,Mujeres,5265.0,138281.0,3.807464511
2013,2,Coahuila,Hombres,43309.0,816097.0,5.306844652
2013,2,Coahuila,Mujeres,33034.0,488727.0,6.75919276
2013,2,Colima,Hombres,10483.0,192169.0,5.455094214
2013,2,Colima,Mujeres,6163.0,145435.0,4.237631932
2013,2,Chiapas,Hombres,43523.0,1331006.0,3.269932667
2013,2,Chiapas,Mujeres,15622.0,566753.0,2.756403583
2013,2,Chihuahua,Hombres,55795.0,942244.0,5.921502286
2013,2,Chihuahua,Mujeres,32750.0,569098.0,5.754720628
2013,2,Ciudad de México,Hombres,171154.0,2478284.0,6.906149578
2013,2,Ciudad de México,Mujeres,135846.0,1947900.0,6.97397197
2013,2,Durango,Hombres,21733.0,462469.0,4.69934201
2013,2,Durango,Mujeres,14702.0,249331.0,5.896579246
2013,2,Guanajuato,Hombres,96535.0,1511705.0,6.385835861
2013,2,Guanajuato,Mujeres,49465.0,970293.0,5.097944641
2013,2,Guerrero,Hombres,16948.0,835462.0,2.0285782
2013,2,Guerrero,Mujeres,14952.0,537442.0,2.782067646
2013,2,Hidalgo,Hombres,32548.0,734603.0,4.430692496
2013,2,Hidalgo,Mujeres,21282.0,434127.0,4.902252106
2013,2,Jalisco,Hombres,98303.0,2063846.0,4.763097634
2013,2,Jalisco,Mujeres,58162.0,1411232.0,4.121363461
2013,2,México,Hombres,263426.0,4311587.0,6.109722476
2013,2,México,Mujeres,143340.0,2648636.0,5.411842171
2013,2,Michoacán,Hombres,54023.0,1178736.0,4.583129725
2013,2,Michoacán,Mujeres,26589.0,702485.0,3.78499185
2013,2,Morelos,Hombres,20647.0,474567.0,4.350702851
2013,2,Morelos,Mujeres,10432.0,330672.0,3.154787826
2013,2,Nayarit,Hombres,16956.0,310892.0,5.45398402
2013,2,Nayarit,Mujeres,10535.0,210164.0,5.012751946
2013,2,Nuevo León,Hombres,74621.0,1447675.0,5.154540902
2013,2,Nuevo León,Mujeres,56330.0,868037.0,6.489354716
2013,2,Oaxaca,Hombres,29596.0,939657.0,3.149659929
2013,2,Oaxaca,Mujeres,11487.0,612108.0,1.876629614
2013,2,Puebla,Hombres,65016.0,1590952.0,4.086609778
2013,2,Puebla,Mujeres,40128.0,1008840.0,3.977637683
2013,2,Querétaro,Hombres,31776.0,482181.0,6.590056431
2013,2,Querétaro,Mujeres,11796.0,287774.0,4.099049949
2013,2,Quintana Roo,Hombres,19064.0,460831.0,4.136874472
2013,2,Quintana Roo,Mujeres,17073.0,286178.0,5.965867397
2013,2,San Luis Potosí,Hombres,26106.0,701759.0,3.72008054
2013,2,San Luis Potosí,Mujeres,16211.0,412807.0,3.927016741
2013,2,Sinaloa,Hombres,37352.0,774484.0,4.822823971
2013,2,Sinaloa,Mujeres,28397.0,521727.0,5.44288488
2013,2,Sonora,Hombres,37307.0,759970.0,4.909009566
2013,2,Sonora,Mujeres,33465.0,520915.0,6.424272674
2013,2,Tabasco,Hombres,40931.0,621161.0,6.589434945
2013,2,Tabasco,Mujeres,24799.0,325447.0,7.619981134
2013,2,Tamaulipas,Hombres,56354.0,925614.0,6.088283021
2013,2,Tamaulipas,Mujeres,39417.0,575509.0,6.849067521
2013,2,Tlaxcala,Hombres,18283.0,313633.0,5.829424837
2013,2,Tlaxcala,Mujeres,12485.0,214133.0,5.830488528
2013,2,Veracruz,Hombres,78078.0,2032991.0,3.840548237
2013,2,Veracruz,Mujeres,34594.0,1098852.0,3.148194661
2013,2,Yucatán,Hombres,16004.0,600207.0,2.666413421
2013,2,Yucatán,Mujeres,15530.0,391223.0,3.969603014
2013,2,Zacatecas,Hombres,19289.0,391106.0,4.931911042
2013,2,Zacatecas,Mujeres,9575.0,205266.0,4.664679002
2013,3,Nacional,Hombres,1623647.0,31513043.0,5.152301541
2013,3,Nacional,Mujeres,1059907.0,19670219.0,5.388384339
2013,3,Aguascalientes,Hombres,18830.0,321013.0,5.865806058
2013,3,Aguascalientes,Mujeres,11107.0,207120.0,5.362591734
2013,3,Baja California,Hombres,60694.0,943944.0,6.429830583
2013,3,Baja California,Mujeres,40373.0,612103.0,6.59578535
2013,3,Baja California Sur,Hombres,11599.0,204545.0,5.670634824
2013,3,Baja California Sur,Mujeres,9354.0,129574.0,7.219040857
2013,3,Campeche,Hombres,5653.0,245473.0,2.30290093
2013,3,Campeche,Mujeres,4486.0,135432.0,3.3123634
2013,3,Coahuila,Hombres,46991.0,811808.0,5.78843766
2013,3,Coahuila,Mujeres,28491.0,499093.0,5.708555319
2013,3,Colima,Hombres,9801.0,194202.0,5.046806933
2013,3,Colima,Mujeres,7191.0,142005.0,5.0639062
2013,3,Chiapas,Hombres,37380.0,1356399.0,2.755826272
2013,3,Chiapas,Mujeres,15404.0,570138.0,2.70180202
2013,3,Chihuahua,Hombres,52346.0,937250.0,5.585062683
2013,3,Chihuahua,Mujeres,26135.0,551251.0,4.741034483
2013,3,Ciudad de México,Hombres,146140.0,2435453.0,6.000526391
2013,3,Ciudad de México,Mujeres,118088.0,2026742.0,5.826493949
2013,3,Durango,Hombres,31505.0,458576.0,6.870180733
2013,3,Durango,Mujeres,19145.0,258812.0,7.397261333
2013,3,Guanajuato,Hombres,80092.0,1505409.0,5.320281731
2013,3,Guanajuato,Mujeres,62196.0,1021154.0,6.090756145
2013,3,Guerrero,Hombres,23583.0,878054.0,2.685825701
2013,3,Guerrero,Mujeres,16848.0,539366.0,3.123667417
2013,3,Hidalgo,Hombres,33270.0,739443.0,4.499332606
2013,3,Hidalgo,Mujeres,23520.0,407039.0,5.778316083
2013,3,Jalisco,Hombres,128240.0,2081237.0,6.161720169
2013,3,Jalisco,Mujeres,59016.0,1390946.0,4.242867804
2013,3,México,Hombres,253414.0,4324719.0,5.859663946
2013,3,México,Mujeres,170648.0,2578591.0,6.617877748
2013,3,Michoacán,Hombres,58642.0,1167798.0,5.021587638
2013,3,Michoacán,Mujeres,30853.0,690823.0,4.466122292
2013,3,Morelos,Hombres,22855.0,474289.0,4.818791918
2013,3,Morelos,Mujeres,11407.0,325516.0,3.504282432
2013,3,Nayarit,Hombres,19950.0,311905.0,6.396178324
2013,3,Nayarit,Mujeres,11277.0,210205.0,5.364762969
2013,3,Nuevo León,Hombres,70478.0,1452335.0,4.852737144
2013,3,Nuevo León,Mujeres,61789.0,844791.0,7.314116746
2013,3,Oaxaca,Hombres,26963.0,973108.0,2.770812695
2013,3,Oaxaca,Mujeres,19971.0,641867.0,3.111392235
2013,3,Puebla,Hombres,76787.0,1622032.0,4.734000316
2013,3,Puebla,Mujeres,49535.0,1052378.0,4.706958906
2013,3,Querétaro,Hombres,28504.0,488041.0,5.840492909
2013,3,Querétaro,Mujeres,8816.0,285185.0,3.091326683
2013,3,Quintana Roo,Hombres,20072.0,468341.0,4.28576614
2013,3,Quintana Roo,Mujeres,13268.0,282655.0,4.694061665
2013,3,San Luis Potosí,Hombres,22752.0,688962.0,3.302359201
2013,3,San Luis Potosí,Mujeres,16487.0,411742.0,4.004206518
2013,3,Sinaloa,Hombres,43417.0,761109.0,5.70443918
2013,3,Sinaloa,Mujeres,32361.0,490594.0,6.596289396
2013,3,Sonora,Hombres,43264.0,755152.0,5.729177702
2013,3,Sonora,Mujeres,34799.0,498475.0,6.981092332
2013,3,Tabasco,Hombres,37934.0,639681.0,5.930143306
2013,3,Tabasco,Mujeres,23819.0,317841.0,7.493998572
2013,3,Tamaulipas,Hombres,64793.0,920844.0,7.036262385
2013,3,Tamaulipas,Mujeres,52906.0,603926.0,8.76034481
2013,3,Tlaxcala,Hombres,17261.0,319515.0,5.402250286
2013,3,Tlaxcala,Mujeres,15826.0,223778.0,7.072187615
2013,3,Veracruz,Hombres,95090.0,2035797.0,4.670897933
2013,3,Veracruz,Mujeres,37488.0,1113044.0,3.368060921
2013,3,Yucatán,Hombres,17877.0,587190.0,3.044500077
2013,3,Yucatán,Mujeres,15970.0,399434.0,3.998157393
2013,3,Zacatecas,Hombres,17470.0,409419.0,4.267022293
2013,3,Zacatecas,Mujeres,11333.0,208599.0,5.432911951
2013,4,Nacional,Hombres,1456391.0,31695838.0,4.594896655
2013,4,Nacional,Mujeres,931861.0,19811084.0,4.703735545
2013,4,Aguascalientes,Hombres,20398.0,329438.0,6.191756871
2013,4,Aguascalientes,Mujeres,11207.0,209518.0,5.348943766
2013,4,Baja California,Hombres,55352.0,945531.0,5.85406507
2013,4,Baja California,Mujeres,25810.0,614397.0,4.200866866
2013,4,Baja California Sur,Hombres,10589.0,203411.0,5.205716505
2013,4,Baja California Sur,Mujeres,6000.0,130337.0,4.603451054
2013,4,Campeche,Hombres,3787.0,244875.0,1.546503318
2013,4,Campeche,Mujeres,4090.0,136861.0,2.98843352
2013,4,Coahuila,Hombres,35067.0,809055.0,4.334315961
2013,4,Coahuila,Mujeres,30559.0,491964.0,6.211633372
2013,4,Colima,Hombres,9510.0,196257.0,4.845687033
2013,4,Colima,Mujeres,7752.0,148002.0,5.237767057
2013,4,Chiapas,Hombres,41655.0,1350874.0,3.083559236
2013,4,Chiapas,Mujeres,25822.0,550344.0,4.691974474
2013,4,Chihuahua,Hombres,42136.0,940490.0,4.480217759
2013,4,Chihuahua,Mujeres,23384.0,536136.0,4.361579898
2013,4,Ciudad de México,Hombres,136130.0,2467115.0,5.51778089
2013,4,Ciudad de México,Mujeres,106657.0,2017361.0,5.286956573
2013,4,Durango,Hombres,25415.0,464576.0,5.470579625
2013,4,Durango,Mujeres,14864.0,252716.0,5.881701198
2013,4,Guanajuato,Hombres,72436.0,1507336.0,4.805564254
2013,4,Guanajuato,Mujeres,57669.0,1010617.0,5.706316043
2013,4,Guerrero,Hombres,21146.0,825947.0,2.560212701
2013,4,Guerrero,Mujeres,16798.0,549555.0,3.05665493
2013,4,Hidalgo,Hombres,31842.0,741524.0,4.294129388
2013,4,Hidalgo,Mujeres,28114.0,461733.0,6.088800237
2013,4,Jalisco,Hombres,120920.0,2106406.0,5.740583724
2013,4,Jalisco,Mujeres,54579.0,1369311.0,3.985873187
2013,4,México,Hombres,238426.0,4382096.0,5.440912294
2013,4,México,Mujeres,114728.0,2644554.0,4.338274053
2013,4,Michoacán,Hombres,55080.0,1180662.0,4.665179365
2013,4,Michoacán,Mujeres,27932.0,709721.0,3.935631044
2013,4,Morelos,Hombres,21752.0,471667.0,4.61172819
2013,4,Morelos,Mujeres,13052.0,340085.0,3.837864063
2013,4,Nayarit,Hombres,16950.0,315787.0,5.367542046
2013,4,Nayarit,Mujeres,10629.0,215206.0,4.93898869
2013,4,Nuevo León,Hombres,54026.0,1448628.0,3.729459875
2013,4,Nuevo León,Mujeres,54929.0,856344.0,6.414361518
2013,4,Oaxaca,Hombres,28856.0,947542.0,3.045353135
2013,4,Oaxaca,Mujeres,17574.0,641033.0,2.741512527
2013,4,Puebla,Hombres,58577.0,1606515.0,3.646215566
2013,4,Puebla,Mujeres,40381.0,1034529.0,3.903322188
2013,4,Querétaro,Hombres,37254.0,484505.0,7.689084736
2013,4,Querétaro,Mujeres,12191.0,300572.0,4.055933354
2013,4,Quintana Roo,Hombres,17935.0,471985.0,3.799908895
2013,4,Quintana Roo,Mujeres,14463.0,271324.0,5.33052734
2013,4,San Luis Potosí,Hombres,21995.0,722925.0,3.042500951
2013,4,San Luis Potosí,Mujeres,14202.0,416866.0,3.406850163
2013,4,Sinaloa,Hombres,30194.0,779341.0,3.874298927
2013,4,Sinaloa,Mujeres,31366.0,513447.0,6.108907054
2013,4,Sonora,Hombres,43740.0,784659.0,5.574396012
2013,4,Sonora,Mujeres,31685.0,523559.0,6.05184898
2013,4,Tabasco,Hombres,37321.0,630413.0,5.920087308
2013,4,Tabasco,Mujeres,20217.0,325055.0,6.219562843
2013,4,Tamaulipas,Hombres,48222.0,935712.0,5.153508772
2013,4,Tamaulipas,Mujeres,42907.0,617778.0,6.9453752
2013,4,Tlaxcala,Hombres,14274.0,316644.0,4.507901618
2013,4,Tlaxcala,Mujeres,11458.0,212316.0,5.396672884
2013,4,Veracruz,Hombres,77598.0,2068567.0,3.751292561
2013,4,Veracruz,Mujeres,38876.0,1097665.0,3.541699881
2013,4,Yucatán,Hombres,11712.0,598672.0,1.95633001
2013,4,Yucatán,Mujeres,12934.0,403672.0,3.204086486
2013,4,Zacatecas,Hombres,16096.0,416683.0,3.862888575
2013,4,Zacatecas,Mujeres,9032.0,208506.0,4.331769829
2014,1,Nacional,Hombres,1499212.0,31450297.0,4.766924777
2014,1,Nacional,Mujeres,943798.0,19265032.0,4.89902119
2014,1,Aguascalientes,Hombres,23478.0,325040.0,7.223111002
2014,1,Aguascalientes,Mujeres,10160.0,201703.0,5.037109017
2014,1,Baja California,Hombres,59901.0,945319.0,6.33659114
2014,1,Baja California,Mujeres,32168.0,601599.0,5.347083356
2014,1,Baja California Sur,Hombres,10615.0,202647.0,5.238172783
2014,1,Baja California Sur,Mujeres,7498.0,134847.0,5.560375833
2014,1,Campeche,Hombres,5807.0,243576.0,2.384060827
2014,1,Campeche,Mujeres,4078.0,133159.0,3.062504224
2014,1,Coahuila,Hombres,49774.0,788911.0,6.309203446
2014,1,Coahuila,Mujeres,28515.0,470539.0,6.060071535
2014,1,Colima,Hombres,9143.0,191108.0,4.784205789
2014,1,Colima,Mujeres,5376.0,139721.0,3.847667852
2014,1,Chiapas,Hombres,34827.0,1353122.0,2.573825568
2014,1,Chiapas,Mujeres,16473.0,519922.0,3.168359869
2014,1,Chihuahua,Hombres,40121.0,924174.0,4.341282053
2014,1,Chihuahua,Mujeres,31567.0,536947.0,5.878978745
2014,1,Ciudad de México,Hombres,163738.0,2417926.0,6.77183669
2014,1,Ciudad de México,Mujeres,106160.0,1942077.0,5.466312613
2014,1,Durango,Hombres,23424.0,449873.0,5.206802809
2014,1,Durango,Mujeres,15509.0,249696.0,6.211152762
2014,1,Guanajuato,Hombres,78033.0,1503516.0,5.190034559
2014,1,Guanajuato,Mujeres,52234.0,963036.0,5.423888619
2014,1,Guerrero,Hombres,15692.0,824243.0,1.903807494
2014,1,Guerrero,Mujeres,11773.0,502647.0,2.342200391
2014,1,Hidalgo,Hombres,31559.0,734742.0,4.295249217
2014,1,Hidalgo,Mujeres,21186.0,435680.0,4.862743298
2014,1,Jalisco,Hombres,110467.0,2073071.0,5.328664575
2014,1,Jalisco,Mujeres,63143.0,1348885.0,4.681125522
2014,1,México,Hombres,266360.0,4429186.0,6.013746092
2014,1,México,Mujeres,140528.0,2624774.0,5.353908565
2014,1,Michoacán,Hombres,35975.0,1154875.0,3.115055742
2014,1,Michoacán,Mujeres,25098.0,681222.0,3.684261518
2014,1,Morelos,Hombres,16493.0,464997.0,3.546904604
2014,1,Morelos,Mujeres,11592.0,323696.0,3.581137858
2014,1,Nayarit,Hombres,15833.0,319705.0,4.952377973
2014,1,Nayarit,Mujeres,12308.0,219728.0,5.601470909
2014,1,Nuevo León,Hombres,66039.0,1416558.0,4.661934068
2014,1,Nuevo León,Mujeres,57249.0,810840.0,7.060455824
2014,1,Oaxaca,Hombres,37745.0,967119.0,3.902828918
2014,1,Oaxaca,Mujeres,17594.0,662440.0,2.655938651
2014,1,Puebla,Hombres,64254.0,1596229.0,4.025362276
2014,1,Puebla,Mujeres,43261.0,1026203.0,4.215637647
2014,1,Querétaro,Hombres,27437.0,490815.0,5.590089952
2014,1,Querétaro,Mujeres,10556.0,287994.0,3.665354139
2014,1,Quintana Roo,Hombres,21462.0,467030.0,4.595422136
2014,1,Quintana Roo,Mujeres,15264.0,269909.0,5.655239358
2014,1,San Luis Potosí,Hombres,19116.0,694121.0,2.753986697
2014,1,San Luis Potosí,Mujeres,11648.0,397513.0,2.930218634
2014,1,Sinaloa,Hombres,33225.0,784399.0,4.235726971
2014,1,Sinaloa,Mujeres,30267.0,499557.0,6.058768069
2014,1,Sonora,Hombres,32695.0,781489.0,4.183680129
2014,1,Sonora,Mujeres,35612.0,518041.0,6.874359365
2014,1,Tabasco,Hombres,39734.0,617409.0,6.435604275
2014,1,Tabasco,Mujeres,22868.0,316123.0,7.233893137
2014,1,Tamaulipas,Hombres,43698.0,927972.0,4.708978288
2014,1,Tamaulipas,Mujeres,31857.0,582725.0,5.466901197
2014,1,Tlaxcala,Hombres,15743.0,311503.0,5.053883911
2014,1,Tlaxcala,Mujeres,12415.0,209174.0,5.935250079
2014,1,Veracruz,Hombres,72603.0,2077015.0,3.49554529
2014,1,Veracruz,Mujeres,38024.0,1067041.0,3.563499434
2014,1,Yucatán,Hombres,11360.0,589825.0,1.925994999
2014,1,Yucatán,Mujeres,12511.0,380833.0,3.285166989
2014,1,Zacatecas,Hombres,22861.0,382782.0,5.972328897
2014,1,Zacatecas,Mujeres,9306.0,206761.0,4.500848806
2014,2,Nacional,Hombres,1562016.0,31632650.0,4.937986542
2014,2,Nacional,Mujeres,937495.0,19371955.0,4.839444444
2014,2,Aguascalientes,Hombres,20614.0,329184.0,6.262151259
2014,2,Aguascalientes,Mujeres,10480.0,205213.0,5.10688894
2014,2,Baja California,Hombres,57728.0,959647.0,6.015545299
2014,2,Baja California,Mujeres,33224.0,622282.0,5.339058498
2014,2,Baja California Sur,Hombres,10124.0,204568.0,4.948965625
2014,2,Baja California Sur,Mujeres,7224.0,131722.0,5.484277494
2014,2,Campeche,Hombres,8229.0,245145.0,3.356788839
2014,2,Campeche,Mujeres,3972.0,133815.0,2.968277099
2014,2,Coahuila,Hombres,42080.0,808250.0,5.206309929
2014,2,Coahuila,Mujeres,25872.0,485416.0,5.329861397
2014,2,Colima,Hombres,8425.0,192696.0,4.372171711
2014,2,Colima,Mujeres,6394.0,143330.0,4.461033978
2014,2,Chiapas,Hombres,43078.0,1313215.0,3.280346326
2014,2,Chiapas,Mujeres,18232.0,528706.0,3.448419348
2014,2,Chihuahua,Hombres,33469.0,954460.0,3.506590114
2014,2,Chihuahua,Mujeres,14059.0,530022.0,2.652531404
2014,2,Ciudad de México,Hombres,167321.0,2413517.0,6.932662998
2014,2,Ciudad de México,Mujeres,132868.0,1977278.0,6.719743
2014,2,Durango,Hombres,23396.0,440110.0,5.315943741
2014,2,Durango,Mujeres,18655.0,258520.0,7.216076126
2014,2,Guanajuato,Hombres,70479.0,1493522.0,4.7189797
2014,2,Guanajuato,Mujeres,46677.0,977396.0,4.775648765
2014,2,Guerrero,Hombres,12552.0,873606.0,1.436803319
2014,2,Guerrero,Mujeres,9101.0,528614.0,1.721672146
2014,2,Hidalgo,Hombres,26276.0,749655.0,3.505079003
2014,2,Hidalgo,Mujeres,23407.0,459762.0,5.091112358
2014,2,Jalisco,Hombres,109657.0,2060850.0,5.320959798
2014,2,Jalisco,Mujeres,60358.0,1348222.0,4.476859152
2014,2,México,Hombres,318618.0,4475562.0,7.119061249
2014,2,México,Mujeres,143303.0,2595909.0,5.520339889
2014,2,Michoacán,Hombres,38305.0,1181163.0,3.242990172
2014,2,Michoacán,Mujeres,22174.0,686651.0,3.229296979
2014,2,Morelos,Hombres,24094.0,482181.0,4.996878765
2014,2,Morelos,Mujeres,8769.0,322493.0,2.719128787
2014,2,Nayarit,Hombres,19970.0,319466.0,6.25105645
2014,2,Nayarit,Mujeres,10212.0,204969.0,4.982216823
2014,2,Nuevo León,Hombres,74802.0,1457777.0,5.131237494
2014,2,Nuevo León,Mujeres,55066.0,856224.0,6.431260978
2014,2,Oaxaca,Hombres,28702.0,967463.0,2.966728443
2014,2,Oaxaca,Mujeres,13204.0,633797.0,2.083316898
2014,2,Puebla,Hombres,68514.0,1628232.0,4.20787701
2014,2,Puebla,Mujeres,37711.0,993384.0,3.796215763
2014,2,Querétaro,Hombres,35776.0,494951.0,7.228190265
2014,2,Querétaro,Mujeres,11411.0,300626.0,3.79574621
2014,2,Quintana Roo,Hombres,19401.0,471873.0,4.111487625
2014,2,Quintana Roo,Mujeres,15418.0,280838.0,5.489997792
2014,2,San Luis Potosí,Hombres,22457.0,705729.0,3.182099644
2014,2,San Luis Potosí,Mujeres,13783.0,412163.0,3.344065333
2014,2,Sinaloa,Hombres,43429.0,766639.0,5.664856601
2014,2,Sinaloa,Mujeres,29569.0,482547.0,6.127693261
2014,2,Sonora,Hombres,36968.0,787559.0,4.693997529
2014,2,Sonora,Mujeres,29041.0,536171.0,5.416369032
2014,2,Tabasco,Hombres,38196.0,627991.0,6.082252771
2014,2,Tabasco,Mujeres,24177.0,317653.0,7.611135421
2014,2,Tamaulipas,Hombres,40421.0,916041.0,4.41257542
2014,2,Tamaulipas,Mujeres,38520.0,584625.0,6.588838999
2014,2,Tlaxcala,Hombres,17949.0,318882.0,5.628727868
2014,2,Tlaxcala,Mujeres,12775.0,215384.0,5.931266946
2014,2,Veracruz,Hombres,70625.0,1998792.0,3.533384164
2014,2,Veracruz,Mujeres,40013.0,1026247.0,3.898963895
2014,2,Yucatán,Hombres,11863.0,593135.0,2.000050579
2014,2,Yucatán,Mujeres,11281.0,385916.0,2.923174991
2014,2,Zacatecas,Hombres,18498.0,400789.0,4.615396131
2014,2,Zacatecas,Mujeres,10545.0,206060.0,5.117441522
2014,3,Nacional,Hombres,1681329.0,32013392.0,5.251955182
2014,3,Nacional,Mujeres,1018669.0,19351390.0,5.264061135
2014,3,Aguascalientes,Hombres,20996.0,338832.0,6.196581197
2014,3,Aguascalientes,Mujeres,12915.0,202450.0,6.379352927
2014,3,Baja California,Hombres,66026.0,965656.0,6.837424507
2014,3,Baja California,Mujeres,32156.0,605764.0,5.308337901
2014,3,Baja California Sur,Hombres,12720.0,207692.0,6.124453518
2014,3,Baja California Sur,Mujeres,10927.0,133343.0,8.194655887
2014,3,Campeche,Hombres,7012.0,242434.0,2.892333584
2014,3,Campeche,Mujeres,3661.0,133866.0,2.734824377
2014,3,Coahuila,Hombres,38669.0,813101.0,4.755743751
2014,3,Coahuila,Mujeres,24234.0,494428.0,4.901421441
2014,3,Colima,Hombres,9695.0,197829.0,4.900697067
2014,3,Colima,Mujeres,7862.0,142978.0,5.498748059
2014,3,Chiapas,Hombres,45085.0,1301854.0,3.463137956
2014,3,Chiapas,Mujeres,21895.0,522555.0,4.18998957
2014,3,Chihuahua,Hombres,39898.0,983733.0,4.055775297
2014,3,Chihuahua,Mujeres,29305.0,527747.0,5.552850135
2014,3,Ciudad de México,Hombres,190926.0,2461286.0,7.757164344
2014,3,Ciudad de México,Mujeres,134764.0,1984465.0,6.790948694
2014,3,Durango,Hombres,25528.0,459803.0,5.551942897
2014,3,Durango,Mujeres,19362.0,256871.0,7.537635623
2014,3,Guanajuato,Hombres,74182.0,1545992.0,4.79834307
2014,3,Guanajuato,Mujeres,56002.0,988997.0,5.662504537
2014,3,Guerrero,Hombres,18675.0,886442.0,2.10673682
2014,3,Guerrero,Mujeres,12148.0,537826.0,2.258723081
2014,3,Hidalgo,Hombres,38038.0,756253.0,5.029798229
2014,3,Hidalgo,Mujeres,20399.0,454441.0,4.488811529
2014,3,Jalisco,Hombres,129128.0,2138012.0,6.039629338
2014,3,Jalisco,Mujeres,68980.0,1338450.0,5.15372259
2014,3,México,Hombres,288635.0,4491128.0,6.426781869
2014,3,México,Mujeres,138027.0,2543190.0,5.42731766
2014,3,Michoacán,Hombres,38791.0,1169288.0,3.317488933
2014,3,Michoacán,Mujeres,24844.0,668865.0,3.714351925
2014,3,Morelos,Hombres,23655.0,476324.0,4.966157489
2014,3,Morelos,Mujeres,14650.0,329750.0,4.442759666
2014,3,Nayarit,Hombres,25464.0,323280.0,7.876763177
2014,3,Nayarit,Mujeres,12285.0,210019.0,5.849470762
2014,3,Nuevo León,Hombres,78733.0,1476555.0,5.332209095
2014,3,Nuevo León,Mujeres,53988.0,849770.0,6.353248526
2014,3,Oaxaca,Hombres,34288.0,1002633.0,3.419795678
2014,3,Oaxaca,Mujeres,17539.0,632313.0,2.773784502
2014,3,Puebla,Hombres,71641.0,1620936.0,4.419730329
2014,3,Puebla,Mujeres,36486.0,997917.0,3.656215898
2014,3,Querétaro,Hombres,43146.0,503103.0,8.575977484
2014,3,Querétaro,Mujeres,11916.0,298256.0,3.995225578
2014,3,Quintana Roo,Hombres,25179.0,478235.0,5.264984788
2014,3,Quintana Roo,Mujeres,18506.0,282508.0,6.550610956
2014,3,San Luis Potosí,Hombres,25001.0,703822.0,3.552176545
2014,3,San Luis Potosí,Mujeres,14580.0,409278.0,3.562370809
2014,3,Sinaloa,Hombres,42627.0,761108.0,5.60065063
2014,3,Sinaloa,Mujeres,34631.0,503901.0,6.87258013
2014,3,Sonora,Hombres,46495.0,769963.0,6.038601855
2014,3,Sonora,Mujeres,41059.0,527523.0,7.783357313
2014,3,Tabasco,Hombres,40314.0,627896.0,6.420490017
2014,3,Tabasco,Mujeres,19857.0,315935.0,6.285153592
2014,3,Tamaulipas,Hombres,51340.0,880890.0,5.828196483
2014,3,Tamaulipas,Mujeres,40498.0,597851.0,6.773928621
2014,3,Tlaxcala,Hombres,16551.0,320878.0,5.158035141
2014,3,Tlaxcala,Mujeres,15190.0,217136.0,6.995615651
2014,3,Veracruz,Hombres,77462.0,2087293.0,3.711122492
2014,3,Veracruz,Mujeres,43842.0,1040010.0,4.215536389
2014,3,Yucatán,Hombres,18292.0,609856.0,2.999396579
2014,3,Yucatán,Mujeres,14527.0,386143.0,3.762077779
2014,3,Zacatecas,Hombres,17137.0,411285.0,4.166697059
2014,3,Zacatecas,Mujeres,11634.0,216844.0,5.365147295
2014,4,Nacional,Hombres,1370632.0,31878905.0,4.29949523
2014,4,Nacional,Mujeres,880250.0,19398151.0,4.537803629
2014,4,Aguascalientes,Hombres,18550.0,340702.0,5.444640771
2014,4,Aguascalientes,Mujeres,10980.0,196383.0,5.591115321
2014,4,Baja California,Hombres,49317.0,965285.0,5.109061055
2014,4,Baja California,Mujeres,26898.0,621474.0,4.328097394
2014,4,Baja California Sur,Hombres,10462.0,207587.0,5.039814632
2014,4,Baja California Sur,Mujeres,10279.0,133377.0,7.706726047
2014,4,Campeche,Hombres,5683.0,240058.0,2.367344558
2014,4,Campeche,Mujeres,4034.0,137057.0,2.943300962
2014,4,Coahuila,Hombres,38274.0,808676.0,4.732921467
2014,4,Coahuila,Mujeres,30401.0,486938.0,6.243299968
2014,4,Colima,Hombres,9445.0,197684.0,4.777827239
2014,4,Colima,Mujeres,7669.0,143861.0,5.330840186
2014,4,Chiapas,Hombres,36171.0,1281932.0,2.821600522
2014,4,Chiapas,Mujeres,15370.0,527869.0,2.911707261
2014,4,Chihuahua,Hombres,43646.0,992252.0,4.39868098
2014,4,Chihuahua,Mujeres,21899.0,541262.0,4.045914917
2014,4,Ciudad de México,Hombres,147147.0,2474669.0,5.946128553
2014,4,Ciudad de México,Mujeres,114717.0,1923611.0,5.963627781
2014,4,Durango,Hombres,22672.0,456590.0,4.965505158
2014,4,Durango,Mujeres,17606.0,272957.0,6.450100199
2014,4,Guanajuato,Hombres,68127.0,1493480.0,4.561627876
2014,4,Guanajuato,Mujeres,35757.0,975250.0,3.666444501
2014,4,Guerrero,Hombres,14724.0,867781.0,1.696741459
2014,4,Guerrero,Mujeres,14502.0,526042.0,2.756814095
2014,4,Hidalgo,Hombres,26750.0,756672.0,3.535217373
2014,4,Hidalgo,Mujeres,17498.0,465371.0,3.76001083
2014,4,Jalisco,Hombres,98794.0,2100982.0,4.702277316
2014,4,Jalisco,Mujeres,70589.0,1365713.0,5.168655494
2014,4,México,Hombres,225946.0,4489909.0,5.032306891
2014,4,México,Mujeres,139406.0,2495974.0,5.585234462
2014,4,Michoacán,Hombres,47355.0,1177246.0,4.022523755
2014,4,Michoacán,Mujeres,28911.0,714647.0,4.045493789
2014,4,Morelos,Hombres,16887.0,470802.0,3.58685817
2014,4,Morelos,Mujeres,9317.0,325911.0,2.858755918
2014,4,Nayarit,Hombres,13643.0,319310.0,4.272650402
2014,4,Nayarit,Mujeres,10029.0,209408.0,4.789215312
2014,4,Nuevo León,Hombres,59461.0,1472000.0,4.039470109
2014,4,Nuevo León,Mujeres,36567.0,848187.0,4.311195526
2014,4,Oaxaca,Hombres,29682.0,985467.0,3.011973004
2014,4,Oaxaca,Mujeres,12658.0,631474.0,2.004516417
2014,4,Puebla,Hombres,51700.0,1600048.0,3.231153065
2014,4,Puebla,Mujeres,38115.0,1031623.0,3.694663651
2014,4,Querétaro,Hombres,31652.0,495084.0,6.393258518
2014,4,Querétaro,Mujeres,12423.0,306209.0,4.057032942
2014,4,Quintana Roo,Hombres,20810.0,481049.0,4.325962636
2014,4,Quintana Roo,Mujeres,15451.0,286016.0,5.402145335
2014,4,San Luis Potosí,Hombres,21080.0,719738.0,2.928843551
2014,4,San Luis Potosí,Mujeres,11569.0,410791.0,2.816273969
2014,4,Sinaloa,Hombres,30399.0,812630.0,3.740816854
2014,4,Sinaloa,Mujeres,20807.0,525803.0,3.957185486
2014,4,Sonora,Hombres,37867.0,781353.0,4.846337059
2014,4,Sonora,Mujeres,29895.0,538129.0,5.555359403
2014,4,Tabasco,Hombres,38254.0,626675.0,6.104280528
2014,4,Tabasco,Mujeres,21195.0,333588.0,6.353645815
2014,4,Tamaulipas,Hombres,40379.0,895006.0,4.511589866
2014,4,Tamaulipas,Mujeres,30870.0,584235.0,5.283832704
2014,4,Tlaxcala,Hombres,11958.0,322077.0,3.712776758
2014,4,Tlaxcala,Mujeres,12357.0,211293.0,5.848277037
2014,4,Veracruz,Hombres,71924.0,2022854.0,3.555570496
2014,4,Veracruz,Mujeres,31381.0,1017523.0,3.084058051
2014,4,Yucatán,Hombres,14246.0,612249.0,2.326831077
2014,4,Yucatán,Mujeres,11374.0,385635.0,2.949421085
2014,4,Zacatecas,Hombres,17627.0,411058.0,4.288202638
2014,4,Zacatecas,Mujeres,9726.0,224540.0,4.331522223
2015,1,Nacional,Hombres,1364950.0,31854641.0,4.284932924
2015,1,Nacional,Mujeres,803228.0,19321525.0,4.157166683
2015,1,Aguascalientes,Hombres,15961.0,333058.0,4.792258405
2015,1,Aguascalientes,Mujeres,8012.0,198118.0,4.044054553
2015,1,Baja California,Hombres,41113.0,976063.0,4.212125652
2015,1,Baja California,Mujeres,25357.0,602205.0,4.210692372
2015,1,Baja California Sur,Hombres,9894.0,210877.0,4.691834577
2015,1,Baja California Sur,Mujeres,8993.0,133242.0,6.749373321
2015,1,Campeche,Hombres,6020.0,242984.0,2.477529385
2015,1,Campeche,Mujeres,4463.0,131625.0,3.390693257
2015,1,Coahuila,Hombres,40103.0,799655.0,5.015037735
2015,1,Coahuila,Mujeres,31262.0,483801.0,6.461747702
2015,1,Colima,Hombres,9371.0,195841.0,4.785004162
2015,1,Colima,Mujeres,7647.0,144620.0,5.287650394
2015,1,Chiapas,Hombres,36891.0,1316932.0,2.801283589
2015,1,Chiapas,Mujeres,15291.0,545002.0,2.805677777
2015,1,Chihuahua,Hombres,37671.0,993119.0,3.793201016
2015,1,Chihuahua,Mujeres,15749.0,526410.0,2.991774472
2015,1,Ciudad de México,Hombres,150937.0,2433963.0,6.201285722
2015,1,Ciudad de México,Mujeres,99295.0,1913374.0,5.189523846
2015,1,Durango,Hombres,25837.0,453981.0,5.691207341
2015,1,Durango,Mujeres,16968.0,272896.0,6.217753283
2015,1,Guanajuato,Hombres,74680.0,1491935.0,5.005580002
2015,1,Guanajuato,Mujeres,46756.0,954128.0,4.900390723
2015,1,Guerrero,Hombres,14926.0,831250.0,1.795609023
2015,1,Guerrero,Mujeres,8475.0,504406.0,1.680194129
2015,1,Hidalgo,Hombres,27829.0,757798.0,3.672350679
2015,1,Hidalgo,Mujeres,15643.0,452542.0,3.456695732
2015,1,Jalisco,Hombres,86524.0,2108599.0,4.103388079
2015,1,Jalisco,Mujeres,53534.0,1381281.0,3.875677722
2015,1,México,Hombres,238956.0,4455821.0,5.362782751
2015,1,México,Mujeres,119224.0,2589276.0,4.604530378
2015,1,Michoacán,Hombres,32896.0,1188695.0,2.767404591
2015,1,Michoacán,Mujeres,23030.0,710216.0,3.242675468
2015,1,Morelos,Hombres,15438.0,478391.0,3.227067399
2015,1,Morelos,Mujeres,6735.0,324725.0,2.074062668
2015,1,Nayarit,Hombres,15616.0,331617.0,4.709046882
2015,1,Nayarit,Mujeres,10420.0,214778.0,4.851521106
2015,1,Nuevo León,Hombres,61821.0,1473323.0,4.196024904
2015,1,Nuevo León,Mujeres,44105.0,843508.0,5.228758945
2015,1,Oaxaca,Hombres,32258.0,959549.0,3.361787673
2015,1,Oaxaca,Mujeres,17508.0,623693.0,2.807150313
2015,1,Puebla,Hombres,51631.0,1603359.0,3.220177141
2015,1,Puebla,Mujeres,31679.0,995556.0,3.18204099
2015,1,Querétaro,Hombres,22237.0,519686.0,4.278929969
2015,1,Querétaro,Mujeres,11102.0,315204.0,3.522163424
2015,1,Quintana Roo,Hombres,19830.0,479371.0,4.136670762
2015,1,Quintana Roo,Mujeres,10510.0,291845.0,3.601226679
2015,1,San Luis Potosí,Hombres,22203.0,714167.0,3.108936705
2015,1,San Luis Potosí,Mujeres,11403.0,403702.0,2.824608251
2015,1,Sinaloa,Hombres,25788.0,810980.0,3.17985647
2015,1,Sinaloa,Mujeres,24631.0,531308.0,4.635917396
2015,1,Sonora,Hombres,36655.0,785531.0,4.666270332
2015,1,Sonora,Mujeres,30093.0,525651.0,5.724901123
2015,1,Tabasco,Hombres,43533.0,606698.0,7.175398633
2015,1,Tabasco,Mujeres,16047.0,310121.0,5.174431915
2015,1,Tamaulipas,Hombres,43654.0,895018.0,4.877443806
2015,1,Tamaulipas,Mujeres,30460.0,574746.0,5.299732404
2015,1,Tlaxcala,Hombres,13575.0,326300.0,4.160281949
2015,1,Tlaxcala,Mujeres,12936.0,208694.0,6.198549072
2015,1,Veracruz,Hombres,80497.0,2092038.0,3.847779056
2015,1,Veracruz,Mujeres,28046.0,1014775.0,2.763765367
2015,1,Yucatán,Hombres,16043.0,610321.0,2.628616744
2015,1,Yucatán,Mujeres,9845.0,387140.0,2.543007697
2015,1,Zacatecas,Hombres,14562.0,377721.0,3.855226477
2015,1,Zacatecas,Mujeres,8009.0,212937.0,3.761206366
2015,2,Nacional,Hombres,1352270.0,32149463.0,4.206197783
2015,2,Nacional,Mujeres,899969.0,19651344.0,4.579681675
2015,2,Aguascalientes,Hombres,16291.0,340508.0,4.784322248
2015,2,Aguascalientes,Mujeres,7882.0,202153.0,3.899026975
2015,2,Baja California,Hombres,54085.0,983357.0,5.500037118
2015,2,Baja California,Mujeres,22131.0,608949.0,3.634294498
2015,2,Baja California Sur,Hombres,8989.0,211170.0,4.256759956
2015,2,Baja California Sur,Mujeres,6209.0,135234.0,4.591301004
2015,2,Campeche,Hombres,6510.0,245373.0,2.653103642
2015,2,Campeche,Mujeres,3107.0,137154.0,2.265336775
2015,2,Coahuila,Hombres,39609.0,815820.0,4.855115099
2015,2,Coahuila,Mujeres,29633.0,484156.0,6.120547923
2015,2,Colima,Hombres,9322.0,196070.0,4.75442444
2015,2,Colima,Mujeres,5780.0,142879.0,4.045381057
2015,2,Chiapas,Hombres,41832.0,1337016.0,3.128758369
2015,2,Chiapas,Mujeres,18461.0,532137.0,3.469219393
2015,2,Chihuahua,Hombres,43359.0,1009580.0,4.294756235
2015,2,Chihuahua,Mujeres,18069.0,526838.0,3.429707045
2015,2,Ciudad de México,Hombres,111680.0,2472724.0,4.516476566
2015,2,Ciudad de México,Mujeres,126310.0,1974428.0,6.397295824
2015,2,Durango,Hombres,21696.0,458369.0,4.73330439
2015,2,Durango,Mujeres,13866.0,277678.0,4.993553684
2015,2,Guanajuato,Hombres,68710.0,1537224.0,4.469745463
2015,2,Guanajuato,Mujeres,43216.0,999611.0,4.323281757
2015,2,Guerrero,Hombres,14903.0,853037.0,1.747052004
2015,2,Guerrero,Mujeres,12490.0,520720.0,2.398601936
2015,2,Hidalgo,Hombres,27632.0,757650.0,3.647066587
2015,2,Hidalgo,Mujeres,22789.0,491931.0,4.632560257
2015,2,Jalisco,Hombres,115909.0,2148349.0,5.395259336
2015,2,Jalisco,Mujeres,67940.0,1343691.0,5.056222003
2015,2,México,Hombres,221958.0,4462068.0,4.974330288
2015,2,México,Mujeres,171993.0,2648627.0,6.493666341
2015,2,Michoacán,Hombres,31056.0,1218203.0,2.549328806
2015,2,Michoacán,Mujeres,23434.0,705888.0,3.319790108
2015,2,Morelos,Hombres,18142.0,469969.0,3.860254613
2015,2,Morelos,Mujeres,7138.0,327848.0,2.177228472
2015,2,Nayarit,Hombres,19741.0,330306.0,5.976579293
2015,2,Nayarit,Mujeres,10844.0,212661.0,5.099195433
2015,2,Nuevo León,Hombres,70772.0,1480478.0,4.780347969
2015,2,Nuevo León,Mujeres,45095.0,874595.0,5.156100824
2015,2,Oaxaca,Hombres,24891.0,962795.0,2.585285549
2015,2,Oaxaca,Mujeres,13198.0,633878.0,2.082104127
2015,2,Puebla,Hombres,48496.0,1654343.0,2.931435621
2015,2,Puebla,Mujeres,37514.0,1002546.0,3.741873191
2015,2,Querétaro,Hombres,30196.0,498836.0,6.053292064
2015,2,Querétaro,Mujeres,10452.0,308749.0,3.385274122
2015,2,Quintana Roo,Hombres,17357.0,483100.0,3.592837922
2015,2,Quintana Roo,Mujeres,12137.0,302969.0,4.006020418
2015,2,San Luis Potosí,Hombres,19861.0,713246.0,2.784593254
2015,2,San Luis Potosí,Mujeres,13520.0,430803.0,3.138325406
2015,2,Sinaloa,Hombres,35356.0,797184.0,4.435111593
2015,2,Sinaloa,Mujeres,21197.0,501681.0,4.225194895
2015,2,Sonora,Hombres,40155.0,791631.0,5.072439053
2015,2,Sonora,Mujeres,25988.0,542210.0,4.792976891
2015,2,Tabasco,Hombres,39189.0,613858.0,6.384049731
2015,2,Tabasco,Mujeres,17246.0,328399.0,5.251538525
2015,2,Tamaulipas,Hombres,36906.0,902923.0,4.087391727
2015,2,Tamaulipas,Mujeres,33835.0,604376.0,5.598336135
2015,2,Tlaxcala,Hombres,15103.0,334062.0,4.521017057
2015,2,Tlaxcala,Mujeres,9984.0,220496.0,4.527973297
2015,2,Veracruz,Hombres,77311.0,2039447.0,3.790782501
2015,2,Veracruz,Mujeres,31966.0,1021821.0,3.128336568
2015,2,Yucatán,Hombres,14041.0,623856.0,2.250679644
2015,2,Yucatán,Mujeres,9983.0,387844.0,2.573973041
2015,2,Zacatecas,Hombres,11212.0,406911.0,2.755393686
2015,2,Zacatecas,Mujeres,6562.0,218394.0,3.0046613
2015,3,Nacional,Hombres,1440947.0,32397638.0,4.447691526
2015,3,Nacional,Mujeres,963531.0,19970771.0,4.824706067
2015,3,Aguascalientes,Hombres,18320.0,346563.0,5.286196161
2015,3,Aguascalientes,Mujeres,9216.0,206433.0,4.464402494
2015,3,Baja California,Hombres,38914.0,992663.0,3.92016223
2015,3,Baja California,Mujeres,23281.0,601274.0,3.871945236
2015,3,Baja California Sur,Hombres,9309.0,213195.0,4.366425104
2015,3,Baja California Sur,Mujeres,8166.0,136252.0,5.99330652
2015,3,Campeche,Hombres,7838.0,246460.0,3.180232086
2015,3,Campeche,Mujeres,4350.0,134124.0,3.243267424
2015,3,Coahuila,Hombres,37821.0,810234.0,4.667910752
2015,3,Coahuila,Mujeres,30836.0,494013.0,6.241941002
2015,3,Colima,Hombres,8710.0,196161.0,4.440230219
2015,3,Colima,Mujeres,8307.0,143673.0,5.781879685
2015,3,Chiapas,Hombres,41106.0,1361394.0,3.01940511
2015,3,Chiapas,Mujeres,18793.0,556444.0,3.37733896
2015,3,Chihuahua,Hombres,37085.0,995569.0,3.725005499
2015,3,Chihuahua,Mujeres,24144.0,533737.0,4.523576218
2015,3,Ciudad de México,Hombres,131562.0,2575376.0,5.108457949
2015,3,Ciudad de México,Mujeres,101438.0,2057569.0,4.929992627
2015,3,Durango,Hombres,23461.0,474714.0,4.942133579
2015,3,Durango,Mujeres,13886.0,282648.0,4.912824432
2015,3,Guanajuato,Hombres,82250.0,1545999.0,5.320184554
2015,3,Guanajuato,Mujeres,47146.0,983251.0,4.794909947
2015,3,Guerrero,Hombres,20343.0,844991.0,2.407481263
2015,3,Guerrero,Mujeres,14515.0,534297.0,2.716653846
2015,3,Hidalgo,Hombres,26584.0,769869.0,3.453055
2015,3,Hidalgo,Mujeres,30193.0,515725.0,5.854476708
2015,3,Jalisco,Hombres,109535.0,2160048.0,5.070952127
2015,3,Jalisco,Mujeres,73102.0,1367680.0,5.344963734
2015,3,México,Hombres,246674.0,4465582.0,5.523893638
2015,3,México,Mujeres,161281.0,2731664.0,5.90413023
2015,3,Michoacán,Hombres,48523.0,1208497.0,4.015152706
2015,3,Michoacán,Mujeres,23665.0,710259.0,3.331883158
2015,3,Morelos,Hombres,22302.0,472346.0,4.721538872
2015,3,Morelos,Mujeres,9033.0,314924.0,2.868311085
2015,3,Nayarit,Hombres,22824.0,323341.0,7.058801699
2015,3,Nayarit,Mujeres,12833.0,216433.0,5.929317618
2015,3,Nuevo León,Hombres,59331.0,1485978.0,3.992723984
2015,3,Nuevo León,Mujeres,57378.0,881467.0,6.509375847
2015,3,Oaxaca,Hombres,34810.0,996529.0,3.493124636
2015,3,Oaxaca,Mujeres,23806.0,647125.0,3.678732857
2015,3,Puebla,Hombres,53252.0,1618200.0,3.290816957
2015,3,Puebla,Mujeres,35789.0,1030961.0,3.471421324
2015,3,Querétaro,Hombres,33815.0,527556.0,6.409746074
2015,3,Querétaro,Mujeres,10517.0,310305.0,3.389246064
2015,3,Quintana Roo,Hombres,22889.0,498376.0,4.592717145
2015,3,Quintana Roo,Mujeres,13981.0,298121.0,4.689706529
2015,3,San Luis Potosí,Hombres,20491.0,713079.0,2.873594651
2015,3,San Luis Potosí,Mujeres,17442.0,430969.0,4.047158844
2015,3,Sinaloa,Hombres,38572.0,796015.0,4.845637331
2015,3,Sinaloa,Mujeres,26967.0,506145.0,5.327919865
2015,3,Sonora,Hombres,34848.0,778549.0,4.47601885
2015,3,Sonora,Mujeres,29536.0,529586.0,5.577186708
2015,3,Tabasco,Hombres,43171.0,607188.0,7.109988998
2015,3,Tabasco,Mujeres,23729.0,346026.0,6.857577176
2015,3,Tamaulipas,Hombres,40669.0,897292.0,4.532415312
2015,3,Tamaulipas,Mujeres,39187.0,603998.0,6.487935391
2015,3,Tlaxcala,Hombres,14260.0,329789.0,4.323976846
2015,3,Tlaxcala,Mujeres,12671.0,211946.0,5.978409595
2015,3,Veracruz,Hombres,79575.0,2103482.0,3.783013118
2015,3,Veracruz,Mujeres,36885.0,1045604.0,3.527626138
2015,3,Yucatán,Hombres,15865.0,625066.0,2.538131973
2015,3,Yucatán,Mujeres,13615.0,389955.0,3.491428498
2015,3,Zacatecas,Hombres,16238.0,417537.0,3.888996664
2015,3,Zacatecas,Mujeres,7843.0,218163.0,3.595018404
2015,4,Nacional,Hombres,1317182.0,32581465.0,4.042734113
2015,4,Nacional,Mujeres,886369.0,20415619.0,4.341621971
2015,4,Aguascalientes,Hombres,15822.0,341639.0,4.631204283
2015,4,Aguascalientes,Mujeres,6548.0,208512.0,3.140346839
2015,4,Baja California,Hombres,41580.0,996207.0,4.173831342
2015,4,Baja California,Mujeres,19579.0,624941.0,3.132935749
2015,4,Baja California Sur,Hombres,8862.0,208856.0,4.243114873
2015,4,Baja California Sur,Mujeres,5896.0,136941.0,4.30550383
2015,4,Campeche,Hombres,7654.0,244882.0,3.125587017
2015,4,Campeche,Mujeres,3980.0,139840.0,2.84610984
2015,4,Coahuila,Hombres,30341.0,805314.0,3.767598725
2015,4,Coahuila,Mujeres,24669.0,488066.0,5.054439359
2015,4,Colima,Hombres,7748.0,198597.0,3.901368097
2015,4,Colima,Mujeres,6790.0,143555.0,4.729894466
2015,4,Chiapas,Hombres,42376.0,1382471.0,3.065236088
2015,4,Chiapas,Mujeres,20585.0,570700.0,3.606973892
2015,4,Chihuahua,Hombres,33626.0,985180.0,3.413183378
2015,4,Chihuahua,Mujeres,19466.0,577725.0,3.369423168
2015,4,Ciudad de México,Hombres,126439.0,2582091.0,4.896767775
2015,4,Ciudad de México,Mujeres,110424.0,1937829.0,5.698335612
2015,4,Durango,Hombres,18016.0,480506.0,3.749380861
2015,4,Durango,Mujeres,12192.0,283399.0,4.302061757
2015,4,Guanajuato,Hombres,69567.0,1540049.0,4.517193933
2015,4,Guanajuato,Mujeres,45121.0,1019808.0,4.424460291
2015,4,Guerrero,Hombres,15940.0,860877.0,1.851600171
2015,4,Guerrero,Mujeres,13594.0,547451.0,2.48314461
2015,4,Hidalgo,Hombres,24546.0,784115.0,3.130408167
2015,4,Hidalgo,Mujeres,17638.0,517622.0,3.407505863
2015,4,Jalisco,Hombres,81176.0,2197206.0,3.69451021
2015,4,Jalisco,Mujeres,75572.0,1467232.0,5.150651022
2015,4,México,Hombres,238613.0,4471478.0,5.336333982
2015,4,México,Mujeres,161760.0,2875897.0,5.624679882
2015,4,Michoacán,Hombres,38371.0,1190822.0,3.222228007
2015,4,Michoacán,Mujeres,21403.0,709241.0,3.017733041
2015,4,Morelos,Hombres,17618.0,467294.0,3.770217465
2015,4,Morelos,Mujeres,6531.0,307734.0,2.12228743
2015,4,Nayarit,Hombres,14802.0,331284.0,4.468069692
2015,4,Nayarit,Mujeres,10278.0,223772.0,4.593067944
2015,4,Nuevo León,Hombres,55387.0,1513914.0,3.658530141
2015,4,Nuevo León,Mujeres,40497.0,892524.0,4.537356979
2015,4,Oaxaca,Hombres,28269.0,997579.0,2.833760534
2015,4,Oaxaca,Mujeres,16538.0,662265.0,2.497187682
2015,4,Puebla,Hombres,44299.0,1670790.0,2.651380485
2015,4,Puebla,Mujeres,37940.0,1050054.0,3.613147514
2015,4,Querétaro,Hombres,29784.0,547108.0,5.443897731
2015,4,Querétaro,Mujeres,10500.0,336454.0,3.120783227
2015,4,Quintana Roo,Hombres,16051.0,498558.0,3.219484995
2015,4,Quintana Roo,Mujeres,14610.0,320711.0,4.555503241
2015,4,San Luis Potosí,Hombres,20788.0,726486.0,2.861445369
2015,4,San Luis Potosí,Mujeres,11494.0,442115.0,2.599776076
2015,4,Sinaloa,Hombres,33842.0,815992.0,4.147344582
2015,4,Sinaloa,Mujeres,21155.0,512471.0,4.128038465
2015,4,Sonora,Hombres,30799.0,785148.0,3.922699924
2015,4,Sonora,Mujeres,31206.0,541814.0,5.759541097
2015,4,Tabasco,Hombres,47771.0,607049.0,7.86938122
2015,4,Tabasco,Mujeres,23567.0,349347.0,6.746014707
2015,4,Tamaulipas,Hombres,37662.0,911291.0,4.132818167
2015,4,Tamaulipas,Mujeres,28524.0,620525.0,4.59675275
2015,4,Tlaxcala,Hombres,14858.0,330997.0,4.488862437
2015,4,Tlaxcala,Mujeres,13163.0,223350.0,5.893440788
2015,4,Veracruz,Hombres,94405.0,2073514.0,4.552899088
2015,4,Veracruz,Mujeres,33632.0,1056364.0,3.183751056
2015,4,Yucatán,Hombres,13839.0,616220.0,2.245788842
2015,4,Yucatán,Mujeres,12407.0,402217.0,3.084653309
2015,4,Zacatecas,Hombres,16331.0,417951.0,3.907395843
2015,4,Zacatecas,Mujeres,9110.0,225143.0,4.046317229
2016,1,Nacional,Hombres,1310338.0,32307966.0,4.055773737
2016,1,Nacional,Mujeres,801810.0,19833231.0,4.042760355
2016,1,Aguascalientes,Hombres,13829.0,340854.0,4.057162304
2016,1,Aguascalientes,Mujeres,8296.0,213212.0,3.890962985
2016,1,Baja California,Hombres,26723.0,984616.0,2.714052991
2016,1,Baja California,Mujeres,20247.0,622081.0,3.254720848
2016,1,Baja California Sur,Hombres,8657.0,212337.0,4.077009659
2016,1,Baja California Sur,Mujeres,7764.0,134082.0,5.790486419
2016,1,Campeche,Hombres,8256.0,249367.0,3.310782902
2016,1,Campeche,Mujeres,3904.0,132489.0,2.946659723
2016,1,Coahuila,Hombres,36643.0,819423.0,4.47180516
2016,1,Coahuila,Mujeres,22504.0,485009.0,4.639913899
2016,1,Colima,Hombres,9412.0,200840.0,4.686317467
2016,1,Colima,Mujeres,5736.0,145469.0,3.943108154
2016,1,Chiapas,Hombres,43502.0,1363782.0,3.189805995
2016,1,Chiapas,Mujeres,16192.0,582740.0,2.778597659
2016,1,Chihuahua,Hombres,37542.0,976788.0,3.84341331
2016,1,Chihuahua,Mujeres,11618.0,547217.0,2.123106556
2016,1,Ciudad de México,Hombres,149997.0,2551749.0,5.878203538
2016,1,Ciudad de México,Mujeres,106835.0,1962308.0,5.444354301
2016,1,Durango,Hombres,19294.0,472794.0,4.08084705
2016,1,Durango,Mujeres,14440.0,279103.0,5.17371723
2016,1,Guanajuato,Hombres,64435.0,1562500.0,4.12384
2016,1,Guanajuato,Mujeres,42218.0,1004917.0,4.20114298
2016,1,Guerrero,Hombres,22110.0,824414.0,2.681904965
2016,1,Guerrero,Mujeres,14492.0,563500.0,2.571783496
2016,1,Hidalgo,Hombres,24674.0,740893.0,3.330305456
2016,1,Hidalgo,Mujeres,22467.0,473595.0,4.743926773
2016,1,Jalisco,Hombres,92887.0,2219522.0,4.185000194
2016,1,Jalisco,Mujeres,57261.0,1380197.0,4.148755576
2016,1,México,Hombres,216292.0,4375323.0,4.943452175
2016,1,México,Mujeres,124393.0,2679528.0,4.642347458
2016,1,Michoacán,Hombres,34341.0,1199332.0,2.863343928
2016,1,Michoacán,Mujeres,17721.0,726838.0,2.438094871
2016,1,Morelos,Hombres,15864.0,481092.0,3.297498192
2016,1,Morelos,Mujeres,6145.0,317471.0,1.935609867
2016,1,Nayarit,Hombres,13184.0,322346.0,4.090015077
2016,1,Nayarit,Mujeres,8261.0,219446.0,3.764479644
2016,1,Nuevo León,Hombres,59970.0,1476599.0,4.061359922
2016,1,Nuevo León,Mujeres,46155.0,880486.0,5.241991355
2016,1,Oaxaca,Hombres,19297.0,973268.0,1.982701579
2016,1,Oaxaca,Mujeres,14088.0,627715.0,2.244330628
2016,1,Puebla,Hombres,51831.0,1663294.0,3.116165873
2016,1,Puebla,Mujeres,28250.0,998292.0,2.829833355
2016,1,Querétaro,Hombres,27887.0,543103.0,5.134753445
2016,1,Querétaro,Mujeres,10024.0,320856.0,3.124142918
2016,1,Quintana Roo,Hombres,15196.0,509209.0,2.984236335
2016,1,Quintana Roo,Mujeres,10720.0,309435.0,3.464378626
2016,1,San Luis Potosí,Hombres,21103.0,720235.0,2.930015898
2016,1,San Luis Potosí,Mujeres,12160.0,432092.0,2.814215491
2016,1,Sinaloa,Hombres,31703.0,823193.0,3.851223225
2016,1,Sinaloa,Mujeres,27124.0,524107.0,5.175279094
2016,1,Sonora,Hombres,37296.0,776843.0,4.80097008
2016,1,Sonora,Mujeres,29522.0,526739.0,5.604673282
2016,1,Tabasco,Hombres,45944.0,601175.0,7.642367031
2016,1,Tabasco,Mujeres,22212.0,343057.0,6.474725774
2016,1,Tamaulipas,Hombres,44657.0,929696.0,4.8033981
2016,1,Tamaulipas,Mujeres,32286.0,609805.0,5.294479383
2016,1,Tlaxcala,Hombres,12912.0,329406.0,3.919782882
2016,1,Tlaxcala,Mujeres,11154.0,217239.0,5.134437187
2016,1,Veracruz,Hombres,80593.0,2055204.0,3.921411208
2016,1,Veracruz,Mujeres,30506.0,956827.0,3.188246151
2016,1,Yucatán,Hombres,10509.0,615471.0,1.707472814
2016,1,Yucatán,Mujeres,10035.0,397823.0,2.52247859
2016,1,Zacatecas,Hombres,13798.0,393298.0,3.508281252
2016,1,Zacatecas,Mujeres,7080.0,219556.0,3.224689829
2016,2,Nacional,Hombres,1272416.0,32571971.0,3.906475294
2016,2,Nacional,Mujeres,797155.0,20188510.0,3.948557868
2016,2,Aguascalientes,Hombres,14993.0,347445.0,4.315215358
2016,2,Aguascalientes,Mujeres,8166.0,222846.0,3.66441399
2016,2,Baja California,Hombres,26880.0,1003914.0,2.677520186
2016,2,Baja California,Mujeres,13816.0,621946.0,2.221414721
2016,2,Baja California Sur,Hombres,9182.0,211389.0,4.343650805
2016,2,Baja California Sur,Mujeres,5366.0,135529.0,3.959300224
2016,2,Campeche,Hombres,7440.0,247916.0,3.001016473
2016,2,Campeche,Mujeres,5524.0,130918.0,4.219435066
2016,2,Coahuila,Hombres,32522.0,818034.0,3.975629375
2016,2,Coahuila,Mujeres,30516.0,483466.0,6.311922658
2016,2,Colima,Hombres,8936.0,200387.0,4.459371117
2016,2,Colima,Mujeres,5745.0,143652.0,3.999248183
2016,2,Chiapas,Hombres,41588.0,1352145.0,3.075705638
2016,2,Chiapas,Mujeres,20358.0,563813.0,3.610771657
2016,2,Chihuahua,Hombres,37776.0,997130.0,3.788472917
2016,2,Chihuahua,Mujeres,22007.0,574490.0,3.830702014
2016,2,Ciudad de México,Hombres,131726.0,2552386.0,5.16089651
2016,2,Ciudad de México,Mujeres,96803.0,1934501.0,5.004029463
2016,2,Durango,Hombres,23140.0,479221.0,4.828669862
2016,2,Durango,Mujeres,15822.0,294852.0,5.366081967
2016,2,Guanajuato,Hombres,58626.0,1545440.0,3.793482762
2016,2,Guanajuato,Mujeres,37804.0,1032009.0,3.663146349
2016,2,Guerrero,Hombres,19611.0,890947.0,2.201141033
2016,2,Guerrero,Mujeres,9383.0,542462.0,1.729706413
2016,2,Hidalgo,Hombres,26209.0,745403.0,3.516084588
2016,2,Hidalgo,Mujeres,11507.0,471790.0,2.439008881
2016,2,Jalisco,Hombres,78615.0,2201059.0,3.571689809
2016,2,Jalisco,Mujeres,53180.0,1399942.0,3.798728804
2016,2,México,Hombres,237311.0,4375115.0,5.424108852
2016,2,México,Mujeres,139561.0,2759543.0,5.057395373
2016,2,Michoacán,Hombres,35348.0,1227404.0,2.879899365
2016,2,Michoacán,Mujeres,18832.0,726695.0,2.59145859
2016,2,Morelos,Hombres,15104.0,477025.0,3.166291075
2016,2,Morelos,Mujeres,6292.0,314577.0,2.000146228
2016,2,Nayarit,Hombres,14268.0,327501.0,4.356627919
2016,2,Nayarit,Mujeres,8101.0,223842.0,3.619070594
2016,2,Nuevo León,Hombres,61588.0,1515473.0,4.063945712
2016,2,Nuevo León,Mujeres,40228.0,917728.0,4.383433871
2016,2,Oaxaca,Hombres,23907.0,1012800.0,2.360485782
2016,2,Oaxaca,Mujeres,9659.0,660778.0,1.461761741
2016,2,Puebla,Hombres,49477.0,1682798.0,2.940162753
2016,2,Puebla,Mujeres,28524.0,1029077.0,2.771804248
2016,2,Querétaro,Hombres,29744.0,542763.0,5.480108261
2016,2,Querétaro,Mujeres,10422.0,313052.0,3.329159373
2016,2,Quintana Roo,Hombres,15334.0,510600.0,3.003133568
2016,2,Quintana Roo,Mujeres,10724.0,325578.0,3.29383435
2016,2,San Luis Potosí,Hombres,17605.0,747475.0,2.355262718
2016,2,San Luis Potosí,Mujeres,11382.0,452120.0,2.517473237
2016,2,Sinaloa,Hombres,27250.0,799439.0,3.408640309
2016,2,Sinaloa,Mujeres,22469.0,516029.0,4.354212651
2016,2,Sonora,Hombres,33118.0,800273.0,4.138337792
2016,2,Sonora,Mujeres,36149.0,555581.0,6.506522001
2016,2,Tabasco,Hombres,43616.0,635202.0,6.866477121
2016,2,Tabasco,Mujeres,26565.0,349819.0,7.593927145
2016,2,Tamaulipas,Hombres,35438.0,913277.0,3.880312326
2016,2,Tamaulipas,Mujeres,36191.0,640041.0,5.65448151
2016,2,Tlaxcala,Hombres,12797.0,335345.0,3.816070017
2016,2,Tlaxcala,Mujeres,9169.0,227981.0,4.02182638
2016,2,Veracruz,Hombres,78944.0,2047533.0,3.855566675
2016,2,Veracruz,Mujeres,29921.0,982990.0,3.043876336
2016,2,Yucatán,Hombres,12993.0,624844.0,2.079399018
2016,2,Yucatán,Mujeres,9301.0,415159.0,2.24034647
2016,2,Zacatecas,Hombres,11330.0,404288.0,2.802457654
2016,2,Zacatecas,Mujeres,7668.0,225704.0,3.397370007
2016,3,Nacional,Hombres,1283816.0,32933655.0,3.898188646
2016,3,Nacional,Mujeres,861696.0,20532251.0,4.196792646
2016,3,Aguascalientes,Hombres,13945.0,351292.0,3.969632101
2016,3,Aguascalientes,Mujeres,8852.0,225479.0,3.925864493
2016,3,Baja California,Hombres,31210.0,1024661.0,3.04588542
2016,3,Baja California,Mujeres,19169.0,650032.0,2.948931745
2016,3,Baja California Sur,Hombres,10572.0,214240.0,4.934652726
2016,3,Baja California Sur,Mujeres,8146.0,138544.0,5.879720522
2016,3,Campeche,Hombres,10063.0,245510.0,4.098814712
2016,3,Campeche,Mujeres,6288.0,138379.0,4.544042087
2016,3,Coahuila,Hombres,32187.0,849407.0,3.789349511
2016,3,Coahuila,Mujeres,27875.0,494598.0,5.635890157
2016,3,Colima,Hombres,7816.0,204225.0,3.827151426
2016,3,Colima,Mujeres,6848.0,144309.0,4.745372776
2016,3,Chiapas,Hombres,43685.0,1384523.0,3.155238302
2016,3,Chiapas,Mujeres,20215.0,597018.0,3.385995062
2016,3,Chihuahua,Hombres,31257.0,1002215.0,3.118791876
2016,3,Chihuahua,Mujeres,20975.0,609912.0,3.439020711
2016,3,Ciudad de México,Hombres,141065.0,2597407.0,5.430993294
2016,3,Ciudad de México,Mujeres,87704.0,1960810.0,4.472845406
2016,3,Durango,Hombres,21524.0,470951.0,4.570326849
2016,3,Durango,Mujeres,16168.0,292005.0,5.536891492
2016,3,Guanajuato,Hombres,59013.0,1541123.0,3.82922064
2016,3,Guanajuato,Mujeres,44830.0,1061704.0,4.222457483
2016,3,Guerrero,Hombres,17375.0,884667.0,1.964015839
2016,3,Guerrero,Mujeres,7985.0,555900.0,1.436409426
2016,3,Hidalgo,Hombres,20423.0,763165.0,2.676092326
2016,3,Hidalgo,Mujeres,16283.0,489003.0,3.329836422
2016,3,Jalisco,Hombres,80624.0,2227932.0,3.618781902
2016,3,Jalisco,Mujeres,45657.0,1406987.0,3.245019321
2016,3,México,Hombres,243756.0,4423500.0,5.510478128
2016,3,México,Mujeres,162078.0,2789947.0,5.809357669
2016,3,Michoacán,Hombres,37365.0,1241858.0,3.008798107
2016,3,Michoacán,Mujeres,24109.0,722852.0,3.335260883
2016,3,Morelos,Hombres,14827.0,492297.0,3.011799788
2016,3,Morelos,Mujeres,8087.0,328241.0,2.463738534
2016,3,Nayarit,Hombres,12724.0,324376.0,3.922608331
2016,3,Nayarit,Mujeres,10988.0,224619.0,4.89183907
2016,3,Nuevo León,Hombres,58838.0,1556521.0,3.780096767
2016,3,Nuevo León,Mujeres,48240.0,924432.0,5.218339478
2016,3,Oaxaca,Hombres,21756.0,1014447.0,2.144616722
2016,3,Oaxaca,Mujeres,11986.0,656656.0,1.825308838
2016,3,Puebla,Hombres,46464.0,1699131.0,2.734574321
2016,3,Puebla,Mujeres,41150.0,1110658.0,3.705010903
2016,3,Querétaro,Hombres,26030.0,533058.0,4.883145924
2016,3,Querétaro,Mujeres,8958.0,323335.0,2.770501183
2016,3,Quintana Roo,Hombres,16436.0,527771.0,3.114229467
2016,3,Quintana Roo,Mujeres,8926.0,327605.0,2.72462264
2016,3,San Luis Potosí,Hombres,18069.0,748963.0,2.412535733
2016,3,San Luis Potosí,Mujeres,13771.0,457116.0,3.012583239
2016,3,Sinaloa,Hombres,28451.0,798984.0,3.56089734
2016,3,Sinaloa,Mujeres,25342.0,531098.0,4.771624069
2016,3,Sonora,Hombres,34779.0,810922.0,4.28882186
2016,3,Sonora,Mujeres,41302.0,539556.0,7.654812475
2016,3,Tabasco,Hombres,50863.0,629547.0,8.079301466
2016,3,Tabasco,Mujeres,23977.0,324663.0,7.385196342
2016,3,Tamaulipas,Hombres,37501.0,925184.0,4.053355873
2016,3,Tamaulipas,Mujeres,39576.0,641718.0,6.167194936
2016,3,Tlaxcala,Hombres,12639.0,335901.0,3.7627158
2016,3,Tlaxcala,Mujeres,13202.0,226860.0,5.819448118
2016,3,Veracruz,Hombres,80120.0,2048968.0,3.910261166
2016,3,Veracruz,Mujeres,25299.0,999955.0,2.530013851
2016,3,Yucatán,Hombres,11755.0,634365.0,1.853034136
2016,3,Yucatán,Mujeres,8970.0,411229.0,2.181266399
2016,3,Zacatecas,Hombres,10684.0,426544.0,2.504782625
2016,3,Zacatecas,Mujeres,8740.0,227031.0,3.849694535
2016,4,Nacional,Hombres,1156381.0,32914272.0,3.513311794
2016,4,Nacional,Mujeres,725609.0,20381903.0,3.560065024
2016,4,Aguascalientes,Hombres,14322.0,347043.0,4.126866123
2016,4,Aguascalientes,Mujeres,7877.0,224392.0,3.510374701
2016,4,Baja California,Hombres,24116.0,1009290.0,2.389402451
2016,4,Baja California,Mujeres,14668.0,664262.0,2.208164851
2016,4,Baja California Sur,Hombres,8688.0,223931.0,3.879766535
2016,4,Baja California Sur,Mujeres,6580.0,139789.0,4.707094263
2016,4,Campeche,Hombres,9043.0,246809.0,3.663966873
2016,4,Campeche,Mujeres,6052.0,136050.0,4.448364572
2016,4,Coahuila,Hombres,32679.0,851721.0,3.836819804
2016,4,Coahuila,Mujeres,20465.0,493253.0,4.148986423
2016,4,Colima,Hombres,6146.0,202997.0,3.02763095
2016,4,Colima,Mujeres,5910.0,142945.0,4.134457309
2016,4,Chiapas,Hombres,34582.0,1367825.0,2.5282474
2016,4,Chiapas,Mujeres,17252.0,535169.0,3.223654584
2016,4,Chihuahua,Hombres,21635.0,999856.0,2.163811589
2016,4,Chihuahua,Mujeres,16379.0,607572.0,2.695812184
2016,4,Ciudad de México,Hombres,112809.0,2572010.0,4.386024938
2016,4,Ciudad de México,Mujeres,82147.0,1926040.0,4.265072376
2016,4,Durango,Hombres,16258.0,481618.0,3.375704396
2016,4,Durango,Mujeres,10778.0,288246.0,3.739167239
2016,4,Guanajuato,Hombres,64442.0,1577976.0,4.083839044
2016,4,Guanajuato,Mujeres,42768.0,1041252.0,4.107363059
2016,4,Guerrero,Hombres,15112.0,864591.0,1.747878477
2016,4,Guerrero,Mujeres,7584.0,508202.0,1.492319983
2016,4,Hidalgo,Hombres,20845.0,763919.0,2.72869244
2016,4,Hidalgo,Mujeres,12242.0,476136.0,2.571114135
2016,4,Jalisco,Hombres,77836.0,2220783.0,3.504889942
2016,4,Jalisco,Mujeres,41716.0,1430567.0,2.916046575
2016,4,México,Hombres,213296.0,4434793.0,4.809604417
2016,4,México,Mujeres,130667.0,2756968.0,4.739518195
2016,4,Michoacán,Hombres,29747.0,1213331.0,2.451680539
2016,4,Michoacán,Mujeres,17519.0,727741.0,2.407312492
2016,4,Morelos,Hombres,12542.0,486096.0,2.580148777
2016,4,Morelos,Mujeres,5848.0,317166.0,1.843829414
2016,4,Nayarit,Hombres,10939.0,330343.0,3.311406629
2016,4,Nayarit,Mujeres,9208.0,227158.0,4.05356624
2016,4,Nuevo León,Hombres,58157.0,1587023.0,3.664534162
2016,4,Nuevo León,Mujeres,45945.0,932831.0,4.925329454
2016,4,Oaxaca,Hombres,17265.0,995316.0,1.734624983
2016,4,Oaxaca,Mujeres,11571.0,666582.0,1.735870456
2016,4,Puebla,Hombres,46903.0,1726860.0,2.716085844
2016,4,Puebla,Mujeres,31280.0,1087076.0,2.877443711
2016,4,Querétaro,Hombres,28757.0,535212.0,5.373011069
2016,4,Querétaro,Mujeres,10783.0,325183.0,3.315979003
2016,4,Quintana Roo,Hombres,21966.0,524246.0,4.190017663
2016,4,Quintana Roo,Mujeres,10205.0,320201.0,3.187060628
2016,4,San Luis Potosí,Hombres,14162.0,738278.0,1.918247598
2016,4,San Luis Potosí,Mujeres,9790.0,447863.0,2.185936324
2016,4,Sinaloa,Hombres,21455.0,814006.0,2.635729958
2016,4,Sinaloa,Mujeres,17056.0,537015.0,3.176075156
2016,4,Sonora,Hombres,30203.0,811624.0,3.721304446
2016,4,Sonora,Mujeres,26027.0,535439.0,4.860871173
2016,4,Tabasco,Hombres,47414.0,640740.0,7.399881387
2016,4,Tabasco,Mujeres,28002.0,348810.0,8.027866174
2016,4,Tamaulipas,Hombres,36447.0,926001.0,3.935956873
2016,4,Tamaulipas,Mujeres,29478.0,634285.0,4.647437666
2016,4,Tlaxcala,Hombres,10252.0,341502.0,3.002032199
2016,4,Tlaxcala,Mujeres,10158.0,226502.0,4.484728612
2016,4,Veracruz,Hombres,81322.0,2031099.0,4.003842255
2016,4,Veracruz,Mujeres,24097.0,1016557.0,2.370452419
2016,4,Yucatán,Hombres,9341.0,634337.0,1.472561115
2016,4,Yucatán,Mujeres,9937.0,428407.0,2.319523257
2016,4,Zacatecas,Hombres,7700.0,413096.0,1.863973507
2016,4,Zacatecas,Mujeres,5620.0,232244.0,2.419868759
2017,1,Nacional,Hombres,1081336.0,32765343.0,3.300243187
2017,1,Nacional,Mujeres,714174.0,20202201.0,3.535129662
2017,1,Aguascalientes,Hombres,12193.0,347553.0,3.508241908
2017,1,Aguascalientes,Mujeres,7033.0,217825.0,3.228738666
2017,1,Baja California,Hombres,28946.0,1005664.0,2.878297324
2017,1,Baja California,Mujeres,18913.0,650768.0,2.906258452
2017,1,Baja California Sur,Hombres,9097.0,223388.0,4.072286784
2017,1,Baja California Sur,Mujeres,8188.0,139803.0,5.856812801
2017,1,Campeche,Hombres,9172.0,244207.0,3.755830095
2017,1,Campeche,Mujeres,5028.0,135575.0,3.70864835
2017,1,Coahuila,Hombres,37590.0,860561.0,4.368080822
2017,1,Coahuila,Mujeres,24265.0,496023.0,4.891910254
2017,1,Colima,Hombres,6754.0,203545.0,3.318185168
2017,1,Colima,Mujeres,5400.0,150547.0,3.586919699
2017,1,Chiapas,Hombres,31603.0,1376446.0,2.295985458
2017,1,Chiapas,Mujeres,17975.0,578647.0,3.106384376
2017,1,Chihuahua,Hombres,30769.0,988934.0,3.111329978
2017,1,Chihuahua,Mujeres,17041.0,586548.0,2.905303573
2017,1,Ciudad de México,Hombres,96357.0,2514035.0,3.832762869
2017,1,Ciudad de México,Mujeres,71258.0,1945818.0,3.662110228
2017,1,Durango,Hombres,19328.0,465165.0,4.155084755
2017,1,Durango,Mujeres,10551.0,273331.0,3.860154904
2017,1,Guanajuato,Hombres,56525.0,1556404.0,3.631769129
2017,1,Guanajuato,Mujeres,32636.0,1010708.0,3.229023615
2017,1,Guerrero,Hombres,19985.0,838965.0,2.382101756
2017,1,Guerrero,Mujeres,8937.0,551842.0,1.619485287
2017,1,Hidalgo,Hombres,24331.0,747076.0,3.25683063
2017,1,Hidalgo,Mujeres,18031.0,444813.0,4.053613541
2017,1,Jalisco,Hombres,60182.0,2243741.0,2.682216887
2017,1,Jalisco,Mujeres,40048.0,1457626.0,2.747481178
2017,1,México,Hombres,160877.0,4476600.0,3.59373185
2017,1,México,Mujeres,131351.0,2674882.0,4.910534371
2017,1,Michoacán,Hombres,32627.0,1206316.0,2.704681029
2017,1,Michoacán,Mujeres,23382.0,712696.0,3.280781708
2017,1,Morelos,Hombres,8544.0,499616.0,1.710113367
2017,1,Morelos,Mujeres,5552.0,318347.0,1.744008896
2017,1,Nayarit,Hombres,9639.0,335093.0,2.876514878
2017,1,Nayarit,Mujeres,7124.0,222186.0,3.206322631
2017,1,Nuevo León,Hombres,60125.0,1570049.0,3.829498315
2017,1,Nuevo León,Mujeres,32607.0,902133.0,3.614433792
2017,1,Oaxaca,Hombres,27531.0,943246.0,2.918750782
2017,1,Oaxaca,Mujeres,14923.0,644908.0,2.313973466
2017,1,Puebla,Hombres,36841.0,1715893.0,2.147045299
2017,1,Puebla,Mujeres,31772.0,1090995.0,2.912203997
2017,1,Querétaro,Hombres,24602.0,554450.0,4.437190008
2017,1,Querétaro,Mujeres,8673.0,330747.0,2.622246007
2017,1,Quintana Roo,Hombres,17249.0,525704.0,3.281123979
2017,1,Quintana Roo,Mujeres,11280.0,315988.0,3.569755814
2017,1,San Luis Potosí,Hombres,13745.0,736948.0,1.865124812
2017,1,San Luis Potosí,Mujeres,10163.0,432579.0,2.349397451
2017,1,Sinaloa,Hombres,27844.0,818649.0,3.401213463
2017,1,Sinaloa,Mujeres,19379.0,528176.0,3.669042137
2017,1,Sonora,Hombres,28534.0,801757.0,3.558933692
2017,1,Sonora,Mujeres,19304.0,531441.0,3.632388167
2017,1,Tabasco,Hombres,45102.0,621238.0,7.260019509
2017,1,Tabasco,Mujeres,18597.0,310265.0,5.993908433
2017,1,Tamaulipas,Hombres,38915.0,938019.0,4.148636648
2017,1,Tamaulipas,Mujeres,34493.0,612249.0,5.63381892
2017,1,Tlaxcala,Hombres,10783.0,335037.0,3.218450499
2017,1,Tlaxcala,Mujeres,9155.0,226320.0,4.045157299
2017,1,Veracruz,Hombres,71797.0,2037552.0,3.523689211
2017,1,Veracruz,Mujeres,35095.0,1051830.0,3.336565795
2017,1,Yucatán,Hombres,12870.0,630802.0,2.04025986
2017,1,Yucatán,Mujeres,9004.0,433890.0,2.075180345
2017,1,Zacatecas,Hombres,10879.0,402690.0,2.701581862
2017,1,Zacatecas,Mujeres,7016.0,222695.0,3.150497317
2017,2,Nacional,Hombres,1103576.0,32999858.0,3.344184087
2017,2,Nacional,Mujeres,744710.0,20377845.0,3.654508119
2017,2,Aguascalientes,Hombres,15316.0,353213.0,4.336193741
2017,2,Aguascalientes,Mujeres,8849.0,226685.0,3.903654851
2017,2,Baja California,Hombres,31408.0,1041879.0,3.014553513
2017,2,Baja California,Mujeres,17314.0,690756.0,2.506529078
2017,2,Baja California Sur,Hombres,8189.0,220171.0,3.719381753
2017,2,Baja California Sur,Mujeres,6259.0,140608.0,4.451382567
2017,2,Campeche,Hombres,9866.0,240168.0,4.107957763
2017,2,Campeche,Mujeres,5608.0,144188.0,3.88936666
2017,2,Coahuila,Hombres,39487.0,850333.0,4.64371017
2017,2,Coahuila,Mujeres,28517.0,504375.0,5.653928129
2017,2,Colima,Hombres,7872.0,200720.0,3.921881228
2017,2,Colima,Mujeres,5433.0,147696.0,3.678501787
2017,2,Chiapas,Hombres,30632.0,1355831.0,2.259278627
2017,2,Chiapas,Mujeres,12132.0,501024.0,2.421440889
2017,2,Chihuahua,Hombres,27341.0,988348.0,2.766333316
2017,2,Chihuahua,Mujeres,15932.0,610478.0,2.609758255
2017,2,Ciudad de México,Hombres,109014.0,2496277.0,4.367063431
2017,2,Ciudad de México,Mujeres,111398.0,1980091.0,5.625903052
2017,2,Durango,Hombres,16392.0,469549.0,3.491009458
2017,2,Durango,Mujeres,14229.0,288115.0,4.938652968
2017,2,Guanajuato,Hombres,72447.0,1600391.0,4.526831256
2017,2,Guanajuato,Mujeres,33131.0,966185.0,3.429053442
2017,2,Guerrero,Hombres,10311.0,860903.0,1.197695908
2017,2,Guerrero,Mujeres,10104.0,557591.0,1.812080898
2017,2,Hidalgo,Hombres,22550.0,758537.0,2.972827957
2017,2,Hidalgo,Mujeres,15723.0,455621.0,3.450894493
2017,2,Jalisco,Hombres,54228.0,2235748.0,2.42549697
2017,2,Jalisco,Mujeres,39419.0,1431641.0,2.75341374
2017,2,México,Hombres,159009.0,4478608.0,3.550411199
2017,2,México,Mujeres,98597.0,2722232.0,3.621917603
2017,2,Michoacán,Hombres,30770.0,1215820.0,2.530802257
2017,2,Michoacán,Mujeres,21889.0,704836.0,3.10554512
2017,2,Morelos,Hombres,8090.0,490259.0,1.650148187
2017,2,Morelos,Mujeres,4831.0,311998.0,1.548407362
2017,2,Nayarit,Hombres,12751.0,336088.0,3.793946823
2017,2,Nayarit,Mujeres,7468.0,219005.0,3.409967809
2017,2,Nuevo León,Hombres,61182.0,1592035.0,3.843005964
2017,2,Nuevo León,Mujeres,39878.0,907530.0,4.394124712
2017,2,Oaxaca,Hombres,22412.0,993676.0,2.255463551
2017,2,Oaxaca,Mujeres,13145.0,650529.0,2.020663183
2017,2,Puebla,Hombres,51817.0,1730654.0,2.99407045
2017,2,Puebla,Mujeres,42610.0,1147255.0,3.714082745
2017,2,Querétaro,Hombres,32928.0,542767.0,6.066691601
2017,2,Querétaro,Mujeres,8667.0,318559.0,2.720689103
2017,2,Quintana Roo,Hombres,15142.0,528215.0,2.866635745
2017,2,Quintana Roo,Mujeres,8373.0,324833.0,2.577632199
2017,2,San Luis Potosí,Hombres,23433.0,744412.0,3.147853608
2017,2,San Luis Potosí,Mujeres,8245.0,452833.0,1.820759529
2017,2,Sinaloa,Hombres,26842.0,819776.0,3.27430908
2017,2,Sinaloa,Mujeres,24430.0,551219.0,4.431995269
2017,2,Sonora,Hombres,30363.0,815919.0,3.721325279
2017,2,Sonora,Mujeres,20743.0,531464.0,3.902992489
2017,2,Tabasco,Hombres,44871.0,621847.0,7.215762077
2017,2,Tabasco,Mujeres,23989.0,322825.0,7.430961047
2017,2,Tamaulipas,Hombres,30688.0,938748.0,3.269034927
2017,2,Tamaulipas,Mujeres,23873.0,612076.0,3.900332638
2017,2,Tlaxcala,Hombres,10102.0,342161.0,2.952411292
2017,2,Tlaxcala,Mujeres,10937.0,225248.0,4.855537008
2017,2,Veracruz,Hombres,65142.0,2080763.0,3.130678506
2017,2,Veracruz,Mujeres,45812.0,1054216.0,4.345599004
2017,2,Yucatán,Hombres,11239.0,632339.0,1.777369417
2017,2,Yucatán,Mujeres,9156.0,433224.0,2.113456318
2017,2,Zacatecas,Hombres,11742.0,423703.0,2.771280826
2017,2,Zacatecas,Mujeres,8019.0,242909.0,3.301236265
2017,3,Nacional,Hombres,1140171.0,33285446.0,3.425434047
2017,3,Nacional,Mujeres,765618.0,20417267.0,3.749855453
2017,3,Aguascalientes,Hombres,12257.0,350198.0,3.500019989
2017,3,Aguascalientes,Mujeres,6565.0,218382.0,3.006200145
2017,3,Baja California,Hombres,34954.0,1048403.0,3.334023272
2017,3,Baja California,Mujeres,17605.0,685028.0,2.569967943
2017,3,Baja California Sur,Hombres,7929.0,220222.0,3.60045772
2017,3,Baja California Sur,Mujeres,8588.0,142156.0,6.041250457
2017,3,Campeche,Hombres,10177.0,239123.0,4.255968686
2017,3,Campeche,Mujeres,5314.0,145426.0,3.654092116
2017,3,Coahuila,Hombres,30507.0,837111.0,3.644319571
2017,3,Coahuila,Mujeres,26163.0,487966.0,5.361644049
2017,3,Colima,Hombres,6842.0,202132.0,3.384916787
2017,3,Colima,Mujeres,6059.0,145517.0,4.163774679
2017,3,Chiapas,Hombres,33142.0,1367662.0,2.423259548
2017,3,Chiapas,Mujeres,23642.0,528946.0,4.469643404
2017,3,Chihuahua,Hombres,21680.0,971548.0,2.231490364
2017,3,Chihuahua,Mujeres,17161.0,608770.0,2.818962827
2017,3,Ciudad de México,Hombres,126504.0,2529544.0,5.001059479
2017,3,Ciudad de México,Mujeres,109856.0,2056331.0,5.342330588
2017,3,Durango,Hombres,15524.0,477601.0,3.250411955
2017,3,Durango,Mujeres,14291.0,294899.0,4.846065941
2017,3,Guanajuato,Hombres,50557.0,1627537.0,3.10635027
2017,3,Guanajuato,Mujeres,24483.0,975892.0,2.508781709
2017,3,Guerrero,Hombres,13167.0,879555.0,1.497007009
2017,3,Guerrero,Mujeres,7710.0,523444.0,1.472936933
2017,3,Hidalgo,Hombres,18032.0,766390.0,2.352849072
2017,3,Hidalgo,Mujeres,9848.0,462353.0,2.129974284
2017,3,Jalisco,Hombres,76597.0,2274877.0,3.367083143
2017,3,Jalisco,Mujeres,39973.0,1468501.0,2.722027428
2017,3,México,Hombres,176008.0,4513974.0,3.899180633
2017,3,México,Mujeres,141205.0,2816724.0,5.013093225
2017,3,Michoacán,Hombres,29563.0,1222940.0,2.417371253
2017,3,Michoacán,Mujeres,20386.0,703362.0,2.89836528
2017,3,Morelos,Hombres,14660.0,508050.0,2.885542762
2017,3,Morelos,Mujeres,6155.0,303061.0,2.030944265
2017,3,Nayarit,Hombres,16152.0,341563.0,4.728849436
2017,3,Nayarit,Mujeres,6928.0,222547.0,3.113050277
2017,3,Nuevo León,Hombres,60197.0,1604383.0,3.752034271
2017,3,Nuevo León,Mujeres,39307.0,903651.0,4.349798761
2017,3,Oaxaca,Hombres,21494.0,994643.0,2.16097635
2017,3,Oaxaca,Mujeres,14412.0,660243.0,2.182832684
2017,3,Puebla,Hombres,44616.0,1735685.0,2.570512507
2017,3,Puebla,Mujeres,33225.0,1063818.0,3.123184605
2017,3,Querétaro,Hombres,26037.0,558941.0,4.658273413
2017,3,Querétaro,Mujeres,10476.0,323802.0,3.235310468
2017,3,Quintana Roo,Hombres,16374.0,535889.0,3.055483505
2017,3,Quintana Roo,Mujeres,12685.0,333943.0,3.798552448
2017,3,San Luis Potosí,Hombres,19652.0,763629.0,2.573501006
2017,3,San Luis Potosí,Mujeres,10949.0,446687.0,2.451157074
2017,3,Sinaloa,Hombres,36887.0,811914.0,4.543215168
2017,3,Sinaloa,Mujeres,15685.0,527337.0,2.974378813
2017,3,Sonora,Hombres,27772.0,802808.0,3.459357655
2017,3,Sonora,Mujeres,26089.0,528185.0,4.939367835
2017,3,Tabasco,Hombres,40825.0,639616.0,6.382735892
2017,3,Tabasco,Mujeres,26195.0,332800.0,7.87109375
2017,3,Tamaulipas,Hombres,41211.0,936516.0,4.400458721
2017,3,Tamaulipas,Mujeres,27349.0,619182.0,4.416956565
2017,3,Tlaxcala,Hombres,11284.0,340062.0,3.318218443
2017,3,Tlaxcala,Mujeres,11591.0,230782.0,5.022488756
2017,3,Veracruz,Hombres,74688.0,2115196.0,3.531020293
2017,3,Veracruz,Mujeres,25863.0,1008388.0,2.56478657
2017,3,Yucatán,Hombres,14606.0,643079.0,2.271260607
2017,3,Yucatán,Mujeres,12519.0,421290.0,2.971587268
2017,3,Zacatecas,Hombres,10276.0,424655.0,2.419846699
2017,3,Zacatecas,Mujeres,7341.0,227854.0,3.221799925
2017,4,Nacional,Hombres,1075863.0,33337843.0,3.227152399
2017,4,Nacional,Mujeres,733795.0,20694557.0,3.545835748
2017,4,Aguascalientes,Hombres,14943.0,354932.0,4.210102217
2017,4,Aguascalientes,Mujeres,5979.0,219332.0,2.726004413
2017,4,Baja California,Hombres,28617.0,1050485.0,2.724170264
2017,4,Baja California,Mujeres,17717.0,680646.0,2.602968357
2017,4,Baja California Sur,Hombres,7127.0,221259.0,3.22111191
2017,4,Baja California Sur,Mujeres,7922.0,145298.0,5.452242977
2017,4,Campeche,Hombres,7797.0,239284.0,3.258471105
2017,4,Campeche,Mujeres,5344.0,144979.0,3.686051083
2017,4,Coahuila,Hombres,27923.0,847464.0,3.294889222
2017,4,Coahuila,Mujeres,21299.0,484125.0,4.399483604
2017,4,Colima,Hombres,7043.0,206821.0,3.405360191
2017,4,Colima,Mujeres,5643.0,151480.0,3.725244257
2017,4,Chiapas,Hombres,30980.0,1346482.0,2.300810557
2017,4,Chiapas,Mujeres,14536.0,498536.0,2.915737279
2017,4,Chihuahua,Hombres,26803.0,977809.0,2.74112838
2017,4,Chihuahua,Mujeres,15036.0,629641.0,2.388027463
2017,4,Ciudad de México,Hombres,112149.0,2457848.0,4.562894044
2017,4,Ciudad de México,Mujeres,94313.0,2054657.0,4.590206541
2017,4,Durango,Hombres,13646.0,473250.0,2.883465399
2017,4,Durango,Mujeres,11859.0,293381.0,4.042184054
2017,4,Guanajuato,Hombres,64536.0,1670201.0,3.863966074
2017,4,Guanajuato,Mujeres,38134.0,1013517.0,3.762541724
2017,4,Guerrero,Hombres,13549.0,888434.0,1.525042941
2017,4,Guerrero,Mujeres,9256.0,555085.0,1.667492366
2017,4,Hidalgo,Hombres,17357.0,781180.0,2.221895082
2017,4,Hidalgo,Mujeres,15274.0,472824.0,3.230377477
2017,4,Jalisco,Hombres,64488.0,2240570.0,2.878196173
2017,4,Jalisco,Mujeres,43481.0,1474543.0,2.948778028
2017,4,México,Hombres,181550.0,4574988.0,3.96831642
2017,4,México,Mujeres,113933.0,2848594.0,3.99962227
2017,4,Michoacán,Hombres,25190.0,1214488.0,2.074125063
2017,4,Michoacán,Mujeres,16866.0,718754.0,2.346560854
2017,4,Morelos,Hombres,14291.0,513671.0,2.782130975
2017,4,Morelos,Mujeres,5404.0,318104.0,1.698815482
2017,4,Nayarit,Hombres,12217.0,345163.0,3.539487141
2017,4,Nayarit,Mujeres,8410.0,231580.0,3.631574402
2017,4,Nuevo León,Hombres,48659.0,1597530.0,3.045889592
2017,4,Nuevo León,Mujeres,38392.0,942699.0,4.072561868
2017,4,Oaxaca,Hombres,17696.0,1008009.0,1.755539881
2017,4,Oaxaca,Mujeres,11005.0,632015.0,1.741256141
2017,4,Puebla,Hombres,41121.0,1757315.0,2.339990269
2017,4,Puebla,Mujeres,30633.0,1130475.0,2.709745903
2017,4,Querétaro,Hombres,27766.0,564363.0,4.919883125
2017,4,Querétaro,Mujeres,13125.0,334442.0,3.924447288
2017,4,Quintana Roo,Hombres,15382.0,538965.0,2.853988663
2017,4,Quintana Roo,Mujeres,12495.0,332468.0,3.758256434
2017,4,San Luis Potosí,Hombres,17811.0,767608.0,2.320324958
2017,4,San Luis Potosí,Mujeres,10496.0,451827.0,2.323013012
2017,4,Sinaloa,Hombres,26386.0,815124.0,3.237053504
2017,4,Sinaloa,Mujeres,20842.0,538785.0,3.86833338
2017,4,Sonora,Hombres,22935.0,812425.0,2.823029818
2017,4,Sonora,Mujeres,26102.0,543553.0,4.802107614
2017,4,Tabasco,Hombres,41941.0,630167.0,6.655537342
2017,4,Tabasco,Mujeres,24241.0,320333.0,7.567437635
2017,4,Tamaulipas,Hombres,34153.0,962596.0,3.548009757
2017,4,Tamaulipas,Mujeres,29249.0,607238.0,4.816727543
2017,4,Tlaxcala,Hombres,11198.0,344948.0,3.246286397
2017,4,Tlaxcala,Mujeres,9830.0,227437.0,4.322076003
2017,4,Veracruz,Hombres,81161.0,2077543.0,3.906585808
2017,4,Veracruz,Mujeres,40776.0,1032726.0,3.948385148
2017,4,Yucatán,Hombres,9183.0,634099.0,1.448196575
2017,4,Yucatán,Mujeres,9085.0,427279.0,2.126245381
2017,4,Zacatecas,Hombres,10265.0,422822.0,2.427735548
2017,4,Zacatecas,Mujeres,7118.0,238204.0,2.988194993
2018,1,Nacional,Hombres,1024087.0,33401029.0,3.066034283
2018,1,Nacional,Mujeres,659544.0,20535638.0,3.211704453
2018,1,Aguascalientes,Hombres,12454.0,353825.0,3.51981912
2018,1,Aguascalientes,Mujeres,8794.0,222318.0,3.955595138
2018,1,Baja California,Hombres,23104.0,1076752.0,2.14571229
2018,1,Baja California,Mujeres,13771.0,665615.0,2.068913711
2018,1,Baja California Sur,Hombres,7222.0,218028.0,3.312418588
2018,1,Baja California Sur,Mujeres,6445.0,148703.0,4.334142553
2018,1,Campeche,Hombres,6164.0,237448.0,2.595936795
2018,1,Campeche,Mujeres,3791.0,141723.0,2.674936319
2018,1,Coahuila,Hombres,34077.0,848705.0,4.015176062
2018,1,Coahuila,Mujeres,20767.0,500521.0,4.149076662
2018,1,Colima,Hombres,6135.0,207956.0,2.9501433
2018,1,Colima,Mujeres,5983.0,150610.0,3.972511785
2018,1,Chiapas,Hombres,25230.0,1373140.0,1.837394585
2018,1,Chiapas,Mujeres,13004.0,547659.0,2.374470245
2018,1,Chihuahua,Hombres,34751.0,974104.0,3.567483554
2018,1,Chihuahua,Mujeres,27866.0,634093.0,4.394623502
2018,1,Ciudad de México,Hombres,91893.0,2488086.0,3.69332089
2018,1,Ciudad de México,Mujeres,74605.0,2065456.0,3.612035308
2018,1,Durango,Hombres,18008.0,473438.0,3.80366595
2018,1,Durango,Mujeres,15290.0,292150.0,5.23361287
2018,1,Guanajuato,Hombres,59736.0,1643535.0,3.634604678
2018,1,Guanajuato,Mujeres,32391.0,990303.0,3.270817114
2018,1,Guerrero,Hombres,10199.0,804732.0,1.267378456
2018,1,Guerrero,Mujeres,6198.0,531000.0,1.167231638
2018,1,Hidalgo,Hombres,17888.0,788089.0,2.269794401
2018,1,Hidalgo,Mujeres,12469.0,463787.0,2.688518652
2018,1,Jalisco,Hombres,51565.0,2270489.0,2.271096667
2018,1,Jalisco,Mujeres,34144.0,1423168.0,2.399154562
2018,1,México,Hombres,191061.0,4597807.0,4.15548108
2018,1,México,Mujeres,121811.0,2788543.0,4.368266869
2018,1,Michoacán,Hombres,24485.0,1224738.0,1.999203095
2018,1,Michoacán,Mujeres,13898.0,728108.0,1.908782763
2018,1,Morelos,Hombres,10256.0,525480.0,1.951739362
2018,1,Morelos,Mujeres,5432.0,322095.0,1.686458964
2018,1,Nayarit,Hombres,13535.0,352564.0,3.839019299
2018,1,Nayarit,Mujeres,6208.0,229706.0,2.702585043
2018,1,Nuevo León,Hombres,55964.0,1587367.0,3.525586711
2018,1,Nuevo León,Mujeres,33476.0,923697.0,3.624132156
2018,1,Oaxaca,Hombres,11498.0,995830.0,1.154614743
2018,1,Oaxaca,Mujeres,9276.0,623432.0,1.487892826
2018,1,Puebla,Hombres,38185.0,1757522.0,2.172661281
2018,1,Puebla,Mujeres,20865.0,1061238.0,1.96609997
2018,1,Querétaro,Hombres,21697.0,595343.0,3.644453701
2018,1,Querétaro,Mujeres,9179.0,352339.0,2.605161506
2018,1,Quintana Roo,Hombres,14486.0,542457.0,2.670442081
2018,1,Quintana Roo,Mujeres,8550.0,330173.0,2.589551538
2018,1,San Luis Potosí,Hombres,22875.0,753962.0,3.033972534
2018,1,San Luis Potosí,Mujeres,11231.0,430623.0,2.608081779
2018,1,Sinaloa,Hombres,18210.0,830202.0,2.193442078
2018,1,Sinaloa,Mujeres,16196.0,564825.0,2.867436817
2018,1,Sonora,Hombres,24833.0,810949.0,3.062214763
2018,1,Sonora,Mujeres,19379.0,545006.0,3.555740671
2018,1,Tabasco,Hombres,49072.0,623235.0,7.873755485
2018,1,Tabasco,Mujeres,22385.0,317703.0,7.04588877
2018,1,Tamaulipas,Hombres,31648.0,958880.0,3.30051727
2018,1,Tamaulipas,Mujeres,29989.0,606204.0,4.947014536
2018,1,Tlaxcala,Hombres,12258.0,344177.0,3.561539557
2018,1,Tlaxcala,Mujeres,8955.0,226471.0,3.954148655
2018,1,Veracruz,Hombres,58363.0,2096769.0,2.783473048
2018,1,Veracruz,Mujeres,29842.0,1049579.0,2.84323524
2018,1,Yucatán,Hombres,12308.0,640274.0,1.922302014
2018,1,Yucatán,Mujeres,9550.0,434897.0,2.195922253
2018,1,Zacatecas,Hombres,14927.0,405146.0,3.684350827
2018,1,Zacatecas,Mujeres,7804.0,223893.0,3.485593565
2018,2,Nacional,Hombres,1137590.0,33885112.0,3.357197108
2018,2,Nacional,Mujeres,696640.0,21154281.0,3.293139578
2018,2,Aguascalientes,Hombres,12785.0,360381.0,3.547634309
2018,2,Aguascalientes,Mujeres,6782.0,229332.0,2.957284635
2018,2,Baja California,Hombres,31413.0,1076328.0,2.918534127
2018,2,Baja California,Mujeres,16283.0,701852.0,2.320004787
2018,2,Baja California Sur,Hombres,6934.0,225583.0,3.073813186
2018,2,Baja California Sur,Mujeres,6014.0,153551.0,3.916614024
2018,2,Campeche,Hombres,8075.0,242387.0,3.331449294
2018,2,Campeche,Mujeres,4856.0,146768.0,3.308623133
2018,2,Coahuila,Hombres,39242.0,870903.0,4.505897901
2018,2,Coahuila,Mujeres,17263.0,512062.0,3.371271448
2018,2,Colima,Hombres,5558.0,209791.0,2.649303354
2018,2,Colima,Mujeres,4133.0,155353.0,2.660392783
2018,2,Chiapas,Hombres,32177.0,1384229.0,2.324543121
2018,2,Chiapas,Mujeres,21538.0,495939.0,4.342872813
2018,2,Chihuahua,Hombres,30950.0,1015462.0,3.047873776
2018,2,Chihuahua,Mujeres,26730.0,676035.0,3.953937296
2018,2,Ciudad de México,Hombres,136405.0,2593711.0,5.259067028
2018,2,Ciudad de México,Mujeres,105795.0,2121803.0,4.986089661
2018,2,Durango,Hombres,17183.0,482917.0,3.558168381
2018,2,Durango,Mujeres,12263.0,303713.0,4.03769348
2018,2,Guanajuato,Hombres,67987.0,1682267.0,4.041391765
2018,2,Guanajuato,Mujeres,25045.0,1052387.0,2.379827953
2018,2,Guerrero,Hombres,6378.0,859833.0,0.741771949
2018,2,Guerrero,Mujeres,5497.0,538633.0,1.020546457
2018,2,Hidalgo,Hombres,19176.0,797622.0,2.404146325
2018,2,Hidalgo,Mujeres,12270.0,494601.0,2.480787544
2018,2,Jalisco,Hombres,75227.0,2258292.0,3.331145839
2018,2,Jalisco,Mujeres,36769.0,1468527.0,2.503801428
2018,2,México,Hombres,189409.0,4589083.0,4.127382311
2018,2,México,Mujeres,115928.0,2918849.0,3.971702544
2018,2,Michoacán,Hombres,23046.0,1261389.0,1.827033532
2018,2,Michoacán,Mujeres,16676.0,744562.0,2.239706029
2018,2,Morelos,Hombres,12304.0,514526.0,2.391327163
2018,2,Morelos,Mujeres,5481.0,317440.0,1.726625504
2018,2,Nayarit,Hombres,15575.0,349456.0,4.456927338
2018,2,Nayarit,Mujeres,8348.0,230826.0,3.616576989
2018,2,Nuevo León,Hombres,53872.0,1607088.0,3.352149976
2018,2,Nuevo León,Mujeres,35527.0,975799.0,3.640811274
2018,2,Oaxaca,Hombres,11983.0,1035795.0,1.156889153
2018,2,Oaxaca,Mujeres,11753.0,654738.0,1.795069173
2018,2,Puebla,Hombres,47177.0,1761287.0,2.678552672
2018,2,Puebla,Mujeres,27355.0,1088532.0,2.513017532
2018,2,Querétaro,Hombres,26617.0,584193.0,4.556199749
2018,2,Querétaro,Mujeres,9031.0,350568.0,2.576105064
2018,2,Quintana Roo,Hombres,16070.0,558470.0,2.877504611
2018,2,Quintana Roo,Mujeres,7361.0,340997.0,2.158670018
2018,2,San Luis Potosí,Hombres,17397.0,766594.0,2.269389012
2018,2,San Luis Potosí,Mujeres,12235.0,454845.0,2.689927338
2018,2,Sinaloa,Hombres,30442.0,810772.0,3.754693058
2018,2,Sinaloa,Mujeres,20791.0,549962.0,3.780443012
2018,2,Sonora,Hombres,27455.0,811498.0,3.38324925
2018,2,Sonora,Mujeres,22130.0,550595.0,4.019288225
2018,2,Tabasco,Hombres,41303.0,642772.0,6.425762168
2018,2,Tabasco,Mujeres,21117.0,336737.0,6.271066144
2018,2,Tamaulipas,Hombres,37414.0,976523.0,3.83134857
2018,2,Tamaulipas,Mujeres,24568.0,645387.0,3.806708223
2018,2,Tlaxcala,Hombres,10668.0,346378.0,3.079872278
2018,2,Tlaxcala,Mujeres,8183.0,229999.0,3.557841556
2018,2,Veracruz,Hombres,66691.0,2129722.0,3.131441568
2018,2,Veracruz,Mujeres,35646.0,1037403.0,3.436080289
2018,2,Yucatán,Hombres,9968.0,654335.0,1.523378697
2018,2,Yucatán,Mujeres,6865.0,439882.0,1.56064581
2018,2,Zacatecas,Hombres,10709.0,425525.0,2.516655896
2018,2,Zacatecas,Mujeres,6407.0,236604.0,2.70790012
2018,3,Nacional,Hombres,1109744.0,34182637.0,3.24651372
2018,3,Nacional,Mujeres,797788.0,21207988.0,3.761733551
2018,3,Aguascalientes,Hombres,14142.0,364874.0,3.875858516
2018,3,Aguascalientes,Mujeres,7448.0,230249.0,3.234758891
2018,3,Baja California,Hombres,28390.0,1055101.0,2.690737664
2018,3,Baja California,Mujeres,25250.0,719684.0,3.508484279
2018,3,Baja California Sur,Hombres,8426.0,224190.0,3.758419198
2018,3,Baja California Sur,Mujeres,7292.0,157551.0,4.628342568
2018,3,Campeche,Hombres,8742.0,248709.0,3.514951208
2018,3,Campeche,Mujeres,5684.0,147638.0,3.849957328
2018,3,Coahuila,Hombres,38814.0,860409.0,4.511110414
2018,3,Coahuila,Mujeres,26456.0,503865.0,5.250612763
2018,3,Colima,Hombres,7191.0,213411.0,3.369554522
2018,3,Colima,Mujeres,4685.0,151139.0,3.099795552
2018,3,Chiapas,Hombres,33261.0,1413097.0,2.353766231
2018,3,Chiapas,Mujeres,21691.0,528566.0,4.103744849
2018,3,Chihuahua,Hombres,30311.0,1020688.0,2.969663599
2018,3,Chihuahua,Mujeres,22287.0,683167.0,3.262306288
2018,3,Ciudad de México,Hombres,121412.0,2639270.0,4.600211422
2018,3,Ciudad de México,Mujeres,92339.0,2048160.0,4.508388017
2018,3,Durango,Hombres,22248.0,486830.0,4.569973091
2018,3,Durango,Mujeres,16588.0,295731.0,5.60915156
2018,3,Guanajuato,Hombres,64848.0,1679851.0,3.860342376
2018,3,Guanajuato,Mujeres,33893.0,1005364.0,3.371216793
2018,3,Guerrero,Hombres,11799.0,909686.0,1.297040957
2018,3,Guerrero,Mujeres,10683.0,541949.0,1.971218694
2018,3,Hidalgo,Hombres,19295.0,805199.0,2.396302032
2018,3,Hidalgo,Mujeres,21891.0,537305.0,4.074222276
2018,3,Jalisco,Hombres,72481.0,2286507.0,3.169944374
2018,3,Jalisco,Mujeres,40655.0,1477525.0,2.751560887
2018,3,México,Hombres,140298.0,4618312.0,3.037863185
2018,3,México,Mujeres,136951.0,2920939.0,4.688595003
2018,3,Michoacán,Hombres,23872.0,1283519.0,1.859886764
2018,3,Michoacán,Mujeres,25095.0,737631.0,3.402107558
2018,3,Morelos,Hombres,14462.0,525707.0,2.750962038
2018,3,Morelos,Mujeres,5756.0,313819.0,1.8341783
2018,3,Nayarit,Hombres,18344.0,353515.0,5.189030168
2018,3,Nayarit,Mujeres,9385.0,239098.0,3.925168759
2018,3,Nuevo León,Hombres,60557.0,1618130.0,3.742406358
2018,3,Nuevo León,Mujeres,36247.0,943898.0,3.840139507
2018,3,Oaxaca,Hombres,15311.0,1026869.0,1.491037318
2018,3,Oaxaca,Mujeres,12645.0,692789.0,1.825231059
2018,3,Puebla,Hombres,52542.0,1756862.0,2.990673143
2018,3,Puebla,Mujeres,34140.0,1129863.0,3.021605274
2018,3,Querétaro,Hombres,28199.0,581928.0,4.845788482
2018,3,Querétaro,Mujeres,12218.0,365230.0,3.34528927
2018,3,Quintana Roo,Hombres,14446.0,566490.0,2.550089145
2018,3,Quintana Roo,Mujeres,9886.0,350195.0,2.822998615
2018,3,San Luis Potosí,Hombres,20175.0,786104.0,2.566454311
2018,3,San Luis Potosí,Mujeres,11761.0,456587.0,2.575850824
2018,3,Sinaloa,Hombres,26543.0,808654.0,3.282367984
2018,3,Sinaloa,Mujeres,18603.0,528680.0,3.518763713
2018,3,Sonora,Hombres,34151.0,827647.0,4.126276057
2018,3,Sonora,Mujeres,23692.0,539495.0,4.391514287
2018,3,Tabasco,Hombres,44731.0,626905.0,7.135211874
2018,3,Tabasco,Mujeres,24083.0,338204.0,7.120850138
2018,3,Tamaulipas,Hombres,32424.0,978899.0,3.312292688
2018,3,Tamaulipas,Mujeres,29306.0,628846.0,4.660282486
2018,3,Tlaxcala,Hombres,12127.0,353755.0,3.428078755
2018,3,Tlaxcala,Mujeres,10168.0,234794.0,4.3306047
2018,3,Veracruz,Hombres,67918.0,2168777.0,3.131626719
2018,3,Veracruz,Mujeres,40135.0,1101228.0,3.644567701
2018,3,Yucatán,Hombres,11936.0,665611.0,1.793239595
2018,3,Yucatán,Mujeres,11054.0,428108.0,2.582058733
2018,3,Zacatecas,Hombres,10348.0,427131.0,2.422675947
2018,3,Zacatecas,Mujeres,9821.0,230691.0,4.257209861
2018,4,Nacional,Hombres,1075247.0,34043549.0,3.158445672
2018,4,Nacional,Mujeres,738275.0,21475845.0,3.437699425
2018,4,Aguascalientes,Hombres,11953.0,370040.0,3.230191331
2018,4,Aguascalientes,Mujeres,7017.0,229033.0,3.063750639
2018,4,Baja California,Hombres,25354.0,1069236.0,2.37122581
2018,4,Baja California,Mujeres,14541.0,716800.0,2.02859933
2018,4,Baja California Sur,Hombres,8186.0,230793.0,3.546901336
2018,4,Baja California Sur,Mujeres,6869.0,158147.0,4.343427318
2018,4,Campeche,Hombres,8219.0,252999.0,3.248629441
2018,4,Campeche,Mujeres,5735.0,148735.0,3.85585101
2018,4,Coahuila,Hombres,28249.0,843879.0,3.347517831
2018,4,Coahuila,Mujeres,22008.0,539632.0,4.078334865
2018,4,Colima,Hombres,7802.0,216375.0,3.605777008
2018,4,Colima,Mujeres,6165.0,159356.0,3.868696503
2018,4,Chiapas,Hombres,42496.0,1402315.0,3.03041756
2018,4,Chiapas,Mujeres,23775.0,516278.0,4.60507711
2018,4,Chihuahua,Hombres,23102.0,1011441.0,2.284067978
2018,4,Chihuahua,Mujeres,14936.0,699827.0,2.134241748
2018,4,Ciudad de México,Hombres,142977.0,2616477.0,5.46448526
2018,4,Ciudad de México,Mujeres,95348.0,2033638.0,4.688543389
2018,4,Durango,Hombres,19736.0,491925.0,4.011993698
2018,4,Durango,Mujeres,12910.0,302726.0,4.264582494
2018,4,Guanajuato,Hombres,59289.0,1677383.0,3.534613144
2018,4,Guanajuato,Mujeres,44161.0,1037060.0,4.258287852
2018,4,Guerrero,Hombres,10440.0,913329.0,1.143071117
2018,4,Guerrero,Mujeres,8122.0,594878.0,1.365321965
2018,4,Hidalgo,Hombres,14349.0,804997.0,1.782491115
2018,4,Hidalgo,Mujeres,13238.0,523244.0,2.52998601
2018,4,Jalisco,Hombres,62329.0,2301923.0,2.707692655
2018,4,Jalisco,Mujeres,33143.0,1480921.0,2.237999191
2018,4,México,Hombres,143433.0,4600524.0,3.117753543
2018,4,México,Mujeres,144278.0,2921952.0,4.937726561
2018,4,Michoacán,Hombres,30606.0,1238270.0,2.471674191
2018,4,Michoacán,Mujeres,19423.0,769009.0,2.525718165
2018,4,Morelos,Hombres,13195.0,518398.0,2.54534161
2018,4,Morelos,Mujeres,3979.0,306628.0,1.297663618
2018,4,Nayarit,Hombres,14255.0,347201.0,4.10569094
2018,4,Nayarit,Mujeres,6824.0,238345.0,2.863076633
2018,4,Nuevo León,Hombres,61439.0,1610518.0,3.814859567
2018,4,Nuevo León,Mujeres,30491.0,977469.0,3.119382814
2018,4,Oaxaca,Hombres,20644.0,1023541.0,2.016919693
2018,4,Oaxaca,Mujeres,13664.0,708448.0,1.928723068
2018,4,Puebla,Hombres,45388.0,1737556.0,2.612174802
2018,4,Puebla,Mujeres,26453.0,1152245.0,2.295779109
2018,4,Querétaro,Hombres,22292.0,582576.0,3.826453544
2018,4,Querétaro,Mujeres,12879.0,365547.0,3.523213157
2018,4,Quintana Roo,Hombres,18446.0,572118.0,3.224160051
2018,4,Quintana Roo,Mujeres,10065.0,350925.0,2.868134217
2018,4,San Luis Potosí,Hombres,15426.0,773423.0,1.994510119
2018,4,San Luis Potosí,Mujeres,10670.0,444007.0,2.403115266
2018,4,Sinaloa,Hombres,22980.0,817448.0,2.81118799
2018,4,Sinaloa,Mujeres,20192.0,549678.0,3.67342335
2018,4,Sonora,Hombres,31589.0,824354.0,3.831970246
2018,4,Sonora,Mujeres,19380.0,566648.0,3.420112663
2018,4,Tabasco,Hombres,48346.0,618604.0,7.815339054
2018,4,Tabasco,Mujeres,27987.0,355866.0,7.864477078
2018,4,Tamaulipas,Hombres,32392.0,987640.0,3.279737556
2018,4,Tamaulipas,Mujeres,30817.0,630969.0,4.884075129
2018,4,Tlaxcala,Hombres,11555.0,349715.0,3.304119068
2018,4,Tlaxcala,Mujeres,12167.0,239935.0,5.070956717
2018,4,Veracruz,Hombres,60730.0,2137831.0,2.840729693
2018,4,Veracruz,Mujeres,25469.0,1067451.0,2.385964321
2018,4,Yucatán,Hombres,9101.0,670062.0,1.358232522
2018,4,Yucatán,Mujeres,7820.0,455804.0,1.715649709
2018,4,Zacatecas,Hombres,8949.0,430658.0,2.077982993
2018,4,Zacatecas,Mujeres,7749.0,234644.0,3.302449668
2019,1,Nacional,Hombres,1113637.0,34114946.0,3.264366885
2019,1,Nacional,Mujeres,749957.0,21463406.0,3.494119246
2019,1,Aguascalientes,Hombres,13717.0,369463.0,3.712685709
2019,1,Aguascalientes,Mujeres,5996.0,230564.0,2.600579449
2019,1,Baja California,Hombres,28299.0,1066185.0,2.654229801
2019,1,Baja California,Mujeres,16199.0,705291.0,2.296782463
2019,1,Baja California Sur,Hombres,8541.0,234644.0,3.639982271
2019,1,Baja California Sur,Mujeres,7132.0,161685.0,4.41104617
2019,1,Campeche,Hombres,8484.0,255832.0,3.316238782
2019,1,Campeche,Mujeres,5437.0,144689.0,3.757714823
2019,1,Coahuila,Hombres,34023.0,847062.0,4.016589104
2019,1,Coahuila,Mujeres,24177.0,522835.0,4.624212228
2019,1,Colima,Hombres,8032.0,211022.0,3.806238212
2019,1,Colima,Mujeres,6498.0,159792.0,4.066536497
2019,1,Chiapas,Hombres,39627.0,1397729.0,2.835098935
2019,1,Chiapas,Mujeres,20498.0,545217.0,3.759603974
2019,1,Chihuahua,Hombres,29623.0,1001812.0,2.956942021
2019,1,Chihuahua,Mujeres,20201.0,639694.0,3.157916129
2019,1,Ciudad de México,Hombres,126294.0,2637437.0,4.788512484
2019,1,Ciudad de México,Mujeres,94781.0,2036091.0,4.655047343
2019,1,Durango,Hombres,23725.0,490138.0,4.840473499
2019,1,Durango,Mujeres,13270.0,306333.0,4.331887195
2019,1,Guanajuato,Hombres,62984.0,1613975.0,3.902414845
2019,1,Guanajuato,Mujeres,42528.0,1037057.0,4.100835345
2019,1,Guerrero,Hombres,18186.0,871753.0,2.086141373
2019,1,Guerrero,Mujeres,8358.0,583290.0,1.432906444
2019,1,Hidalgo,Hombres,15329.0,797075.0,1.923156541
2019,1,Hidalgo,Mujeres,17817.0,540400.0,3.297002221
2019,1,Jalisco,Hombres,59424.0,2382729.0,2.493947067
2019,1,Jalisco,Mujeres,40360.0,1472205.0,2.741466032
2019,1,México,Hombres,182365.0,4583726.0,3.978531876
2019,1,México,Mujeres,130731.0,2880392.0,4.538653072
2019,1,Michoacán,Hombres,32097.0,1298047.0,2.472714778
2019,1,Michoacán,Mujeres,16286.0,783600.0,2.078356304
2019,1,Morelos,Hombres,9217.0,523049.0,1.762167598
2019,1,Morelos,Mujeres,5976.0,327652.0,1.823886318
2019,1,Nayarit,Hombres,11999.0,355408.0,3.37611984
2019,1,Nayarit,Mujeres,9783.0,240141.0,4.073856609
2019,1,Nuevo León,Hombres,55523.0,1618561.0,3.4303928
2019,1,Nuevo León,Mujeres,32823.0,979351.0,3.351505232
2019,1,Oaxaca,Hombres,20499.0,1022508.0,2.004776491
2019,1,Oaxaca,Mujeres,10888.0,721250.0,1.509601386
2019,1,Puebla,Hombres,40935.0,1783464.0,2.295252385
2019,1,Puebla,Mujeres,29609.0,1139502.0,2.598415799
2019,1,Querétaro,Hombres,15402.0,600970.0,2.562856715
2019,1,Querétaro,Mujeres,10047.0,361761.0,2.777247962
2019,1,Quintana Roo,Hombres,15393.0,577705.0,2.664508703
2019,1,Quintana Roo,Mujeres,12384.0,362009.0,3.420909425
2019,1,San Luis Potosí,Hombres,18146.0,768162.0,2.362262127
2019,1,San Luis Potosí,Mujeres,8192.0,441769.0,1.8543628
2019,1,Sinaloa,Hombres,28838.0,825185.0,3.494731484
2019,1,Sinaloa,Mujeres,19064.0,545439.0,3.495166279
2019,1,Sonora,Hombres,34646.0,823979.0,4.20471881
2019,1,Sonora,Mujeres,24090.0,557926.0,4.317776909
2019,1,Tabasco,Hombres,43804.0,627099.0,6.985180968
2019,1,Tabasco,Mujeres,29029.0,342350.0,8.479334015
2019,1,Tamaulipas,Hombres,34187.0,985160.0,3.470197734
2019,1,Tamaulipas,Mujeres,25751.0,639281.0,4.02811909
2019,1,Tlaxcala,Hombres,11497.0,352213.0,3.264217959
2019,1,Tlaxcala,Mujeres,11090.0,243224.0,4.559582936
2019,1,Veracruz,Hombres,59539.0,2102008.0,2.832482084
2019,1,Veracruz,Mujeres,32155.0,1132104.0,2.840286758
2019,1,Yucatán,Hombres,10689.0,674419.0,1.584919761
2019,1,Yucatán,Mujeres,10751.0,448622.0,2.396449572
2019,1,Zacatecas,Hombres,12573.0,416427.0,3.019256676
2019,1,Zacatecas,Mujeres,8056.0,231890.0,3.474060977
2019,2,Nacional,Hombres,1207652.0,34419977.0,3.508578754
2019,2,Nacional,Mujeres,790243.0,22127687.0,3.571286054
2019,2,Aguascalientes,Hombres,14324.0,372852.0,3.841738813
2019,2,Aguascalientes,Mujeres,8095.0,237844.0,3.403491364
2019,2,Baja California,Hombres,33273.0,1086317.0,3.062918098
2019,2,Baja California,Mujeres,12701.0,711225.0,1.785792119
2019,2,Baja California Sur,Hombres,9469.0,238971.0,3.96240548
2019,2,Baja California Sur,Mujeres,9184.0,164946.0,5.567882822
2019,2,Campeche,Hombres,7085.0,255935.0,2.768281009
2019,2,Campeche,Mujeres,7266.0,156866.0,4.631978886
2019,2,Coahuila,Hombres,40502.0,858055.0,4.720210243
2019,2,Coahuila,Mujeres,28039.0,545268.0,5.14224198
2019,2,Colima,Hombres,6047.0,206093.0,2.93411227
2019,2,Colima,Mujeres,7226.0,160304.0,4.507685398
2019,2,Chiapas,Hombres,40483.0,1434154.0,2.822779144
2019,2,Chiapas,Mujeres,34871.0,658739.0,5.29359883
2019,2,Chihuahua,Hombres,33293.0,1034487.0,3.218310138
2019,2,Chihuahua,Mujeres,23887.0,654974.0,3.647014996
2019,2,Ciudad de México,Hombres,138612.0,2709933.0,5.114960407
2019,2,Ciudad de México,Mujeres,106504.0,2040881.0,5.218530625
2019,2,Durango,Hombres,17973.0,485665.0,3.700699042
2019,2,Durango,Mujeres,15884.0,310115.0,5.121970882
2019,2,Guanajuato,Hombres,62983.0,1624923.0,3.876060589
2019,2,Guanajuato,Mujeres,39281.0,1090784.0,3.601171268
2019,2,Guerrero,Hombres,12529.0,882749.0,1.41931625
2019,2,Guerrero,Mujeres,8243.0,602367.0,1.368434858
2019,2,Hidalgo,Hombres,20586.0,805269.0,2.556412826
2019,2,Hidalgo,Mujeres,15957.0,550946.0,2.896291107
2019,2,Jalisco,Hombres,71971.0,2327662.0,3.091986723
2019,2,Jalisco,Mujeres,42255.0,1526973.0,2.767239499
2019,2,México,Hombres,213756.0,4677625.0,4.56975495
2019,2,México,Mujeres,130145.0,2957468.0,4.400554799
2019,2,Michoacán,Hombres,39868.0,1318885.0,3.022856428
2019,2,Michoacán,Mujeres,21738.0,786120.0,2.765226683
2019,2,Morelos,Hombres,12786.0,505422.0,2.529767204
2019,2,Morelos,Mujeres,6761.0,328811.0,2.056196417
2019,2,Nayarit,Hombres,15348.0,345714.0,4.439507801
2019,2,Nayarit,Mujeres,8045.0,244195.0,3.294498249
2019,2,Nuevo León,Hombres,61984.0,1640206.0,3.779037511
2019,2,Nuevo León,Mujeres,30223.0,995277.0,3.03664206
2019,2,Oaxaca,Hombres,13773.0,1028634.0,1.338960213
2019,2,Oaxaca,Mujeres,9654.0,781343.0,1.235564918
2019,2,Puebla,Hombres,49211.0,1777156.0,2.769087238
2019,2,Puebla,Mujeres,31399.0,1149879.0,2.730635136
2019,2,Querétaro,Hombres,30028.0,586678.0,5.118310214
2019,2,Querétaro,Mujeres,13283.0,368496.0,3.604652425
2019,2,Quintana Roo,Hombres,17183.0,566062.0,3.03553321
2019,2,Quintana Roo,Mujeres,8330.0,367731.0,2.2652428
2019,2,San Luis Potosí,Hombres,21608.0,766379.0,2.819492705
2019,2,San Luis Potosí,Mujeres,13866.0,472549.0,2.934298877
2019,2,Sinaloa,Hombres,24823.0,841844.0,2.948646067
2019,2,Sinaloa,Mujeres,16655.0,541734.0,3.074387061
2019,2,Sonora,Hombres,38102.0,837534.0,4.549307849
2019,2,Sonora,Mujeres,20031.0,559385.0,3.580896878
2019,2,Tabasco,Hombres,44345.0,653901.0,6.781607613
2019,2,Tabasco,Mujeres,30650.0,381321.0,8.037847378
2019,2,Tamaulipas,Hombres,31606.0,998993.0,3.163785932
2019,2,Tamaulipas,Mujeres,24118.0,653227.0,3.692131525
2019,2,Tlaxcala,Hombres,12240.0,352349.0,3.473828505
2019,2,Tlaxcala,Mujeres,11941.0,253273.0,4.714675469
2019,2,Veracruz,Hombres,49844.0,2102035.0,2.371225979
2019,2,Veracruz,Mujeres,34331.0,1177203.0,2.916319445
2019,2,Yucatán,Hombres,9304.0,670916.0,1.386760787
2019,2,Yucatán,Mujeres,10598.0,444821.0,2.3825314
2019,2,Zacatecas,Hombres,12713.0,426579.0,2.980221717
2019,2,Zacatecas,Mujeres,9082.0,252622.0,3.595094647
2019,3,Nacional,Hombres,1297228.0,34703857.0,3.737993734
2019,3,Nacional,Mujeres,830440.0,22272218.0,3.728591378
2019,3,Aguascalientes,Hombres,14225.0,375211.0,3.791200151
2019,3,Aguascalientes,Mujeres,8744.0,230381.0,3.795451882
2019,3,Baja California,Hombres,30290.0,1084582.0,2.792780998
2019,3,Baja California,Mujeres,22176.0,725163.0,3.058071082
2019,3,Baja California Sur,Hombres,11246.0,247619.0,4.54165472
2019,3,Baja California Sur,Mujeres,9598.0,173819.0,5.521835933
2019,3,Campeche,Hombres,6136.0,257064.0,2.386954222
2019,3,Campeche,Mujeres,6489.0,162413.0,3.995369829
2019,3,Coahuila,Hombres,40373.0,873767.0,4.620568184
2019,3,Coahuila,Mujeres,27711.0,541007.0,5.122114871
2019,3,Colima,Hombres,7017.0,212126.0,3.307939621
2019,3,Colima,Mujeres,7244.0,161240.0,4.492681717
2019,3,Chiapas,Hombres,41980.0,1451491.0,2.892198436
2019,3,Chiapas,Mujeres,36315.0,662616.0,5.480549821
2019,3,Chihuahua,Hombres,32164.0,1048897.0,3.066459338
2019,3,Chihuahua,Mujeres,22620.0,664471.0,3.404211771
2019,3,Ciudad de México,Hombres,138277.0,2692836.0,5.134995224
2019,3,Ciudad de México,Mujeres,99205.0,2060821.0,4.813858166
2019,3,Durango,Hombres,19814.0,499149.0,3.969556185
2019,3,Durango,Mujeres,11919.0,306210.0,3.892426766
2019,3,Guanajuato,Hombres,62000.0,1645922.0,3.766885673
2019,3,Guanajuato,Mujeres,42638.0,1101328.0,3.871507852
2019,3,Guerrero,Hombres,12971.0,909367.0,1.426376809
2019,3,Guerrero,Mujeres,8172.0,598160.0,1.366189648
2019,3,Hidalgo,Hombres,16266.0,811804.0,2.003685619
2019,3,Hidalgo,Mujeres,11690.0,548798.0,2.130109804
2019,3,Jalisco,Hombres,84677.0,2343009.0,3.614027944
2019,3,Jalisco,Mujeres,39607.0,1556123.0,2.54523582
2019,3,México,Hombres,240686.0,4699769.0,5.121230426
2019,3,México,Mujeres,120270.0,2916543.0,4.123717703
2019,3,Michoacán,Hombres,34029.0,1306568.0,2.604456867
2019,3,Michoacán,Mujeres,27492.0,794880.0,3.458635266
2019,3,Morelos,Hombres,15181.0,518730.0,2.926570663
2019,3,Morelos,Mujeres,7798.0,338133.0,2.306193125
2019,3,Nayarit,Hombres,15712.0,346125.0,4.539400506
2019,3,Nayarit,Mujeres,10899.0,246573.0,4.420191992
2019,3,Nuevo León,Hombres,64967.0,1666881.0,3.897518779
2019,3,Nuevo León,Mujeres,31527.0,1004674.0,3.138032835
2019,3,Oaxaca,Hombres,23350.0,1026613.0,2.274469542
2019,3,Oaxaca,Mujeres,13912.0,814075.0,1.708933452
2019,3,Puebla,Hombres,45037.0,1832053.0,2.45828041
2019,3,Puebla,Mujeres,42891.0,1208358.0,3.549527541
2019,3,Querétaro,Hombres,37170.0,601850.0,6.175957464
2019,3,Querétaro,Mujeres,15004.0,372612.0,4.026708748
2019,3,Quintana Roo,Hombres,21807.0,569014.0,3.832418886
2019,3,Quintana Roo,Mujeres,10498.0,340821.0,3.080209259
2019,3,San Luis Potosí,Hombres,20780.0,777081.0,2.674109906
2019,3,San Luis Potosí,Mujeres,21197.0,492006.0,4.308280793
2019,3,Sinaloa,Hombres,33032.0,842235.0,3.921945775
2019,3,Sinaloa,Mujeres,17416.0,546932.0,3.184308104
2019,3,Sonora,Hombres,43686.0,858842.0,5.08661663
2019,3,Sonora,Mujeres,26620.0,561811.0,4.738248272
2019,3,Tabasco,Hombres,44257.0,659705.0,6.708604604
2019,3,Tabasco,Mujeres,29613.0,370258.0,7.997936574
2019,3,Tamaulipas,Hombres,32545.0,982551.0,3.312296257
2019,3,Tamaulipas,Mujeres,25967.0,643128.0,4.037609931
2019,3,Tlaxcala,Hombres,11854.0,361953.0,3.275010844
2019,3,Tlaxcala,Mujeres,10447.0,253478.0,4.121462218
2019,3,Veracruz,Hombres,69703.0,2076879.0,3.356141595
2019,3,Veracruz,Mujeres,45353.0,1166550.0,3.887788779
2019,3,Yucatán,Hombres,11308.0,689400.0,1.640266899
2019,3,Yucatán,Mujeres,11237.0,456819.0,2.45983639
2019,3,Zacatecas,Hombres,14688.0,434764.0,3.378384595
2019,3,Zacatecas,Mujeres,8171.0,252017.0,3.242241595
2019,4,Nacional,Hombres,1168616.0,34612160.0,3.3763163
2019,4,Nacional,Mujeres,763981.0,22665698.0,3.370648457
2019,4,Aguascalientes,Hombres,14326.0,378474.0,3.785200569
2019,4,Aguascalientes,Mujeres,6813.0,254163.0,2.680563261
2019,4,Baja California,Hombres,25565.0,1078898.0,2.369547446
2019,4,Baja California,Mujeres,14304.0,718213.0,1.991609731
2019,4,Baja California Sur,Hombres,9167.0,243654.0,3.762302281
2019,4,Baja California Sur,Mujeres,8925.0,170147.0,5.245464216
2019,4,Campeche,Hombres,8146.0,260041.0,3.132582939
2019,4,Campeche,Mujeres,5574.0,165633.0,3.365271413
2019,4,Coahuila,Hombres,40764.0,880222.0,4.631104426
2019,4,Coahuila,Mujeres,19606.0,531509.0,3.688742806
2019,4,Colima,Hombres,5840.0,211136.0,2.765989694
2019,4,Colima,Mujeres,5146.0,160281.0,3.210611364
2019,4,Chiapas,Hombres,28441.0,1462341.0,1.944895206
2019,4,Chiapas,Mujeres,24037.0,673034.0,3.571439184
2019,4,Chihuahua,Hombres,26260.0,1039817.0,2.525444381
2019,4,Chihuahua,Mujeres,18116.0,686319.0,2.639588879
2019,4,Ciudad de México,Hombres,146047.0,2643517.0,5.524723314
2019,4,Ciudad de México,Mujeres,96223.0,2105762.0,4.569509755
2019,4,Durango,Hombres,15533.0,497435.0,3.122619036
2019,4,Durango,Mujeres,10732.0,308245.0,3.481646093
2019,4,Guanajuato,Hombres,60009.0,1628032.0,3.685984059
2019,4,Guanajuato,Mujeres,30848.0,1126775.0,2.737724923
2019,4,Guerrero,Hombres,12211.0,904734.0,1.349678469
2019,4,Guerrero,Mujeres,9476.0,590302.0,1.605280009
2019,4,Hidalgo,Hombres,19492.0,789846.0,2.467822841
2019,4,Hidalgo,Mujeres,14064.0,548385.0,2.564621571
2019,4,Jalisco,Hombres,73953.0,2365200.0,3.126712329
2019,4,Jalisco,Mujeres,45227.0,1537164.0,2.942236482
2019,4,México,Hombres,198683.0,4672044.0,4.252592655
2019,4,México,Mujeres,153078.0,3049665.0,5.019502142
2019,4,Michoacán,Hombres,37151.0,1297140.0,2.864070185
2019,4,Michoacán,Mujeres,19770.0,803397.0,2.460800824
2019,4,Morelos,Hombres,16962.0,513359.0,3.304120508
2019,4,Morelos,Mujeres,3660.0,338501.0,1.081237574
2019,4,Nayarit,Hombres,13707.0,339974.0,4.031778901
2019,4,Nayarit,Mujeres,7146.0,244527.0,2.92237667
2019,4,Nuevo León,Hombres,64571.0,1693549.0,3.81276243
2019,4,Nuevo León,Mujeres,37845.0,1053076.0,3.593757715
2019,4,Oaxaca,Hombres,20974.0,1030354.0,2.035611062
2019,4,Oaxaca,Mujeres,16933.0,848707.0,1.995152626
2019,4,Puebla,Hombres,44976.0,1819184.0,2.472317259
2019,4,Puebla,Mujeres,29949.0,1181287.0,2.535285667
2019,4,Querétaro,Hombres,35047.0,611616.0,5.730229425
2019,4,Querétaro,Mujeres,11884.0,383261.0,3.100759013
2019,4,Quintana Roo,Hombres,18264.0,567531.0,3.218150198
2019,4,Quintana Roo,Mujeres,10248.0,358062.0,2.862074166
2019,4,San Luis Potosí,Hombres,19498.0,771703.0,2.526619697
2019,4,San Luis Potosí,Mujeres,8888.0,472689.0,1.880306079
2019,4,Sinaloa,Hombres,25376.0,851165.0,2.981325595
2019,4,Sinaloa,Mujeres,14876.0,563652.0,2.639217106
2019,4,Sonora,Hombres,32527.0,854260.0,3.807622972
2019,4,Sonora,Mujeres,21985.0,584409.0,3.761920162
2019,4,Tabasco,Hombres,37219.0,653635.0,5.694156525
2019,4,Tabasco,Mujeres,28428.0,376473.0,7.551139126
2019,4,Tamaulipas,Hombres,28184.0,974220.0,2.892981052
2019,4,Tamaulipas,Mujeres,24418.0,659931.0,3.700083797
2019,4,Tlaxcala,Hombres,10725.0,361478.0,2.966985543
2019,4,Tlaxcala,Mujeres,10985.0,250805.0,4.379896733
2019,4,Veracruz,Hombres,59704.0,2098344.0,2.845291334
2019,4,Veracruz,Mujeres,34688.0,1204525.0,2.879807393
2019,4,Yucatán,Hombres,10333.0,691293.0,1.494735228
2019,4,Yucatán,Mujeres,11737.0,459247.0,2.555705318
2019,4,Zacatecas,Hombres,8961.0,427964.0,2.093867708
2019,4,Zacatecas,Mujeres,8372.0,257552.0,3.250605703
2020,1,Nacional,Hombres,1180108.0,34455691.0,3.425001693
2020,1,Nacional,Mujeres,776409.0,22559276.0,3.441639705
2020,1,Aguascalientes,Hombres,13878.0,384368.0,3.610602339
2020,1,Aguascalientes,Mujeres,7299.0,247764.0,2.945948564
2020,1,Baja California,Hombres,26224.0,1062706.0,2.46766274
2020,1,Baja California,Mujeres,11871.0,694461.0,1.709383248
2020,1,Baja California Sur,Hombres,8595.0,245546.0,3.500362458
2020,1,Baja California Sur,Mujeres,7290.0,168446.0,4.327796445
2020,1,Campeche,Hombres,7378.0,264252.0,2.792031848
2020,1,Campeche,Mujeres,4499.0,162589.0,2.767099865
2020,1,Coahuila,Hombres,45335.0,871436.0,5.202332701
2020,1,Coahuila,Mujeres,21211.0,524480.0,4.044196156
2020,1,Colima,Hombres,6920.0,216517.0,3.19605389
2020,1,Colima,Mujeres,4718.0,155456.0,3.034942363
2020,1,Chiapas,Hombres,31595.0,1437867.0,2.19735205
2020,1,Chiapas,Mujeres,22636.0,660970.0,3.424663752
2020,1,Chihuahua,Hombres,36218.0,1039624.0,3.483759513
2020,1,Chihuahua,Mujeres,23972.0,684455.0,3.502348584
2020,1,Ciudad de México,Hombres,138574.0,2604399.0,5.320766902
2020,1,Ciudad de México,Mujeres,81612.0,2055382.0,3.970648765
2020,1,Durango,Hombres,19887.0,492719.0,4.036174777
2020,1,Durango,Mujeres,12359.0,302474.0,4.085971026
2020,1,Guanajuato,Hombres,71214.0,1601748.0,4.446017726
2020,1,Guanajuato,Mujeres,24542.0,1088053.0,2.255588652
2020,1,Guerrero,Hombres,12166.0,904302.0,1.345347019
2020,1,Guerrero,Mujeres,11856.0,612249.0,1.936467026
2020,1,Hidalgo,Hombres,18225.0,802804.0,2.270168061
2020,1,Hidalgo,Mujeres,6718.0,532538.0,1.261506221
2020,1,Jalisco,Hombres,62615.0,2337313.0,2.678930892
2020,1,Jalisco,Mujeres,51961.0,1563205.0,3.324004209
2020,1,México,Hombres,226679.0,4628796.0,4.8971482
2020,1,México,Mujeres,172424.0,3006487.0,5.735065543
2020,1,Michoacán,Hombres,24268.0,1299350.0,1.867703082
2020,1,Michoacán,Mujeres,25695.0,831997.0,3.088352482
2020,1,Morelos,Hombres,10814.0,515018.0,2.099732437
2020,1,Morelos,Mujeres,6085.0,352906.0,1.724255184
2020,1,Nayarit,Hombres,13585.0,347160.0,3.913181242
2020,1,Nayarit,Mujeres,8614.0,250990.0,3.432009243
2020,1,Nuevo León,Hombres,63620.0,1712252.0,3.715574577
2020,1,Nuevo León,Mujeres,39736.0,1047661.0,3.792829933
2020,1,Oaxaca,Hombres,18885.0,1019554.0,1.852280507
2020,1,Oaxaca,Mujeres,11856.0,780860.0,1.518325948
2020,1,Puebla,Hombres,53488.0,1792437.0,2.984093723
2020,1,Puebla,Mujeres,30015.0,1187949.0,2.526623618
2020,1,Querétaro,Hombres,24928.0,633040.0,3.937823834
2020,1,Querétaro,Mujeres,11233.0,401386.0,2.798553014
2020,1,Quintana Roo,Hombres,14842.0,566264.0,2.62103895
2020,1,Quintana Roo,Mujeres,12504.0,356540.0,3.507039883
2020,1,San Luis Potosí,Hombres,16248.0,770507.0,2.108741387
2020,1,San Luis Potosí,Mujeres,9700.0,478271.0,2.028138859
2020,1,Sinaloa,Hombres,22116.0,843512.0,2.621895124
2020,1,Sinaloa,Mujeres,18439.0,563206.0,3.273935292
2020,1,Sonora,Hombres,35872.0,853810.0,4.201403122
2020,1,Sonora,Mujeres,26009.0,562055.0,4.627483075
2020,1,Tabasco,Hombres,30181.0,650973.0,4.636290599
2020,1,Tabasco,Mujeres,24906.0,394399.0,6.314924734
2020,1,Tamaulipas,Hombres,31364.0,958518.0,3.272134691
2020,1,Tamaulipas,Mujeres,19865.0,647791.0,3.066575485
2020,1,Tlaxcala,Hombres,14503.0,358762.0,4.042512864
2020,1,Tlaxcala,Mujeres,10037.0,251325.0,3.993633741
2020,1,Veracruz,Hombres,55763.0,2140557.0,2.605069615
2020,1,Veracruz,Mujeres,35916.0,1274737.0,2.81752236
2020,1,Yucatán,Hombres,11760.0,685673.0,1.715103264
2020,1,Yucatán,Mujeres,10917.0,461903.0,2.363483242
2020,1,Zacatecas,Hombres,12368.0,413907.0,2.988110856
2020,1,Zacatecas,Mujeres,9914.0,256291.0,3.868259127
2020,2,Nacional,Hombres,1538323.0,28613532.0,5.376208012
2020,2,Nacional,Mujeres,725467.0,18365309.0,3.95020307
2020,2,Aguascalientes,Hombres,,,
2020,2,Aguascalientes,Mujeres,,,
2020,2,Baja California,Hombres,,,
2020,2,Baja California,Mujeres,,,
2020,2,Baja California Sur,Hombres,,,
2020,2,Baja California Sur,Mujeres,,,
2020,2,Campeche,Hombres,,,
2020,2,Campeche,Mujeres,,,
2020,2,Coahuila,Hombres,,,
2020,2,Coahuila,Mujeres,,,
2020,2,Colima,Hombres,,,
2020,2,Colima,Mujeres,,,
2020,2,Chiapas,Hombres,,,
2020,2,Chiapas,Mujeres,,,
2020,2,Chihuahua,Hombres,,,
2020,2,Chihuahua,Mujeres,,,
2020,2,Ciudad de México,Hombres,,,
2020,2,Ciudad de México,Mujeres,,,
2020,2,Durango,Hombres,,,
2020,2,Durango,Mujeres,,,
2020,2,Guanajuato,Hombres,,,
2020,2,Guanajuato,Mujeres,,,
2020,2,Guerrero,Hombres,,,
2020,2,Guerrero,Mujeres,,,
2020,2,Hidalgo,Hombres,,,
2020,2,Hidalgo,Mujeres,,,
2020,2,Jalisco,Hombres,,,
2020,2,Jalisco,Mujeres,,,
2020,2,México,Hombres,,,
2020,2,México,Mujeres,,,
2020,2,Michoacán,Hombres,,,
2020,2,Michoacán,Mujeres,,,
2020,2,Morelos,Hombres,,,
2020,2,Morelos,Mujeres,,,
2020,2,Nayarit,Hombres,,,
2020,2,Nayarit,Mujeres,,,
2020,2,Nuevo León,Hombres,,,
2020,2,Nuevo León,Mujeres,,,
2020,2,Oaxaca,Hombres,,,
2020,2,Oaxaca,Mujeres,,,
2020,2,Puebla,Hombres,,,
2020,2,Puebla,Mujeres,,,
2020,2,Querétaro,Hombres,,,
2020,2,Querétaro,Mujeres,,,
2020,2,Quintana Roo,Hombres,,,
2020,2,Quintana Roo,Mujeres,,,
2020,2,San Luis Potosí,Hombres,,,
2020,2,San Luis Potosí,Mujeres,,,
2020,2,Sinaloa,Hombres,,,
2020,2,Sinaloa,Mujeres,,,
2020,2,Sonora,Hombres,,,
2020,2,Sonora,Mujeres,,,
2020,2,Tabasco,Hombres,,,
2020,2,Tabasco,Mujeres,,,
2020,2,Tamaulipas,Hombres,,,
2020,2,Tamaulipas,Mujeres,,,
2020,2,Tlaxcala,Hombres,,,
2020,2,Tlaxcala,Mujeres,,,
2020,2,Veracruz,Hombres,,,
2020,2,Veracruz,Mujeres,,,
2020,2,Yucatán,Hombres,,,
2020,2,Yucatán,Mujeres,,,
2020,2,Zacatecas,Hombres,,,
2020,2,Zacatecas,Mujeres,,,
2020,3,Nacional,Hombres,1785698.0,33405814.0,5.345470702
2020,3,Nacional,Mujeres,975380.0,20165977.0,4.836760451
2020,3,Aguascalientes,Hombres,21107.0,380362.0,5.549187353
2020,3,Aguascalientes,Mujeres,10716.0,232526.0,4.608516897
2020,3,Baja California,Hombres,30995.0,1022596.0,3.031011269
2020,3,Baja California,Mujeres,15102.0,654776.0,2.306437621
2020,3,Baja California Sur,Hombres,16285.0,221309.0,7.358489713
2020,3,Baja California Sur,Mujeres,10716.0,144173.0,7.432737059
2020,3,Campeche,Hombres,9291.0,249478.0,3.72417608
2020,3,Campeche,Mujeres,5583.0,139275.0,4.008616047
2020,3,Coahuila,Hombres,70674.0,871238.0,8.111905128
2020,3,Coahuila,Mujeres,31590.0,516019.0,6.121867606
2020,3,Colima,Hombres,9020.0,210128.0,4.29262164
2020,3,Colima,Mujeres,5199.0,132951.0,3.910463253
2020,3,Chiapas,Hombres,45588.0,1436781.0,3.172926145
2020,3,Chiapas,Mujeres,22584.0,568855.0,3.970080249
2020,3,Chihuahua,Hombres,49099.0,1059782.0,4.632933943
2020,3,Chihuahua,Mujeres,32294.0,672796.0,4.799969084
2020,3,Ciudad de México,Hombres,189094.0,2213456.0,8.542930151
2020,3,Ciudad de México,Mujeres,123649.0,1700281.0,7.272268525
2020,3,Durango,Hombres,24487.0,512238.0,4.780395051
2020,3,Durango,Mujeres,14356.0,295522.0,4.857844763
2020,3,Guanajuato,Hombres,120854.0,1631064.0,7.409519185
2020,3,Guanajuato,Mujeres,55218.0,1019301.0,5.417241816
2020,3,Guerrero,Hombres,26424.0,914424.0,2.889687935
2020,3,Guerrero,Mujeres,21926.0,556837.0,3.937597538
2020,3,Hidalgo,Hombres,25515.0,795760.0,3.206368754
2020,3,Hidalgo,Mujeres,16425.0,461216.0,3.561238118
2020,3,Jalisco,Hombres,126550.0,2314717.0,5.467191022
2020,3,Jalisco,Mujeres,61468.0,1445046.0,4.253705418
2020,3,México,Hombres,303666.0,4435579.0,6.846141169
2020,3,México,Mujeres,154978.0,2550519.0,6.076331915
2020,3,Michoacán,Hombres,33438.0,1250878.0,2.673162371
2020,3,Michoacán,Mujeres,16492.0,701931.0,2.349518685
2020,3,Morelos,Hombres,14132.0,496283.0,2.847568827
2020,3,Morelos,Mujeres,8560.0,336306.0,2.545301006
2020,3,Nayarit,Hombres,20887.0,382077.0,5.466699121
2020,3,Nayarit,Mujeres,11829.0,245157.0,4.825071281
2020,3,Nuevo León,Hombres,85672.0,1702451.0,5.032274057
2020,3,Nuevo León,Mujeres,56860.0,1007364.0,5.644434385
2020,3,Oaxaca,Hombres,26159.0,1043539.0,2.506758252
2020,3,Oaxaca,Mujeres,28949.0,757896.0,3.819653356
2020,3,Puebla,Hombres,80472.0,1742618.0,4.617879535
2020,3,Puebla,Mujeres,51138.0,1074443.0,4.759489335
2020,3,Querétaro,Hombres,59833.0,608210.0,9.837556107
2020,3,Querétaro,Mujeres,20938.0,374603.0,5.589383961
2020,3,Quintana Roo,Hombres,54076.0,516995.0,10.45967563
2020,3,Quintana Roo,Mujeres,29775.0,307468.0,9.683934588
2020,3,San Luis Potosí,Hombres,29521.0,764326.0,3.862357162
2020,3,San Luis Potosí,Mujeres,18777.0,448290.0,4.188583283
2020,3,Sinaloa,Hombres,50549.0,778274.0,6.495013324
2020,3,Sinaloa,Mujeres,14990.0,460945.0,3.252014882
2020,3,Sonora,Hombres,62799.0,782396.0,8.02649809
2020,3,Sonora,Mujeres,20232.0,459134.0,4.406556692
2020,3,Tabasco,Hombres,40803.0,593798.0,6.871528702
2020,3,Tabasco,Mujeres,25287.0,293171.0,8.625341524
2020,3,Tamaulipas,Hombres,35501.0,936765.0,3.789744493
2020,3,Tamaulipas,Mujeres,22323.0,590221.0,3.782142621
2020,3,Tlaxcala,Hombres,19136.0,343325.0,5.573727518
2020,3,Tlaxcala,Mujeres,17226.0,222924.0,7.727297195
2020,3,Veracruz,Hombres,63799.0,2051522.0,3.109837477
2020,3,Veracruz,Mujeres,23884.0,1135841.0,2.102759101
2020,3,Yucatán,Hombres,26821.0,705153.0,3.803571707
2020,3,Yucatán,Mujeres,12986.0,411334.0,3.157045126
2020,3,Zacatecas,Hombres,13451.0,438292.0,3.068958594
2020,3,Zacatecas,Mujeres,13330.0,248856.0,5.356511396
2020,4,Nacional,Hombres,1604188.0,34061444.0,4.709688761
2020,4,Nacional,Mujeres,925181.0,21591996.0,4.284833139
2020,4,Aguascalientes,Hombres,21281.0,371570.0,5.727319213
2020,4,Aguascalientes,Mujeres,10835.0,246338.0,4.398428176
2020,4,Baja California,Hombres,34551.0,1057336.0,3.267740813
2020,4,Baja California,Mujeres,15175.0,669217.0,2.26757539
2020,4,Baja California Sur,Hombres,11541.0,237601.0,4.857302789
2020,4,Baja California Sur,Mujeres,9773.0,155286.0,6.293548678
2020,4,Campeche,Hombres,9738.0,265129.0,3.672929027
2020,4,Campeche,Mujeres,4388.0,151605.0,2.894363642
2020,4,Coahuila,Hombres,63349.0,898051.0,7.054053723
2020,4,Coahuila,Mujeres,24620.0,530494.0,4.640957296
2020,4,Colima,Hombres,6952.0,207437.0,3.351378973
2020,4,Colima,Mujeres,6380.0,142561.0,4.47527725
2020,4,Chiapas,Hombres,35573.0,1483101.0,2.398555459
2020,4,Chiapas,Mujeres,21619.0,615091.0,3.514764482
2020,4,Chihuahua,Hombres,32719.0,1037304.0,3.154234439
2020,4,Chihuahua,Mujeres,31165.0,673080.0,4.630207405
2020,4,Ciudad de México,Hombres,179240.0,2337147.0,7.66917956
2020,4,Ciudad de México,Mujeres,97076.0,1829622.0,5.305795405
2020,4,Durango,Hombres,25726.0,502583.0,5.118756504
2020,4,Durango,Mujeres,13329.0,298242.0,4.46918945
2020,4,Guanajuato,Hombres,86990.0,1630758.0,5.334329189
2020,4,Guanajuato,Mujeres,59031.0,1105510.0,5.339707465
2020,4,Guerrero,Hombres,24816.0,955403.0,2.59743794
2020,4,Guerrero,Mujeres,11785.0,566616.0,2.079891849
2020,4,Hidalgo,Hombres,14697.0,780361.0,1.883359112
2020,4,Hidalgo,Mujeres,13522.0,506634.0,2.668987869
2020,4,Jalisco,Hombres,100430.0,2315335.0,4.337601254
2020,4,Jalisco,Mujeres,53781.0,1486588.0,3.617747486
2020,4,México,Hombres,297549.0,4501548.0,6.609926185
2020,4,México,Mujeres,171019.0,2827442.0,6.048541402
2020,4,Michoacán,Hombres,33465.0,1251572.0,2.673837382
2020,4,Michoacán,Mujeres,11750.0,721513.0,1.628522286
2020,4,Morelos,Hombres,13234.0,504849.0,2.621377877
2020,4,Morelos,Mujeres,7505.0,350817.0,2.139291996
2020,4,Nayarit,Hombres,18157.0,370497.0,4.900714446
2020,4,Nayarit,Mujeres,7435.0,263151.0,2.825374025
2020,4,Nuevo León,Hombres,65185.0,1711745.0,3.808102258
2020,4,Nuevo León,Mujeres,51663.0,1051695.0,4.912355769
2020,4,Oaxaca,Hombres,21173.0,1107243.0,1.912227036
2020,4,Oaxaca,Mujeres,11046.0,788570.0,1.400763407
2020,4,Puebla,Hombres,125972.0,1782746.0,7.066177683
2020,4,Puebla,Mujeres,51378.0,1171432.0,4.385913992
2020,4,Querétaro,Hombres,50249.0,642316.0,7.82309642
2020,4,Querétaro,Mujeres,22953.0,417034.0,5.50386779
2020,4,Quintana Roo,Hombres,44503.0,547548.0,8.127689262
2020,4,Quintana Roo,Mujeres,31033.0,333199.0,9.313653402
2020,4,San Luis Potosí,Hombres,27024.0,774890.0,3.487462737
2020,4,San Luis Potosí,Mujeres,13752.0,473816.0,2.90239249
2020,4,Sinaloa,Hombres,21138.0,803613.0,2.630370589
2020,4,Sinaloa,Mujeres,10413.0,495290.0,2.102404652
2020,4,Sonora,Hombres,39921.0,834962.0,4.78117567
2020,4,Sonora,Mujeres,29096.0,560930.0,5.187099995
2020,4,Tabasco,Hombres,50547.0,610969.0,8.27325118
2020,4,Tabasco,Mujeres,24380.0,330251.0,7.382263793
2020,4,Tamaulipas,Hombres,33583.0,951792.0,3.528396961
2020,4,Tamaulipas,Mujeres,19051.0,646105.0,2.948591947
2020,4,Tlaxcala,Hombres,17009.0,358875.0,4.739533264
2020,4,Tlaxcala,Mujeres,16702.0,245155.0,6.812832698
2020,4,Veracruz,Hombres,65021.0,2065733.0,3.147599424
2020,4,Veracruz,Mujeres,45992.0,1233914.0,3.727326216
2020,4,Yucatán,Hombres,17474.0,721859.0,2.420694346
2020,4,Yucatán,Mujeres,13598.0,439832.0,3.091634988
2020,4,Zacatecas,Hombres,15381.0,439571.0,3.499093434
2020,4,Zacatecas,Mujeres,13936.0,264966.0,5.259542734
2021,1,Nacional,Hombres,1517983.0,34189144.0,4.439956145
2021,1,Nacional,Mujeres,893880.0,21195989.0,4.217212983
2021,1,Aguascalientes,Hombres,13313.0,374170.0,3.558008392
2021,1,Aguascalientes,Mujeres,9084.0,244119.0,3.721136003
2021,1,Baja California,Hombres,26308.0,1048841.0,2.508292487
2021,1,Baja California,Mujeres,17940.0,683141.0,2.626105006
2021,1,Baja California Sur,Hombres,11123.0,236983.0,4.693585616
2021,1,Baja California Sur,Mujeres,8976.0,166469.0,5.391994906
2021,1,Campeche,Hombres,7482.0,274577.0,2.724918693
2021,1,Campeche,Mujeres,5361.0,164286.0,3.263211716
2021,1,Coahuila,Hombres,47993.0,885293.0,5.421143057
2021,1,Coahuila,Mujeres,24550.0,534069.0,4.596784311
2021,1,Colima,Hombres,6463.0,208582.0,3.098541581
2021,1,Colima,Mujeres,5246.0,156681.0,3.348204313
2021,1,Chiapas,Hombres,42107.0,1482013.0,2.841203147
2021,1,Chiapas,Mujeres,25543.0,649262.0,3.934159091
2021,1,Chihuahua,Hombres,43423.0,1032713.0,4.204750013
2021,1,Chihuahua,Mujeres,23016.0,638501.0,3.604692867
2021,1,Ciudad de México,Hombres,184876.0,2363831.0,7.821032891
2021,1,Ciudad de México,Mujeres,120327.0,1811826.0,6.641200645
2021,1,Durango,Hombres,22024.0,496575.0,4.43518099
2021,1,Durango,Mujeres,11324.0,307002.0,3.688575319
2021,1,Guanajuato,Hombres,103887.0,1645792.0,6.312280045
2021,1,Guanajuato,Mujeres,54813.0,1038530.0,5.277940936
2021,1,Guerrero,Hombres,18467.0,860250.0,2.14670154
2021,1,Guerrero,Mujeres,5487.0,555691.0,0.987419267
2021,1,Hidalgo,Hombres,38784.0,786695.0,4.929991928
2021,1,Hidalgo,Mujeres,12730.0,493819.0,2.577867599
2021,1,Jalisco,Hombres,88209.0,2353924.0,3.747317246
2021,1,Jalisco,Mujeres,56101.0,1525982.0,3.676386746
2021,1,México,Hombres,288636.0,4577259.0,6.305869954
2021,1,México,Mujeres,183729.0,2679388.0,6.857125582
2021,1,Michoacán,Hombres,33923.0,1272110.0,2.666671907
2021,1,Michoacán,Mujeres,16670.0,717590.0,2.323053554
2021,1,Morelos,Hombres,11596.0,491491.0,2.359351443
2021,1,Morelos,Mujeres,4940.0,331695.0,1.489320008
2021,1,Nayarit,Hombres,12672.0,401637.0,3.155087803
2021,1,Nayarit,Mujeres,4610.0,249943.0,1.844420528
2021,1,Nuevo León,Hombres,81912.0,1753541.0,4.671233806
2021,1,Nuevo León,Mujeres,53763.0,1031639.0,5.211416009
2021,1,Oaxaca,Hombres,20865.0,1065347.0,1.958516803
2021,1,Oaxaca,Mujeres,7548.0,786590.0,0.959585044
2021,1,Puebla,Hombres,58710.0,1800646.0,3.260496511
2021,1,Puebla,Mujeres,40761.0,1076623.0,3.786004943
2021,1,Querétaro,Hombres,34909.0,640394.0,5.45117537
2021,1,Querétaro,Mujeres,15046.0,369901.0,4.067574838
2021,1,Quintana Roo,Hombres,47541.0,576839.0,8.241641082
2021,1,Quintana Roo,Mujeres,27896.0,342220.0,8.151481503
2021,1,San Luis Potosí,Hombres,25262.0,746351.0,3.384734528
2021,1,San Luis Potosí,Mujeres,12823.0,487479.0,2.630472287
2021,1,Sinaloa,Hombres,20934.0,837402.0,2.499874612
2021,1,Sinaloa,Mujeres,12303.0,511106.0,2.407132767
2021,1,Sonora,Hombres,35050.0,808472.0,4.335338763
2021,1,Sonora,Mujeres,25292.0,548952.0,4.607324502
2021,1,Tabasco,Hombres,39279.0,621329.0,6.321771557
2021,1,Tabasco,Mujeres,18933.0,346308.0,5.467098652
2021,1,Tamaulipas,Hombres,39076.0,961706.0,4.063196029
2021,1,Tamaulipas,Mujeres,21829.0,624733.0,3.494132693
2021,1,Tlaxcala,Hombres,19459.0,347942.0,5.592598766
2021,1,Tlaxcala,Mujeres,14868.0,237778.0,6.252891352
2021,1,Veracruz,Hombres,58834.0,2099292.0,2.802563912
2021,1,Veracruz,Mujeres,25409.0,1156057.0,2.197902007
2021,1,Yucatán,Hombres,20043.0,711426.0,2.81729934
2021,1,Yucatán,Mujeres,15212.0,472293.0,3.220881953
2021,1,Zacatecas,Hombres,14823.0,425721.0,3.481857836
2021,1,Zacatecas,Mujeres,11750.0,256316.0,4.584185146
2021,2,Nacional,Hombres,1480051.0,35057441.0,4.221788464
2021,2,Nacional,Mujeres,945455.0,22610813.0,4.181428593
2021,2,Aguascalientes,Hombres,17267.0,379035.0,4.555515981
2021,2,Aguascalientes,Mujeres,7196.0,252829.0,2.846192486
2021,2,Baja California,Hombres,24008.0,1097712.0,2.187094611
2021,2,Baja California,Mujeres,20246.0,711029.0,2.847422538
2021,2,Baja California Sur,Hombres,9326.0,249403.0,3.739329519
2021,2,Baja California Sur,Mujeres,9490.0,177312.0,5.352147627
2021,2,Campeche,Hombres,6665.0,272514.0,2.445745907
2021,2,Campeche,Mujeres,6167.0,170691.0,3.612961433
2021,2,Coahuila,Hombres,46907.0,912357.0,5.141298856
2021,2,Coahuila,Mujeres,24140.0,554927.0,4.350121728
2021,2,Colima,Hombres,6138.0,217497.0,2.822107891
2021,2,Colima,Mujeres,6049.0,163597.0,3.697500565
2021,2,Chiapas,Hombres,38892.0,1557648.0,2.496841392
2021,2,Chiapas,Mujeres,26941.0,705658.0,3.817855108
2021,2,Chihuahua,Hombres,41046.0,1074139.0,3.821293147
2021,2,Chihuahua,Mujeres,21833.0,666493.0,3.275803347
2021,2,Ciudad de México,Hombres,170288.0,2515067.0,6.770714259
2021,2,Ciudad de México,Mujeres,151879.0,1924527.0,7.891757299
2021,2,Durango,Hombres,23973.0,518540.0,4.623172754
2021,2,Durango,Mujeres,14768.0,324627.0,4.549221106
2021,2,Guanajuato,Hombres,106148.0,1675906.0,6.333768123
2021,2,Guanajuato,Mujeres,50930.0,1124602.0,4.528713269
2021,2,Guerrero,Hombres,17154.0,917603.0,1.869435911
2021,2,Guerrero,Mujeres,5962.0,613772.0,0.971370476
2021,2,Hidalgo,Hombres,19400.0,805368.0,2.408836706
2021,2,Hidalgo,Mujeres,10112.0,520806.0,1.941605895
2021,2,Jalisco,Hombres,78690.0,2392572.0,3.288929236
2021,2,Jalisco,Mujeres,53729.0,1564547.0,3.43415698
2021,2,México,Hombres,307450.0,4715426.0,6.520089595
2021,2,México,Mujeres,168413.0,3037317.0,5.544794962
2021,2,Michoacán,Hombres,20440.0,1257496.0,1.625452487
2021,2,Michoacán,Mujeres,20080.0,784348.0,2.560088124
2021,2,Morelos,Hombres,14038.0,520105.0,2.69907038
2021,2,Morelos,Mujeres,7844.0,335206.0,2.340053579
2021,2,Nayarit,Hombres,12725.0,395496.0,3.217478811
2021,2,Nayarit,Mujeres,4865.0,231639.0,2.100250821
2021,2,Nuevo León,Hombres,81581.0,1797052.0,4.539712819
2021,2,Nuevo León,Mujeres,54976.0,1105986.0,4.970768165
2021,2,Oaxaca,Hombres,18731.0,1075217.0,1.74206695
2021,2,Oaxaca,Mujeres,10948.0,769018.0,1.423633777
2021,2,Puebla,Hombres,69277.0,1799875.0,3.848989513
2021,2,Puebla,Mujeres,50731.0,1224428.0,4.143240762
2021,2,Querétaro,Hombres,42289.0,642223.0,6.584784413
2021,2,Querétaro,Mujeres,18403.0,410703.0,4.480853561
2021,2,Quintana Roo,Hombres,39528.0,588255.0,6.719534896
2021,2,Quintana Roo,Mujeres,17634.0,332396.0,5.305117992
2021,2,San Luis Potosí,Hombres,23382.0,780539.0,2.995622256
2021,2,San Luis Potosí,Mujeres,14015.0,501787.0,2.793017755
2021,2,Sinaloa,Hombres,19408.0,843045.0,2.302130966
2021,2,Sinaloa,Mujeres,15745.0,525059.0,2.998710621
2021,2,Sonora,Hombres,19250.0,825290.0,2.33251342
2021,2,Sonora,Mujeres,21865.0,576735.0,3.791169255
2021,2,Tabasco,Hombres,31265.0,639179.0,4.891431039
2021,2,Tabasco,Mujeres,27172.0,359185.0,7.56490388
2021,2,Tamaulipas,Hombres,30309.0,973631.0,3.112986337
2021,2,Tamaulipas,Mujeres,18715.0,672127.0,2.784444011
2021,2,Tlaxcala,Hombres,17814.0,361440.0,4.928618858
2021,2,Tlaxcala,Mujeres,13620.0,257819.0,5.282775901
2021,2,Veracruz,Hombres,95348.0,2139573.0,4.456403217
2021,2,Veracruz,Mujeres,47895.0,1259788.0,3.801830149
2021,2,Yucatán,Hombres,16473.0,696284.0,2.365844971
2021,2,Yucatán,Mujeres,13442.0,492727.0,2.728082691
2021,2,Zacatecas,Hombres,14841.0,421954.0,3.517208037
2021,2,Zacatecas,Mujeres,9650.0,259128.0,3.724028279
2021,3,Nacional,Hombres,1461860.0,35462690.0,4.122247917
2021,3,Nacional,Mujeres,1009356.0,22844756.0,4.418326902
2021,3,Aguascalientes,Hombres,20506.0,394705.0,5.195272419
2021,3,Aguascalientes,Mujeres,9568.0,255439.0,3.745708369
2021,3,Baja California,Hombres,31213.0,1104448.0,2.826117662
2021,3,Baja California,Mujeres,21011.0,709177.0,2.962730038
2021,3,Baja California Sur,Hombres,10195.0,250849.0,4.064197984
2021,3,Baja California Sur,Mujeres,7862.0,173540.0,4.530367639
2021,3,Campeche,Hombres,7544.0,271393.0,2.779732712
2021,3,Campeche,Mujeres,5642.0,159945.0,3.527462565
2021,3,Coahuila,Hombres,47146.0,923086.0,5.10743311
2021,3,Coahuila,Mujeres,26256.0,565760.0,4.640837104
2021,3,Colima,Hombres,5935.0,224682.0,2.641511113
2021,3,Colima,Mujeres,5575.0,169966.0,3.280067778
2021,3,Chiapas,Hombres,41100.0,1519828.0,2.704253376
2021,3,Chiapas,Mujeres,30133.0,650216.0,4.634306138
2021,3,Chihuahua,Hombres,33915.0,1092195.0,3.105214728
2021,3,Chihuahua,Mujeres,19836.0,682610.0,2.905905275
2021,3,Ciudad de México,Hombres,174800.0,2598114.0,6.72795728
2021,3,Ciudad de México,Mujeres,155468.0,2126013.0,7.312655191
2021,3,Durango,Hombres,20251.0,510547.0,3.966530016
2021,3,Durango,Mujeres,15218.0,331787.0,4.586677597
2021,3,Guanajuato,Hombres,104129.0,1697388.0,6.13466102
2021,3,Guanajuato,Mujeres,49096.0,1132871.0,4.333767922
2021,3,Guerrero,Hombres,15202.0,934250.0,1.627187584
2021,3,Guerrero,Mujeres,9134.0,592565.0,1.541434273
2021,3,Hidalgo,Hombres,26091.0,810564.0,3.218869824
2021,3,Hidalgo,Mujeres,13521.0,566442.0,2.387005201
2021,3,Jalisco,Hombres,75036.0,2410145.0,3.113339654
2021,3,Jalisco,Mujeres,59047.0,1549355.0,3.811069768
2021,3,México,Hombres,265902.0,4869514.0,5.460544933
2021,3,México,Mujeres,197424.0,3087311.0,6.394691043
2021,3,Michoacán,Hombres,30506.0,1342725.0,2.271946974
2021,3,Michoacán,Mujeres,17257.0,830656.0,2.077514639
2021,3,Morelos,Hombres,13413.0,519646.0,2.581180265
2021,3,Morelos,Mujeres,7664.0,338174.0,2.266288952
2021,3,Nayarit,Hombres,13868.0,355670.0,3.899119971
2021,3,Nayarit,Mujeres,6461.0,245022.0,2.636906074
2021,3,Nuevo León,Hombres,69020.0,1781539.0,3.874178449
2021,3,Nuevo León,Mujeres,63396.0,1085116.0,5.842324692
2021,3,Oaxaca,Hombres,22258.0,1064044.0,2.091830789
2021,3,Oaxaca,Mujeres,8954.0,719869.0,1.24383742
2021,3,Puebla,Hombres,80310.0,1789627.0,4.487527289
2021,3,Puebla,Mujeres,46351.0,1210112.0,3.830306616
2021,3,Querétaro,Hombres,38121.0,661112.0,5.766193928
2021,3,Querétaro,Mujeres,20661.0,426076.0,4.849134896
2021,3,Quintana Roo,Hombres,26811.0,586179.0,4.573858838
2021,3,Quintana Roo,Mujeres,16767.0,344265.0,4.870376018
2021,3,San Luis Potosí,Hombres,29399.0,780175.0,3.768257122
2021,3,San Luis Potosí,Mujeres,25655.0,531566.0,4.82630567
2021,3,Sinaloa,Hombres,25375.0,814709.0,3.11460902
2021,3,Sinaloa,Mujeres,14149.0,532709.0,2.656046735
2021,3,Sonora,Hombres,36774.0,849815.0,4.327294764
2021,3,Sonora,Mujeres,25920.0,591302.0,4.383546817
2021,3,Tabasco,Hombres,42346.0,644408.0,6.571302653
2021,3,Tabasco,Mujeres,21188.0,361950.0,5.853847216
2021,3,Tamaulipas,Hombres,39066.0,995500.0,3.924259166
2021,3,Tamaulipas,Mujeres,21978.0,666086.0,3.299573929
2021,3,Tlaxcala,Hombres,18157.0,366627.0,4.952444855
2021,3,Tlaxcala,Mujeres,16246.0,260167.0,6.24445068
2021,3,Veracruz,Hombres,70117.0,2165149.0,3.238437632
2021,3,Veracruz,Mujeres,45315.0,1217402.0,3.722270869
2021,3,Yucatán,Hombres,13303.0,698665.0,1.904059886
2021,3,Yucatán,Mujeres,13946.0,458629.0,3.040802043
2021,3,Zacatecas,Hombres,14051.0,435392.0,3.227206747
2021,3,Zacatecas,Mujeres,12657.0,272658.0,4.642079088
2021,4,Nacional,Hombres,1266430.0,35555690.0,3.561820907
2021,4,Nacional,Mujeres,884152.0,23206103.0,3.809997741
2021,4,Aguascalientes,Hombres,18369.0,396686.0,4.630614642
2021,4,Aguascalientes,Mujeres,10502.0,262882.0,3.994948304
2021,4,Baja California,Hombres,27208.0,1113476.0,2.443519214
2021,4,Baja California,Mujeres,10136.0,713972.0,1.419663516
2021,4,Baja California Sur,Hombres,5096.0,256108.0,1.989785559
2021,4,Baja California Sur,Mujeres,6018.0,172640.0,3.485866543
2021,4,Campeche,Hombres,8024.0,271240.0,2.958265743
2021,4,Campeche,Mujeres,4802.0,162686.0,2.951698364
2021,4,Coahuila,Hombres,44003.0,913613.0,4.816371921
2021,4,Coahuila,Mujeres,27820.0,579924.0,4.79718032
2021,4,Colima,Hombres,6201.0,229389.0,2.703268247
2021,4,Colima,Mujeres,6357.0,172604.0,3.682996918
2021,4,Chiapas,Hombres,43735.0,1492576.0,2.93016905
2021,4,Chiapas,Mujeres,30646.0,740210.0,4.140176436
2021,4,Chihuahua,Hombres,29000.0,1079801.0,2.685680047
2021,4,Chihuahua,Mujeres,21950.0,697488.0,3.147007547
2021,4,Ciudad de México,Hombres,146699.0,2629683.0,5.578581145
2021,4,Ciudad de México,Mujeres,132843.0,2114965.0,6.28109685
2021,4,Durango,Hombres,16760.0,506950.0,3.306045961
2021,4,Durango,Mujeres,11921.0,329066.0,3.622677518
2021,4,Guanajuato,Hombres,65407.0,1698100.0,3.851775514
2021,4,Guanajuato,Mujeres,44076.0,1101097.0,4.002917091
2021,4,Guerrero,Hombres,12628.0,921917.0,1.369754544
2021,4,Guerrero,Mujeres,8699.0,584599.0,1.488028546
2021,4,Hidalgo,Hombres,25759.0,827622.0,3.112411222
2021,4,Hidalgo,Mujeres,12210.0,578197.0,2.111737003
2021,4,Jalisco,Hombres,78265.0,2476957.0,3.159723806
2021,4,Jalisco,Mujeres,47277.0,1573197.0,3.005154472
2021,4,México,Hombres,226290.0,4840075.0,4.675340775
2021,4,México,Mujeres,145619.0,3141774.0,4.634929183
2021,4,Michoacán,Hombres,27854.0,1332965.0,2.08962726
2021,4,Michoacán,Mujeres,27201.0,833023.0,3.265336011
2021,4,Morelos,Hombres,13668.0,506945.0,2.69615047
2021,4,Morelos,Mujeres,6626.0,343731.0,1.927670184
2021,4,Nayarit,Hombres,9875.0,360197.0,2.741555316
2021,4,Nayarit,Mujeres,6043.0,249650.0,2.420588824
2021,4,Nuevo León,Hombres,63009.0,1787956.0,3.524080011
2021,4,Nuevo León,Mujeres,45344.0,1104717.0,4.10458063
2021,4,Oaxaca,Hombres,15045.0,1081809.0,1.390726089
2021,4,Oaxaca,Mujeres,13039.0,772547.0,1.687793752
2021,4,Puebla,Hombres,72044.0,1791841.0,4.020669245
2021,4,Puebla,Mujeres,45038.0,1253025.0,3.594341693
2021,4,Querétaro,Hombres,40993.0,637108.0,6.434230931
2021,4,Querétaro,Mujeres,19978.0,423427.0,4.718168657
2021,4,Quintana Roo,Hombres,24345.0,573859.0,4.242331304
2021,4,Quintana Roo,Mujeres,17028.0,363498.0,4.684482446
2021,4,San Luis Potosí,Hombres,26857.0,782224.0,3.433415492
2021,4,San Luis Potosí,Mujeres,16869.0,533208.0,3.163680965
2021,4,Sinaloa,Hombres,20211.0,846826.0,2.386676838
2021,4,Sinaloa,Mujeres,17620.0,533388.0,3.3034114
2021,4,Sonora,Hombres,28376.0,845136.0,3.35756612
2021,4,Sonora,Mujeres,23961.0,606482.0,3.950817996
2021,4,Tabasco,Hombres,30576.0,644535.0,4.743885126
2021,4,Tabasco,Mujeres,20701.0,360463.0,5.742891781
2021,4,Tamaulipas,Hombres,38028.0,1009576.0,3.766729795
2021,4,Tamaulipas,Mujeres,21927.0,678466.0,3.231849496
2021,4,Tlaxcala,Hombres,14952.0,364724.0,4.099538281
2021,4,Tlaxcala,Mujeres,12580.0,257737.0,4.880944529
2021,4,Veracruz,Hombres,65875.0,2197707.0,2.997442334
2021,4,Veracruz,Mujeres,46230.0,1197639.0,3.860094736
2021,4,Yucatán,Hombres,11851.0,701571.0,1.689208933
2021,4,Yucatán,Mujeres,12782.0,489585.0,2.610782602
2021,4,Zacatecas,Hombres,9427.0,436518.0,2.159590212
2021,4,Zacatecas,Mujeres,10309.0,280216.0,3.678947669
2022,1,Nacional,Hombres,1223642.0,35221576.0,3.4741262
2022,1,Nacional,Mujeres,782549.0,22863738.0,3.422664308
2022,1,Aguascalientes,Hombres,14398.0,393695.0,3.65714576
2022,1,Aguascalientes,Mujeres,8393.0,253834.0,3.306491644
2022,1,Baja California,Hombres,25564.0,1087966.0,2.349705781
2022,1,Baja California,Mujeres,8915.0,716756.0,1.243798447
2022,1,Baja California Sur,Hombres,6769.0,255008.0,2.654426528
2022,1,Baja California Sur,Mujeres,5685.0,178212.0,3.190020874
2022,1,Campeche,Hombres,7182.0,271255.0,2.64769313
2022,1,Campeche,Mujeres,6197.0,164815.0,3.759973303
2022,1,Coahuila,Hombres,46304.0,914950.0,5.060822996
2022,1,Coahuila,Mujeres,28466.0,573688.0,4.961930527
2022,1,Colima,Hombres,5766.0,227698.0,2.532301557
2022,1,Colima,Mujeres,5066.0,163176.0,3.104623229
2022,1,Chiapas,Hombres,30052.0,1492790.0,2.013143175
2022,1,Chiapas,Mujeres,23892.0,665382.0,3.590719316
2022,1,Chihuahua,Hombres,23883.0,1065835.0,2.240778357
2022,1,Chihuahua,Mujeres,21226.0,669231.0,3.171700056
2022,1,Ciudad de México,Hombres,163713.0,2602807.0,6.289863213
2022,1,Ciudad de México,Mujeres,108677.0,2055301.0,5.287644
2022,1,Durango,Hombres,16902.0,499242.0,3.385532467
2022,1,Durango,Mujeres,12473.0,322389.0,3.86892853
2022,1,Guanajuato,Hombres,68848.0,1710762.0,4.024405499
2022,1,Guanajuato,Mujeres,33208.0,1095876.0,3.030269848
2022,1,Guerrero,Hombres,14995.0,834841.0,1.796150405
2022,1,Guerrero,Mujeres,7050.0,539726.0,1.30621834
2022,1,Hidalgo,Hombres,20701.0,803166.0,2.577424841
2022,1,Hidalgo,Mujeres,9877.0,569108.0,1.735522959
2022,1,Jalisco,Hombres,63000.0,2451048.0,2.5703291
2022,1,Jalisco,Mujeres,32403.0,1588082.0,2.040385824
2022,1,México,Hombres,253256.0,4800541.0,5.275572066
2022,1,México,Mujeres,170569.0,3157579.0,5.401891766
2022,1,Michoacán,Hombres,20621.0,1348222.0,1.529495884
2022,1,Michoacán,Mujeres,15106.0,855532.0,1.765684977
2022,1,Morelos,Hombres,9465.0,506313.0,1.869396994
2022,1,Morelos,Mujeres,6315.0,342784.0,1.842268017
2022,1,Nayarit,Hombres,10933.0,360627.0,3.031664296
2022,1,Nayarit,Mujeres,7220.0,252581.0,2.85848896
2022,1,Nuevo León,Hombres,72008.0,1774609.0,4.057682566
2022,1,Nuevo León,Mujeres,48094.0,1082308.0,4.443651899
2022,1,Oaxaca,Hombres,16601.0,1065688.0,1.557773007
2022,1,Oaxaca,Mujeres,13035.0,818756.0,1.592049402
2022,1,Puebla,Hombres,58811.0,1836876.0,3.201685906
2022,1,Puebla,Mujeres,34033.0,1185992.0,2.869580908
2022,1,Querétaro,Hombres,25383.0,644054.0,3.94112916
2022,1,Querétaro,Mujeres,12789.0,409189.0,3.125450586
2022,1,Quintana Roo,Hombres,20277.0,581457.0,3.487274209
2022,1,Quintana Roo,Mujeres,8017.0,358490.0,2.236324584
2022,1,San Luis Potosí,Hombres,21199.0,782262.0,2.709961624
2022,1,San Luis Potosí,Mujeres,16780.0,507359.0,3.307322823
2022,1,Sinaloa,Hombres,17838.0,847735.0,2.104195297
2022,1,Sinaloa,Mujeres,18683.0,525518.0,3.55515891
2022,1,Sonora,Hombres,22052.0,850849.0,2.591764226
2022,1,Sonora,Mujeres,18485.0,568034.0,3.254206614
2022,1,Tabasco,Hombres,31525.0,656027.0,4.805442459
2022,1,Tabasco,Mujeres,17548.0,368333.0,4.764167207
2022,1,Tamaulipas,Hombres,39388.0,992956.0,3.966741729
2022,1,Tamaulipas,Mujeres,22576.0,647447.0,3.486926343
2022,1,Tlaxcala,Hombres,13746.0,366007.0,3.755665875
2022,1,Tlaxcala,Mujeres,13472.0,254524.0,5.293017554
2022,1,Veracruz,Hombres,56175.0,2076280.0,2.705559944
2022,1,Veracruz,Mujeres,29431.0,1220164.0,2.412052806
2022,1,Yucatán,Hombres,12845.0,704242.0,1.823946882
2022,1,Yucatán,Mujeres,13439.0,492382.0,2.729384908
2022,1,Zacatecas,Hombres,13442.0,415768.0,3.233053049
2022,1,Zacatecas,Mujeres,5429.0,261190.0,2.078563498
2022,2,Nacional,Hombres,1150512.0,35679294.0,3.224592953
2022,2,Nacional,Mujeres,767230.0,23659125.0,3.242850274
2022,2,Aguascalientes,Hombres,13839.0,390181.0,3.546815452
2022,2,Aguascalientes,Mujeres,10668.0,260183.0,4.100191019
2022,2,Baja California,Hombres,32981.0,1110069.0,2.971076573
2022,2,Baja California,Mujeres,13525.0,742880.0,1.820617058
2022,2,Baja California Sur,Hombres,5275.0,260281.0,2.026655807
2022,2,Baja California Sur,Mujeres,6809.0,181878.0,3.743718317
2022,2,Campeche,Hombres,7322.0,273031.0,2.681746761
2022,2,Campeche,Mujeres,5760.0,169931.0,3.389611077
2022,2,Coahuila,Hombres,37047.0,921892.0,4.018583522
2022,2,Coahuila,Mujeres,23973.0,593919.0,4.036409005
2022,2,Colima,Hombres,5625.0,228275.0,2.464133173
2022,2,Colima,Mujeres,4502.0,166962.0,2.69642194
2022,2,Chiapas,Hombres,32223.0,1487902.0,2.165666825
2022,2,Chiapas,Mujeres,24725.0,711657.0,3.474286068
2022,2,Chihuahua,Hombres,25417.0,1110983.0,2.287793783
2022,2,Chihuahua,Mujeres,18891.0,693432.0,2.724275776
2022,2,Ciudad de México,Hombres,155270.0,2697484.0,5.756104577
2022,2,Ciudad de México,Mujeres,103480.0,2095642.0,4.937866296
2022,2,Durango,Hombres,15156.0,508056.0,2.983135717
2022,2,Durango,Mujeres,12128.0,327559.0,3.702539085
2022,2,Guanajuato,Hombres,57601.0,1677972.0,3.432774802
2022,2,Guanajuato,Mujeres,25346.0,1150667.0,2.202722421
2022,2,Guerrero,Hombres,14117.0,909420.0,1.552308064
2022,2,Guerrero,Mujeres,8521.0,610570.0,1.395581178
2022,2,Hidalgo,Hombres,23387.0,812378.0,2.878832268
2022,2,Hidalgo,Mujeres,14275.0,611359.0,2.334961945
2022,2,Jalisco,Hombres,58124.0,2495062.0,2.32956135
2022,2,Jalisco,Mujeres,37261.0,1573701.0,2.367730592
2022,2,México,Hombres,207117.0,4823104.0,4.294267758
2022,2,México,Mujeres,134957.0,3289742.0,4.102358179
2022,2,Michoacán,Hombres,19765.0,1345471.0,1.469002305
2022,2,Michoacán,Mujeres,18828.0,890970.0,2.113202465
2022,2,Morelos,Hombres,11874.0,496769.0,2.390245768
2022,2,Morelos,Mujeres,6052.0,345003.0,1.754187645
2022,2,Nayarit,Hombres,10479.0,358548.0,2.922621239
2022,2,Nayarit,Mujeres,4801.0,260078.0,1.845984666
2022,2,Nuevo León,Hombres,67608.0,1791393.0,3.774046231
2022,2,Nuevo León,Mujeres,39332.0,1099334.0,3.57780256
2022,2,Oaxaca,Hombres,14370.0,1081199.0,1.329080031
2022,2,Oaxaca,Mujeres,13189.0,826701.0,1.595377289
2022,2,Puebla,Hombres,54166.0,1843431.0,2.938325329
2022,2,Puebla,Mujeres,37375.0,1247027.0,2.99712837
2022,2,Querétaro,Hombres,28076.0,626235.0,4.483300997
2022,2,Querétaro,Mujeres,16042.0,403428.0,3.976422063
2022,2,Quintana Roo,Hombres,18321.0,589677.0,3.106955164
2022,2,Quintana Roo,Mujeres,9075.0,371004.0,2.446065272
2022,2,San Luis Potosí,Hombres,28309.0,787856.0,3.59316931
2022,2,San Luis Potosí,Mujeres,14116.0,497223.0,2.838967626
2022,2,Sinaloa,Hombres,24086.0,859989.0,2.800733498
2022,2,Sinaloa,Mujeres,18034.0,570297.0,3.16221197
2022,2,Sonora,Hombres,25239.0,851374.0,2.964502087
2022,2,Sonora,Mujeres,19508.0,607647.0,3.210416574
2022,2,Tabasco,Hombres,32469.0,656599.0,4.94502733
2022,2,Tabasco,Mujeres,25944.0,372938.0,6.956652312
2022,2,Tamaulipas,Hombres,32982.0,1011300.0,3.261346781
2022,2,Tamaulipas,Mujeres,24042.0,664606.0,3.617481636
2022,2,Tlaxcala,Hombres,14694.0,371168.0,3.958854212
2022,2,Tlaxcala,Mujeres,9591.0,259810.0,3.69154382
2022,2,Veracruz,Hombres,53342.0,2155929.0,2.474200217
2022,2,Veracruz,Mujeres,47310.0,1283185.0,3.686919657
2022,2,Yucatán,Hombres,10362.0,716552.0,1.44609184
2022,2,Yucatán,Mujeres,9900.0,507908.0,1.949171897
2022,2,Zacatecas,Hombres,13869.0,429714.0,3.227495497
2022,2,Zacatecas,Mujeres,9270.0,271884.0,3.409542305
2022,3,Nacional,Hombres,1189389.0,35821428.0,3.320328268
2022,3,Nacional,Mujeres,850641.0,23659043.0,3.595415926
2022,3,Aguascalientes,Hombres,16422.0,394627.0,4.161397978
2022,3,Aguascalientes,Mujeres,10469.0,271119.0,3.861404033
2022,3,Baja California,Hombres,29656.0,1102274.0,2.690438131
2022,3,Baja California,Mujeres,17789.0,727782.0,2.444275896
2022,3,Baja California Sur,Hombres,7220.0,260551.0,2.771050581
2022,3,Baja California Sur,Mujeres,5412.0,179910.0,3.008170752
2022,3,Campeche,Hombres,5500.0,274825.0,2.001273538
2022,3,Campeche,Mujeres,4740.0,170834.0,2.774623319
2022,3,Coahuila,Hombres,39115.0,931524.0,4.199032983
2022,3,Coahuila,Mujeres,25168.0,583361.0,4.314309664
2022,3,Colima,Hombres,4883.0,228754.0,2.134607482
2022,3,Colima,Mujeres,5381.0,164526.0,3.270607685
2022,3,Chiapas,Hombres,23970.0,1504258.0,1.593476651
2022,3,Chiapas,Mujeres,27034.0,724483.0,3.731488524
2022,3,Chihuahua,Hombres,25394.0,1121293.0,2.264706905
2022,3,Chihuahua,Mujeres,19481.0,698925.0,2.787280466
2022,3,Ciudad de México,Hombres,137374.0,2674341.0,5.136742098
2022,3,Ciudad de México,Mujeres,114645.0,2124193.0,5.397108455
2022,3,Durango,Hombres,14852.0,517668.0,2.869020299
2022,3,Durango,Mujeres,12996.0,337418.0,3.851602463
2022,3,Guanajuato,Hombres,67342.0,1703120.0,3.954037296
2022,3,Guanajuato,Mujeres,46976.0,1145117.0,4.102288238
2022,3,Guerrero,Hombres,16868.0,937949.0,1.798392023
2022,3,Guerrero,Mujeres,9897.0,619287.0,1.59812817
2022,3,Hidalgo,Hombres,16557.0,844486.0,1.960600886
2022,3,Hidalgo,Mujeres,17225.0,622020.0,2.769203563
2022,3,Jalisco,Hombres,71384.0,2500663.0,2.854602959
2022,3,Jalisco,Mujeres,45147.0,1639495.0,2.753713796
2022,3,México,Hombres,243203.0,4845341.0,5.019316494
2022,3,México,Mujeres,152210.0,3339229.0,4.558237845
2022,3,Michoacán,Hombres,25516.0,1373004.0,1.858406822
2022,3,Michoacán,Mujeres,16155.0,878192.0,1.839574945
2022,3,Morelos,Hombres,13101.0,510349.0,2.56706685
2022,3,Morelos,Mujeres,7743.0,359628.0,2.15305816
2022,3,Nayarit,Hombres,10293.0,360083.0,2.858507622
2022,3,Nayarit,Mujeres,6850.0,261499.0,2.619512885
2022,3,Nuevo León,Hombres,68150.0,1777220.0,3.834640618
2022,3,Nuevo León,Mujeres,49245.0,1112659.0,4.425884301
2022,3,Oaxaca,Hombres,15226.0,1084725.0,1.403673742
2022,3,Oaxaca,Mujeres,11796.0,835897.0,1.41117865
2022,3,Puebla,Hombres,54178.0,1845444.0,2.93577047
2022,3,Puebla,Mujeres,27633.0,1150311.0,2.402219921
2022,3,Querétaro,Hombres,29254.0,648461.0,4.511296747
2022,3,Querétaro,Mujeres,11469.0,417774.0,2.745264186
2022,3,Quintana Roo,Hombres,16262.0,595823.0,2.729334047
2022,3,Quintana Roo,Mujeres,11900.0,366455.0,3.24732914
2022,3,San Luis Potosí,Hombres,23563.0,781426.0,3.015384694
2022,3,San Luis Potosí,Mujeres,19760.0,501190.0,3.942616573
2022,3,Sinaloa,Hombres,29318.0,857907.0,3.417386733
2022,3,Sinaloa,Mujeres,17774.0,556219.0,3.195503929
2022,3,Sonora,Hombres,31780.0,852830.0,3.726416754
2022,3,Sonora,Mujeres,22952.0,581696.0,3.945703598
2022,3,Tabasco,Hombres,34812.0,675651.0,5.152364164
2022,3,Tabasco,Mujeres,20292.0,372879.0,5.441979838
2022,3,Tamaulipas,Hombres,31955.0,1000669.0,3.19336364
2022,3,Tamaulipas,Mujeres,28781.0,657240.0,4.379070051
2022,3,Tlaxcala,Hombres,11323.0,374271.0,3.025347943
2022,3,Tlaxcala,Mujeres,12861.0,265927.0,4.836289658
2022,3,Veracruz,Hombres,50651.0,2075469.0,2.440460445
2022,3,Veracruz,Mujeres,50875.0,1236726.0,4.113684033
2022,3,Yucatán,Hombres,13475.0,727743.0,1.851615199
2022,3,Yucatán,Mujeres,11611.0,496896.0,2.336706273
2022,3,Zacatecas,Hombres,10792.0,438679.0,2.460113204
2022,3,Zacatecas,Mujeres,8374.0,260156.0,3.218837928
2022,4,Nacional,Hombres,1050100.0,35745640.0,2.937700934
2022,4,Nacional,Mujeres,746003.0,24399816.0,3.0574124
2022,4,Aguascalientes,Hombres,15541.0,389449.0,3.990509669
2022,4,Aguascalientes,Mujeres,9453.0,273952.0,3.450604485
2022,4,Baja California,Hombres,32294.0,1100707.0,2.933932463
2022,4,Baja California,Mujeres,17646.0,747386.0,2.361028973
2022,4,Baja California Sur,Hombres,7023.0,256563.0,2.737339367
2022,4,Baja California Sur,Mujeres,5635.0,187455.0,3.006054786
2022,4,Campeche,Hombres,4679.0,269537.0,1.735939778
2022,4,Campeche,Mujeres,3922.0,165646.0,2.367699794
2022,4,Coahuila,Hombres,31095.0,943102.0,3.297098299
2022,4,Coahuila,Mujeres,21509.0,597433.0,3.600236344
2022,4,Colima,Hombres,4248.0,222463.0,1.909531023
2022,4,Colima,Mujeres,4837.0,162881.0,2.969652691
2022,4,Chiapas,Hombres,29416.0,1487826.0,1.977112915
2022,4,Chiapas,Mujeres,22036.0,723281.0,3.04667204
2022,4,Chihuahua,Hombres,20996.0,1128367.0,1.860742117
2022,4,Chihuahua,Mujeres,15904.0,726785.0,2.188267507
2022,4,Ciudad de México,Hombres,119331.0,2700908.0,4.418180849
2022,4,Ciudad de México,Mujeres,103626.0,2220223.0,4.667368999
2022,4,Durango,Hombres,14461.0,503294.0,2.873270891
2022,4,Durango,Mujeres,11003.0,321532.0,3.422054414
2022,4,Guanajuato,Hombres,49100.0,1710924.0,2.869794333
2022,4,Guanajuato,Mujeres,38192.0,1131719.0,3.3746893
2022,4,Guerrero,Hombres,7962.0,923813.0,0.861862736
2022,4,Guerrero,Mujeres,4939.0,676031.0,0.730587798
2022,4,Hidalgo,Hombres,24008.0,846802.0,2.835137376
2022,4,Hidalgo,Mujeres,8637.0,636488.0,1.356977665
2022,4,Jalisco,Hombres,64149.0,2448133.0,2.620323324
2022,4,Jalisco,Mujeres,34231.0,1716494.0,1.994239421
2022,4,México,Hombres,224890.0,4788273.0,4.696682917
2022,4,México,Mujeres,141718.0,3429018.0,4.132903356
2022,4,Michoacán,Hombres,18956.0,1364033.0,1.389702449
2022,4,Michoacán,Mujeres,18524.0,882286.0,2.099545952
2022,4,Morelos,Hombres,16253.0,509775.0,3.188269335
2022,4,Morelos,Mujeres,7820.0,373300.0,2.094829896
2022,4,Nayarit,Hombres,10221.0,356681.0,2.865585776
2022,4,Nayarit,Mujeres,4602.0,266035.0,1.729847576
2022,4,Nuevo León,Hombres,60973.0,1791387.0,3.403675476
2022,4,Nuevo León,Mujeres,43299.0,1127916.0,3.838849702
2022,4,Oaxaca,Hombres,13294.0,1095374.0,1.213649402
2022,4,Oaxaca,Mujeres,11487.0,835550.0,1.374783077
2022,4,Puebla,Hombres,51096.0,1820216.0,2.807139372
2022,4,Puebla,Mujeres,33151.0,1196336.0,2.771044255
2022,4,Querétaro,Hombres,29451.0,654928.0,4.496830186
2022,4,Querétaro,Mujeres,10840.0,456175.0,2.376281032
2022,4,Quintana Roo,Hombres,12110.0,600114.0,2.017949923
2022,4,Quintana Roo,Mujeres,7356.0,387059.0,1.900485456
2022,4,San Luis Potosí,Hombres,20816.0,798958.0,2.605393525
2022,4,San Luis Potosí,Mujeres,14629.0,507765.0,2.881057182
2022,4,Sinaloa,Hombres,21202.0,872179.0,2.43092301
2022,4,Sinaloa,Mujeres,19653.0,594114.0,3.307950999
2022,4,Sonora,Hombres,18518.0,835961.0,2.21517511
2022,4,Sonora,Mujeres,18313.0,609609.0,3.004056699
2022,4,Tabasco,Hombres,28864.0,678052.0,4.256900651
2022,4,Tabasco,Mujeres,16689.0,411363.0,4.057000751
2022,4,Tamaulipas,Hombres,28965.0,1001985.0,2.890761838
2022,4,Tamaulipas,Mujeres,23231.0,670580.0,3.464314474
2022,4,Tlaxcala,Hombres,9677.0,379108.0,2.552570771
2022,4,Tlaxcala,Mujeres,11924.0,269431.0,4.425622887
2022,4,Veracruz,Hombres,43828.0,2119648.0,2.067701807
2022,4,Veracruz,Mujeres,36854.0,1309144.0,2.815121942
2022,4,Yucatán,Hombres,10824.0,717336.0,1.508916324
2022,4,Yucatán,Mujeres,13860.0,524108.0,2.64449312
2022,4,Zacatecas,Hombres,5859.0,429744.0,1.36336982
2022,4,Zacatecas,Mujeres,10483.0,262721.0,3.990164471
2023,1,Nacional,Hombres,937365.0,35823919.0,2.616589771
2023,1,Nacional,Mujeres,659817.0,24265389.0,2.719169266
2023,1,Aguascalientes,Hombres,12866.0,385711.0,3.335658044
2023,1,Aguascalientes,Mujeres,7268.0,281061.0,2.585915513
2023,1,Baja California,Hombres,20425.0,1091243.0,1.871718765
2023,1,Baja California,Mujeres,10801.0,732476.0,1.474587563
2023,1,Baja California Sur,Hombres,6304.0,263384.0,2.393463536
2023,1,Baja California Sur,Mujeres,6037.0,183857.0,3.283530135
2023,1,Campeche,Hombres,4140.0,270790.0,1.528860002
2023,1,Campeche,Mujeres,3600.0,168385.0,2.137957657
2023,1,Coahuila,Hombres,32757.0,925485.0,3.539441482
2023,1,Coahuila,Mujeres,22293.0,591741.0,3.767357678
2023,1,Colima,Hombres,4904.0,224773.0,2.181756706
2023,1,Colima,Mujeres,3451.0,166603.0,2.071391271
2023,1,Chiapas,Hombres,31680.0,1462009.0,2.166881326
2023,1,Chiapas,Mujeres,23043.0,737460.0,3.124644048
2023,1,Chihuahua,Hombres,32058.0,1100308.0,2.913547843
2023,1,Chihuahua,Mujeres,17901.0,693929.0,2.579658726
2023,1,Ciudad de México,Hombres,97156.0,2723645.0,3.567131546
2023,1,Ciudad de México,Mujeres,85829.0,2152638.0,3.987154366
2023,1,Durango,Hombres,14006.0,508432.0,2.754743997
2023,1,Durango,Mujeres,10790.0,321595.0,3.355151666
2023,1,Guanajuato,Hombres,48109.0,1757508.0,2.737341736
2023,1,Guanajuato,Mujeres,36961.0,1179891.0,3.132577501
2023,1,Guerrero,Hombres,16351.0,917899.0,1.781350671
2023,1,Guerrero,Mujeres,12150.0,667968.0,1.818949411
2023,1,Hidalgo,Hombres,24062.0,882151.0,2.727650935
2023,1,Hidalgo,Mujeres,14216.0,642511.0,2.212569123
2023,1,Jalisco,Hombres,56439.0,2440895.0,2.312225639
2023,1,Jalisco,Mujeres,33971.0,1757241.0,1.933200967
2023,1,México,Hombres,165053.0,4780226.0,3.452828381
2023,1,México,Mujeres,107952.0,3319801.0,3.251761175
2023,1,Michoacán,Hombres,20446.0,1327653.0,1.540010831
2023,1,Michoacán,Mujeres,15924.0,861689.0,1.847998524
2023,1,Morelos,Hombres,8865.0,505459.0,1.75385145
2023,1,Morelos,Mujeres,4117.0,385187.0,1.068831503
2023,1,Nayarit,Hombres,6698.0,362867.0,1.845855368
2023,1,Nayarit,Mujeres,5124.0,258999.0,1.978386017
2023,1,Nuevo León,Hombres,50544.0,1791856.0,2.820762383
2023,1,Nuevo León,Mujeres,40080.0,1109275.0,3.613170765
2023,1,Oaxaca,Hombres,15120.0,1105727.0,1.367426137
2023,1,Oaxaca,Mujeres,10803.0,810649.0,1.33263595
2023,1,Puebla,Hombres,42513.0,1831173.0,2.321626629
2023,1,Puebla,Mujeres,23653.0,1246029.0,1.898270425
2023,1,Querétaro,Hombres,19614.0,661896.0,2.963305414
2023,1,Querétaro,Mujeres,8498.0,469913.0,1.808419856
2023,1,Quintana Roo,Hombres,14720.0,606822.0,2.425752527
2023,1,Quintana Roo,Mujeres,10506.0,390001.0,2.693839247
2023,1,San Luis Potosí,Hombres,14714.0,784287.0,1.876098928
2023,1,San Luis Potosí,Mujeres,11479.0,522215.0,2.198136783
2023,1,Sinaloa,Hombres,17933.0,883968.0,2.028693346
2023,1,Sinaloa,Mujeres,11881.0,600275.0,1.979259506
2023,1,Sonora,Hombres,23632.0,867710.0,2.723490567
2023,1,Sonora,Mujeres,18294.0,597043.0,3.064100911
2023,1,Tabasco,Hombres,23409.0,686653.0,3.409145522
2023,1,Tabasco,Mujeres,18434.0,406119.0,4.539063673
2023,1,Tamaulipas,Hombres,28375.0,1014064.0,2.798146863
2023,1,Tamaulipas,Mujeres,17812.0,654250.0,2.722506687
2023,1,Tlaxcala,Hombres,11781.0,382244.0,3.082062766
2023,1,Tlaxcala,Mujeres,9343.0,268437.0,3.480518706
2023,1,Veracruz,Hombres,48815.0,2149395.0,2.271104194
2023,1,Veracruz,Mujeres,35269.0,1330102.0,2.651601155
2023,1,Yucatán,Hombres,9935.0,710939.0,1.397447601
2023,1,Yucatán,Mujeres,13765.0,506613.0,2.71706411
2023,1,Zacatecas,Hombres,13941.0,416747.0,3.345195046
2023,1,Zacatecas,Mujeres,8572.0,251436.0,3.409217455
2023,2,Nacional,Hombres,999950.0,35716535.0,2.799683676
2023,2,Nacional,Mujeres,694492.0,24499897.0,2.834673142
2023,2,Aguascalientes,Hombres,13562.0,386497.0,3.508953498
2023,2,Aguascalientes,Mujeres,7502.0,272172.0,2.756345252
2023,2,Baja California,Hombres,25583.0,1101136.0,2.323327909
2023,2,Baja California,Mujeres,17021.0,745249.0,2.283934631
2023,2,Baja California Sur,Hombres,6973.0,281050.0,2.481053193
2023,2,Baja California Sur,Mujeres,5691.0,187866.0,3.029286832
2023,2,Campeche,Hombres,4524.0,273843.0,1.652041498
2023,2,Campeche,Mujeres,3228.0,166850.0,1.934671861
2023,2,Coahuila,Hombres,39142.0,936301.0,4.180493239
2023,2,Coahuila,Mujeres,18548.0,621740.0,2.983240583
2023,2,Colima,Hombres,4836.0,218135.0,2.216975726
2023,2,Colima,Mujeres,3518.0,160465.0,2.1923784
2023,2,Chiapas,Hombres,22265.0,1469148.0,1.515504224
2023,2,Chiapas,Mujeres,17939.0,716881.0,2.502367896
2023,2,Chihuahua,Hombres,27276.0,1130155.0,2.413474258
2023,2,Chihuahua,Mujeres,18635.0,722202.0,2.580303018
2023,2,Ciudad de México,Hombres,111102.0,2677562.0,4.149371705
2023,2,Ciudad de México,Mujeres,104066.0,2246701.0,4.631947019
2023,2,Durango,Hombres,13796.0,516149.0,2.672871593
2023,2,Durango,Mujeres,10548.0,331481.0,3.182082834
2023,2,Guanajuato,Hombres,57862.0,1718917.0,3.366189292
2023,2,Guanajuato,Mujeres,39446.0,1136284.0,3.471491282
2023,2,Guerrero,Hombres,8851.0,922747.0,0.959201168
2023,2,Guerrero,Mujeres,6445.0,688893.0,0.935558933
2023,2,Hidalgo,Hombres,28890.0,860590.0,3.356999268
2023,2,Hidalgo,Mujeres,12094.0,634238.0,1.906855155
2023,2,Jalisco,Hombres,59311.0,2399290.0,2.472022973
2023,2,Jalisco,Mujeres,43343.0,1781220.0,2.433332211
2023,2,México,Hombres,183067.0,4772313.0,3.836022491
2023,2,México,Mujeres,112501.0,3337799.0,3.370514522
2023,2,Michoacán,Hombres,27869.0,1346196.0,2.070203744
2023,2,Michoacán,Mujeres,16436.0,874372.0,1.879749123
2023,2,Morelos,Hombres,10444.0,510596.0,2.045452765
2023,2,Morelos,Mujeres,5612.0,376090.0,1.492196017
2023,2,Nayarit,Hombres,9565.0,362887.0,2.635806739
2023,2,Nayarit,Mujeres,3953.0,265999.0,1.486095812
2023,2,Nuevo León,Hombres,53911.0,1771270.0,3.043635358
2023,2,Nuevo León,Mujeres,43822.0,1125239.0,3.894461532
2023,2,Oaxaca,Hombres,12034.0,1093282.0,1.100722412
2023,2,Oaxaca,Mujeres,10387.0,743193.0,1.397618115
2023,2,Puebla,Hombres,38948.0,1805029.0,2.157749266
2023,2,Puebla,Mujeres,29892.0,1265573.0,2.36193408
2023,2,Querétaro,Hombres,26444.0,664510.0,3.979473597
2023,2,Querétaro,Mujeres,11016.0,479945.0,2.295262999
2023,2,Quintana Roo,Hombres,16283.0,600287.0,2.712535837
2023,2,Quintana Roo,Mujeres,7611.0,394542.0,1.92907219
2023,2,San Luis Potosí,Hombres,24489.0,795998.0,3.076515268
2023,2,San Luis Potosí,Mujeres,12597.0,522725.0,2.409871347
2023,2,Sinaloa,Hombres,19415.0,874304.0,2.22062349
2023,2,Sinaloa,Mujeres,13363.0,597849.0,2.235179786
2023,2,Sonora,Hombres,21260.0,888187.0,2.393640078
2023,2,Sonora,Mujeres,17811.0,621101.0,2.867649545
2023,2,Tabasco,Hombres,26177.0,673090.0,3.889078726
2023,2,Tabasco,Mujeres,17380.0,401348.0,4.33040653
2023,2,Tamaulipas,Hombres,28812.0,1016399.0,2.834713533
2023,2,Tamaulipas,Mujeres,24831.0,685614.0,3.621717176
2023,2,Tlaxcala,Hombres,10637.0,391116.0,2.719653504
2023,2,Tlaxcala,Mujeres,12209.0,279668.0,4.365533418
2023,2,Veracruz,Hombres,45841.0,2134882.0,2.147238114
2023,2,Veracruz,Mujeres,27975.0,1316990.0,2.124161915
2023,2,Yucatán,Hombres,9493.0,703905.0,1.348619487
2023,2,Yucatán,Mujeres,9831.0,521605.0,1.88475954
2023,2,Zacatecas,Hombres,11288.0,420764.0,2.682739018
2023,2,Zacatecas,Mujeres,9241.0,278003.0,3.324064848
2023,3,Nacional,Hombres,1080392.0,36229602.0,2.982069745
2023,3,Nacional,Mujeres,744804.0,24763066.0,3.007721257
2023,3,Aguascalientes,Hombres,14511.0,400288.0,3.625139899
2023,3,Aguascalientes,Mujeres,7345.0,287574.0,2.554125199
2023,3,Baja California,Hombres,28834.0,1095428.0,2.632213162
2023,3,Baja California,Mujeres,16463.0,761853.0,2.160915557
2023,3,Baja California Sur,Hombres,8466.0,286374.0,2.956273963
2023,3,Baja California Sur,Mujeres,6683.0,189089.0,3.534314529
2023,3,Campeche,Hombres,4653.0,275212.0,1.690696627
2023,3,Campeche,Mujeres,3409.0,167939.0,2.029903715
2023,3,Coahuila,Hombres,33992.0,937116.0,3.627299075
2023,3,Coahuila,Mujeres,25211.0,589748.0,4.274876727
2023,3,Colima,Hombres,5218.0,220722.0,2.364059767
2023,3,Colima,Mujeres,4739.0,168276.0,2.816206708
2023,3,Chiapas,Hombres,31861.0,1497443.0,2.127693675
2023,3,Chiapas,Mujeres,23217.0,724545.0,3.204355837
2023,3,Chihuahua,Hombres,30801.0,1130367.0,2.724867233
2023,3,Chihuahua,Mujeres,21672.0,733699.0,2.953799855
2023,3,Ciudad de México,Hombres,122431.0,2726465.0,4.490466593
2023,3,Ciudad de México,Mujeres,77326.0,2185798.0,3.537655355
2023,3,Durango,Hombres,13928.0,511496.0,2.722992946
2023,3,Durango,Mujeres,12249.0,333780.0,3.669782491
2023,3,Guanajuato,Hombres,54428.0,1730723.0,3.14481289
2023,3,Guanajuato,Mujeres,37725.0,1171731.0,3.219595624
2023,3,Guerrero,Hombres,12038.0,954646.0,1.260990985
2023,3,Guerrero,Mujeres,7121.0,711619.0,1.000675923
2023,3,Hidalgo,Hombres,22539.0,885888.0,2.54422681
2023,3,Hidalgo,Mujeres,17403.0,644303.0,2.701058353
2023,3,Jalisco,Hombres,81829.0,2413181.0,3.39091846
2023,3,Jalisco,Mujeres,40097.0,1705373.0,2.351215834
2023,3,México,Hombres,190892.0,4901379.0,3.894659034
2023,3,México,Mujeres,144982.0,3437919.0,4.21714415
2023,3,Michoacán,Hombres,22964.0,1373991.0,1.671335547
2023,3,Michoacán,Mujeres,21757.0,901627.0,2.413082128
2023,3,Morelos,Hombres,13504.0,514645.0,2.623944661
2023,3,Morelos,Mujeres,7099.0,369467.0,1.921416527
2023,3,Nayarit,Hombres,10162.0,372947.0,2.724783951
2023,3,Nayarit,Mujeres,4478.0,261762.0,1.710714313
2023,3,Nuevo León,Hombres,60383.0,1809812.0,3.336423894
2023,3,Nuevo León,Mujeres,34871.0,1151685.0,3.027824449
2023,3,Oaxaca,Hombres,16829.0,1161190.0,1.449289091
2023,3,Oaxaca,Mujeres,21514.0,820330.0,2.622603099
2023,3,Puebla,Hombres,54207.0,1815958.0,2.985035998
2023,3,Puebla,Mujeres,28362.0,1312351.0,2.161159629
2023,3,Querétaro,Hombres,21536.0,683840.0,3.149274684
2023,3,Querétaro,Mujeres,12972.0,499926.0,2.594784028
2023,3,Quintana Roo,Hombres,16029.0,586819.0,2.731506649
2023,3,Quintana Roo,Mujeres,10819.0,392978.0,2.753080325
2023,3,San Luis Potosí,Hombres,26824.0,793920.0,3.378677952
2023,3,San Luis Potosí,Mujeres,14725.0,561057.0,2.624510522
2023,3,Sinaloa,Hombres,25788.0,868547.0,2.969096664
2023,3,Sinaloa,Mujeres,19178.0,625180.0,3.067596532
2023,3,Sonora,Hombres,17771.0,860087.0,2.066186328
2023,3,Sonora,Mujeres,25227.0,603668.0,4.178952669
2023,3,Tabasco,Hombres,26959.0,697542.0,3.864856883
2023,3,Tabasco,Mujeres,17496.0,418646.0,4.179187189
2023,3,Tamaulipas,Hombres,33740.0,1001608.0,3.368583318
2023,3,Tamaulipas,Mujeres,22127.0,682555.0,3.241790039
2023,3,Tlaxcala,Hombres,13645.0,390948.0,3.490233995
2023,3,Tlaxcala,Mujeres,11007.0,278203.0,3.956463446
2023,3,Veracruz,Hombres,40216.0,2178040.0,1.846430736
2023,3,Veracruz,Mujeres,28735.0,1297229.0,2.215106199
2023,3,Yucatán,Hombres,13550.0,713386.0,1.899392475
2023,3,Yucatán,Mujeres,11895.0,501911.0,2.369942081
2023,3,Zacatecas,Hombres,9864.0,439594.0,2.243888679
2023,3,Zacatecas,Mujeres,6900.0,271245.0,2.543825693
2023,4,Nacional,Hombres,964361.0,36126828.0,2.669376343
2023,4,Nacional,Mujeres,674660.0,24916140.0,2.707722785
2023,4,Aguascalientes,Hombres,15844.0,391459.0,4.047422591
2023,4,Aguascalientes,Mujeres,7377.0,270898.0,2.723165177
2023,4,Baja California,Hombres,24270.0,1114181.0,2.178281626
2023,4,Baja California,Mujeres,17426.0,742776.0,2.346063955
2023,4,Baja California Sur,Hombres,6022.0,280880.0,2.143976075
2023,4,Baja California Sur,Mujeres,4619.0,189266.0,2.440480593
2023,4,Campeche,Hombres,4303.0,274083.0,1.569962384
2023,4,Campeche,Mujeres,3403.0,175217.0,1.942163146
2023,4,Coahuila,Hombres,43069.0,953782.0,4.515602098
2023,4,Coahuila,Mujeres,25825.0,633756.0,4.074912111
2023,4,Colima,Hombres,5019.0,216689.0,2.316222789
2023,4,Colima,Mujeres,3773.0,165014.0,2.286472663
2023,4,Chiapas,Hombres,23995.0,1522583.0,1.575940359
2023,4,Chiapas,Mujeres,14918.0,720553.0,2.070354297
2023,4,Chihuahua,Hombres,22484.0,1106955.0,2.031157545
2023,4,Chihuahua,Mujeres,13372.0,751037.0,1.780471535
2023,4,Ciudad de México,Hombres,91333.0,2647213.0,3.450156825
2023,4,Ciudad de México,Mujeres,98145.0,2199966.0,4.46120531
2023,4,Durango,Hombres,13298.0,494901.0,2.687002047
2023,4,Durango,Mujeres,10776.0,358662.0,3.004500059
2023,4,Guanajuato,Hombres,57870.0,1726623.0,3.351629163
2023,4,Guanajuato,Mujeres,30674.0,1165305.0,2.632272238
2023,4,Guerrero,Hombres,4899.0,928249.0,0.527767873
2023,4,Guerrero,Mujeres,7807.0,728799.0,1.071214423
2023,4,Hidalgo,Hombres,13756.0,842712.0,1.632348893
2023,4,Hidalgo,Mujeres,12980.0,625024.0,2.076720254
2023,4,Jalisco,Hombres,63079.0,2420321.0,2.606224546
2023,4,Jalisco,Mujeres,27175.0,1678023.0,1.619465287
2023,4,México,Hombres,184221.0,5026182.0,3.665227403
2023,4,México,Mujeres,115432.0,3464711.0,3.331648729
2023,4,Michoacán,Hombres,25451.0,1351844.0,1.882687647
2023,4,Michoacán,Mujeres,22098.0,921181.0,2.398877094
2023,4,Morelos,Hombres,11081.0,521981.0,2.122874204
2023,4,Morelos,Mujeres,5731.0,388288.0,1.475966293
2023,4,Nayarit,Hombres,7790.0,381041.0,2.044399422
2023,4,Nayarit,Mujeres,5615.0,271570.0,2.067606879
2023,4,Nuevo León,Hombres,51485.0,1804762.0,2.85273072
2023,4,Nuevo León,Mujeres,28176.0,1160848.0,2.427191157
2023,4,Oaxaca,Hombres,17674.0,1147295.0,1.540493073
2023,4,Oaxaca,Mujeres,11950.0,775472.0,1.540996967
2023,4,Puebla,Hombres,47480.0,1762880.0,2.693320022
2023,4,Puebla,Mujeres,31634.0,1270604.0,2.489682072
2023,4,Querétaro,Hombres,23867.0,677533.0,3.522632846
2023,4,Querétaro,Mujeres,10434.0,502263.0,2.077397698
2023,4,Quintana Roo,Hombres,13977.0,585989.0,2.385198357
2023,4,Quintana Roo,Mujeres,12032.0,409938.0,2.935077987
2023,4,San Luis Potosí,Hombres,26258.0,792770.0,3.312183862
2023,4,San Luis Potosí,Mujeres,15794.0,559005.0,2.825377233
2023,4,Sinaloa,Hombres,17024.0,875614.0,1.944235702
2023,4,Sinaloa,Mujeres,17125.0,623914.0,2.744769311
2023,4,Sonora,Hombres,22301.0,860433.0,2.591834576
2023,4,Sonora,Mujeres,19218.0,611016.0,3.145253152
2023,4,Tabasco,Hombres,23988.0,712522.0,3.36663289
2023,4,Tabasco,Mujeres,19381.0,414396.0,4.676927383
2023,4,Tamaulipas,Hombres,30689.0,1007127.0,3.047182729
2023,4,Tamaulipas,Mujeres,25126.0,705291.0,3.562501152
2023,4,Tlaxcala,Hombres,9998.0,389412.0,2.567460684
2023,4,Tlaxcala,Mujeres,10106.0,279778.0,3.612149633
2023,4,Veracruz,Hombres,39992.0,2185593.0,1.829800882
2023,4,Veracruz,Mujeres,27375.0,1368690.0,2.000087675
2023,4,Yucatán,Hombres,10263.0,706300.0,1.45306527
2023,4,Yucatán,Mujeres,11573.0,522580.0,2.214589154
2023,4,Zacatecas,Hombres,11581.0,416919.0,2.77775779
2023,4,Zacatecas,Mujeres,7590.0,262299.0,2.893644276
2024,1,Nacional,Hombres,874249.0,35945805.0,2.432130815
2024,1,Nacional,Mujeres,667966.0,24717315.0,2.702421359
2024,1,Aguascalientes,Hombres,12635.0,401400.0,3.147732935
2024,1,Aguascalientes,Mujeres,7905.0,283181.0,2.791500842
2024,1,Baja California,Hombres,24384.0,1086799.0,2.24365315
2024,1,Baja California,Mujeres,14270.0,731644.0,1.950402108
2024,1,Baja California Sur,Hombres,5151.0,270470.0,1.904462602
2024,1,Baja California Sur,Mujeres,5082.0,190315.0,2.67030975
2024,1,Campeche,Hombres,4225.0,273435.0,1.545156984
2024,1,Campeche,Mujeres,2871.0,180692.0,1.588891595
2024,1,Coahuila,Hombres,36651.0,933863.0,3.924665609
2024,1,Coahuila,Mujeres,27153.0,597299.0,4.545964416
2024,1,Colima,Hombres,4263.0,210282.0,2.027277656
2024,1,Colima,Mujeres,3832.0,174138.0,2.200553584
2024,1,Chiapas,Hombres,23445.0,1534194.0,1.528163974
2024,1,Chiapas,Mujeres,14843.0,721243.0,2.057974913
2024,1,Chihuahua,Hombres,20465.0,1081866.0,1.891639075
2024,1,Chihuahua,Mujeres,20136.0,732011.0,2.750778335
2024,1,Ciudad de México,Hombres,91326.0,2637832.0,3.462161351
2024,1,Ciudad de México,Mujeres,103642.0,2272205.0,4.561296186
2024,1,Durango,Hombres,16886.0,493728.0,3.420101756
2024,1,Durango,Mujeres,8721.0,346964.0,2.513517253
2024,1,Guanajuato,Hombres,54822.0,1716793.0,3.193279563
2024,1,Guanajuato,Mujeres,35785.0,1171019.0,3.055885515
2024,1,Guerrero,Hombres,10753.0,925463.0,1.161904906
2024,1,Guerrero,Mujeres,8392.0,710950.0,1.180392433
2024,1,Hidalgo,Hombres,17349.0,852007.0,2.036250876
2024,1,Hidalgo,Mujeres,14398.0,615753.0,2.33827525
2024,1,Jalisco,Hombres,37887.0,2443570.0,1.550477375
2024,1,Jalisco,Mujeres,20261.0,1649033.0,1.228659463
2024,1,México,Hombres,176347.0,4943273.0,3.567413736
2024,1,México,Mujeres,127437.0,3385400.0,3.764311455
2024,1,Michoacán,Hombres,22740.0,1363788.0,1.667414583
2024,1,Michoacán,Mujeres,16880.0,943362.0,1.789344917
2024,1,Morelos,Hombres,8368.0,516811.0,1.619160583
2024,1,Morelos,Mujeres,5796.0,385222.0,1.504586965
2024,1,Nayarit,Hombres,7023.0,382990.0,1.83372934
2024,1,Nayarit,Mujeres,5866.0,271196.0,2.163011254
2024,1,Nuevo León,Hombres,47224.0,1816598.0,2.599584498
2024,1,Nuevo León,Mujeres,40718.0,1170476.0,3.478755652
2024,1,Oaxaca,Hombres,15919.0,1117190.0,1.424914294
2024,1,Oaxaca,Mujeres,10680.0,753416.0,1.417543562
2024,1,Puebla,Hombres,33145.0,1782879.0,1.85907176
2024,1,Puebla,Mujeres,19163.0,1234493.0,1.552297178
2024,1,Querétaro,Hombres,18417.0,669595.0,2.750468567
2024,1,Querétaro,Mujeres,12827.0,511245.0,2.508973193
2024,1,Quintana Roo,Hombres,9886.0,583587.0,1.694006206
2024,1,Quintana Roo,Mujeres,11530.0,396951.0,2.904640623
2024,1,San Luis Potosí,Hombres,20896.0,787117.0,2.654751454
2024,1,San Luis Potosí,Mujeres,9957.0,551318.0,1.806035718
2024,1,Sinaloa,Hombres,13277.0,853383.0,1.555807885
2024,1,Sinaloa,Mujeres,14279.0,628412.0,2.272235412
2024,1,Sonora,Hombres,20123.0,844803.0,2.381975443
2024,1,Sonora,Mujeres,17599.0,597455.0,2.94566118
2024,1,Tabasco,Hombres,21333.0,711649.0,2.997685657
2024,1,Tabasco,Mujeres,16905.0,406633.0,4.157311384
2024,1,Tamaulipas,Hombres,30449.0,987094.0,3.084711284
2024,1,Tamaulipas,Mujeres,21009.0,680797.0,3.085941918
2024,1,Tlaxcala,Hombres,11250.0,385066.0,2.92157708
2024,1,Tlaxcala,Mujeres,9899.0,286373.0,3.456680623
2024,1,Veracruz,Hombres,39998.0,2209397.0,1.810358211
2024,1,Veracruz,Mujeres,19124.0,1361998.0,1.404113662
2024,1,Yucatán,Hombres,8927.0,707031.0,1.262603761
2024,1,Yucatán,Mujeres,10976.0,510331.0,2.150760977
2024,1,Zacatecas,Hombres,8685.0,421852.0,2.058778908
2024,1,Zacatecas,Mujeres,10030.0,265790.0,3.773655894
2024,2,Nacional,Hombres,969575.0,36017628.0,2.691945733
2024,2,Nacional,Mujeres,656874.0,24935982.0,2.634241555
2024,2,Aguascalientes,Hombres,15119.0,396758.0,3.810635198
2024,2,Aguascalientes,Mujeres,7589.0,279092.0,2.719175039
2024,2,Baja California,Hombres,30943.0,1094020.0,2.828376081
2024,2,Baja California,Mujeres,19573.0,751171.0,2.605665022
2024,2,Baja California Sur,Hombres,6721.0,278095.0,2.416800014
2024,2,Baja California Sur,Mujeres,4556.0,189180.0,2.408288403
2024,2,Campeche,Hombres,5135.0,274183.0,1.872836755
2024,2,Campeche,Mujeres,3828.0,174463.0,2.194161513
2024,2,Coahuila,Hombres,34471.0,954480.0,3.611495264
2024,2,Coahuila,Mujeres,23739.0,612778.0,3.873996782
2024,2,Colima,Hombres,4819.0,209795.0,2.297004218
2024,2,Colima,Mujeres,3130.0,166693.0,1.877703323
2024,2,Chiapas,Hombres,19856.0,1515340.0,1.310332995
2024,2,Chiapas,Mujeres,15349.0,720294.0,2.130935424
2024,2,Chihuahua,Hombres,23637.0,1079871.0,2.18887256
2024,2,Chihuahua,Mujeres,22981.0,759344.0,3.026428075
2024,2,Ciudad de México,Hombres,95274.0,2659550.0,3.582335357
2024,2,Ciudad de México,Mujeres,108260.0,2378223.0,4.552138298
2024,2,Durango,Hombres,14377.0,501759.0,2.865319805
2024,2,Durango,Mujeres,9633.0,351943.0,2.737090949
2024,2,Guanajuato,Hombres,50791.0,1681859.0,3.019932111
2024,2,Guanajuato,Mujeres,34423.0,1237839.0,2.780894769
2024,2,Guerrero,Hombres,10527.0,920636.0,1.143448659
2024,2,Guerrero,Mujeres,6080.0,672136.0,0.904578835
2024,2,Hidalgo,Hombres,24395.0,852805.0,2.860560152
2024,2,Hidalgo,Mujeres,11851.0,630706.0,1.879005432
2024,2,Jalisco,Hombres,57834.0,2439288.0,2.370937749
2024,2,Jalisco,Mujeres,31610.0,1621367.0,1.949589451
2024,2,México,Hombres,171847.0,5033661.0,3.413956562
2024,2,México,Mujeres,105329.0,3407256.0,3.091314536
2024,2,Michoacán,Hombres,28651.0,1361061.0,2.105048929
2024,2,Michoacán,Mujeres,10733.0,926987.0,1.157837165
2024,2,Morelos,Hombres,8640.0,512038.0,1.687374765
2024,2,Morelos,Mujeres,5349.0,375117.0,1.425955102
2024,2,Nayarit,Hombres,8679.0,372539.0,2.329688972
2024,2,Nayarit,Mujeres,5245.0,274077.0,1.913695786
2024,2,Nuevo León,Hombres,46585.0,1816852.0,2.564050346
2024,2,Nuevo León,Mujeres,31679.0,1195737.0,2.649328406
2024,2,Oaxaca,Hombres,13508.0,1127565.0,1.197979717
2024,2,Oaxaca,Mujeres,9118.0,758575.0,1.201990574
2024,2,Puebla,Hombres,44303.0,1807931.0,2.450480688
2024,2,Puebla,Mujeres,26872.0,1246913.0,2.155082191
2024,2,Querétaro,Hombres,24540.0,685695.0,3.578850655
2024,2,Querétaro,Mujeres,8146.0,503471.0,1.617968066
2024,2,Quintana Roo,Hombres,15897.0,574344.0,2.767853412
2024,2,Quintana Roo,Mujeres,10040.0,410763.0,2.444231832
2024,2,San Luis Potosí,Hombres,22934.0,787247.0,2.913189888
2024,2,San Luis Potosí,Mujeres,12633.0,557568.0,2.26573261
2024,2,Sinaloa,Hombres,22606.0,853474.0,2.648704003
2024,2,Sinaloa,Mujeres,13705.0,652339.0,2.100901525
2024,2,Sonora,Hombres,33478.0,851712.0,3.930671401
2024,2,Sonora,Mujeres,20163.0,630062.0,3.200161254
2024,2,Tabasco,Hombres,26283.0,709614.0,3.703844625
2024,2,Tabasco,Mujeres,18227.0,398141.0,4.578026378
2024,2,Tamaulipas,Hombres,29451.0,976861.0,3.014860866
2024,2,Tamaulipas,Mujeres,27802.0,692304.0,4.015865862
2024,2,Tlaxcala,Hombres,9971.0,398707.0,2.500833946
2024,2,Tlaxcala,Mujeres,6821.0,287028.0,2.376423206
2024,2,Veracruz,Hombres,46396.0,2154522.0,2.153424286
2024,2,Veracruz,Mujeres,22824.0,1286039.0,1.774751777
2024,2,Yucatán,Hombres,11989.0,711383.0,1.685308758
2024,2,Yucatán,Mujeres,9579.0,518655.0,1.846892443
2024,2,Zacatecas,Hombres,9918.0,423983.0,2.339244734
2024,2,Zacatecas,Mujeres,10007.0,269721.0,3.710130097
2024,3,Nacional,Hombres,1079573.0,36334958.0,2.971168977
2024,3,Nacional,Mujeres,762512.0,25035376.0,3.045738159
2024,3,Aguascalientes,Hombres,17407.0,406872.0,4.278249671
2024,3,Aguascalientes,Mujeres,11791.0,282646.0,4.171649342
2024,3,Baja California,Hombres,30603.0,1087724.0,2.813489451
2024,3,Baja California,Mujeres,19021.0,734463.0,2.589783284
2024,3,Baja California Sur,Hombres,6074.0,286025.0,2.123590595
2024,3,Baja California Sur,Mujeres,6047.0,194876.0,3.10299883
2024,3,Campeche,Hombres,4512.0,274023.0,1.646577112
2024,3,Campeche,Mujeres,4151.0,170022.0,2.441448754
2024,3,Coahuila,Hombres,39007.0,951715.0,4.098600947
2024,3,Coahuila,Mujeres,26349.0,623586.0,4.225399544
2024,3,Colima,Hombres,5102.0,213242.0,2.392586826
2024,3,Colima,Mujeres,3884.0,170838.0,2.27349887
2024,3,Chiapas,Hombres,23818.0,1553947.0,1.532742108
2024,3,Chiapas,Mujeres,20111.0,676095.0,2.974581974
2024,3,Chihuahua,Hombres,26651.0,1098295.0,2.42657938
2024,3,Chihuahua,Mujeres,22123.0,760024.0,2.910829132
2024,3,Ciudad de México,Hombres,109737.0,2710677.0,4.048324459
2024,3,Ciudad de México,Mujeres,92331.0,2386025.0,3.869657694
2024,3,Durango,Hombres,15232.0,509119.0,2.991834915
2024,3,Durango,Mujeres,13577.0,365298.0,3.716691578
2024,3,Guanajuato,Hombres,53869.0,1701097.0,3.166721239
2024,3,Guanajuato,Mujeres,43574.0,1206907.0,3.610385887
2024,3,Guerrero,Hombres,9702.0,919092.0,1.055607056
2024,3,Guerrero,Mujeres,10996.0,652305.0,1.685714505
2024,3,Hidalgo,Hombres,12434.0,880224.0,1.412594976
2024,3,Hidalgo,Mujeres,15926.0,605163.0,2.631687661
2024,3,Jalisco,Hombres,67617.0,2409037.0,2.806806205
2024,3,Jalisco,Mujeres,37885.0,1607369.0,2.356957239
2024,3,México,Hombres,210204.0,5042433.0,4.168701895
2024,3,México,Mujeres,127138.0,3403089.0,3.735958713
2024,3,Michoacán,Hombres,25736.0,1359335.0,1.893278699
2024,3,Michoacán,Mujeres,24259.0,882354.0,2.749350034
2024,3,Morelos,Hombres,10321.0,530550.0,1.945339742
2024,3,Morelos,Mujeres,7151.0,374960.0,1.907136761
2024,3,Nayarit,Hombres,10132.0,366339.0,2.765744297
2024,3,Nayarit,Mujeres,7177.0,270535.0,2.652891493
2024,3,Nuevo León,Hombres,57674.0,1806157.0,3.193188632
2024,3,Nuevo León,Mujeres,49345.0,1200766.0,4.109460128
2024,3,Oaxaca,Hombres,12199.0,1127487.0,1.081963694
2024,3,Oaxaca,Mujeres,8098.0,814377.0,0.994379753
2024,3,Puebla,Hombres,50022.0,1853415.0,2.69890985
2024,3,Puebla,Mujeres,32410.0,1319470.0,2.456289268
2024,3,Querétaro,Hombres,17782.0,703065.0,2.529211382
2024,3,Querétaro,Mujeres,11441.0,517295.0,2.211697387
2024,3,Quintana Roo,Hombres,18463.0,602322.0,3.06530394
2024,3,Quintana Roo,Mujeres,7514.0,400777.0,1.874858088
2024,3,San Luis Potosí,Hombres,33107.0,792531.0,4.177376027
2024,3,San Luis Potosí,Mujeres,16560.0,564628.0,2.932904496
2024,3,Sinaloa,Hombres,20683.0,827667.0,2.498951873
2024,3,Sinaloa,Mujeres,19457.0,624954.0,3.113349142
2024,3,Sonora,Hombres,32731.0,835822.0,3.916025182
2024,3,Sonora,Mujeres,18775.0,606173.0,3.097300606
2024,3,Tabasco,Hombres,28059.0,716723.0,3.914901573
2024,3,Tabasco,Mujeres,21285.0,397643.0,5.352791323
2024,3,Tamaulipas,Hombres,32363.0,1003522.0,3.224941755
2024,3,Tamaulipas,Mujeres,24927.0,711772.0,3.502104607
2024,3,Tlaxcala,Hombres,13351.0,406961.0,3.280658343
2024,3,Tlaxcala,Mujeres,11787.0,288491.0,4.085742709
2024,3,Veracruz,Hombres,64314.0,2195990.0,2.928701861
2024,3,Veracruz,Mujeres,24116.0,1426646.0,1.690398319
2024,3,Yucatán,Hombres,12251.0,726422.0,1.686485266
2024,3,Yucatán,Mujeres,13660.0,525362.0,2.600111923
2024,3,Zacatecas,Hombres,8416.0,437128.0,1.925294193
2024,3,Zacatecas,Mujeres,9646.0,270467.0,3.566424
2024,4,Nacional,Hombres,942762.0,35867548.0,2.628454
2024,4,Nacional,Mujeres,625013.0,25187773.0,2.481414296
2024,4,Aguascalientes,Hombres,10019.0,393850.0,2.543861876
2024,4,Aguascalientes,Mujeres,5346.0,284637.0,1.878181684
2024,4,Baja California,Hombres,31046.0,1091052.0,2.845510571
2024,4,Baja California,Mujeres,13606.0,724733.0,1.877381049
2024,4,Baja California Sur,Hombres,4087.0,270621.0,1.510230174
2024,4,Baja California Sur,Mujeres,4684.0,193728.0,2.417822927
2024,4,Campeche,Hombres,4580.0,273331.0,1.67562406
2024,4,Campeche,Mujeres,3889.0,173011.0,2.247833953
2024,4,Coahuila,Hombres,34377.0,964034.0,3.565953068
2024,4,Coahuila,Mujeres,21746.0,638490.0,3.405848173
2024,4,Colima,Hombres,4668.0,205487.0,2.271676554
2024,4,Colima,Mujeres,3558.0,162704.0,2.186793195
2024,4,Chiapas,Hombres,43416.0,1577459.0,2.752274386
2024,4,Chiapas,Mujeres,19768.0,712096.0,2.776030198
2024,4,Chihuahua,Hombres,21947.0,1099680.0,1.995762404
2024,4,Chihuahua,Mujeres,17998.0,783402.0,2.297415631
2024,4,Ciudad de México,Hombres,118057.0,2734173.0,4.31783212
2024,4,Ciudad de México,Mujeres,90107.0,2484036.0,3.627443403
2024,4,Durango,Hombres,14084.0,511513.0,2.753400207
2024,4,Durango,Mujeres,12872.0,368801.0,3.490229148
2024,4,Guanajuato,Hombres,42250.0,1652243.0,2.557129914
2024,4,Guanajuato,Mujeres,24430.0,1248563.0,1.956649364
2024,4,Guerrero,Hombres,9882.0,893119.0,1.106459498
2024,4,Guerrero,Mujeres,10611.0,692662.0,1.531915999
2024,4,Hidalgo,Hombres,14360.0,862959.0,1.664041977
2024,4,Hidalgo,Mujeres,12730.0,631711.0,2.015161997
2024,4,Jalisco,Hombres,53419.0,2372762.0,2.251342528
2024,4,Jalisco,Mujeres,31302.0,1606819.0,1.948072558
2024,4,México,Hombres,143092.0,4955007.0,2.887826395
2024,4,México,Mujeres,100143.0,3430435.0,2.919250766
2024,4,Michoacán,Hombres,20539.0,1345486.0,1.52651161
2024,4,Michoacán,Mujeres,12301.0,906479.0,1.357008822
2024,4,Morelos,Hombres,10812.0,498741.0,2.167858668
2024,4,Morelos,Mujeres,7858.0,380248.0,2.066546044
2024,4,Nayarit,Hombres,7932.0,361820.0,2.19225029
2024,4,Nayarit,Mujeres,4810.0,272242.0,1.766810411
2024,4,Nuevo León,Hombres,51170.0,1827445.0,2.800084271
2024,4,Nuevo León,Mujeres,27694.0,1196714.0,2.314170303
2024,4,Oaxaca,Hombres,22137.0,1047831.0,2.112649845
2024,4,Oaxaca,Mujeres,11461.0,745561.0,1.537231695
2024,4,Puebla,Hombres,42299.0,1790785.0,2.36203676
2024,4,Puebla,Mujeres,26463.0,1299264.0,2.036768509
2024,4,Querétaro,Hombres,17182.0,690138.0,2.489646998
2024,4,Querétaro,Mujeres,8469.0,549476.0,1.541286608
2024,4,Quintana Roo,Hombres,15786.0,601859.0,2.622873464
2024,4,Quintana Roo,Mujeres,10952.0,400228.0,2.736440229
2024,4,San Luis Potosí,Hombres,25183.0,787976.0,3.19590952
2024,4,San Luis Potosí,Mujeres,16374.0,530779.0,3.084899742
2024,4,Sinaloa,Hombres,17316.0,857101.0,2.020298658
2024,4,Sinaloa,Mujeres,13827.0,622624.0,2.220762451
2024,4,Sonora,Hombres,19618.0,827865.0,2.369710037
2024,4,Sonora,Mujeres,22435.0,620307.0,3.616757509
2024,4,Tabasco,Hombres,28380.0,716594.0,3.960401566
2024,4,Tabasco,Mujeres,19245.0,434197.0,4.432319892
2024,4,Tamaulipas,Hombres,31436.0,985071.0,3.191242053
2024,4,Tamaulipas,Mujeres,19182.0,693917.0,2.764307547
2024,4,Tlaxcala,Hombres,9293.0,397288.0,2.33910916
2024,4,Tlaxcala,Mujeres,8346.0,291563.0,2.86250313
2024,4,Veracruz,Hombres,53242.0,2136760.0,2.49171643
2024,4,Veracruz,Mujeres,26474.0,1336058.0,1.981500803
2024,4,Yucatán,Hombres,10308.0,710284.0,1.451250486
2024,4,Yucatán,Mujeres,8879.0,518923.0,1.711043835
2024,4,Zacatecas,Hombres,10845.0,427214.0,2.538540404
2024,4,Zacatecas,Mujeres,7453.0,253365.0,2.941605983
2025,1,Nacional,Hombres,858115.0,35834250.0,2.394678276
2025,1,Nacional,Mujeres,632111.0,24656985.0,2.563618382
2025,1,Aguascalientes,Hombres,9702.0,411019.0,2.36047482
2025,1,Aguascalientes,Mujeres,4946.0,272468.0,1.81525904
2025,1,Baja California,Hombres,22103.0,1071944.0,2.061954729
2025,1,Baja California,Mujeres,16872.0,728925.0,2.314641424
2025,1,Baja California Sur,Hombres,6778.0,269164.0,2.518167363
2025,1,Baja California Sur,Mujeres,6325.0,194117.0,3.258344194
2025,1,Campeche,Hombres,4881.0,268846.0,1.81553752
2025,1,Campeche,Mujeres,4399.0,180237.0,2.440675333
2025,1,Coahuila,Hombres,31649.0,933906.0,3.388884963
2025,1,Coahuila,Mujeres,24114.0,638240.0,3.778202557
2025,1,Colima,Hombres,4529.0,210690.0,2.149603683
2025,1,Colima,Mujeres,4548.0,162290.0,2.802390782
2025,1,Chiapas,Hombres,33904.0,1588178.0,2.134773306
2025,1,Chiapas,Mujeres,23241.0,721328.0,3.221973915
2025,1,Chihuahua,Hombres,17344.0,1064927.0,1.628656237
2025,1,Chihuahua,Mujeres,19829.0,752546.0,2.634921985
2025,1,Ciudad de México,Hombres,90293.0,2685936.0,3.361695886
2025,1,Ciudad de México,Mujeres,83517.0,2380749.0,3.508013655
2025,1,Durango,Hombres,16648.0,515256.0,3.231015262
2025,1,Durango,Mujeres,13459.0,358111.0,3.758331914
2025,1,Guanajuato,Hombres,38564.0,1674808.0,2.302592297
2025,1,Guanajuato,Mujeres,34147.0,1184959.0,2.88170308
2025,1,Guerrero,Hombres,8445.0,892743.0,0.945960932
2025,1,Guerrero,Mujeres,5099.0,641254.0,0.795160732
2025,1,Hidalgo,Hombres,11126.0,866437.0,1.28410952
2025,1,Hidalgo,Mujeres,18529.0,655759.0,2.825580739
2025,1,Jalisco,Hombres,39581.0,2394183.0,1.653215314
2025,1,Jalisco,Mujeres,27905.0,1598058.0,1.746181928
2025,1,México,Hombres,139087.0,4915831.0,2.829369032
2025,1,México,Mujeres,86089.0,3314490.0,2.597352836
2025,1,Michoacán,Hombres,12720.0,1363007.0,0.933230717
2025,1,Michoacán,Mujeres,13724.0,894517.0,1.534235794
2025,1,Morelos,Hombres,5557.0,509319.0,1.091064735
2025,1,Morelos,Mujeres,3779.0,379478.0,0.995841656
2025,1,Nayarit,Hombres,9088.0,369399.0,2.460212399
2025,1,Nayarit,Mujeres,6588.0,274793.0,2.397440983
2025,1,Nuevo León,Hombres,53383.0,1802735.0,2.961222809
2025,1,Nuevo León,Mujeres,27219.0,1123473.0,2.422755153
2025,1,Oaxaca,Hombres,19682.0,1088896.0,1.807518808
2025,1,Oaxaca,Mujeres,10178.0,740578.0,1.374331941
2025,1,Puebla,Hombres,44888.0,1779665.0,2.52227245
2025,1,Puebla,Mujeres,32796.0,1312457.0,2.498824723
2025,1,Querétaro,Hombres,14262.0,691382.0,2.062824893
2025,1,Querétaro,Mujeres,9803.0,525440.0,1.865674482
2025,1,Quintana Roo,Hombres,15887.0,603353.0,2.633118589
2025,1,Quintana Roo,Mujeres,7820.0,391918.0,1.995315347
2025,1,San Luis Potosí,Hombres,23810.0,775304.0,3.071053419
2025,1,San Luis Potosí,Mujeres,17135.0,510392.0,3.357223467
2025,1,Sinaloa,Hombres,21177.0,854733.0,2.477615817
2025,1,Sinaloa,Mujeres,19484.0,626276.0,3.111088402
2025,1,Sonora,Hombres,18151.0,818033.0,2.218859141
2025,1,Sonora,Mujeres,18413.0,607378.0,3.031555308
2025,1,Tabasco,Hombres,34913.0,703013.0,4.966195504
2025,1,Tabasco,Mujeres,20499.0,418826.0,4.894395286
2025,1,Tamaulipas,Hombres,36472.0,992704.0,3.674005544
2025,1,Tamaulipas,Mujeres,20841.0,697754.0,2.986869298
2025,1,Tlaxcala,Hombres,11139.0,402461.0,2.767721593
2025,1,Tlaxcala,Mujeres,6461.0,290528.0,2.223882035
2025,1,Veracruz,Hombres,43193.0,2187072.0,1.974923551
2025,1,Veracruz,Mujeres,25265.0,1299037.0,1.944902262
2025,1,Yucatán,Hombres,8772.0,714633.0,1.227483198
2025,1,Yucatán,Mujeres,10170.0,525224.0,1.936316695
2025,1,Zacatecas,Hombres,10387.0,414673.0,2.504865279
2025,1,Zacatecas,Mujeres,8917.0,255385.0,3.491591127
2025,2,Nacional,Hombres,936437.0,36046346.0,2.597869421
2025,2,Nacional,Mujeres,687808.0,25018659.0,2.749180122
2025,2,Aguascalientes,Hombres,13405.0,408357.0,3.282666882
2025,2,Aguascalientes,Mujeres,6899.0,264079.0,2.612475812
2025,2,Baja California,Hombres,26268.0,1084341.0,2.422485178
2025,2,Baja California,Mujeres,15167.0,706278.0,2.147454685
2025,2,Baja California Sur,Hombres,4991.0,269958.0,1.848806111
2025,2,Baja California Sur,Mujeres,5782.0,186975.0,3.092392031
2025,2,Campeche,Hombres,6869.0,261599.0,2.625774563
2025,2,Campeche,Mujeres,4488.0,173189.0,2.591388599
2025,2,Coahuila,Hombres,39460.0,977396.0,4.037258184
2025,2,Coahuila,Mujeres,21621.0,645146.0,3.351334427
2025,2,Colima,Hombres,3473.0,210631.0,1.648855107
2025,2,Colima,Mujeres,3107.0,162511.0,1.911870581
2025,2,Chiapas,Hombres,31932.0,1557465.0,2.050254741
2025,2,Chiapas,Mujeres,19904.0,714836.0,2.784414887
2025,2,Chihuahua,Hombres,26545.0,1120495.0,2.369042254
2025,2,Chihuahua,Mujeres,17859.0,784584.0,2.276238108
2025,2,Ciudad de México,Hombres,99043.0,2751984.0,3.598967145
2025,2,Ciudad de México,Mujeres,104603.0,2392437.0,4.372236343
2025,2,Durango,Hombres,14202.0,523224.0,2.714325031
2025,2,Durango,Mujeres,9316.0,360845.0,2.581717912
2025,2,Guanajuato,Hombres,43908.0,1671010.0,2.62763239
2025,2,Guanajuato,Mujeres,29386.0,1252606.0,2.345989082
2025,2,Guerrero,Hombres,9063.0,883897.0,1.025345713
2025,2,Guerrero,Mujeres,5662.0,638073.0,0.887359283
2025,2,Hidalgo,Hombres,12232.0,831230.0,1.471554203
2025,2,Hidalgo,Mujeres,15272.0,653286.0,2.337720386
2025,2,Jalisco,Hombres,69340.0,2410722.0,2.876316722
2025,2,Jalisco,Mujeres,38396.0,1571948.0,2.442574436
2025,2,México,Hombres,138073.0,4931211.0,2.799981587
2025,2,México,Mujeres,107103.0,3466082.0,3.090030761
2025,2,Michoacán,Hombres,25767.0,1377155.0,1.87103122
2025,2,Michoacán,Mujeres,11108.0,918601.0,1.209230123
2025,2,Morelos,Hombres,9093.0,501904.0,1.811701042
2025,2,Morelos,Mujeres,5261.0,358066.0,1.469282199
2025,2,Nayarit,Hombres,9174.0,362771.0,2.528868074
2025,2,Nayarit,Mujeres,6702.0,272963.0,2.455277822
2025,2,Nuevo León,Hombres,47269.0,1838747.0,2.570717994
2025,2,Nuevo León,Mujeres,37717.0,1157443.0,3.25864859
2025,2,Oaxaca,Hombres,12037.0,1083089.0,1.111358346
2025,2,Oaxaca,Mujeres,8017.0,770658.0,1.040279865
2025,2,Puebla,Hombres,60175.0,1765829.0,3.407747862
2025,2,Puebla,Mujeres,29552.0,1317154.0,2.243625271
2025,2,Querétaro,Hombres,12807.0,681007.0,1.880597409
2025,2,Querétaro,Mujeres,12392.0,531659.0,2.33081731
2025,2,Quintana Roo,Hombres,16446.0,603845.0,2.723546606
2025,2,Quintana Roo,Mujeres,11851.0,412180.0,2.875200155
2025,2,San Luis Potosí,Hombres,29413.0,784278.0,3.750328327
2025,2,San Luis Potosí,Mujeres,18376.0,494540.0,3.715776277
2025,2,Sinaloa,Hombres,20098.0,862055.0,2.331405769
2025,2,Sinaloa,Mujeres,12725.0,619840.0,2.052949148
2025,2,Sonora,Hombres,17785.0,843115.0,2.1094394
2025,2,Sonora,Mujeres,19890.0,657005.0,3.027374221
2025,2,Tabasco,Hombres,29049.0,711224.0,4.084367232
2025,2,Tabasco,Mujeres,20864.0,431845.0,4.831363105
2025,2,Tamaulipas,Hombres,36113.0,1009702.0,3.576599828
2025,2,Tamaulipas,Mujeres,26565.0,706244.0,3.761447885
2025,2,Tlaxcala,Hombres,10560.0,405826.0,2.602100408
2025,2,Tlaxcala,Mujeres,5846.0,297448.0,1.965385546
2025,2,Veracruz,Hombres,42586.0,2169753.0,1.962711885
2025,2,Veracruz,Mujeres,37662.0,1308812.0,2.877571416
2025,2,Yucatán,Hombres,11351.0,717098.0,1.582907776
2025,2,Yucatán,Mujeres,12776.0,524676.0,2.435026569
2025,2,Zacatecas,Hombres,7910.0,435428.0,1.816603434
2025,2,Zacatecas,Mujeres,5939.0,266650.0,2.227264204
