periodo,trimestre,entidad_federativa,sexo,poblacion_ocupada_asalariada,poblacion_ocupada,tasa_trabajo_asalariado
2005,1,Nacional,Hombres,15085947.0,26024568.0,57.96809768
2005,1,Nacional,Mujeres,8765962.0,14462503.0,60.61165208
2005,1,Aguascalientes,Hombres,166529.0,237959.0,69.98222383
2005,1,Aguascalientes,Mujeres,101015.0,141129.0,71.57635922
2005,1,Baja California,Hombres,463156.0,742805.0,62.35229973
2005,1,Baja California,Mujeres,291539.0,387132.0,75.30738869
2005,1,Baja California Sur,Hombres,91376.0,142281.0,64.22220817
2005,1,Baja California Sur,Mujeres,52836.0,72717.0,72.65976319
2005,1,Campeche,Hombres,112646.0,203614.0,55.32330783
2005,1,Campeche,Mujeres,60906.0,107901.0,56.44618678
2005,1,Coahuila,Hombres,434511.0,619630.0,70.12426771
2005,1,Coahuila,Mujeres,230925.0,325088.0,71.03461217
2005,1,Colima,Hombres,95259.0,157630.0,60.43202436
2005,1,Colima,Mujeres,64805.0,98766.0,65.61468522
2005,1,Chiapas,Hombres,429107.0,1085701.0,39.5234968
2005,1,Chiapas,Mujeres,180092.0,406477.0,44.30558187
2005,1,Chihuahua,Hombres,481492.0,816337.0,58.98201356
2005,1,Chihuahua,Mujeres,293013.0,381519.0,76.8016796
2005,1,Ciudad de México,Hombres,1427877.0,2246102.0,63.5713338
2005,1,Ciudad de México,Mujeres,1062048.0,1499950.0,70.80556019
2005,1,Durango,Hombres,210280.0,374478.0,56.15283141
2005,1,Durango,Mujeres,113474.0,177414.0,63.96000316
2005,1,Guanajuato,Hombres,683802.0,1144826.0,59.72977553
2005,1,Guanajuato,Mujeres,386814.0,692799.0,55.83351015
2005,1,Guerrero,Hombres,283411.0,685291.0,41.35629973
2005,1,Guerrero,Mujeres,159964.0,374618.0,42.70056431
2005,1,Hidalgo,Hombres,287330.0,602127.0,47.71916888
2005,1,Hidalgo,Mujeres,177929.0,340077.0,52.32020983
2005,1,Jalisco,Hombres,999124.0,1713046.0,58.3244116
2005,1,Jalisco,Mujeres,674235.0,1100747.0,61.2524949
2005,1,México,Hombres,2313145.0,3568287.0,64.82508274
2005,1,México,Mujeres,1230454.0,1912181.0,64.34819716
2005,1,Michoacán,Hombres,496184.0,988218.0,50.20997391
2005,1,Michoacán,Mujeres,264904.0,568319.0,46.61185003
2005,1,Morelos,Hombres,232894.0,394908.0,58.9742421
2005,1,Morelos,Mujeres,160922.0,267760.0,60.09934269
2005,1,Nayarit,Hombres,132022.0,262869.0,50.22349535
2005,1,Nayarit,Mujeres,87893.0,160947.0,54.60990264
2005,1,Nuevo León,Hombres,836299.0,1148916.0,72.79026491
2005,1,Nuevo León,Mujeres,452796.0,611271.0,74.07451032
2005,1,Oaxaca,Hombres,301258.0,833841.0,36.12895024
2005,1,Oaxaca,Mujeres,169975.0,519200.0,32.73786595
2005,1,Puebla,Hombres,720480.0,1310506.0,54.9772378
2005,1,Puebla,Mujeres,399666.0,797453.0,50.11781259
2005,1,Querétaro,Hombres,226869.0,369188.0,61.45080555
2005,1,Querétaro,Mujeres,156923.0,229490.0,68.37901434
2005,1,Quintana Roo,Hombres,183609.0,300468.0,61.10767203
2005,1,Quintana Roo,Mujeres,108085.0,169734.0,63.67905075
2005,1,San Luis Potosí,Hombres,311221.0,594537.0,52.34678414
2005,1,San Luis Potosí,Mujeres,186919.0,319655.0,58.47523111
2005,1,Sinaloa,Hombres,409016.0,744654.0,54.92698622
2005,1,Sinaloa,Mujeres,234731.0,391542.0,59.95040123
2005,1,Sonora,Hombres,397789.0,631245.0,63.01657835
2005,1,Sonora,Mujeres,230204.0,334918.0,68.73443649
2005,1,Tabasco,Hombres,324795.0,517447.0,62.76874733
2005,1,Tabasco,Mujeres,126930.0,203293.0,62.4369752
2005,1,Tamaulipas,Hombres,477680.0,774680.0,61.6615893
2005,1,Tamaulipas,Mujeres,293496.0,428118.0,68.55493112
2005,1,Tlaxcala,Hombres,153828.0,254779.0,60.37703264
2005,1,Tlaxcala,Mujeres,80168.0,133738.0,59.94406975
2005,1,Veracruz,Hombres,960458.0,1760691.0,54.55006018
2005,1,Veracruz,Mujeres,481713.0,873433.0,55.15168307
2005,1,Yucatán,Hombres,279991.0,475792.0,58.84735347
2005,1,Yucatán,Mujeres,161376.0,278726.0,57.89772034
2005,1,Zacatecas,Hombres,162509.0,321715.0,50.51334255
2005,1,Zacatecas,Mujeres,89212.0,156391.0,57.04420331
2005,2,Nacional,Hombres,14932039.0,25828444.0,57.81238312
2005,2,Nacional,Mujeres,8916302.0,14924540.0,59.74255823
2005,2,Aguascalientes,Hombres,168361.0,242206.0,69.51149022
2005,2,Aguascalientes,Mujeres,107049.0,145474.0,73.58634533
2005,2,Baja California,Hombres,454657.0,733123.0,62.01646927
2005,2,Baja California,Mujeres,290652.0,398098.0,73.01016333
2005,2,Baja California Sur,Hombres,97117.0,143845.0,67.51503354
2005,2,Baja California Sur,Mujeres,55831.0,75875.0,73.58286656
2005,2,Campeche,Hombres,115492.0,208507.0,55.38998691
2005,2,Campeche,Mujeres,65033.0,112242.0,57.93998681
2005,2,Coahuila,Hombres,445027.0,625521.0,71.14501352
2005,2,Coahuila,Mujeres,241102.0,335728.0,71.81468332
2005,2,Colima,Hombres,93426.0,158067.0,59.1053161
2005,2,Colima,Mujeres,63914.0,102899.0,62.11333443
2005,2,Chiapas,Hombres,427185.0,1099526.0,38.85174157
2005,2,Chiapas,Mujeres,191246.0,467068.0,40.94607209
2005,2,Chihuahua,Hombres,508569.0,833289.0,61.03152688
2005,2,Chihuahua,Mujeres,302776.0,428103.0,70.7250358
2005,2,Ciudad de México,Hombres,1422559.0,2204593.0,64.52705783
2005,2,Ciudad de México,Mujeres,1096980.0,1586207.0,69.15743027
2005,2,Durango,Hombres,209612.0,369721.0,56.69464272
2005,2,Durango,Mujeres,123115.0,180561.0,68.1847132
2005,2,Guanajuato,Hombres,660739.0,1112570.0,59.38853286
2005,2,Guanajuato,Mujeres,382616.0,673641.0,56.79820557
2005,2,Guerrero,Hombres,293153.0,691758.0,42.37797033
2005,2,Guerrero,Mujeres,176312.0,401662.0,43.89561372
2005,2,Hidalgo,Hombres,282570.0,599457.0,47.13765958
2005,2,Hidalgo,Mujeres,171904.0,345734.0,49.72146216
2005,2,Jalisco,Hombres,992917.0,1726559.0,57.50843151
2005,2,Jalisco,Mujeres,648688.0,1074316.0,60.38148925
2005,2,México,Hombres,2231212.0,3485962.0,64.00563173
2005,2,México,Mujeres,1197888.0,1902885.0,62.95115049
2005,2,Michoacán,Hombres,489551.0,956452.0,51.1840636
2005,2,Michoacán,Mujeres,296811.0,617596.0,48.05908717
2005,2,Morelos,Hombres,240447.0,399874.0,60.13069117
2005,2,Morelos,Mujeres,163980.0,264165.0,62.07483959
2005,2,Nayarit,Hombres,131554.0,256538.0,51.28051205
2005,2,Nayarit,Mujeres,85307.0,157552.0,54.14529806
2005,2,Nuevo León,Hombres,838183.0,1156378.0,72.48347859
2005,2,Nuevo León,Mujeres,463521.0,635556.0,72.93157487
2005,2,Oaxaca,Hombres,299719.0,837973.0,35.76714286
2005,2,Oaxaca,Mujeres,175942.0,575503.0,30.57186496
2005,2,Puebla,Hombres,666836.0,1279429.0,52.11981282
2005,2,Puebla,Mujeres,411587.0,805421.0,51.10209443
2005,2,Querétaro,Hombres,226357.0,376199.0,60.16948477
2005,2,Querétaro,Mujeres,161404.0,241300.0,66.88934936
2005,2,Quintana Roo,Hombres,190429.0,307367.0,61.95492685
2005,2,Quintana Roo,Mujeres,113110.0,181564.0,62.29759203
2005,2,San Luis Potosí,Hombres,304368.0,586299.0,51.91344348
2005,2,San Luis Potosí,Mujeres,195008.0,334344.0,58.32555691
2005,2,Sinaloa,Hombres,396097.0,716038.0,55.31787419
2005,2,Sinaloa,Mujeres,232151.0,417951.0,55.54502801
2005,2,Sonora,Hombres,385018.0,618721.0,62.22804786
2005,2,Sonora,Mujeres,229373.0,343349.0,66.80462154
2005,2,Tabasco,Hombres,331143.0,523158.0,63.29693897
2005,2,Tabasco,Mujeres,134156.0,210813.0,63.63744171
2005,2,Tamaulipas,Hombres,492420.0,791246.0,62.23348996
2005,2,Tamaulipas,Mujeres,310079.0,447575.0,69.27978551
2005,2,Tlaxcala,Hombres,158330.0,259107.0,61.10602956
2005,2,Tlaxcala,Mujeres,83864.0,140819.0,59.55446353
2005,2,Veracruz,Hombres,928165.0,1716719.0,54.06621585
2005,2,Veracruz,Mujeres,493522.0,864660.0,57.07700136
2005,2,Yucatán,Hombres,271515.0,474847.0,57.17947044
2005,2,Yucatán,Mujeres,160227.0,293092.0,54.66781761
2005,2,Zacatecas,Hombres,179311.0,337395.0,53.14571941
2005,2,Zacatecas,Mujeres,91154.0,162787.0,55.99587191
2005,3,Nacional,Hombres,15099408.0,26235792.0,57.5527051
2005,3,Nacional,Mujeres,9085155.0,15189569.0,59.81180243
2005,3,Aguascalientes,Hombres,169605.0,244698.0,69.31196822
2005,3,Aguascalientes,Mujeres,103611.0,144924.0,71.49333444
2005,3,Baja California,Hombres,458150.0,744000.0,61.57930108
2005,3,Baja California,Mujeres,297600.0,405486.0,73.39340939
2005,3,Baja California Sur,Hombres,97848.0,146343.0,66.86209795
2005,3,Baja California Sur,Mujeres,57106.0,75471.0,75.66614991
2005,3,Campeche,Hombres,113502.0,208124.0,54.53575753
2005,3,Campeche,Mujeres,63923.0,113784.0,56.17925192
2005,3,Coahuila,Hombres,453399.0,623525.0,72.71544846
2005,3,Coahuila,Mujeres,238301.0,318831.0,74.74210475
2005,3,Colima,Hombres,93802.0,158210.0,59.28955186
2005,3,Colima,Mujeres,65021.0,102977.0,63.14128398
2005,3,Chiapas,Hombres,446942.0,1108711.0,40.31185764
2005,3,Chiapas,Mujeres,198500.0,474091.0,41.86959887
2005,3,Chihuahua,Hombres,503000.0,847416.0,59.35691561
2005,3,Chihuahua,Mujeres,308981.0,444971.0,69.43845779
2005,3,Ciudad de México,Hombres,1424931.0,2211807.0,64.42383987
2005,3,Ciudad de México,Mujeres,1101924.0,1566721.0,70.33313526
2005,3,Durango,Hombres,210663.0,378111.0,55.71459175
2005,3,Durango,Mujeres,125172.0,180262.0,69.43892778
2005,3,Guanajuato,Hombres,676379.0,1158652.0,58.37637185
2005,3,Guanajuato,Mujeres,382248.0,700844.0,54.54109616
2005,3,Guerrero,Hombres,277764.0,755536.0,36.76383389
2005,3,Guerrero,Mujeres,190452.0,452699.0,42.07033813
2005,3,Hidalgo,Hombres,282201.0,601205.0,46.93923038
2005,3,Hidalgo,Mujeres,185002.0,386213.0,47.90154656
2005,3,Jalisco,Hombres,1013142.0,1756145.0,57.69124987
2005,3,Jalisco,Mujeres,669923.0,1115026.0,60.08137927
2005,3,México,Hombres,2257996.0,3531059.0,63.94670834
2005,3,México,Mujeres,1262048.0,1972155.0,63.99334738
2005,3,Michoacán,Hombres,501189.0,978669.0,51.21128798
2005,3,Michoacán,Mujeres,286590.0,631065.0,45.4137054
2005,3,Morelos,Hombres,245925.0,412663.0,59.59463291
2005,3,Morelos,Mujeres,160654.0,263728.0,60.91655039
2005,3,Nayarit,Hombres,127060.0,251568.0,50.50721872
2005,3,Nayarit,Mujeres,82095.0,154532.0,53.12491911
2005,3,Nuevo León,Hombres,830744.0,1165506.0,71.27753954
2005,3,Nuevo León,Mujeres,460389.0,645267.0,71.34860453
2005,3,Oaxaca,Hombres,321569.0,878977.0,36.58446125
2005,3,Oaxaca,Mujeres,184737.0,563649.0,32.77518456
2005,3,Puebla,Hombres,666232.0,1307899.0,50.93910157
2005,3,Puebla,Mujeres,422202.0,842506.0,50.11264015
2005,3,Querétaro,Hombres,236556.0,383808.0,61.63394197
2005,3,Querétaro,Mujeres,162620.0,246045.0,66.09360076
2005,3,Quintana Roo,Hombres,203112.0,319276.0,63.61643218
2005,3,Quintana Roo,Mujeres,113579.0,181787.0,62.47916518
2005,3,San Luis Potosí,Hombres,303017.0,586434.0,51.6711173
2005,3,San Luis Potosí,Mujeres,192968.0,334273.0,57.72766571
2005,3,Sinaloa,Hombres,365057.0,691214.0,52.81388976
2005,3,Sinaloa,Mujeres,221564.0,380321.0,58.25710387
2005,3,Sonora,Hombres,376140.0,601023.0,62.58329548
2005,3,Sonora,Mujeres,220238.0,331872.0,66.36233247
2005,3,Tabasco,Hombres,330915.0,529029.0,62.55139132
2005,3,Tabasco,Mujeres,132978.0,222366.0,59.80140849
2005,3,Tamaulipas,Hombres,487933.0,775320.0,62.93311149
2005,3,Tamaulipas,Mujeres,316352.0,431667.0,73.28612101
2005,3,Tlaxcala,Hombres,154051.0,264393.0,58.26591476
2005,3,Tlaxcala,Mujeres,86978.0,153120.0,56.803814
2005,3,Veracruz,Hombres,1015851.0,1788395.0,56.80238426
2005,3,Veracruz,Mujeres,529225.0,883938.0,59.87128056
2005,3,Yucatán,Hombres,281870.0,484247.0,58.20789804
2005,3,Yucatán,Mujeres,163146.0,295382.0,55.23220779
2005,3,Zacatecas,Hombres,172863.0,343829.0,50.27586387
2005,3,Zacatecas,Mujeres,99028.0,173596.0,57.0450932
2005,4,Nacional,Hombres,15490478.0,26462901.0,58.53658297
2005,4,Nacional,Mujeres,9478151.0,15503097.0,61.13714569
2005,4,Aguascalientes,Hombres,177904.0,251338.0,70.78277061
2005,4,Aguascalientes,Mujeres,110484.0,150916.0,73.20893742
2005,4,Baja California,Hombres,460682.0,746581.0,61.70556175
2005,4,Baja California,Mujeres,317363.0,427990.0,74.15196617
2005,4,Baja California Sur,Hombres,99296.0,149562.0,66.39119562
2005,4,Baja California Sur,Mujeres,60483.0,82251.0,73.53466827
2005,4,Campeche,Hombres,113007.0,207818.0,54.3778691
2005,4,Campeche,Mujeres,66591.0,113669.0,58.58325489
2005,4,Coahuila,Hombres,451443.0,627512.0,71.94173179
2005,4,Coahuila,Mujeres,245530.0,339133.0,72.39932416
2005,4,Colima,Hombres,95476.0,158537.0,60.22316557
2005,4,Colima,Mujeres,66197.0,107383.0,61.64569811
2005,4,Chiapas,Hombres,480746.0,1094280.0,43.9326315
2005,4,Chiapas,Mujeres,194248.0,451215.0,43.04998726
2005,4,Chihuahua,Hombres,516205.0,865259.0,59.65901539
2005,4,Chihuahua,Mujeres,316576.0,444791.0,71.17410199
2005,4,Ciudad de México,Hombres,1421296.0,2250365.0,63.1584654
2005,4,Ciudad de México,Mujeres,1176721.0,1663476.0,70.73868213
2005,4,Durango,Hombres,218439.0,379803.0,57.51376371
2005,4,Durango,Mujeres,121736.0,179178.0,67.94137673
2005,4,Guanajuato,Hombres,682346.0,1185058.0,57.57912271
2005,4,Guanajuato,Mujeres,405525.0,733663.0,55.27401545
2005,4,Guerrero,Hombres,261342.0,747758.0,34.95007743
2005,4,Guerrero,Mujeres,197658.0,435332.0,45.40396755
2005,4,Hidalgo,Hombres,277500.0,583456.0,47.56142708
2005,4,Hidalgo,Mujeres,192233.0,365174.0,52.6414805
2005,4,Jalisco,Hombres,1017080.0,1755308.0,57.94310742
2005,4,Jalisco,Mujeres,676411.0,1114903.0,60.66994169
2005,4,México,Hombres,2329260.0,3572522.0,65.19931858
2005,4,México,Mujeres,1316642.0,1991975.0,66.09731548
2005,4,Michoacán,Hombres,497263.0,980260.0,50.72766409
2005,4,Michoacán,Mujeres,309154.0,652085.0,47.41007691
2005,4,Morelos,Hombres,249770.0,419133.0,59.59206266
2005,4,Morelos,Mujeres,158150.0,262021.0,60.35775758
2005,4,Nayarit,Hombres,135049.0,266391.0,50.69578176
2005,4,Nayarit,Mujeres,88294.0,158746.0,55.61966916
2005,4,Nuevo León,Hombres,856809.0,1189963.0,72.00299505
2005,4,Nuevo León,Mujeres,465929.0,651975.0,71.46424326
2005,4,Oaxaca,Hombres,338846.0,860697.0,39.36879064
2005,4,Oaxaca,Mujeres,196054.0,560987.0,34.94804692
2005,4,Puebla,Hombres,679771.0,1300312.0,52.27753032
2005,4,Puebla,Mujeres,435863.0,835909.0,52.14239828
2005,4,Querétaro,Hombres,255898.0,399713.0,64.02043466
2005,4,Querétaro,Mujeres,172206.0,253833.0,67.84224273
2005,4,Quintana Roo,Hombres,205717.0,323243.0,63.64159471
2005,4,Quintana Roo,Mujeres,111730.0,173951.0,64.23073164
2005,4,San Luis Potosí,Hombres,311329.0,588171.0,52.93171544
2005,4,San Luis Potosí,Mujeres,201236.0,342375.0,58.77648777
2005,4,Sinaloa,Hombres,384359.0,720359.0,53.35659026
2005,4,Sinaloa,Mujeres,243426.0,416125.0,58.49828777
2005,4,Sonora,Hombres,412092.0,625872.0,65.84285605
2005,4,Sonora,Mujeres,236681.0,335860.0,70.47013637
2005,4,Tabasco,Hombres,348851.0,535473.0,65.14819608
2005,4,Tabasco,Mujeres,131072.0,211409.0,61.99925263
2005,4,Tamaulipas,Hombres,499556.0,798122.0,62.59143339
2005,4,Tamaulipas,Mujeres,325103.0,459741.0,70.71438049
2005,4,Tlaxcala,Hombres,164499.0,267359.0,61.52738453
2005,4,Tlaxcala,Mujeres,93703.0,161703.0,57.94759528
2005,4,Veracruz,Hombres,1076827.0,1783742.0,60.36898834
2005,4,Veracruz,Mujeres,572550.0,947133.0,60.45085537
2005,4,Yucatán,Hombres,285493.0,477867.0,59.74319214
2005,4,Yucatán,Mujeres,168970.0,295894.0,57.10490919
2005,4,Zacatecas,Hombres,186327.0,351067.0,53.07448436
2005,4,Zacatecas,Mujeres,103632.0,182301.0,56.84664374
2006,1,Nacional,Hombres,15533741.0,26393613.0,58.85416673
2006,1,Nacional,Mujeres,9583669.0,15476662.0,61.92335918
2006,1,Aguascalientes,Hombres,179096.0,249642.0,71.7411333
2006,1,Aguascalientes,Mujeres,110286.0,148571.0,74.23117567
2006,1,Baja California,Hombres,468317.0,755440.0,61.99261358
2006,1,Baja California,Mujeres,324085.0,432535.0,74.92688453
2006,1,Baja California Sur,Hombres,102110.0,152371.0,67.01406436
2006,1,Baja California Sur,Mujeres,59425.0,78292.0,75.90175241
2006,1,Campeche,Hombres,115746.0,205741.0,56.25811093
2006,1,Campeche,Mujeres,66459.0,114736.0,57.92340678
2006,1,Coahuila,Hombres,445263.0,636260.0,69.98129695
2006,1,Coahuila,Mujeres,235133.0,338599.0,69.44291035
2006,1,Colima,Hombres,93707.0,159545.0,58.73389953
2006,1,Colima,Mujeres,68215.0,106913.0,63.80421464
2006,1,Chiapas,Hombres,479619.0,1104735.0,43.41484609
2006,1,Chiapas,Mujeres,198051.0,420276.0,47.12403278
2006,1,Chihuahua,Hombres,518190.0,861657.0,60.13877912
2006,1,Chihuahua,Mujeres,318099.0,442328.0,71.91473296
2006,1,Ciudad de México,Hombres,1415537.0,2243432.0,63.09694254
2006,1,Ciudad de México,Mujeres,1183772.0,1635924.0,72.36106323
2006,1,Durango,Hombres,214973.0,375977.0,57.17716775
2006,1,Durango,Mujeres,123589.0,176333.0,70.08841227
2006,1,Guanajuato,Hombres,683035.0,1159565.0,58.90441674
2006,1,Guanajuato,Mujeres,412603.0,701685.0,58.80174152
2006,1,Guerrero,Hombres,290338.0,662523.0,43.82308237
2006,1,Guerrero,Mujeres,210766.0,442140.0,47.66951644
2006,1,Hidalgo,Hombres,288890.0,601607.0,48.01972052
2006,1,Hidalgo,Mujeres,183838.0,345106.0,53.27000979
2006,1,Jalisco,Hombres,1041125.0,1743683.0,59.70838736
2006,1,Jalisco,Mujeres,680786.0,1112333.0,61.20343458
2006,1,México,Hombres,2367295.0,3579611.0,66.13274459
2006,1,México,Mujeres,1414736.0,2088797.0,67.72970279
2006,1,Michoacán,Hombres,500447.0,991652.0,50.46599009
2006,1,Michoacán,Mujeres,309405.0,613903.0,50.39965597
2006,1,Morelos,Hombres,252540.0,417599.0,60.47428274
2006,1,Morelos,Mujeres,162458.0,264796.0,61.35213523
2006,1,Nayarit,Hombres,140990.0,267085.0,52.78843814
2006,1,Nayarit,Mujeres,85720.0,158136.0,54.20650579
2006,1,Nuevo León,Hombres,840691.0,1185944.0,70.88791714
2006,1,Nuevo León,Mujeres,481304.0,658620.0,73.0776472
2006,1,Oaxaca,Hombres,315453.0,845946.0,37.28996886
2006,1,Oaxaca,Mujeres,202815.0,583483.0,34.75936745
2006,1,Puebla,Hombres,670250.0,1279961.0,52.36487674
2006,1,Puebla,Mujeres,399380.0,825175.0,48.39943042
2006,1,Querétaro,Hombres,244895.0,386907.0,63.29557232
2006,1,Querétaro,Mujeres,174330.0,248507.0,70.15094142
2006,1,Quintana Roo,Hombres,209074.0,322313.0,64.86675995
2006,1,Quintana Roo,Mujeres,118266.0,186730.0,63.33529695
2006,1,San Luis Potosí,Hombres,323776.0,603006.0,53.69366142
2006,1,San Luis Potosí,Mujeres,204327.0,349463.0,58.46885078
2006,1,Sinaloa,Hombres,399259.0,731142.0,54.60758649
2006,1,Sinaloa,Mujeres,240140.0,424600.0,56.5567593
2006,1,Sonora,Hombres,405442.0,639269.0,63.42275318
2006,1,Sonora,Mujeres,252148.0,355253.0,70.97702201
2006,1,Tabasco,Hombres,339165.0,537791.0,63.0663213
2006,1,Tabasco,Mujeres,135939.0,227680.0,59.70616655
2006,1,Tamaulipas,Hombres,504027.0,793590.0,63.51226704
2006,1,Tamaulipas,Mujeres,324239.0,464159.0,69.85515739
2006,1,Tlaxcala,Hombres,162073.0,264932.0,61.17532046
2006,1,Tlaxcala,Mujeres,87165.0,146736.0,59.40260059
2006,1,Veracruz,Hombres,1053922.0,1820506.0,57.89170703
2006,1,Veracruz,Mujeres,552264.0,923917.0,59.7742005
2006,1,Yucatán,Hombres,298386.0,487445.0,61.21429084
2006,1,Yucatán,Mujeres,165708.0,289344.0,57.27023889
2006,1,Zacatecas,Hombres,170110.0,326736.0,52.0634396
2006,1,Zacatecas,Mujeres,98218.0,171592.0,57.23926523
2006,2,Nacional,Hombres,15798592.0,26691557.0,59.18947329
2006,2,Nacional,Mujeres,9649994.0,15659981.0,61.62200325
2006,2,Aguascalientes,Hombres,178418.0,250483.0,71.22958444
2006,2,Aguascalientes,Mujeres,109287.0,149849.0,72.93141763
2006,2,Baja California,Hombres,466044.0,745662.0,62.50070407
2006,2,Baja California,Mujeres,350564.0,464391.0,75.48897373
2006,2,Baja California Sur,Hombres,104855.0,155528.0,67.41872846
2006,2,Baja California Sur,Mujeres,58385.0,78162.0,74.6974233
2006,2,Campeche,Hombres,125325.0,213082.0,58.81538563
2006,2,Campeche,Mujeres,68047.0,113405.0,60.00352718
2006,2,Coahuila,Hombres,467741.0,648137.0,72.16699556
2006,2,Coahuila,Mujeres,251495.0,357968.0,70.25627989
2006,2,Colima,Hombres,102895.0,166481.0,61.80585172
2006,2,Colima,Mujeres,67136.0,107503.0,62.45035022
2006,2,Chiapas,Hombres,460986.0,1111481.0,41.47493299
2006,2,Chiapas,Mujeres,187048.0,427678.0,43.73570771
2006,2,Chihuahua,Hombres,522946.0,873174.0,59.89023952
2006,2,Chihuahua,Mujeres,335388.0,467300.0,71.77145303
2006,2,Ciudad de México,Hombres,1428016.0,2247077.0,63.54993621
2006,2,Ciudad de México,Mujeres,1147896.0,1637083.0,70.11837518
2006,2,Durango,Hombres,221539.0,376048.0,58.91242607
2006,2,Durango,Mujeres,124277.0,179907.0,69.07846832
2006,2,Guanajuato,Hombres,687130.0,1194697.0,57.51500171
2006,2,Guanajuato,Mujeres,447285.0,735394.0,60.82249787
2006,2,Guerrero,Hombres,292795.0,727393.0,40.25265572
2006,2,Guerrero,Mujeres,207595.0,477217.0,43.50117452
2006,2,Hidalgo,Hombres,306915.0,615049.0,49.9009022
2006,2,Hidalgo,Mujeres,186445.0,359108.0,51.91892133
2006,2,Jalisco,Hombres,1048000.0,1778276.0,58.93348389
2006,2,Jalisco,Mujeres,675354.0,1086948.0,62.13305512
2006,2,México,Hombres,2352851.0,3602496.0,65.31168945
2006,2,México,Mujeres,1356114.0,2044134.0,66.34173689
2006,2,Michoacán,Hombres,489205.0,989244.0,49.45241012
2006,2,Michoacán,Mujeres,313005.0,657945.0,47.57312541
2006,2,Morelos,Hombres,257430.0,424689.0,60.61612144
2006,2,Morelos,Mujeres,160151.0,268713.0,59.59927506
2006,2,Nayarit,Hombres,138978.0,264649.0,52.51408469
2006,2,Nayarit,Mujeres,89778.0,161367.0,55.63591069
2006,2,Nuevo León,Hombres,866839.0,1205841.0,71.88667494
2006,2,Nuevo León,Mujeres,482613.0,664557.0,72.62176156
2006,2,Oaxaca,Hombres,334914.0,852831.0,39.27085202
2006,2,Oaxaca,Mujeres,192751.0,538693.0,35.78123347
2006,2,Puebla,Hombres,710663.0,1330063.0,53.43077734
2006,2,Puebla,Mujeres,451564.0,883958.0,51.08432754
2006,2,Querétaro,Hombres,248791.0,383122.0,64.93780049
2006,2,Querétaro,Mujeres,177560.0,255451.0,69.50843802
2006,2,Quintana Roo,Hombres,211533.0,326617.0,64.7648469
2006,2,Quintana Roo,Mujeres,125523.0,193176.0,64.97856877
2006,2,San Luis Potosí,Hombres,325560.0,589261.0,55.24886256
2006,2,San Luis Potosí,Mujeres,198861.0,334135.0,59.51516603
2006,2,Sinaloa,Hombres,413951.0,729450.0,56.74837206
2006,2,Sinaloa,Mujeres,246037.0,417112.0,58.98583594
2006,2,Sonora,Hombres,403985.0,631272.0,63.99539343
2006,2,Sonora,Mujeres,258389.0,369050.0,70.01463216
2006,2,Tabasco,Hombres,359287.0,528408.0,67.9942393
2006,2,Tabasco,Mujeres,137361.0,214864.0,63.92927619
2006,2,Tamaulipas,Hombres,514780.0,795974.0,64.6729667
2006,2,Tamaulipas,Mujeres,335495.0,469017.0,71.53152231
2006,2,Tlaxcala,Hombres,163087.0,268313.0,60.78236984
2006,2,Tlaxcala,Mujeres,87073.0,155946.0,55.83535326
2006,2,Veracruz,Hombres,1109864.0,1828056.0,60.71280092
2006,2,Veracruz,Mujeres,551595.0,911224.0,60.5334144
2006,2,Yucatán,Hombres,299942.0,498509.0,60.16782044
2006,2,Yucatán,Mujeres,167149.0,299984.0,55.71930503
2006,2,Zacatecas,Hombres,183327.0,340194.0,53.88895748
2006,2,Zacatecas,Mujeres,102773.0,178742.0,57.49795795
2006,3,Nacional,Hombres,15809986.0,26825115.0,58.93725339
2006,3,Nacional,Mujeres,9738946.0,15951332.0,61.05412388
2006,3,Aguascalientes,Hombres,182961.0,252886.0,72.34920083
2006,3,Aguascalientes,Mujeres,111395.0,153402.0,72.61639353
2006,3,Baja California,Hombres,493838.0,760215.0,64.96030728
2006,3,Baja California,Mujeres,333614.0,452858.0,73.66856719
2006,3,Baja California Sur,Hombres,109505.0,156187.0,70.11146894
2006,3,Baja California Sur,Mujeres,58929.0,77887.0,75.65960943
2006,3,Campeche,Hombres,120248.0,208168.0,57.76488221
2006,3,Campeche,Mujeres,67449.0,112311.0,60.05556001
2006,3,Coahuila,Hombres,477602.0,662520.0,72.08869166
2006,3,Coahuila,Mujeres,257031.0,357660.0,71.86462003
2006,3,Colima,Hombres,99487.0,166591.0,59.71931257
2006,3,Colima,Mujeres,65789.0,106069.0,62.02471976
2006,3,Chiapas,Hombres,451785.0,1125158.0,40.1530274
2006,3,Chiapas,Mujeres,192880.0,433916.0,44.45099973
2006,3,Chihuahua,Hombres,528234.0,861639.0,61.30572084
2006,3,Chihuahua,Mujeres,352638.0,479351.0,73.56571698
2006,3,Ciudad de México,Hombres,1465454.0,2284180.0,64.15667767
2006,3,Ciudad de México,Mujeres,1203744.0,1673658.0,71.92293766
2006,3,Durango,Hombres,214500.0,373530.0,57.42510642
2006,3,Durango,Mujeres,117542.0,178354.0,65.90376442
2006,3,Guanajuato,Hombres,661460.0,1204596.0,54.91135617
2006,3,Guanajuato,Mujeres,441782.0,751360.0,58.79764693
2006,3,Guerrero,Hombres,283990.0,733200.0,38.73295145
2006,3,Guerrero,Mujeres,202537.0,490011.0,41.33315375
2006,3,Hidalgo,Hombres,296926.0,607594.0,48.86914617
2006,3,Hidalgo,Mujeres,184951.0,338962.0,54.56393342
2006,3,Jalisco,Hombres,1056794.0,1761415.0,59.99687751
2006,3,Jalisco,Mujeres,689754.0,1106365.0,62.34416309
2006,3,México,Hombres,2368444.0,3622073.0,65.38918459
2006,3,México,Mujeres,1385170.0,2137104.0,64.81528274
2006,3,Michoacán,Hombres,474131.0,1002264.0,47.30599922
2006,3,Michoacán,Mujeres,281686.0,627754.0,44.87203586
2006,3,Morelos,Hombres,256407.0,426416.0,60.13071742
2006,3,Morelos,Mujeres,155015.0,262792.0,58.98771652
2006,3,Nayarit,Hombres,140133.0,264899.0,52.90053945
2006,3,Nayarit,Mujeres,83375.0,158748.0,52.52034671
2006,3,Nuevo León,Hombres,886669.0,1228436.0,72.178689
2006,3,Nuevo León,Mujeres,498905.0,685391.0,72.79129723
2006,3,Oaxaca,Hombres,313007.0,870734.0,35.94748798
2006,3,Oaxaca,Mujeres,196202.0,584795.0,33.55056045
2006,3,Puebla,Hombres,723586.0,1331016.0,54.36343365
2006,3,Puebla,Mujeres,436143.0,894825.0,48.74059174
2006,3,Querétaro,Hombres,251862.0,387235.0,65.0411249
2006,3,Querétaro,Mujeres,173018.0,253551.0,68.23794818
2006,3,Quintana Roo,Hombres,226163.0,341692.0,66.1891411
2006,3,Quintana Roo,Mujeres,128933.0,201888.0,63.86362736
2006,3,San Luis Potosí,Hombres,334116.0,605248.0,55.20315639
2006,3,San Luis Potosí,Mujeres,198127.0,335281.0,59.09282065
2006,3,Sinaloa,Hombres,398681.0,701287.0,56.84990596
2006,3,Sinaloa,Mujeres,227490.0,388808.0,58.50959857
2006,3,Sonora,Hombres,383193.0,594752.0,64.42903933
2006,3,Sonora,Mujeres,254708.0,362988.0,70.16981278
2006,3,Tabasco,Hombres,354647.0,529794.0,66.9405467
2006,3,Tabasco,Mujeres,144050.0,224925.0,64.04357008
2006,3,Tamaulipas,Hombres,515551.0,790692.0,65.20250616
2006,3,Tamaulipas,Mujeres,341324.0,486890.0,70.10289799
2006,3,Tlaxcala,Hombres,157441.0,267700.0,58.81247665
2006,3,Tlaxcala,Mujeres,91413.0,159928.0,57.15884648
2006,3,Veracruz,Hombres,1113012.0,1861126.0,59.80315143
2006,3,Veracruz,Mujeres,571589.0,956144.0,59.78063974
2006,3,Yucatán,Hombres,302473.0,495627.0,61.02835398
2006,3,Yucatán,Mujeres,182864.0,318449.0,57.42332367
2006,3,Zacatecas,Hombres,167686.0,346245.0,48.42986902
2006,3,Zacatecas,Mujeres,108899.0,198907.0,54.74870165
2006,4,Nacional,Hombres,16098581.0,26996701.0,59.63166018
2006,4,Nacional,Mujeres,9954352.0,16113207.0,61.77759648
2006,4,Aguascalientes,Hombres,189096.0,260411.0,72.61444409
2006,4,Aguascalientes,Mujeres,118806.0,163337.0,72.73673448
2006,4,Baja California,Hombres,492716.0,757504.0,65.04467303
2006,4,Baja California,Mujeres,337349.0,454089.0,74.29138341
2006,4,Baja California Sur,Hombres,114327.0,162585.0,70.31829505
2006,4,Baja California Sur,Mujeres,61335.0,83090.0,73.81754724
2006,4,Campeche,Hombres,119985.0,212398.0,56.49064492
2006,4,Campeche,Mujeres,68723.0,112919.0,60.86043978
2006,4,Coahuila,Hombres,492848.0,678099.0,72.68083274
2006,4,Coahuila,Mujeres,267201.0,369072.0,72.39806867
2006,4,Colima,Hombres,105838.0,163365.0,64.78621492
2006,4,Colima,Mujeres,67737.0,107634.0,62.93271643
2006,4,Chiapas,Hombres,431746.0,1117195.0,38.64553637
2006,4,Chiapas,Mujeres,191035.0,435329.0,43.88290236
2006,4,Chihuahua,Hombres,548641.0,867622.0,63.23502631
2006,4,Chihuahua,Mujeres,329998.0,451665.0,73.06255743
2006,4,Ciudad de México,Hombres,1444592.0,2238155.0,64.54387654
2006,4,Ciudad de México,Mujeres,1206383.0,1698340.0,71.03306758
2006,4,Durango,Hombres,223960.0,374667.0,59.77574753
2006,4,Durango,Mujeres,130723.0,192606.0,67.870679
2006,4,Guanajuato,Hombres,714150.0,1230943.0,58.0164963
2006,4,Guanajuato,Mujeres,443235.0,729050.0,60.79624168
2006,4,Guerrero,Hombres,288599.0,746111.0,38.68043763
2006,4,Guerrero,Mujeres,204725.0,472289.0,43.34739958
2006,4,Hidalgo,Hombres,310714.0,598402.0,51.92395747
2006,4,Hidalgo,Mujeres,179876.0,326238.0,55.13643414
2006,4,Jalisco,Hombres,1050171.0,1776750.0,59.10628957
2006,4,Jalisco,Mujeres,713403.0,1116985.0,63.8686285
2006,4,México,Hombres,2404652.0,3677481.0,65.38856353
2006,4,México,Mujeres,1436038.0,2158427.0,66.53169183
2006,4,Michoacán,Hombres,506554.0,1007822.0,50.26224869
2006,4,Michoacán,Mujeres,292511.0,642639.0,45.5171566
2006,4,Morelos,Hombres,250892.0,418747.0,59.9149367
2006,4,Morelos,Mujeres,176496.0,278537.0,63.36536977
2006,4,Nayarit,Hombres,144920.0,270260.0,53.62243765
2006,4,Nayarit,Mujeres,92942.0,162697.0,57.12582285
2006,4,Nuevo León,Hombres,899769.0,1231936.0,73.03699218
2006,4,Nuevo León,Mujeres,510765.0,681543.0,74.94244677
2006,4,Oaxaca,Hombres,323621.0,861433.0,37.56775048
2006,4,Oaxaca,Mujeres,187974.0,563767.0,33.34249788
2006,4,Puebla,Hombres,785754.0,1332872.0,58.95194737
2006,4,Puebla,Mujeres,436648.0,892419.0,48.92858624
2006,4,Querétaro,Hombres,257958.0,394155.0,65.44582715
2006,4,Querétaro,Mujeres,178983.0,257997.0,69.37406249
2006,4,Quintana Roo,Hombres,232208.0,345777.0,67.15542098
2006,4,Quintana Roo,Mujeres,131215.0,200609.0,65.40833163
2006,4,San Luis Potosí,Hombres,336779.0,603684.0,55.78729932
2006,4,San Luis Potosí,Mujeres,218361.0,368318.0,59.28599743
2006,4,Sinaloa,Hombres,403235.0,717384.0,56.20908746
2006,4,Sinaloa,Mujeres,244665.0,395404.0,61.87721925
2006,4,Sonora,Hombres,396713.0,612668.0,64.75170892
2006,4,Sonora,Mujeres,279010.0,371399.0,75.12405795
2006,4,Tabasco,Hombres,356057.0,534753.0,66.58345068
2006,4,Tabasco,Mujeres,159556.0,237218.0,67.26133767
2006,4,Tamaulipas,Hombres,526634.0,803846.0,65.51429005
2006,4,Tamaulipas,Mujeres,333769.0,488921.0,68.26644795
2006,4,Tlaxcala,Hombres,162609.0,268602.0,60.53901311
2006,4,Tlaxcala,Mujeres,93929.0,164716.0,57.02481848
2006,4,Veracruz,Hombres,1090813.0,1865282.0,58.47979019
2006,4,Veracruz,Mujeres,576702.0,1002857.0,57.50590563
2006,4,Yucatán,Hombres,310357.0,504934.0,61.46486471
2006,4,Yucatán,Mujeres,177197.0,317531.0,55.8046301
2006,4,Zacatecas,Hombres,181673.0,360858.0,50.34473394
2006,4,Zacatecas,Mujeres,107062.0,215565.0,49.66576207
2007,1,Nacional,Hombres,16032686.0,26786676.0,59.8532121
2007,1,Nacional,Mujeres,9842913.0,15930777.0,61.78551743
2007,1,Aguascalientes,Hombres,181953.0,257536.0,70.65148173
2007,1,Aguascalientes,Mujeres,113603.0,159018.0,71.44034009
2007,1,Baja California,Hombres,504048.0,762338.0,66.11870325
2007,1,Baja California,Mujeres,330060.0,443850.0,74.36296046
2007,1,Baja California Sur,Hombres,111835.0,161159.0,69.39420076
2007,1,Baja California Sur,Mujeres,60350.0,84490.0,71.42857143
2007,1,Campeche,Hombres,121086.0,207104.0,58.46627781
2007,1,Campeche,Mujeres,67670.0,112782.0,60.00070933
2007,1,Coahuila,Hombres,493362.0,672562.0,73.35561629
2007,1,Coahuila,Mujeres,254013.0,357083.0,71.13556232
2007,1,Colima,Hombres,104204.0,162359.0,64.18122802
2007,1,Colima,Mujeres,70648.0,108349.0,65.20410894
2007,1,Chiapas,Hombres,436019.0,1112153.0,39.20494752
2007,1,Chiapas,Mujeres,180287.0,439548.0,41.01645327
2007,1,Chihuahua,Hombres,522886.0,865891.0,60.38704641
2007,1,Chihuahua,Mujeres,340381.0,462584.0,73.58252771
2007,1,Ciudad de México,Hombres,1453017.0,2257972.0,64.35053225
2007,1,Ciudad de México,Mujeres,1193267.0,1686597.0,70.74997762
2007,1,Durango,Hombres,236208.0,380041.0,62.15329399
2007,1,Durango,Mujeres,126270.0,186846.0,67.57971806
2007,1,Guanajuato,Hombres,705267.0,1201859.0,58.68134282
2007,1,Guanajuato,Mujeres,427798.0,703465.0,60.81297577
2007,1,Guerrero,Hombres,322329.0,721073.0,44.70129931
2007,1,Guerrero,Mujeres,210837.0,457128.0,46.12209272
2007,1,Hidalgo,Hombres,314099.0,599501.0,52.39340718
2007,1,Hidalgo,Mujeres,188701.0,351957.0,53.61478817
2007,1,Jalisco,Hombres,1096077.0,1786711.0,61.34607108
2007,1,Jalisco,Mujeres,706988.0,1111831.0,63.58772152
2007,1,México,Hombres,2349469.0,3600483.0,65.25427283
2007,1,México,Mujeres,1384202.0,2106619.0,65.70727787
2007,1,Michoacán,Hombres,500520.0,996732.0,50.21610624
2007,1,Michoacán,Mujeres,289580.0,605417.0,47.83149466
2007,1,Morelos,Hombres,261274.0,418236.0,62.47047122
2007,1,Morelos,Mujeres,169597.0,273594.0,61.988567
2007,1,Nayarit,Hombres,142357.0,269524.0,52.81793087
2007,1,Nayarit,Mujeres,91664.0,163100.0,56.20110362
2007,1,Nuevo León,Hombres,908250.0,1233657.0,73.62257094
2007,1,Nuevo León,Mujeres,512345.0,692216.0,74.01519179
2007,1,Oaxaca,Hombres,328537.0,838983.0,39.15895793
2007,1,Oaxaca,Mujeres,197555.0,529051.0,37.34139053
2007,1,Puebla,Hombres,741206.0,1339236.0,55.34543576
2007,1,Puebla,Mujeres,428847.0,875064.0,49.00750117
2007,1,Querétaro,Hombres,253357.0,397237.0,63.77980903
2007,1,Querétaro,Mujeres,182354.0,261377.0,69.76665889
2007,1,Quintana Roo,Hombres,235337.0,348438.0,67.54056676
2007,1,Quintana Roo,Mujeres,135513.0,212898.0,63.65160781
2007,1,San Luis Potosí,Hombres,327409.0,600636.0,54.51038566
2007,1,San Luis Potosí,Mujeres,204754.0,347344.0,58.94847759
2007,1,Sinaloa,Hombres,415351.0,710342.0,58.47197547
2007,1,Sinaloa,Mujeres,258287.0,403736.0,63.97423069
2007,1,Sonora,Hombres,388681.0,605581.0,64.18315634
2007,1,Sonora,Mujeres,272168.0,373322.0,72.90435603
2007,1,Tabasco,Hombres,363283.0,539570.0,67.32824286
2007,1,Tabasco,Mujeres,162877.0,261469.0,62.2930443
2007,1,Tamaulipas,Hombres,521495.0,786505.0,66.3053636
2007,1,Tamaulipas,Mujeres,340052.0,475571.0,71.50393947
2007,1,Tlaxcala,Hombres,160001.0,265364.0,60.29491566
2007,1,Tlaxcala,Mujeres,90652.0,160433.0,56.50458447
2007,1,Veracruz,Hombres,1067747.0,1859427.0,57.42344281
2007,1,Veracruz,Mujeres,572019.0,1001682.0,57.10584796
2007,1,Yucatán,Hombres,294112.0,501647.0,58.62927517
2007,1,Yucatán,Mujeres,176610.0,325416.0,54.27207021
2007,1,Zacatecas,Hombres,171910.0,326819.0,52.60098097
2007,1,Zacatecas,Mujeres,102964.0,196940.0,52.28191327
2007,2,Nacional,Hombres,16095025.0,27053104.0,59.49418965
2007,2,Nacional,Mujeres,10015661.0,16192179.0,61.85493009
2007,2,Aguascalientes,Hombres,187700.0,263906.0,71.12380924
2007,2,Aguascalientes,Mujeres,117155.0,160217.0,73.12270233
2007,2,Baja California,Hombres,501518.0,773031.0,64.876829
2007,2,Baja California,Mujeres,350892.0,477647.0,73.46261988
2007,2,Baja California Sur,Hombres,111882.0,162767.0,68.7375205
2007,2,Baja California Sur,Mujeres,63277.0,83971.0,75.35577759
2007,2,Campeche,Hombres,121673.0,211573.0,57.50875584
2007,2,Campeche,Mujeres,66311.0,112155.0,59.12442602
2007,2,Coahuila,Hombres,493661.0,686149.0,71.94661801
2007,2,Coahuila,Mujeres,245422.0,359973.0,68.17789112
2007,2,Colima,Hombres,112487.0,163823.0,68.66374074
2007,2,Colima,Mujeres,70562.0,104978.0,67.21598811
2007,2,Chiapas,Hombres,446420.0,1127704.0,39.58662912
2007,2,Chiapas,Mujeres,191248.0,459625.0,41.60957302
2007,2,Chihuahua,Hombres,554758.0,911729.0,60.84680865
2007,2,Chihuahua,Mujeres,341860.0,460532.0,74.23154091
2007,2,Ciudad de México,Hombres,1431082.0,2238355.0,63.93454121
2007,2,Ciudad de México,Mujeres,1182519.0,1644246.0,71.91861802
2007,2,Durango,Hombres,227908.0,386371.0,58.98682872
2007,2,Durango,Mujeres,126825.0,188174.0,67.39772764
2007,2,Guanajuato,Hombres,722463.0,1227356.0,58.86336157
2007,2,Guanajuato,Mujeres,450392.0,749701.0,60.07621705
2007,2,Guerrero,Hombres,296260.0,728199.0,40.68393392
2007,2,Guerrero,Mujeres,213516.0,485808.0,43.95069657
2007,2,Hidalgo,Hombres,334256.0,610580.0,54.74401389
2007,2,Hidalgo,Mujeres,192446.0,335276.0,57.39927701
2007,2,Jalisco,Hombres,1096657.0,1815529.0,60.40426785
2007,2,Jalisco,Mujeres,733208.0,1155201.0,63.47016666
2007,2,México,Hombres,2337763.0,3637741.0,64.26414085
2007,2,México,Mujeres,1375299.0,2070995.0,66.40764463
2007,2,Michoacán,Hombres,515004.0,1008232.0,51.07991018
2007,2,Michoacán,Mujeres,314585.0,614861.0,51.16359633
2007,2,Morelos,Hombres,255081.0,422464.0,60.37934593
2007,2,Morelos,Mujeres,180997.0,291629.0,62.06412942
2007,2,Nayarit,Hombres,140065.0,266453.0,52.5664939
2007,2,Nayarit,Mujeres,93456.0,166243.0,56.21650235
2007,2,Nuevo León,Hombres,919737.0,1228126.0,74.88946574
2007,2,Nuevo León,Mujeres,521551.0,704287.0,74.05375933
2007,2,Oaxaca,Hombres,341009.0,863395.0,39.49629081
2007,2,Oaxaca,Mujeres,205983.0,574985.0,35.82406498
2007,2,Puebla,Hombres,744606.0,1340519.0,55.54609819
2007,2,Puebla,Mujeres,456496.0,918093.0,49.7221959
2007,2,Querétaro,Hombres,252022.0,397038.0,63.47553635
2007,2,Querétaro,Mujeres,182845.0,261010.0,70.05287154
2007,2,Quintana Roo,Hombres,235880.0,357867.0,65.9127553
2007,2,Quintana Roo,Mujeres,135847.0,213307.0,63.68614251
2007,2,San Luis Potosí,Hombres,319658.0,600529.0,53.22940274
2007,2,San Luis Potosí,Mujeres,205153.0,346203.0,59.25800759
2007,2,Sinaloa,Hombres,423255.0,713777.0,59.29793199
2007,2,Sinaloa,Mujeres,247682.0,402640.0,61.51450427
2007,2,Sonora,Hombres,384324.0,601495.0,63.89479547
2007,2,Sonora,Mujeres,266589.0,362980.0,73.4445424
2007,2,Tabasco,Hombres,355101.0,524019.0,67.76490929
2007,2,Tabasco,Mujeres,170995.0,260218.0,65.71221053
2007,2,Tamaulipas,Hombres,520755.0,803672.0,64.79695697
2007,2,Tamaulipas,Mujeres,348992.0,517152.0,67.48344781
2007,2,Tlaxcala,Hombres,160612.0,265064.0,60.59366794
2007,2,Tlaxcala,Mujeres,92968.0,159654.0,58.23092437
2007,2,Veracruz,Hombres,1076536.0,1876273.0,57.37629865
2007,2,Veracruz,Mujeres,590007.0,1029003.0,57.33773371
2007,2,Yucatán,Hombres,291454.0,499246.0,58.37883528
2007,2,Yucatán,Mujeres,176543.0,323808.0,54.52088892
2007,2,Zacatecas,Hombres,183438.0,340122.0,53.93300051
2007,2,Zacatecas,Mujeres,104040.0,197607.0,52.64995673
2007,3,Nacional,Hombres,16269841.0,27108767.0,60.01689785
2007,3,Nacional,Mujeres,10058381.0,16201729.0,62.08214568
2007,3,Aguascalientes,Hombres,188618.0,263470.0,71.58993434
2007,3,Aguascalientes,Mujeres,117392.0,158833.0,73.90907431
2007,3,Baja California,Hombres,507279.0,775451.0,65.4172862
2007,3,Baja California,Mujeres,340633.0,453395.0,75.12941254
2007,3,Baja California Sur,Hombres,118234.0,167809.0,70.4574844
2007,3,Baja California Sur,Mujeres,66376.0,91353.0,72.65880705
2007,3,Campeche,Hombres,120713.0,212699.0,56.75297016
2007,3,Campeche,Mujeres,63093.0,107823.0,58.51534459
2007,3,Coahuila,Hombres,497357.0,683970.0,72.716201
2007,3,Coahuila,Mujeres,252936.0,359839.0,70.29143589
2007,3,Colima,Hombres,106107.0,167154.0,63.47858861
2007,3,Colima,Mujeres,70534.0,108775.0,64.84394392
2007,3,Chiapas,Hombres,460294.0,1127760.0,40.81488969
2007,3,Chiapas,Mujeres,194190.0,455494.0,42.6328338
2007,3,Chihuahua,Hombres,567857.0,899557.0,63.12629439
2007,3,Chihuahua,Mujeres,325230.0,445000.0,73.08539326
2007,3,Ciudad de México,Hombres,1471520.0,2259530.0,65.12504813
2007,3,Ciudad de México,Mujeres,1224998.0,1664706.0,73.5864471
2007,3,Durango,Hombres,245489.0,399168.0,61.50017035
2007,3,Durango,Mujeres,132215.0,191636.0,68.99277797
2007,3,Guanajuato,Hombres,745752.0,1223800.0,60.93740807
2007,3,Guanajuato,Mujeres,451539.0,736844.0,61.28013528
2007,3,Guerrero,Hombres,289150.0,763633.0,37.86504774
2007,3,Guerrero,Mujeres,212716.0,516003.0,41.22379133
2007,3,Hidalgo,Hombres,311276.0,579246.0,53.73813544
2007,3,Hidalgo,Mujeres,196245.0,375987.0,52.19462375
2007,3,Jalisco,Hombres,1144990.0,1849508.0,61.90781548
2007,3,Jalisco,Mujeres,755683.0,1173632.0,64.38841136
2007,3,México,Hombres,2345326.0,3617760.0,64.82812569
2007,3,México,Mujeres,1364906.0,2023363.0,67.45729758
2007,3,Michoacán,Hombres,528277.0,991884.0,53.25995782
2007,3,Michoacán,Mujeres,308951.0,614813.0,50.2512146
2007,3,Morelos,Hombres,258023.0,426206.0,60.53950437
2007,3,Morelos,Mujeres,165592.0,279566.0,59.2318093
2007,3,Nayarit,Hombres,137175.0,265696.0,51.62855293
2007,3,Nayarit,Mujeres,93766.0,162349.0,57.75582233
2007,3,Nuevo León,Hombres,906303.0,1226101.0,73.91748314
2007,3,Nuevo León,Mujeres,527850.0,699075.0,75.50691986
2007,3,Oaxaca,Hombres,344459.0,862647.0,39.93046982
2007,3,Oaxaca,Mujeres,192046.0,586263.0,32.75765314
2007,3,Puebla,Hombres,715177.0,1315257.0,54.37545666
2007,3,Puebla,Mujeres,472402.0,931453.0,50.71667599
2007,3,Querétaro,Hombres,254218.0,406149.0,62.59229987
2007,3,Querétaro,Mujeres,181724.0,262439.0,69.24428153
2007,3,Quintana Roo,Hombres,240521.0,354483.0,67.85120866
2007,3,Quintana Roo,Mujeres,137961.0,214900.0,64.1977664
2007,3,San Luis Potosí,Hombres,329297.0,625508.0,52.64473036
2007,3,San Luis Potosí,Mujeres,209048.0,376311.0,55.55192381
2007,3,Sinaloa,Hombres,406198.0,689663.0,58.89804151
2007,3,Sinaloa,Mujeres,251747.0,400983.0,62.7824621
2007,3,Sonora,Hombres,385432.0,617757.0,62.39217038
2007,3,Sonora,Mujeres,290411.0,379489.0,76.52685585
2007,3,Tabasco,Hombres,366742.0,529850.0,69.21619326
2007,3,Tabasco,Mujeres,169198.0,262524.0,64.45048834
2007,3,Tamaulipas,Hombres,546130.0,808643.0,67.53660144
2007,3,Tamaulipas,Mujeres,344349.0,481544.0,71.50935325
2007,3,Tlaxcala,Hombres,166783.0,269592.0,61.86496632
2007,3,Tlaxcala,Mujeres,89715.0,166351.0,53.93114559
2007,3,Veracruz,Hombres,1082114.0,1868146.0,57.9244877
2007,3,Veracruz,Mujeres,572275.0,1000100.0,57.22177782
2007,3,Yucatán,Hombres,295341.0,494300.0,59.7493425
2007,3,Yucatán,Mujeres,177828.0,316423.0,56.19945453
2007,3,Zacatecas,Hombres,187689.0,366370.0,51.2293583
2007,3,Zacatecas,Mujeres,104832.0,204463.0,51.27186826
2007,4,Nacional,Hombres,16644670.0,27591124.0,60.32617591
2007,4,Nacional,Mujeres,10374729.0,16854459.0,61.5548028
2007,4,Aguascalientes,Hombres,193920.0,272369.0,71.19752982
2007,4,Aguascalientes,Mujeres,116440.0,161321.0,72.17907154
2007,4,Baja California,Hombres,531005.0,798605.0,66.49156967
2007,4,Baja California,Mujeres,358571.0,490732.0,73.06859956
2007,4,Baja California Sur,Hombres,119510.0,169973.0,70.31116707
2007,4,Baja California Sur,Mujeres,72181.0,98386.0,73.36511292
2007,4,Campeche,Hombres,123487.0,216950.0,56.91956672
2007,4,Campeche,Mujeres,66209.0,114465.0,57.84213515
2007,4,Coahuila,Hombres,512759.0,714055.0,71.80945445
2007,4,Coahuila,Mujeres,270481.0,393215.0,68.78705034
2007,4,Colima,Hombres,110156.0,171551.0,64.21180873
2007,4,Colima,Mujeres,72237.0,112575.0,64.16788807
2007,4,Chiapas,Hombres,461481.0,1147412.0,40.21929351
2007,4,Chiapas,Mujeres,219081.0,501375.0,43.6960359
2007,4,Chihuahua,Hombres,559928.0,922745.0,60.68068643
2007,4,Chihuahua,Mujeres,330703.0,467737.0,70.70276673
2007,4,Ciudad de México,Hombres,1466639.0,2256222.0,65.00419728
2007,4,Ciudad de México,Mujeres,1216925.0,1708435.0,71.23039507
2007,4,Durango,Hombres,258777.0,412462.0,62.73959783
2007,4,Durango,Mujeres,141167.0,202298.0,69.78170817
2007,4,Guanajuato,Hombres,769142.0,1256641.0,61.20618379
2007,4,Guanajuato,Mujeres,448914.0,758678.0,59.17055721
2007,4,Guerrero,Hombres,305177.0,778013.0,39.22518004
2007,4,Guerrero,Mujeres,226840.0,532314.0,42.6139459
2007,4,Hidalgo,Hombres,326420.0,604182.0,54.02676677
2007,4,Hidalgo,Mujeres,201286.0,383665.0,52.46399854
2007,4,Jalisco,Hombres,1165189.0,1876858.0,62.08189431
2007,4,Jalisco,Mujeres,747303.0,1188839.0,62.85989945
2007,4,México,Hombres,2440907.0,3650252.0,66.86954764
2007,4,México,Mujeres,1456941.0,2112178.0,68.97813537
2007,4,Michoacán,Hombres,517052.0,1026710.0,50.3600822
2007,4,Michoacán,Mujeres,343761.0,646188.0,53.19829523
2007,4,Morelos,Hombres,253115.0,429788.0,58.8929891
2007,4,Morelos,Mujeres,181764.0,303263.0,59.93609507
2007,4,Nayarit,Hombres,142922.0,272461.0,52.45594782
2007,4,Nayarit,Mujeres,99044.0,176434.0,56.13657232
2007,4,Nuevo León,Hombres,938899.0,1259718.0,74.53247473
2007,4,Nuevo León,Mujeres,531945.0,719808.0,73.90095692
2007,4,Oaxaca,Hombres,333865.0,860921.0,38.77998097
2007,4,Oaxaca,Mujeres,200923.0,593957.0,33.82786969
2007,4,Puebla,Hombres,734538.0,1334310.0,55.05002586
2007,4,Puebla,Mujeres,472919.0,934978.0,50.58076233
2007,4,Querétaro,Hombres,269520.0,419894.0,64.18762831
2007,4,Querétaro,Mujeres,187436.0,274715.0,68.22925577
2007,4,Quintana Roo,Hombres,244167.0,361734.0,67.49904626
2007,4,Quintana Roo,Mujeres,143995.0,225417.0,63.87938798
2007,4,San Luis Potosí,Hombres,346965.0,628717.0,55.18619665
2007,4,San Luis Potosí,Mujeres,206826.0,370992.0,55.74945012
2007,4,Sinaloa,Hombres,441894.0,721205.0,61.2716218
2007,4,Sinaloa,Mujeres,265973.0,414828.0,64.11645308
2007,4,Sonora,Hombres,403536.0,636193.0,63.42980825
2007,4,Sonora,Mujeres,293400.0,398296.0,73.66380782
2007,4,Tabasco,Hombres,344461.0,522876.0,65.87814319
2007,4,Tabasco,Mujeres,181988.0,319467.0,56.96613422
2007,4,Tamaulipas,Hombres,549539.0,833209.0,65.95452041
2007,4,Tamaulipas,Mujeres,324070.0,496346.0,65.29114771
2007,4,Tlaxcala,Hombres,167426.0,273046.0,61.31787318
2007,4,Tlaxcala,Mujeres,91989.0,163372.0,56.30646622
2007,4,Veracruz,Hombres,1119533.0,1893945.0,59.11116743
2007,4,Veracruz,Mujeres,607087.0,1047916.0,57.93279232
2007,4,Yucatán,Hombres,307814.0,506825.0,60.73378385
2007,4,Yucatán,Mujeres,189647.0,330621.0,57.3608452
2007,4,Zacatecas,Hombres,184927.0,361282.0,51.1863309
2007,4,Zacatecas,Mujeres,106683.0,211648.0,50.40586256
2008,1,Nacional,Hombres,16623305.0,27387288.0,60.69715629
2008,1,Nacional,Mujeres,10210320.0,16465691.0,62.00966604
2008,1,Aguascalientes,Hombres,194245.0,269766.0,72.00499692
2008,1,Aguascalientes,Mujeres,114225.0,157000.0,72.75477707
2008,1,Baja California,Hombres,510870.0,787115.0,64.90411185
2008,1,Baja California,Mujeres,340448.0,471478.0,72.20867145
2008,1,Baja California Sur,Hombres,116674.0,170833.0,68.29710887
2008,1,Baja California Sur,Mujeres,72044.0,99934.0,72.09158044
2008,1,Campeche,Hombres,131268.0,221745.0,59.19772712
2008,1,Campeche,Mujeres,69505.0,115432.0,60.21293922
2008,1,Coahuila,Hombres,503631.0,706508.0,71.28454313
2008,1,Coahuila,Mujeres,257401.0,384672.0,66.9144102
2008,1,Colima,Hombres,102949.0,171837.0,59.91084574
2008,1,Colima,Mujeres,73806.0,118295.0,62.39147893
2008,1,Chiapas,Hombres,460915.0,1135233.0,40.60091629
2008,1,Chiapas,Mujeres,211325.0,468181.0,45.13745752
2008,1,Chihuahua,Hombres,554984.0,919903.0,60.33070878
2008,1,Chihuahua,Mujeres,331448.0,453401.0,73.10261777
2008,1,Ciudad de México,Hombres,1480213.0,2274233.0,65.08625106
2008,1,Ciudad de México,Mujeres,1191287.0,1674976.0,71.12263101
2008,1,Durango,Hombres,246965.0,393284.0,62.79558792
2008,1,Durango,Mujeres,137915.0,196183.0,70.29915946
2008,1,Guanajuato,Hombres,733601.0,1206923.0,60.78275085
2008,1,Guanajuato,Mujeres,459922.0,743952.0,61.8214616
2008,1,Guerrero,Hombres,340846.0,741623.0,45.95946997
2008,1,Guerrero,Mujeres,228448.0,507695.0,44.99709471
2008,1,Hidalgo,Hombres,315115.0,588916.0,53.50763097
2008,1,Hidalgo,Mujeres,196371.0,381900.0,51.41948154
2008,1,Jalisco,Hombres,1168720.0,1859080.0,62.86550337
2008,1,Jalisco,Mujeres,748295.0,1178361.0,63.50303515
2008,1,México,Hombres,2399095.0,3638397.0,65.93824148
2008,1,México,Mujeres,1414536.0,2142964.0,66.00838838
2008,1,Michoacán,Hombres,526811.0,1015960.0,51.85351786
2008,1,Michoacán,Mujeres,325161.0,612639.0,53.07546532
2008,1,Morelos,Hombres,258995.0,425023.0,60.93670225
2008,1,Morelos,Mujeres,172569.0,288566.0,59.80226361
2008,1,Nayarit,Hombres,143516.0,276833.0,51.8420853
2008,1,Nayarit,Mujeres,93159.0,171449.0,54.33627493
2008,1,Nuevo León,Hombres,923492.0,1256395.0,73.50331703
2008,1,Nuevo León,Mujeres,527313.0,707564.0,74.5251313
2008,1,Oaxaca,Hombres,364566.0,868318.0,41.98530953
2008,1,Oaxaca,Mujeres,201402.0,571215.0,35.25852787
2008,1,Puebla,Hombres,739122.0,1320114.0,55.98925547
2008,1,Puebla,Mujeres,464923.0,877941.0,52.95606425
2008,1,Querétaro,Hombres,259335.0,408275.0,63.51968649
2008,1,Querétaro,Mujeres,180424.0,259381.0,69.55945115
2008,1,Quintana Roo,Hombres,244521.0,366023.0,66.80481828
2008,1,Quintana Roo,Mujeres,149468.0,227947.0,65.57138282
2008,1,San Luis Potosí,Hombres,339750.0,635259.0,53.48212304
2008,1,San Luis Potosí,Mujeres,209139.0,365404.0,57.23500564
2008,1,Sinaloa,Hombres,448711.0,722888.0,62.07199456
2008,1,Sinaloa,Mujeres,278544.0,416887.0,66.81522811
2008,1,Sonora,Hombres,403689.0,628807.0,64.19918989
2008,1,Sonora,Mujeres,292149.0,400723.0,72.90547336
2008,1,Tabasco,Hombres,373185.0,557421.0,66.94850033
2008,1,Tabasco,Mujeres,170653.0,273532.0,62.38867847
2008,1,Tamaulipas,Hombres,544144.0,832057.0,65.39744272
2008,1,Tamaulipas,Mujeres,339194.0,504654.0,67.21317972
2008,1,Tlaxcala,Hombres,168060.0,266503.0,63.06120381
2008,1,Tlaxcala,Mujeres,93682.0,165688.0,56.54120999
2008,1,Veracruz,Hombres,1134754.0,1891288.0,59.99900597
2008,1,Veracruz,Mujeres,581069.0,1023210.0,56.78883123
2008,1,Yucatán,Hombres,315535.0,511239.0,61.71966536
2008,1,Yucatán,Mujeres,185475.0,319177.0,58.11039016
2008,1,Zacatecas,Hombres,175028.0,319489.0,54.78373277
2008,1,Zacatecas,Mujeres,99020.0,185290.0,53.44055265
2008,2,Nacional,Hombres,16783148.0,27792156.0,60.38807497
2008,2,Nacional,Mujeres,10331852.0,16669994.0,61.97873856
2008,2,Aguascalientes,Hombres,192293.0,264498.0,72.70111683
2008,2,Aguascalientes,Mujeres,116495.0,162673.0,71.61299048
2008,2,Baja California,Hombres,544141.0,802535.0,67.80277496
2008,2,Baja California,Mujeres,374902.0,516406.0,72.59830443
2008,2,Baja California Sur,Hombres,120444.0,173815.0,69.2943647
2008,2,Baja California Sur,Mujeres,75348.0,101954.0,73.90391745
2008,2,Campeche,Hombres,127381.0,221469.0,57.51640184
2008,2,Campeche,Mujeres,72362.0,119084.0,60.76551006
2008,2,Coahuila,Hombres,505006.0,704953.0,71.63683253
2008,2,Coahuila,Mujeres,267243.0,383477.0,69.68944682
2008,2,Colima,Hombres,107193.0,173533.0,61.77095999
2008,2,Colima,Mujeres,75644.0,123277.0,61.36100002
2008,2,Chiapas,Hombres,474265.0,1159375.0,40.90695418
2008,2,Chiapas,Mujeres,221967.0,463680.0,47.87072981
2008,2,Chihuahua,Hombres,560057.0,914181.0,61.26325093
2008,2,Chihuahua,Mujeres,345087.0,469058.0,73.57021946
2008,2,Ciudad de México,Hombres,1486347.0,2280751.0,65.16919208
2008,2,Ciudad de México,Mujeres,1194174.0,1711910.0,69.75682133
2008,2,Durango,Hombres,242104.0,389090.0,62.22313604
2008,2,Durango,Mujeres,137281.0,193091.0,71.09652962
2008,2,Guanajuato,Hombres,774910.0,1250778.0,61.95423968
2008,2,Guanajuato,Mujeres,426772.0,748034.0,57.05248692
2008,2,Guerrero,Hombres,313245.0,768523.0,40.75935268
2008,2,Guerrero,Mujeres,222436.0,490943.0,45.30790744
2008,2,Hidalgo,Hombres,338170.0,616519.0,54.85151309
2008,2,Hidalgo,Mujeres,197845.0,374894.0,52.773584
2008,2,Jalisco,Hombres,1183619.0,1898705.0,62.33822526
2008,2,Jalisco,Mujeres,765919.0,1213614.0,63.11059365
2008,2,México,Hombres,2411657.0,3713759.0,64.93843569
2008,2,México,Mujeres,1435687.0,2139245.0,67.11185488
2008,2,Michoacán,Hombres,548230.0,1021813.0,53.65267422
2008,2,Michoacán,Mujeres,325700.0,634419.0,51.33831112
2008,2,Morelos,Hombres,261888.0,434787.0,60.23363164
2008,2,Morelos,Mujeres,175353.0,296172.0,59.20647462
2008,2,Nayarit,Hombres,150042.0,278824.0,53.81244082
2008,2,Nayarit,Mujeres,96029.0,174522.0,55.02400843
2008,2,Nuevo León,Hombres,918541.0,1261039.0,72.84001526
2008,2,Nuevo León,Mujeres,541120.0,722210.0,74.92557566
2008,2,Oaxaca,Hombres,381958.0,874572.0,43.67370554
2008,2,Oaxaca,Mujeres,206412.0,554159.0,37.2477935
2008,2,Puebla,Hombres,745679.0,1361073.0,54.7861136
2008,2,Puebla,Mujeres,455517.0,895012.0,50.8950718
2008,2,Querétaro,Hombres,274562.0,412652.0,66.53596735
2008,2,Querétaro,Mujeres,186149.0,272753.0,68.24819525
2008,2,Quintana Roo,Hombres,245017.0,368652.0,66.46295151
2008,2,Quintana Roo,Mujeres,157378.0,239396.0,65.73961136
2008,2,San Luis Potosí,Hombres,344351.0,635806.0,54.15975942
2008,2,San Luis Potosí,Mujeres,217573.0,364540.0,59.68425961
2008,2,Sinaloa,Hombres,436285.0,728850.0,59.8593675
2008,2,Sinaloa,Mujeres,260513.0,399814.0,65.15854873
2008,2,Sonora,Hombres,410027.0,652555.0,62.83409061
2008,2,Sonora,Mujeres,284885.0,411601.0,69.2138746
2008,2,Tabasco,Hombres,365073.0,555361.0,65.7361608
2008,2,Tabasco,Mujeres,161968.0,259018.0,62.53156151
2008,2,Tamaulipas,Hombres,548884.0,837141.0,65.56649358
2008,2,Tamaulipas,Mujeres,358219.0,520906.0,68.76845343
2008,2,Tlaxcala,Hombres,169116.0,267479.0,63.22589811
2008,2,Tlaxcala,Mujeres,98505.0,170238.0,57.86310929
2008,2,Veracruz,Hombres,1110536.0,1905897.0,58.26841639
2008,2,Veracruz,Mujeres,585760.0,1020787.0,57.38317592
2008,2,Yucatán,Hombres,308667.0,519230.0,59.44706585
2008,2,Yucatán,Mujeres,188745.0,329649.0,57.25635449
2008,2,Zacatecas,Hombres,183460.0,343941.0,53.34054387
2008,2,Zacatecas,Mujeres,102864.0,193458.0,53.17123096
2008,3,Nacional,Hombres,16737697.0,27789440.0,60.23042206
2008,3,Nacional,Mujeres,10235770.0,16435019.0,62.2802444
2008,3,Aguascalientes,Hombres,191149.0,268120.0,71.29233179
2008,3,Aguascalientes,Mujeres,118594.0,162358.0,73.04475295
2008,3,Baja California,Hombres,536877.0,796026.0,67.44465633
2008,3,Baja California,Mujeres,370166.0,506265.0,73.11704345
2008,3,Baja California Sur,Hombres,120728.0,174202.0,69.30345231
2008,3,Baja California Sur,Mujeres,75475.0,104769.0,72.03943915
2008,3,Campeche,Hombres,127219.0,224276.0,56.72430398
2008,3,Campeche,Mujeres,71890.0,118898.0,60.46359064
2008,3,Coahuila,Hombres,502701.0,686148.0,73.26422288
2008,3,Coahuila,Mujeres,274579.0,387108.0,70.93085134
2008,3,Colima,Hombres,108252.0,180557.0,59.95447421
2008,3,Colima,Mujeres,74214.0,123138.0,60.26896653
2008,3,Chiapas,Hombres,478736.0,1175421.0,40.72889628
2008,3,Chiapas,Mujeres,229843.0,488742.0,47.02747053
2008,3,Chihuahua,Hombres,562322.0,918607.0,61.21464348
2008,3,Chihuahua,Mujeres,329363.0,467835.0,70.40153045
2008,3,Ciudad de México,Hombres,1459259.0,2250701.0,64.83575562
2008,3,Ciudad de México,Mujeres,1219989.0,1654274.0,73.74769839
2008,3,Durango,Hombres,251098.0,396779.0,63.28409518
2008,3,Durango,Mujeres,129460.0,188394.0,68.7176874
2008,3,Guanajuato,Hombres,744350.0,1237371.0,60.15576573
2008,3,Guanajuato,Mujeres,438377.0,748495.0,58.5677927
2008,3,Guerrero,Hombres,311530.0,787814.0,39.54359785
2008,3,Guerrero,Mujeres,226737.0,521831.0,43.45027413
2008,3,Hidalgo,Hombres,346143.0,617629.0,56.04383862
2008,3,Hidalgo,Mujeres,208442.0,368247.0,56.60385556
2008,3,Jalisco,Hombres,1170942.0,1880237.0,62.27629815
2008,3,Jalisco,Mujeres,749608.0,1172441.0,63.93566926
2008,3,México,Hombres,2467454.0,3697199.0,66.73846877
2008,3,México,Mujeres,1454100.0,2098183.0,69.30282058
2008,3,Michoacán,Hombres,537600.0,1056912.0,50.86516191
2008,3,Michoacán,Mujeres,319052.0,634049.0,50.31977024
2008,3,Morelos,Hombres,260717.0,435884.0,59.81339072
2008,3,Morelos,Mujeres,174945.0,292710.0,59.76734652
2008,3,Nayarit,Hombres,147497.0,272864.0,54.05513369
2008,3,Nayarit,Mujeres,95182.0,167841.0,56.70962399
2008,3,Nuevo León,Hombres,937052.0,1274056.0,73.54872941
2008,3,Nuevo León,Mujeres,521264.0,701188.0,74.34011991
2008,3,Oaxaca,Hombres,335748.0,889670.0,37.7384873
2008,3,Oaxaca,Mujeres,197913.0,577562.0,34.26697047
2008,3,Puebla,Hombres,743642.0,1363335.0,54.54580129
2008,3,Puebla,Mujeres,441557.0,848698.0,52.02757636
2008,3,Querétaro,Hombres,274610.0,419277.0,65.49608016
2008,3,Querétaro,Mujeres,184914.0,274966.0,67.24976906
2008,3,Quintana Roo,Hombres,252527.0,376262.0,67.1146701
2008,3,Quintana Roo,Mujeres,158829.0,232049.0,68.44631953
2008,3,San Luis Potosí,Hombres,350504.0,613437.0,57.13773379
2008,3,San Luis Potosí,Mujeres,207674.0,356686.0,58.22319912
2008,3,Sinaloa,Hombres,416457.0,715590.0,58.19771098
2008,3,Sinaloa,Mujeres,255961.0,395715.0,64.68316844
2008,3,Sonora,Hombres,406684.0,646906.0,62.86601145
2008,3,Sonora,Mujeres,269475.0,390354.0,69.03349268
2008,3,Tabasco,Hombres,386800.0,579265.0,66.7742743
2008,3,Tabasco,Mujeres,163004.0,254155.0,64.13566524
2008,3,Tamaulipas,Hombres,536428.0,819078.0,65.49168699
2008,3,Tamaulipas,Mujeres,337684.0,502517.0,67.19852264
2008,3,Tlaxcala,Hombres,167234.0,273823.0,61.07375933
2008,3,Tlaxcala,Mujeres,95638.0,170653.0,56.04237839
2008,3,Veracruz,Hombres,1115292.0,1881971.0,59.26191211
2008,3,Veracruz,Mujeres,550666.0,1010094.0,54.51631234
2008,3,Yucatán,Hombres,311156.0,525674.0,59.1918185
2008,3,Yucatán,Mujeres,190317.0,326357.0,58.31558692
2008,3,Zacatecas,Hombres,178989.0,354349.0,50.51206579
2008,3,Zacatecas,Mujeres,100858.0,188447.0,53.52061853
2008,4,Nacional,Hombres,17375018.0,27575254.0,63.00945768
2008,4,Nacional,Mujeres,10435188.0,16423586.0,63.53781689
2008,4,Aguascalientes,Hombres,200892.0,271065.0,74.11211333
2008,4,Aguascalientes,Mujeres,123788.0,167649.0,73.83760118
2008,4,Baja California,Hombres,545656.0,784462.0,69.55799006
2008,4,Baja California,Mujeres,367832.0,499061.0,73.70481765
2008,4,Baja California Sur,Hombres,124273.0,172994.0,71.83659549
2008,4,Baja California Sur,Mujeres,80468.0,106043.0,75.88242505
2008,4,Campeche,Hombres,131544.0,220656.0,59.61496628
2008,4,Campeche,Mujeres,73241.0,116716.0,62.75146509
2008,4,Coahuila,Hombres,512251.0,683864.0,74.90539055
2008,4,Coahuila,Mujeres,274295.0,393859.0,69.64294329
2008,4,Colima,Hombres,110064.0,176154.0,62.48169216
2008,4,Colima,Mujeres,74051.0,119169.0,62.13948258
2008,4,Chiapas,Hombres,519641.0,1159503.0,44.8158392
2008,4,Chiapas,Mujeres,236336.0,449034.0,52.63209467
2008,4,Chihuahua,Hombres,530764.0,871064.0,60.93283616
2008,4,Chihuahua,Mujeres,339773.0,472402.0,71.92454731
2008,4,Ciudad de México,Hombres,1488792.0,2207780.0,67.43389287
2008,4,Ciudad de México,Mujeres,1216193.0,1637285.0,74.28108118
2008,4,Durango,Hombres,249166.0,388715.0,64.09991896
2008,4,Durango,Mujeres,132867.0,199783.0,66.50565864
2008,4,Guanajuato,Hombres,773979.0,1236930.0,62.57257888
2008,4,Guanajuato,Mujeres,450846.0,753076.0,59.86726439
2008,4,Guerrero,Hombres,313125.0,771196.0,40.60251869
2008,4,Guerrero,Mujeres,228143.0,539617.0,42.27869026
2008,4,Hidalgo,Hombres,352048.0,630095.0,55.87220975
2008,4,Hidalgo,Mujeres,185259.0,338774.0,54.68512932
2008,4,Jalisco,Hombres,1199786.0,1839838.0,65.21150232
2008,4,Jalisco,Mujeres,741878.0,1167333.0,63.55324488
2008,4,México,Hombres,2600044.0,3709648.0,70.08869844
2008,4,México,Mujeres,1518657.0,2141979.0,70.8997147
2008,4,Michoacán,Hombres,584537.0,1032827.0,56.59582873
2008,4,Michoacán,Mujeres,337487.0,621637.0,54.29004387
2008,4,Morelos,Hombres,271920.0,434079.0,62.64297513
2008,4,Morelos,Mujeres,176937.0,292795.0,60.43033522
2008,4,Nayarit,Hombres,155786.0,282987.0,55.05058536
2008,4,Nayarit,Mujeres,102095.0,170647.0,59.82818333
2008,4,Nuevo León,Hombres,964426.0,1267595.0,76.08313381
2008,4,Nuevo León,Mujeres,522605.0,710132.0,73.59265601
2008,4,Oaxaca,Hombres,376064.0,889824.0,42.2627396
2008,4,Oaxaca,Mujeres,224350.0,565888.0,39.64565426
2008,4,Puebla,Hombres,789216.0,1378957.0,57.23282162
2008,4,Puebla,Mujeres,443675.0,873169.0,50.81204211
2008,4,Querétaro,Hombres,280165.0,415120.0,67.49012334
2008,4,Querétaro,Mujeres,186843.0,269876.0,69.23290696
2008,4,Quintana Roo,Hombres,259911.0,375173.0,69.27763992
2008,4,Quintana Roo,Mujeres,157087.0,234411.0,67.01349339
2008,4,San Luis Potosí,Hombres,358339.0,618430.0,57.94334039
2008,4,San Luis Potosí,Mujeres,221073.0,367544.0,60.14871689
2008,4,Sinaloa,Hombres,445311.0,721442.0,61.72512828
2008,4,Sinaloa,Mujeres,285153.0,423128.0,67.39166399
2008,4,Sonora,Hombres,428812.0,640136.0,66.98764013
2008,4,Sonora,Mujeres,270347.0,376907.0,71.72777369
2008,4,Tabasco,Hombres,381987.0,550726.0,69.36062579
2008,4,Tabasco,Mujeres,166547.0,253354.0,65.7368741
2008,4,Tamaulipas,Hombres,535932.0,800041.0,66.98806686
2008,4,Tamaulipas,Mujeres,338498.0,506332.0,66.85297394
2008,4,Tlaxcala,Hombres,172439.0,268237.0,64.28606046
2008,4,Tlaxcala,Mujeres,100776.0,163715.0,61.55575237
2008,4,Veracruz,Hombres,1193130.0,1881310.0,63.42016999
2008,4,Veracruz,Mujeres,554449.0,962433.0,57.6091011
2008,4,Yucatán,Hombres,327322.0,531549.0,61.57889489
2008,4,Yucatán,Mujeres,192966.0,333293.0,57.89680551
2008,4,Zacatecas,Hombres,197696.0,362857.0,54.48317106
2008,4,Zacatecas,Mujeres,110673.0,196545.0,56.30924216
2009,1,Nacional,Hombres,16926514.0,27502264.0,61.54589309
2009,1,Nacional,Mujeres,10378068.0,16335321.0,63.53146045
2009,1,Aguascalientes,Hombres,186602.0,259842.0,71.8136406
2009,1,Aguascalientes,Mujeres,119941.0,158880.0,75.49156596
2009,1,Baja California,Hombres,535007.0,780766.0,68.52334758
2009,1,Baja California,Mujeres,353080.0,492274.0,71.72428363
2009,1,Baja California Sur,Hombres,118399.0,171431.0,69.06510491
2009,1,Baja California Sur,Mujeres,78484.0,105258.0,74.56345361
2009,1,Campeche,Hombres,125704.0,218914.0,57.42163589
2009,1,Campeche,Mujeres,72628.0,116572.0,62.30312597
2009,1,Coahuila,Hombres,485272.0,673843.0,72.0155882
2009,1,Coahuila,Mujeres,275328.0,384887.0,71.53476215
2009,1,Colima,Hombres,105114.0,174657.0,60.18310174
2009,1,Colima,Mujeres,76440.0,120423.0,63.47624623
2009,1,Chiapas,Hombres,493380.0,1174830.0,41.99586323
2009,1,Chiapas,Mujeres,228603.0,497937.0,45.91002476
2009,1,Chihuahua,Hombres,482936.0,857163.0,56.34120931
2009,1,Chihuahua,Mujeres,322873.0,440968.0,73.21914515
2009,1,Ciudad de México,Hombres,1461195.0,2206621.0,66.21866646
2009,1,Ciudad de México,Mujeres,1236201.0,1690098.0,73.14374669
2009,1,Durango,Hombres,240398.0,382417.0,62.86279114
2009,1,Durango,Mujeres,127204.0,196094.0,64.86888941
2009,1,Guanajuato,Hombres,735083.0,1201196.0,61.19592473
2009,1,Guanajuato,Mujeres,443903.0,762765.0,58.1965612
2009,1,Guerrero,Hombres,320575.0,752086.0,42.62477961
2009,1,Guerrero,Mujeres,222509.0,487090.0,45.68129093
2009,1,Hidalgo,Hombres,356496.0,634461.0,56.18879647
2009,1,Hidalgo,Mujeres,203054.0,349140.0,58.1583319
2009,1,Jalisco,Hombres,1157726.0,1825851.0,63.4074741
2009,1,Jalisco,Mujeres,732382.0,1160205.0,63.12522356
2009,1,México,Hombres,2537420.0,3702197.0,68.53822203
2009,1,México,Mujeres,1527623.0,2092040.0,73.02073574
2009,1,Michoacán,Hombres,582663.0,1036294.0,56.22564639
2009,1,Michoacán,Mujeres,332357.0,626328.0,53.06436883
2009,1,Morelos,Hombres,265279.0,425465.0,62.3503696
2009,1,Morelos,Mujeres,175611.0,296043.0,59.31942319
2009,1,Nayarit,Hombres,151112.0,286309.0,52.7793398
2009,1,Nayarit,Mujeres,104889.0,178589.0,58.73206077
2009,1,Nuevo León,Hombres,923599.0,1248954.0,73.94980119
2009,1,Nuevo León,Mujeres,530156.0,712659.0,74.39125865
2009,1,Oaxaca,Hombres,378933.0,903242.0,41.95254428
2009,1,Oaxaca,Mujeres,220027.0,569374.0,38.64366831
2009,1,Puebla,Hombres,800933.0,1367987.0,58.5482903
2009,1,Puebla,Mujeres,447681.0,830891.0,53.87963042
2009,1,Querétaro,Hombres,275647.0,406029.0,67.88850058
2009,1,Querétaro,Mujeres,183274.0,268199.0,68.33507955
2009,1,Quintana Roo,Hombres,253475.0,375102.0,67.57495295
2009,1,Quintana Roo,Mujeres,152883.0,224425.0,68.12208979
2009,1,San Luis Potosí,Hombres,339760.0,625850.0,54.28776863
2009,1,San Luis Potosí,Mujeres,216119.0,361889.0,59.71969306
2009,1,Sinaloa,Hombres,462621.0,748894.0,61.77389591
2009,1,Sinaloa,Mujeres,270767.0,416092.0,65.07382983
2009,1,Sonora,Hombres,417798.0,648887.0,64.38686551
2009,1,Sonora,Mujeres,281491.0,382395.0,73.61262569
2009,1,Tabasco,Hombres,368171.0,561005.0,65.62704432
2009,1,Tabasco,Mujeres,173707.0,264937.0,65.56539857
2009,1,Tamaulipas,Hombres,536794.0,813468.0,65.98833636
2009,1,Tamaulipas,Mujeres,326883.0,489570.0,66.76940989
2009,1,Tlaxcala,Hombres,159533.0,261130.0,61.09332516
2009,1,Tlaxcala,Mujeres,97721.0,162002.0,60.32086024
2009,1,Veracruz,Hombres,1181979.0,1922294.0,61.48794097
2009,1,Veracruz,Mujeres,550174.0,993955.0,55.35200286
2009,1,Yucatán,Hombres,309211.0,522566.0,59.17166444
2009,1,Yucatán,Mujeres,191948.0,329958.0,58.1734645
2009,1,Zacatecas,Hombres,177699.0,332513.0,53.44121884
2009,1,Zacatecas,Mujeres,102127.0,173384.0,58.90220551
2009,2,Nacional,Hombres,16765273.0,27689530.0,60.54733685
2009,2,Nacional,Mujeres,10308481.0,16553420.0,62.27402555
2009,2,Aguascalientes,Hombres,190844.0,265268.0,71.94384547
2009,2,Aguascalientes,Mujeres,121418.0,163206.0,74.39554918
2009,2,Baja California,Hombres,525818.0,788027.0,66.7258863
2009,2,Baja California,Mujeres,354935.0,504228.0,70.39176722
2009,2,Baja California Sur,Hombres,113562.0,171642.0,66.16212815
2009,2,Baja California Sur,Mujeres,73104.0,102427.0,71.37180626
2009,2,Campeche,Hombres,126780.0,222743.0,56.91761357
2009,2,Campeche,Mujeres,71479.0,118022.0,60.56413211
2009,2,Coahuila,Hombres,476884.0,672934.0,70.86638511
2009,2,Coahuila,Mujeres,271451.0,379631.0,71.50390774
2009,2,Colima,Hombres,102178.0,175060.0,58.36741689
2009,2,Colima,Mujeres,74568.0,118147.0,63.11459453
2009,2,Chiapas,Hombres,511947.0,1193927.0,42.87925476
2009,2,Chiapas,Mujeres,247572.0,508902.0,48.64826627
2009,2,Chihuahua,Hombres,514534.0,846567.0,60.77888696
2009,2,Chihuahua,Mujeres,322103.0,451230.0,71.38333001
2009,2,Ciudad de México,Hombres,1410773.0,2200008.0,64.12581227
2009,2,Ciudad de México,Mujeres,1197409.0,1684702.0,71.07541868
2009,2,Durango,Hombres,244802.0,387618.0,63.15547782
2009,2,Durango,Mujeres,124114.0,193159.0,64.25483669
2009,2,Guanajuato,Hombres,743965.0,1203228.0,61.83075859
2009,2,Guanajuato,Mujeres,489569.0,785981.0,62.287638
2009,2,Guerrero,Hombres,305473.0,814950.0,37.4836493
2009,2,Guerrero,Mujeres,218522.0,522726.0,41.80431048
2009,2,Hidalgo,Hombres,351250.0,633965.0,55.40526685
2009,2,Hidalgo,Mujeres,193645.0,344763.0,56.16757019
2009,2,Jalisco,Hombres,1180355.0,1854662.0,63.64259364
2009,2,Jalisco,Mujeres,719898.0,1150952.0,62.54804718
2009,2,México,Hombres,2501963.0,3790545.0,66.00536334
2009,2,México,Mujeres,1461185.0,2139965.0,68.28078964
2009,2,Michoacán,Hombres,530706.0,1012175.0,52.43223751
2009,2,Michoacán,Mujeres,343336.0,634414.0,54.11860394
2009,2,Morelos,Hombres,270827.0,435598.0,62.17360961
2009,2,Morelos,Mujeres,181601.0,308478.0,58.87000045
2009,2,Nayarit,Hombres,153632.0,279533.0,54.96023725
2009,2,Nayarit,Mujeres,108013.0,184773.0,58.45713389
2009,2,Nuevo León,Hombres,920378.0,1250387.0,73.60745113
2009,2,Nuevo León,Mujeres,524355.0,718736.0,72.95516017
2009,2,Oaxaca,Hombres,359781.0,910763.0,39.50325167
2009,2,Oaxaca,Mujeres,216131.0,586732.0,36.83640913
2009,2,Puebla,Hombres,781331.0,1362009.0,57.36606733
2009,2,Puebla,Mujeres,442600.0,820200.0,53.96244818
2009,2,Querétaro,Hombres,257669.0,394158.0,65.37200818
2009,2,Querétaro,Mujeres,178738.0,259247.0,68.94506012
2009,2,Quintana Roo,Hombres,242842.0,368254.0,65.94415811
2009,2,Quintana Roo,Mujeres,156669.0,233619.0,67.06175439
2009,2,San Luis Potosí,Hombres,360438.0,630939.0,57.12723417
2009,2,San Luis Potosí,Mujeres,219045.0,361422.0,60.6064379
2009,2,Sinaloa,Hombres,427966.0,719637.0,59.46970487
2009,2,Sinaloa,Mujeres,251845.0,403004.0,62.49193556
2009,2,Sonora,Hombres,408731.0,653457.0,62.54902771
2009,2,Sonora,Mujeres,268750.0,386692.0,69.49975691
2009,2,Tabasco,Hombres,364355.0,549870.0,66.26202557
2009,2,Tabasco,Mujeres,172918.0,273949.0,63.12050783
2009,2,Tamaulipas,Hombres,535341.0,809587.0,66.12519717
2009,2,Tamaulipas,Mujeres,334093.0,509404.0,65.58507589
2009,2,Tlaxcala,Hombres,167064.0,278536.0,59.97932045
2009,2,Tlaxcala,Mujeres,102486.0,179823.0,56.9927095
2009,2,Veracruz,Hombres,1173650.0,1928473.0,60.85903199
2009,2,Veracruz,Mujeres,563197.0,994398.0,56.63698036
2009,2,Yucatán,Hombres,320838.0,539125.0,59.5108741
2009,2,Yucatán,Mujeres,192198.0,332602.0,57.78618289
2009,2,Zacatecas,Hombres,188596.0,345885.0,54.52563713
2009,2,Zacatecas,Mujeres,111534.0,197886.0,56.36275431
2009,3,Nacional,Hombres,16608295.0,27850429.0,59.63389289
2009,3,Nacional,Mujeres,10537084.0,17111613.0,61.57855487
2009,3,Aguascalientes,Hombres,190926.0,268987.0,70.97963842
2009,3,Aguascalientes,Mujeres,124220.0,169132.0,73.44559279
2009,3,Baja California,Hombres,513024.0,776612.0,66.05924194
2009,3,Baja California,Mujeres,351928.0,497686.0,70.71285911
2009,3,Baja California Sur,Hombres,112650.0,170530.0,66.05875799
2009,3,Baja California Sur,Mujeres,67761.0,97235.0,69.68786959
2009,3,Campeche,Hombres,125122.0,227110.0,55.09312668
2009,3,Campeche,Mujeres,70191.0,120603.0,58.20004478
2009,3,Coahuila,Hombres,471714.0,671863.0,70.20984933
2009,3,Coahuila,Mujeres,270899.0,389584.0,69.5354532
2009,3,Colima,Hombres,104520.0,176663.0,59.16349207
2009,3,Colima,Mujeres,76747.0,121304.0,63.26831762
2009,3,Chiapas,Hombres,493715.0,1215788.0,40.6086423
2009,3,Chiapas,Mujeres,237271.0,526022.0,45.10666854
2009,3,Chihuahua,Hombres,513847.0,857694.0,59.91029435
2009,3,Chihuahua,Mujeres,319521.0,453176.0,70.50704362
2009,3,Ciudad de México,Hombres,1438893.0,2212284.0,65.04106164
2009,3,Ciudad de México,Mujeres,1235892.0,1702348.0,72.59925703
2009,3,Durango,Hombres,237944.0,385719.0,61.68843122
2009,3,Durango,Mujeres,128953.0,189956.0,67.8857209
2009,3,Guanajuato,Hombres,732978.0,1229794.0,59.60168939
2009,3,Guanajuato,Mujeres,512720.0,836074.0,61.32471528
2009,3,Guerrero,Hombres,284824.0,842483.0,33.80768514
2009,3,Guerrero,Mujeres,215426.0,590951.0,36.45412225
2009,3,Hidalgo,Hombres,354242.0,640689.0,55.29078851
2009,3,Hidalgo,Mujeres,198034.0,364424.0,54.34164599
2009,3,Jalisco,Hombres,1159398.0,1865390.0,62.15311543
2009,3,Jalisco,Mujeres,777379.0,1205136.0,64.50549979
2009,3,México,Hombres,2477207.0,3818679.0,64.87078385
2009,3,México,Mujeres,1489415.0,2203221.0,67.60170677
2009,3,Michoacán,Hombres,542700.0,1054880.0,51.44661004
2009,3,Michoacán,Mujeres,355521.0,680601.0,52.2363323
2009,3,Morelos,Hombres,272949.0,434851.0,62.76839653
2009,3,Morelos,Mujeres,179308.0,302255.0,59.32341897
2009,3,Nayarit,Hombres,144262.0,283408.0,50.90258567
2009,3,Nayarit,Mujeres,97275.0,182080.0,53.42431898
2009,3,Nuevo León,Hombres,914670.0,1245637.0,73.42989972
2009,3,Nuevo León,Mujeres,534729.0,729976.0,73.25295626
2009,3,Oaxaca,Hombres,358543.0,936006.0,38.30563052
2009,3,Oaxaca,Mujeres,223435.0,635794.0,35.142672
2009,3,Puebla,Hombres,759464.0,1376338.0,55.18005025
2009,3,Puebla,Mujeres,474470.0,897703.0,52.85378349
2009,3,Querétaro,Hombres,268244.0,413867.0,64.81405862
2009,3,Querétaro,Mujeres,176183.0,260683.0,67.58515131
2009,3,Quintana Roo,Hombres,245566.0,369831.0,66.39951762
2009,3,Quintana Roo,Mujeres,154758.0,228655.0,67.68187881
2009,3,San Luis Potosí,Hombres,360608.0,624046.0,57.78548376
2009,3,San Luis Potosí,Mujeres,208659.0,349150.0,59.76199341
2009,3,Sinaloa,Hombres,433454.0,700434.0,61.88363215
2009,3,Sinaloa,Mujeres,268996.0,425890.0,63.16091009
2009,3,Sonora,Hombres,389245.0,609838.0,63.82760668
2009,3,Sonora,Mujeres,277049.0,396554.0,69.86412948
2009,3,Tabasco,Hombres,366495.0,553595.0,66.20272943
2009,3,Tabasco,Mujeres,183622.0,291455.0,63.00183562
2009,3,Tamaulipas,Hombres,508147.0,799709.0,63.54148822
2009,3,Tamaulipas,Mujeres,330127.0,503247.0,65.59939751
2009,3,Tlaxcala,Hombres,161725.0,273686.0,59.09144056
2009,3,Tlaxcala,Mujeres,95008.0,173535.0,54.74860979
2009,3,Veracruz,Hombres,1152824.0,1909081.0,60.38633248
2009,3,Veracruz,Mujeres,597219.0,1045331.0,57.13204717
2009,3,Yucatán,Hombres,326668.0,545300.0,59.90610673
2009,3,Yucatán,Mujeres,192143.0,336781.0,57.05280286
2009,3,Zacatecas,Hombres,191727.0,359637.0,53.31125552
2009,3,Zacatecas,Mujeres,112225.0,205071.0,54.72494892
2009,4,Nacional,Hombres,16922896.0,28243649.0,59.91752695
2009,4,Nacional,Mujeres,10655099.0,17314946.0,61.53700393
2009,4,Aguascalientes,Hombres,200743.0,275424.0,72.88507901
2009,4,Aguascalientes,Mujeres,128243.0,173716.0,73.82336687
2009,4,Baja California,Hombres,544364.0,809831.0,67.2194569
2009,4,Baja California,Mujeres,344127.0,488297.0,70.47493636
2009,4,Baja California Sur,Hombres,112643.0,171963.0,65.5042073
2009,4,Baja California Sur,Mujeres,66623.0,98915.0,67.35378861
2009,4,Campeche,Hombres,123513.0,228078.0,54.15384211
2009,4,Campeche,Mujeres,73096.0,126582.0,57.74596704
2009,4,Coahuila,Hombres,496551.0,698847.0,71.05289141
2009,4,Coahuila,Mujeres,271285.0,403698.0,67.19998613
2009,4,Colima,Hombres,110481.0,179393.0,61.58601506
2009,4,Colima,Mujeres,73412.0,115614.0,63.4975003
2009,4,Chiapas,Hombres,522649.0,1224796.0,42.67233074
2009,4,Chiapas,Mujeres,251704.0,547708.0,45.9558743
2009,4,Chihuahua,Hombres,543431.0,872160.0,62.30863603
2009,4,Chihuahua,Mujeres,325617.0,457405.0,71.18789694
2009,4,Ciudad de México,Hombres,1462955.0,2231880.0,65.54810294
2009,4,Ciudad de México,Mujeres,1212118.0,1680110.0,72.14515716
2009,4,Durango,Hombres,239855.0,384653.0,62.35620156
2009,4,Durango,Mujeres,128372.0,195503.0,65.6624195
2009,4,Guanajuato,Hombres,768684.0,1258096.0,61.09899404
2009,4,Guanajuato,Mujeres,499445.0,839775.0,59.47366854
2009,4,Guerrero,Hombres,303022.0,823122.0,36.81374085
2009,4,Guerrero,Mujeres,237092.0,552869.0,42.88393815
2009,4,Hidalgo,Hombres,358500.0,641908.0,55.8491248
2009,4,Hidalgo,Mujeres,204834.0,358000.0,57.21620112
2009,4,Jalisco,Hombres,1182208.0,1908348.0,61.94928808
2009,4,Jalisco,Mujeres,808849.0,1254348.0,64.48362018
2009,4,México,Hombres,2436185.0,3773716.0,64.5566598
2009,4,México,Mujeres,1531755.0,2286490.0,66.99154599
2009,4,Michoacán,Hombres,544788.0,1081823.0,50.35833034
2009,4,Michoacán,Mujeres,352475.0,654182.0,53.88026574
2009,4,Morelos,Hombres,272204.0,441743.0,61.62044447
2009,4,Morelos,Mujeres,185093.0,304660.0,60.75395523
2009,4,Nayarit,Hombres,156010.0,293083.0,53.2306548
2009,4,Nayarit,Mujeres,105759.0,185381.0,57.04953582
2009,4,Nuevo León,Hombres,928259.0,1283474.0,72.32394267
2009,4,Nuevo León,Mujeres,544339.0,747418.0,72.8292602
2009,4,Oaxaca,Hombres,350606.0,939705.0,37.3102197
2009,4,Oaxaca,Mujeres,221363.0,616527.0,35.90483466
2009,4,Puebla,Hombres,787299.0,1382528.0,56.94633309
2009,4,Puebla,Mujeres,456843.0,919933.0,49.6604644
2009,4,Querétaro,Hombres,273325.0,423948.0,64.47135026
2009,4,Querétaro,Mujeres,174100.0,252759.0,68.87984206
2009,4,Quintana Roo,Hombres,239592.0,370541.0,64.66005111
2009,4,Quintana Roo,Mujeres,159672.0,236532.0,67.50545381
2009,4,San Luis Potosí,Hombres,365362.0,640595.0,57.03478797
2009,4,San Luis Potosí,Mujeres,222899.0,359620.0,61.98181414
2009,4,Sinaloa,Hombres,453164.0,733834.0,61.7529305
2009,4,Sinaloa,Mujeres,290084.0,459138.0,63.18013321
2009,4,Sonora,Hombres,421874.0,653364.0,64.56952021
2009,4,Sonora,Mujeres,286140.0,416386.0,68.71988972
2009,4,Tabasco,Hombres,374741.0,550550.0,68.06666061
2009,4,Tabasco,Mujeres,178850.0,283843.0,63.01018521
2009,4,Tamaulipas,Hombres,517220.0,823022.0,62.8440066
2009,4,Tamaulipas,Mujeres,330786.0,503314.0,65.72159725
2009,4,Tlaxcala,Hombres,166149.0,279443.0,59.45720594
2009,4,Tlaxcala,Mujeres,97130.0,175014.0,55.49841727
2009,4,Veracruz,Hombres,1140641.0,1950762.0,58.47156137
2009,4,Veracruz,Mujeres,575049.0,1063349.0,54.07904648
2009,4,Yucatán,Hombres,327095.0,543887.0,60.14024972
2009,4,Yucatán,Mujeres,201767.0,353247.0,57.11782407
2009,4,Zacatecas,Hombres,198783.0,369132.0,53.85146777
2009,4,Zacatecas,Mujeres,116178.0,204613.0,56.77938352
2010,1,Nacional,Hombres,16956060.0,27925470.0,60.71897805
2010,1,Nacional,Mujeres,10609951.0,16794890.0,63.17368557
2010,1,Aguascalientes,Hombres,197254.0,271488.0,72.65661834
2010,1,Aguascalientes,Mujeres,127418.0,171896.0,74.12505236
2010,1,Baja California,Hombres,531193.0,800569.0,66.35193219
2010,1,Baja California,Mujeres,346845.0,489598.0,70.8428139
2010,1,Baja California Sur,Hombres,111100.0,172817.0,64.28765689
2010,1,Baja California Sur,Mujeres,71994.0,102419.0,70.29359787
2010,1,Campeche,Hombres,127176.0,226274.0,56.20442472
2010,1,Campeche,Mujeres,72157.0,120892.0,59.68715879
2010,1,Coahuila,Hombres,492082.0,677518.0,72.63009986
2010,1,Coahuila,Mujeres,267912.0,390457.0,68.61498193
2010,1,Colima,Hombres,107640.0,176978.0,60.82111901
2010,1,Colima,Mujeres,75778.0,119002.0,63.67792138
2010,1,Chiapas,Hombres,526614.0,1242402.0,42.3867637
2010,1,Chiapas,Mujeres,257219.0,528833.0,48.63898433
2010,1,Chihuahua,Hombres,504507.0,843729.0,59.79491045
2010,1,Chihuahua,Mujeres,317275.0,429616.0,73.85083423
2010,1,Ciudad de México,Hombres,1441931.0,2231386.0,64.62041977
2010,1,Ciudad de México,Mujeres,1240251.0,1669542.0,74.28690024
2010,1,Durango,Hombres,240012.0,377698.0,63.54600766
2010,1,Durango,Mujeres,135897.0,200281.0,67.8531663
2010,1,Guanajuato,Hombres,741207.0,1235175.0,60.00825794
2010,1,Guanajuato,Mujeres,504242.0,809750.0,62.27131831
2010,1,Guerrero,Hombres,332676.0,757856.0,43.89699362
2010,1,Guerrero,Mujeres,223070.0,528348.0,42.22027906
2010,1,Hidalgo,Hombres,368773.0,637666.0,57.83168618
2010,1,Hidalgo,Mujeres,198610.0,348539.0,56.98358003
2010,1,Jalisco,Hombres,1175860.0,1877166.0,62.64017141
2010,1,Jalisco,Mujeres,820329.0,1214970.0,67.51845725
2010,1,México,Hombres,2547422.0,3744468.0,68.03161357
2010,1,México,Mujeres,1493789.0,2177544.0,68.59971601
2010,1,Michoacán,Hombres,529922.0,1056471.0,50.15963524
2010,1,Michoacán,Mujeres,334293.0,619708.0,53.94363152
2010,1,Morelos,Hombres,283763.0,451367.0,62.86746705
2010,1,Morelos,Mujeres,182975.0,295774.0,61.8631117
2010,1,Nayarit,Hombres,158936.0,293293.0,54.19017842
2010,1,Nayarit,Mujeres,103305.0,179647.0,57.50443926
2010,1,Nuevo León,Hombres,917776.0,1275202.0,71.9710289
2010,1,Nuevo León,Mujeres,536628.0,735810.0,72.93024014
2010,1,Oaxaca,Hombres,361162.0,914094.0,39.51037858
2010,1,Oaxaca,Mujeres,233544.0,590447.0,39.55376181
2010,1,Puebla,Hombres,806743.0,1370078.0,58.8829979
2010,1,Puebla,Mujeres,458647.0,865440.0,52.99581716
2010,1,Querétaro,Hombres,281715.0,431948.0,65.21965607
2010,1,Querétaro,Mujeres,176624.0,246479.0,71.65884315
2010,1,Quintana Roo,Hombres,238762.0,379312.0,62.94607078
2010,1,Quintana Roo,Mujeres,164319.0,240337.0,68.37024678
2010,1,San Luis Potosí,Hombres,368830.0,641071.0,57.53340894
2010,1,San Luis Potosí,Mujeres,206385.0,340707.0,60.57550916
2010,1,Sinaloa,Hombres,447818.0,737623.0,60.71095939
2010,1,Sinaloa,Mujeres,282476.0,455895.0,61.96075851
2010,1,Sonora,Hombres,441389.0,655356.0,67.35102753
2010,1,Sonora,Mujeres,275701.0,391924.0,70.34552617
2010,1,Tabasco,Hombres,363166.0,552625.0,65.71653472
2010,1,Tabasco,Mujeres,181012.0,285998.0,63.29135169
2010,1,Tamaulipas,Hombres,507762.0,815272.0,62.28129998
2010,1,Tamaulipas,Mujeres,336468.0,497198.0,67.67283859
2010,1,Tlaxcala,Hombres,164520.0,267479.0,61.50763237
2010,1,Tlaxcala,Mujeres,98692.0,171363.0,57.59236241
2010,1,Veracruz,Hombres,1123591.0,1921893.0,58.46272399
2010,1,Veracruz,Mujeres,577748.0,1036310.0,55.75049937
2010,1,Yucatán,Hombres,326271.0,541059.0,60.30229605
2010,1,Yucatán,Mujeres,201885.0,355704.0,56.75646043
2010,1,Zacatecas,Hombres,188487.0,348137.0,54.14161666
2010,1,Zacatecas,Mujeres,106463.0,184462.0,57.71541022
2010,2,Nacional,Hombres,17163216.0,28571712.0,60.0706601
2010,2,Nacional,Mujeres,10717529.0,17270203.0,62.05792138
2010,2,Aguascalientes,Hombres,205051.0,284571.0,72.05618282
2010,2,Aguascalientes,Mujeres,130733.0,182032.0,71.81869122
2010,2,Baja California,Hombres,522210.0,795221.0,65.66853743
2010,2,Baja California,Mujeres,345800.0,506809.0,68.23083252
2010,2,Baja California Sur,Hombres,118377.0,181487.0,65.22615945
2010,2,Baja California Sur,Mujeres,70087.0,104538.0,67.0445197
2010,2,Campeche,Hombres,127404.0,228172.0,55.83682485
2010,2,Campeche,Mujeres,74125.0,121109.0,61.20519532
2010,2,Coahuila,Hombres,502276.0,691203.0,72.66692998
2010,2,Coahuila,Mujeres,260771.0,391544.0,66.60068856
2010,2,Colima,Hombres,112248.0,180788.0,62.08819169
2010,2,Colima,Mujeres,78395.0,123230.0,63.61681409
2010,2,Chiapas,Hombres,482959.0,1263705.0,38.21770112
2010,2,Chiapas,Mujeres,273623.0,547973.0,49.93366461
2010,2,Chihuahua,Hombres,547396.0,834693.0,65.58051883
2010,2,Chihuahua,Mujeres,330522.0,464946.0,71.08825541
2010,2,Ciudad de México,Hombres,1418928.0,2228861.0,63.66157423
2010,2,Ciudad de México,Mujeres,1226904.0,1696350.0,72.32611195
2010,2,Durango,Hombres,246585.0,394821.0,62.45488462
2010,2,Durango,Mujeres,136194.0,199410.0,68.29848052
2010,2,Guanajuato,Hombres,743704.0,1262400.0,58.91191381
2010,2,Guanajuato,Mujeres,519116.0,829755.0,62.56256365
2010,2,Guerrero,Hombres,313766.0,829793.0,37.81256289
2010,2,Guerrero,Mujeres,224708.0,561449.0,40.0228694
2010,2,Hidalgo,Hombres,370609.0,659269.0,56.21514132
2010,2,Hidalgo,Mujeres,207607.0,387535.0,53.57116131
2010,2,Jalisco,Hombres,1219990.0,1933643.0,63.0928253
2010,2,Jalisco,Mujeres,810010.0,1206360.0,67.14496502
2010,2,México,Hombres,2651379.0,3956225.0,67.01790217
2010,2,México,Mujeres,1505900.0,2256801.0,66.72719482
2010,2,Michoacán,Hombres,530417.0,1035334.0,51.23148665
2010,2,Michoacán,Mujeres,335931.0,632842.0,53.08291801
2010,2,Morelos,Hombres,292120.0,457974.0,63.78528039
2010,2,Morelos,Mujeres,178656.0,298863.0,59.77856075
2010,2,Nayarit,Hombres,156466.0,292986.0,53.40391691
2010,2,Nayarit,Mujeres,108404.0,187172.0,57.91678242
2010,2,Nuevo León,Hombres,940819.0,1292137.0,72.81108737
2010,2,Nuevo León,Mujeres,546613.0,751865.0,72.7009503
2010,2,Oaxaca,Hombres,368904.0,941057.0,39.20102608
2010,2,Oaxaca,Mujeres,239029.0,613912.0,38.93538488
2010,2,Puebla,Hombres,823236.0,1393645.0,59.07071026
2010,2,Puebla,Mujeres,485983.0,907426.0,53.55621285
2010,2,Querétaro,Hombres,282337.0,439627.0,64.22194269
2010,2,Querétaro,Mujeres,189361.0,268741.0,70.46226664
2010,2,Quintana Roo,Hombres,248068.0,396349.0,62.58827448
2010,2,Quintana Roo,Mujeres,162332.0,247358.0,65.62633915
2010,2,San Luis Potosí,Hombres,374653.0,654730.0,57.22251921
2010,2,San Luis Potosí,Mujeres,215434.0,359362.0,59.94902076
2010,2,Sinaloa,Hombres,422759.0,721858.0,58.56539652
2010,2,Sinaloa,Mujeres,276415.0,450167.0,61.40276831
2010,2,Sonora,Hombres,409227.0,649457.0,63.01063812
2010,2,Sonora,Mujeres,284831.0,411676.0,69.18814796
2010,2,Tabasco,Hombres,377586.0,574499.0,65.72439639
2010,2,Tabasco,Mujeres,171166.0,287553.0,59.52502669
2010,2,Tamaulipas,Hombres,542376.0,856907.0,63.29461657
2010,2,Tamaulipas,Mujeres,309418.0,469747.0,65.8690742
2010,2,Tlaxcala,Hombres,165790.0,274397.0,60.41975678
2010,2,Tlaxcala,Mujeres,104632.0,177799.0,58.84847496
2010,2,Veracruz,Hombres,1120986.0,1961339.0,57.15411767
2010,2,Veracruz,Mujeres,596768.0,1086401.0,54.93073
2010,2,Yucatán,Hombres,323016.0,539604.0,59.86167634
2010,2,Yucatán,Mujeres,207232.0,349208.0,59.34342856
2010,2,Zacatecas,Hombres,201574.0,364960.0,55.23180623
2010,2,Zacatecas,Mujeres,110829.0,190270.0,58.24827876
2010,3,Nacional,Hombres,17221619.0,28492532.0,60.44257141
2010,3,Nacional,Mujeres,10709982.0,17208586.0,62.23626973
2010,3,Aguascalientes,Hombres,207263.0,285205.0,72.6715871
2010,3,Aguascalientes,Mujeres,134053.0,182851.0,73.31269722
2010,3,Baja California,Hombres,530877.0,794594.0,66.81110102
2010,3,Baja California,Mujeres,352222.0,485937.0,72.4830585
2010,3,Baja California Sur,Hombres,114122.0,176060.0,64.81994775
2010,3,Baja California Sur,Mujeres,71701.0,107313.0,66.81483138
2010,3,Campeche,Hombres,130656.0,228297.0,57.23071262
2010,3,Campeche,Mujeres,73439.0,122293.0,60.05167916
2010,3,Coahuila,Hombres,503207.0,679916.0,74.01017184
2010,3,Coahuila,Mujeres,256023.0,389778.0,65.68431261
2010,3,Colima,Hombres,110299.0,181166.0,60.88283674
2010,3,Colima,Mujeres,74895.0,123764.0,60.51436605
2010,3,Chiapas,Hombres,497813.0,1250100.0,39.82185425
2010,3,Chiapas,Mujeres,259137.0,531919.0,48.7173799
2010,3,Chihuahua,Hombres,532426.0,826705.0,64.40338452
2010,3,Chihuahua,Mujeres,318590.0,441531.0,72.15574897
2010,3,Ciudad de México,Hombres,1536981.0,2276602.0,67.51206403
2010,3,Ciudad de México,Mujeres,1263097.0,1703372.0,74.15273939
2010,3,Durango,Hombres,242346.0,400481.0,60.51373224
2010,3,Durango,Mujeres,138426.0,202500.0,68.35851852
2010,3,Guanajuato,Hombres,736049.0,1235124.0,59.59312587
2010,3,Guanajuato,Mujeres,538407.0,859918.0,62.61143504
2010,3,Guerrero,Hombres,295346.0,829346.0,35.6119159
2010,3,Guerrero,Mujeres,231879.0,554012.0,41.85450857
2010,3,Hidalgo,Hombres,382670.0,649562.0,58.91200532
2010,3,Hidalgo,Mujeres,218418.0,363372.0,60.10864899
2010,3,Jalisco,Hombres,1180904.0,1926659.0,61.29283905
2010,3,Jalisco,Mujeres,818117.0,1243281.0,65.80306463
2010,3,México,Hombres,2617465.0,3936234.0,66.49668185
2010,3,México,Mujeres,1505991.0,2266289.0,66.45185146
2010,3,Michoacán,Hombres,566751.0,1105174.0,51.28160814
2010,3,Michoacán,Mujeres,329898.0,635766.0,51.88984626
2010,3,Morelos,Hombres,290613.0,460573.0,63.09814079
2010,3,Morelos,Mujeres,178632.0,291983.0,61.17890425
2010,3,Nayarit,Hombres,153806.0,295946.0,51.97096768
2010,3,Nayarit,Mujeres,104090.0,181351.0,57.39698154
2010,3,Nuevo León,Hombres,936092.0,1284028.0,72.90277159
2010,3,Nuevo León,Mujeres,550134.0,753190.0,73.04053426
2010,3,Oaxaca,Hombres,350228.0,920439.0,38.05010435
2010,3,Oaxaca,Mujeres,230900.0,612845.0,37.67673718
2010,3,Puebla,Hombres,858252.0,1430941.0,59.97815424
2010,3,Puebla,Mujeres,499900.0,929710.0,53.76945499
2010,3,Querétaro,Hombres,285341.0,444236.0,64.23184974
2010,3,Querétaro,Mujeres,190545.0,271563.0,70.16603882
2010,3,Quintana Roo,Hombres,250847.0,393174.0,63.80050563
2010,3,Quintana Roo,Mujeres,164247.0,243354.0,67.49303484
2010,3,San Luis Potosí,Hombres,370996.0,646482.0,57.38690327
2010,3,San Luis Potosí,Mujeres,219879.0,359576.0,61.14952055
2010,3,Sinaloa,Hombres,426832.0,724648.0,58.90197724
2010,3,Sinaloa,Mujeres,254274.0,425469.0,59.76322599
2010,3,Sonora,Hombres,408271.0,626542.0,65.16259086
2010,3,Sonora,Mujeres,258339.0,389771.0,66.2796873
2010,3,Tabasco,Hombres,379920.0,553336.0,68.65991007
2010,3,Tabasco,Mujeres,166235.0,268409.0,61.93346721
2010,3,Tamaulipas,Hombres,536616.0,829816.0,64.66686591
2010,3,Tamaulipas,Mujeres,326579.0,485978.0,67.20036709
2010,3,Tlaxcala,Hombres,161407.0,273918.0,58.92529881
2010,3,Tlaxcala,Mujeres,104668.0,179714.0,58.24142805
2010,3,Veracruz,Hombres,1107941.0,1905596.0,58.14144236
2010,3,Veracruz,Mujeres,561318.0,1047351.0,53.59406732
2010,3,Yucatán,Hombres,321368.0,546481.0,58.80680207
2010,3,Yucatán,Mujeres,201709.0,354029.0,56.97527604
2010,3,Zacatecas,Hombres,197914.0,375151.0,52.75582366
2010,3,Zacatecas,Mujeres,114240.0,200397.0,57.00684142
2010,4,Nacional,Hombres,18301517.0,28287003.0,64.69938509
2010,4,Nacional,Mujeres,11018060.0,16879959.0,65.27302584
2010,4,Aguascalientes,Hombres,216867.0,279648.0,77.54999142
2010,4,Aguascalientes,Mujeres,132016.0,174946.0,75.46099939
2010,4,Baja California,Hombres,557769.0,807687.0,69.05756809
2010,4,Baja California,Mujeres,366626.0,505382.0,72.5443328
2010,4,Baja California Sur,Hombres,118294.0,175332.0,67.46857391
2010,4,Baja California Sur,Mujeres,69804.0,107929.0,64.67585172
2010,4,Campeche,Hombres,133955.0,228689.0,58.57518289
2010,4,Campeche,Mujeres,74771.0,125778.0,59.4468031
2010,4,Coahuila,Hombres,536511.0,692940.0,77.42531821
2010,4,Coahuila,Mujeres,271541.0,388127.0,69.96189392
2010,4,Colima,Hombres,117300.0,173323.0,67.67711152
2010,4,Colima,Mujeres,81201.0,123607.0,65.69288147
2010,4,Chiapas,Hombres,519892.0,1224282.0,42.46505299
2010,4,Chiapas,Mujeres,277698.0,507232.0,54.74772885
2010,4,Chihuahua,Hombres,565930.0,793895.0,71.28524553
2010,4,Chihuahua,Mujeres,320525.0,436333.0,73.45880325
2010,4,Ciudad de México,Hombres,1527445.0,2174019.0,70.25904557
2010,4,Ciudad de México,Mujeres,1296343.0,1725481.0,75.12936972
2010,4,Durango,Hombres,266692.0,397111.0,67.15804901
2010,4,Durango,Mujeres,142051.0,206212.0,68.88590383
2010,4,Guanajuato,Hombres,800081.0,1269934.0,63.00177805
2010,4,Guanajuato,Mujeres,540958.0,857164.0,63.11020995
2010,4,Guerrero,Hombres,324961.0,809095.0,40.16351603
2010,4,Guerrero,Mujeres,238879.0,559087.0,42.72662394
2010,4,Hidalgo,Hombres,423901.0,658243.0,64.39886182
2010,4,Hidalgo,Mujeres,233712.0,384557.0,60.77434555
2010,4,Jalisco,Hombres,1286510.0,1933016.0,66.55454481
2010,4,Jalisco,Mujeres,841130.0,1230296.0,68.36810003
2010,4,México,Hombres,2769984.0,3902332.0,70.9827867
2010,4,México,Mujeres,1468905.0,2109867.0,69.62073913
2010,4,Michoacán,Hombres,609285.0,1072948.0,56.78606978
2010,4,Michoacán,Mujeres,341088.0,569670.0,59.87466428
2010,4,Morelos,Hombres,299479.0,453161.0,66.08666677
2010,4,Morelos,Mujeres,184721.0,289515.0,63.80360258
2010,4,Nayarit,Hombres,169269.0,298172.0,56.7689119
2010,4,Nayarit,Mujeres,109834.0,183810.0,59.7540939
2010,4,Nuevo León,Hombres,1007817.0,1312278.0,76.79904715
2010,4,Nuevo León,Mujeres,571725.0,765298.0,74.70619288
2010,4,Oaxaca,Hombres,362512.0,940449.0,38.54669419
2010,4,Oaxaca,Mujeres,254909.0,588843.0,43.2898073
2010,4,Puebla,Hombres,885687.0,1386752.0,63.86772833
2010,4,Puebla,Mujeres,513989.0,911183.0,56.40897602
2010,4,Querétaro,Hombres,305698.0,417575.0,73.20792672
2010,4,Querétaro,Mujeres,206557.0,262107.0,78.80636534
2010,4,Quintana Roo,Hombres,258249.0,395520.0,65.29353762
2010,4,Quintana Roo,Mujeres,171144.0,252495.0,67.78114418
2010,4,San Luis Potosí,Hombres,395298.0,647089.0,61.08866014
2010,4,San Luis Potosí,Mujeres,224992.0,351125.0,64.07746529
2010,4,Sinaloa,Hombres,473752.0,734485.0,64.50124917
2010,4,Sinaloa,Mujeres,262184.0,435451.0,60.20975954
2010,4,Sonora,Hombres,463729.0,632746.0,73.28833371
2010,4,Sonora,Mujeres,283879.0,402681.0,70.49724223
2010,4,Tabasco,Hombres,399962.0,550482.0,72.65668996
2010,4,Tabasco,Mujeres,180696.0,269545.0,67.0374149
2010,4,Tamaulipas,Hombres,570938.0,826313.0,69.09464089
2010,4,Tamaulipas,Mujeres,337192.0,480666.0,70.15099882
2010,4,Tlaxcala,Hombres,183204.0,270271.0,67.78529698
2010,4,Tlaxcala,Mujeres,114481.0,177281.0,64.57601209
2010,4,Veracruz,Hombres,1200435.0,1915322.0,62.67536216
2010,4,Veracruz,Mujeres,585429.0,964013.0,60.72833043
2010,4,Yucatán,Hombres,338389.0,537176.0,62.99406526
2010,4,Yucatán,Mujeres,202729.0,334714.0,60.56782806
2010,4,Zacatecas,Hombres,211722.0,376718.0,56.20172118
2010,4,Zacatecas,Mujeres,116351.0,199564.0,58.30259967
2011,1,Nacional,Hombres,17497900.0,28436561.0,61.53310873
2011,1,Nacional,Mujeres,10747619.0,16818295.0,63.90433156
2011,1,Aguascalientes,Hombres,208170.0,277033.0,75.14267253
2011,1,Aguascalientes,Mujeres,128765.0,175410.0,73.40801551
2011,1,Baja California,Hombres,550746.0,826138.0,66.66513343
2011,1,Baja California,Mujeres,340943.0,486548.0,70.07386733
2011,1,Baja California Sur,Hombres,115368.0,174030.0,66.29201862
2011,1,Baja California Sur,Mujeres,74150.0,110178.0,67.30018697
2011,1,Campeche,Hombres,131438.0,225945.0,58.17256412
2011,1,Campeche,Mujeres,76784.0,128879.0,59.5783642
2011,1,Coahuila,Hombres,522321.0,710592.0,73.50504931
2011,1,Coahuila,Mujeres,278501.0,383547.0,72.61196151
2011,1,Colima,Hombres,114878.0,174618.0,65.78817762
2011,1,Colima,Mujeres,77689.0,122966.0,63.1792528
2011,1,Chiapas,Hombres,494509.0,1272100.0,38.87343762
2011,1,Chiapas,Mujeres,264326.0,527915.0,50.0698029
2011,1,Chihuahua,Hombres,529724.0,799183.0,66.28319171
2011,1,Chihuahua,Mujeres,315292.0,410298.0,76.84463488
2011,1,Ciudad de México,Hombres,1491799.0,2240004.0,66.59805072
2011,1,Ciudad de México,Mujeres,1250902.0,1667075.0,75.03573624
2011,1,Durango,Hombres,260022.0,392170.0,66.30338884
2011,1,Durango,Mujeres,131953.0,194542.0,67.82751282
2011,1,Guanajuato,Hombres,771254.0,1240742.0,62.16070706
2011,1,Guanajuato,Mujeres,541483.0,854887.0,63.33971624
2011,1,Guerrero,Hombres,319976.0,761942.0,41.9947975
2011,1,Guerrero,Mujeres,226993.0,528047.0,42.98727197
2011,1,Hidalgo,Hombres,376115.0,637709.0,58.97909548
2011,1,Hidalgo,Mujeres,230070.0,385997.0,59.60409019
2011,1,Jalisco,Hombres,1219403.0,1923841.0,63.38377236
2011,1,Jalisco,Mujeres,813408.0,1241434.0,65.52164674
2011,1,México,Hombres,2658224.0,3955142.0,67.20931891
2011,1,México,Mujeres,1460270.0,2159862.0,67.60941208
2011,1,Michoacán,Hombres,549344.0,1114376.0,49.29610832
2011,1,Michoacán,Mujeres,305093.0,588678.0,51.82680515
2011,1,Morelos,Hombres,287446.0,451890.0,63.60972803
2011,1,Morelos,Mujeres,180329.0,291951.0,61.76687184
2011,1,Nayarit,Hombres,160583.0,301551.0,53.25235201
2011,1,Nayarit,Mujeres,106398.0,181967.0,58.47104145
2011,1,Nuevo León,Hombres,951268.0,1293276.0,73.55491017
2011,1,Nuevo León,Mujeres,558603.0,745100.0,74.97020534
2011,1,Oaxaca,Hombres,350623.0,915276.0,38.30789838
2011,1,Oaxaca,Mujeres,239949.0,574781.0,41.74616071
2011,1,Puebla,Hombres,828052.0,1360093.0,60.88201322
2011,1,Puebla,Mujeres,499158.0,885892.0,56.34524299
2011,1,Querétaro,Hombres,299272.0,440656.0,67.91510838
2011,1,Querétaro,Mujeres,212045.0,285230.0,74.34175928
2011,1,Quintana Roo,Hombres,258544.0,398720.0,64.8434992
2011,1,Quintana Roo,Mujeres,174355.0,248467.0,70.17229652
2011,1,San Luis Potosí,Hombres,366889.0,637265.0,57.57243847
2011,1,San Luis Potosí,Mujeres,230970.0,364674.0,63.33602067
2011,1,Sinaloa,Hombres,449945.0,732246.0,61.44724587
2011,1,Sinaloa,Mujeres,264872.0,425467.0,62.25441691
2011,1,Sonora,Hombres,453989.0,651598.0,69.67317272
2011,1,Sonora,Mujeres,292385.0,410222.0,71.27482193
2011,1,Tabasco,Hombres,381835.0,567524.0,67.28085508
2011,1,Tabasco,Mujeres,182477.0,285770.0,63.85449837
2011,1,Tamaulipas,Hombres,556256.0,844004.0,65.90679665
2011,1,Tamaulipas,Mujeres,323102.0,479130.0,67.43514286
2011,1,Tlaxcala,Hombres,165962.0,268869.0,61.72597064
2011,1,Tlaxcala,Mujeres,103951.0,172606.0,60.22444179
2011,1,Veracruz,Hombres,1155575.0,1956302.0,59.06935637
2011,1,Veracruz,Mujeres,553101.0,968722.0,57.09594703
2011,1,Yucatán,Hombres,326022.0,548576.0,59.4305985
2011,1,Yucatán,Mujeres,205874.0,344818.0,59.7051198
2011,1,Zacatecas,Hombres,192348.0,343150.0,56.05362087
2011,1,Zacatecas,Mujeres,103428.0,187235.0,55.23967207
2011,2,Nacional,Hombres,17744936.0,28805750.0,61.60206209
2011,2,Nacional,Mujeres,10904175.0,17309940.0,62.99371922
2011,2,Aguascalientes,Hombres,207398.0,280600.0,73.91233072
2011,2,Aguascalientes,Mujeres,127793.0,176193.0,72.53012322
2011,2,Baja California,Hombres,550732.0,839093.0,65.63420264
2011,2,Baja California,Mujeres,355066.0,500895.0,70.8863135
2011,2,Baja California Sur,Hombres,110635.0,176660.0,62.62594815
2011,2,Baja California Sur,Mujeres,75031.0,111789.0,67.11841058
2011,2,Campeche,Hombres,125638.0,226184.0,55.54681145
2011,2,Campeche,Mujeres,74902.0,126055.0,59.4200944
2011,2,Coahuila,Hombres,543874.0,733010.0,74.19735065
2011,2,Coahuila,Mujeres,293926.0,413992.0,70.9979903
2011,2,Colima,Hombres,113725.0,178995.0,63.53529428
2011,2,Colima,Mujeres,79145.0,127325.0,62.15982721
2011,2,Chiapas,Hombres,548664.0,1292604.0,42.4464105
2011,2,Chiapas,Mujeres,249901.0,557896.0,44.79347405
2011,2,Chihuahua,Hombres,550987.0,834167.0,66.05236122
2011,2,Chihuahua,Mujeres,301464.0,408287.0,73.83629653
2011,2,Ciudad de México,Hombres,1482726.0,2244521.0,66.05979628
2011,2,Ciudad de México,Mujeres,1281662.0,1721266.0,74.46042622
2011,2,Durango,Hombres,270760.0,399115.0,67.84009621
2011,2,Durango,Mujeres,150989.0,218661.0,69.05163701
2011,2,Guanajuato,Hombres,805546.0,1295922.0,62.16006828
2011,2,Guanajuato,Mujeres,524866.0,846538.0,62.00146951
2011,2,Guerrero,Hombres,325391.0,819694.0,39.69664289
2011,2,Guerrero,Mujeres,226959.0,555344.0,40.8681826
2011,2,Hidalgo,Hombres,388076.0,645375.0,60.13186132
2011,2,Hidalgo,Mujeres,228848.0,386223.0,59.25281508
2011,2,Jalisco,Hombres,1213755.0,1921115.0,63.17971595
2011,2,Jalisco,Mujeres,784503.0,1240414.0,63.24525521
2011,2,México,Hombres,2724605.0,4003664.0,68.05278865
2011,2,México,Mujeres,1478454.0,2202626.0,67.12233489
2011,2,Michoacán,Hombres,603053.0,1165433.0,51.74497376
2011,2,Michoacán,Mujeres,333032.0,641150.0,51.94291507
2011,2,Morelos,Hombres,283455.0,452806.0,62.59965636
2011,2,Morelos,Mujeres,186196.0,295865.0,62.93275649
2011,2,Nayarit,Hombres,148667.0,287492.0,51.7116998
2011,2,Nayarit,Mujeres,108649.0,179118.0,60.65777867
2011,2,Nuevo León,Hombres,951690.0,1284417.0,74.09509528
2011,2,Nuevo León,Mujeres,576163.0,760128.0,75.79815505
2011,2,Oaxaca,Hombres,362390.0,931546.0,38.90199732
2011,2,Oaxaca,Mujeres,240666.0,609444.0,39.48943627
2011,2,Puebla,Hombres,816677.0,1385334.0,58.95163188
2011,2,Puebla,Mujeres,517395.0,938454.0,55.13269697
2011,2,Querétaro,Hombres,291081.0,441305.0,65.9591439
2011,2,Querétaro,Mujeres,213222.0,287179.0,74.24707238
2011,2,Quintana Roo,Hombres,258151.0,408956.0,63.1243948
2011,2,Quintana Roo,Mujeres,167130.0,256376.0,65.18940931
2011,2,San Luis Potosí,Hombres,369693.0,621015.0,59.53044612
2011,2,San Luis Potosí,Mujeres,244699.0,374938.0,65.26385696
2011,2,Sinaloa,Hombres,444073.0,720701.0,61.61681474
2011,2,Sinaloa,Mujeres,266410.0,429847.0,61.97786654
2011,2,Sonora,Hombres,447689.0,663202.0,67.50416917
2011,2,Sonora,Mujeres,290206.0,417783.0,69.46333384
2011,2,Tabasco,Hombres,378501.0,570612.0,66.33246409
2011,2,Tabasco,Mujeres,179528.0,284221.0,63.16493151
2011,2,Tamaulipas,Hombres,536366.0,822154.0,65.23911579
2011,2,Tamaulipas,Mujeres,353370.0,530029.0,66.66993693
2011,2,Tlaxcala,Hombres,171454.0,278143.0,61.64239258
2011,2,Tlaxcala,Mujeres,104099.0,170448.0,61.07375857
2011,2,Veracruz,Hombres,1175826.0,1958855.0,60.02618877
2011,2,Veracruz,Mujeres,561738.0,983789.0,57.09943901
2011,2,Yucatán,Hombres,333736.0,558199.0,59.78799675
2011,2,Yucatán,Mujeres,211937.0,359498.0,58.9535964
2011,2,Zacatecas,Hombres,209922.0,364861.0,57.53478722
2011,2,Zacatecas,Mujeres,116226.0,198169.0,58.6499402
2011,3,Nacional,Hombres,17784953.0,29098057.0,61.12075799
2011,3,Nacional,Mujeres,10946957.0,17473933.0,62.64735592
2011,3,Aguascalientes,Hombres,207903.0,281390.0,73.88428871
2011,3,Aguascalientes,Mujeres,126848.0,176767.0,71.76000045
2011,3,Baja California,Hombres,557123.0,831176.0,67.02828282
2011,3,Baja California,Mujeres,370032.0,515969.0,71.71593642
2011,3,Baja California Sur,Hombres,114418.0,178393.0,64.13816686
2011,3,Baja California Sur,Mujeres,76527.0,113674.0,67.32146313
2011,3,Campeche,Hombres,124579.0,228773.0,54.45528974
2011,3,Campeche,Mujeres,73785.0,126536.0,58.31146867
2011,3,Coahuila,Hombres,546735.0,745620.0,73.32622515
2011,3,Coahuila,Mujeres,300321.0,427646.0,70.22654251
2011,3,Colima,Hombres,115851.0,180560.0,64.1620514
2011,3,Colima,Mujeres,77033.0,128001.0,60.18156108
2011,3,Chiapas,Hombres,537115.0,1279695.0,41.97211054
2011,3,Chiapas,Mujeres,245451.0,528376.0,46.45385105
2011,3,Chihuahua,Hombres,560810.0,836294.0,67.05895295
2011,3,Chihuahua,Mujeres,313006.0,408485.0,76.6260695
2011,3,Ciudad de México,Hombres,1504957.0,2287941.0,65.77778885
2011,3,Ciudad de México,Mujeres,1262382.0,1736204.0,72.70931296
2011,3,Durango,Hombres,266021.0,403221.0,65.97399441
2011,3,Durango,Mujeres,144042.0,212327.0,67.83970009
2011,3,Guanajuato,Hombres,827497.0,1345042.0,61.52201939
2011,3,Guanajuato,Mujeres,528741.0,849881.0,62.21353342
2011,3,Guerrero,Hombres,289625.0,834299.0,34.71477252
2011,3,Guerrero,Mujeres,221821.0,546299.0,40.60432108
2011,3,Hidalgo,Hombres,408043.0,689742.0,59.15878691
2011,3,Hidalgo,Mujeres,238386.0,407478.0,58.50279033
2011,3,Jalisco,Hombres,1230043.0,1954250.0,62.94194704
2011,3,Jalisco,Mujeres,838678.0,1285880.0,65.22210471
2011,3,México,Hombres,2736747.0,4006193.0,68.31290954
2011,3,México,Mujeres,1510043.0,2281213.0,66.19473938
2011,3,Michoacán,Hombres,612391.0,1188274.0,51.53617768
2011,3,Michoacán,Mujeres,319933.0,636474.0,50.26646807
2011,3,Morelos,Hombres,280384.0,456431.0,61.42965749
2011,3,Morelos,Mujeres,184778.0,302546.0,61.07434902
2011,3,Nayarit,Hombres,146862.0,284031.0,51.70632783
2011,3,Nayarit,Mujeres,102667.0,171301.0,59.93368398
2011,3,Nuevo León,Hombres,978886.0,1310079.0,74.71961615
2011,3,Nuevo León,Mujeres,557836.0,752547.0,74.12640008
2011,3,Oaxaca,Hombres,351667.0,945799.0,37.18200167
2011,3,Oaxaca,Mujeres,240867.0,635942.0,37.87562388
2011,3,Puebla,Hombres,839407.0,1426276.0,58.85305509
2011,3,Puebla,Mujeres,501963.0,903975.0,55.52841616
2011,3,Querétaro,Hombres,297515.0,450006.0,66.11356293
2011,3,Querétaro,Mujeres,209236.0,285094.0,73.39193389
2011,3,Quintana Roo,Hombres,263254.0,407647.0,64.57891264
2011,3,Quintana Roo,Mujeres,169140.0,253156.0,66.81255826
2011,3,San Luis Potosí,Hombres,366560.0,625121.0,58.63824764
2011,3,San Luis Potosí,Mujeres,224932.0,365616.0,61.52137762
2011,3,Sinaloa,Hombres,424455.0,708257.0,59.92951711
2011,3,Sinaloa,Mujeres,262129.0,417631.0,62.76569508
2011,3,Sonora,Hombres,459556.0,686195.0,66.97163343
2011,3,Sonora,Mujeres,289333.0,430119.0,67.26812812
2011,3,Tabasco,Hombres,364362.0,553935.0,65.7770316
2011,3,Tabasco,Mujeres,176930.0,291842.0,60.62526984
2011,3,Tamaulipas,Hombres,531257.0,822748.0,64.57104727
2011,3,Tamaulipas,Mujeres,353353.0,529774.0,66.69881874
2011,3,Tlaxcala,Hombres,175795.0,283227.0,62.06858809
2011,3,Tlaxcala,Mujeres,110605.0,185142.0,59.74063152
2011,3,Veracruz,Hombres,1128237.0,1934845.0,58.31149265
2011,3,Veracruz,Mujeres,585063.0,1013356.0,57.73518882
2011,3,Yucatán,Hombres,327595.0,552351.0,59.30920737
2011,3,Yucatán,Mujeres,213126.0,354144.0,60.1806045
2011,3,Zacatecas,Hombres,209303.0,380246.0,55.04410303
2011,3,Zacatecas,Mujeres,117970.0,200538.0,58.82675603
2011,4,Nacional,Hombres,17986771.0,29163256.0,61.67614137
2011,4,Nacional,Mujeres,11392800.0,18331978.0,62.14713982
2011,4,Aguascalientes,Hombres,216268.0,290780.0,74.37512896
2011,4,Aguascalientes,Mujeres,134915.0,189644.0,71.14119086
2011,4,Baja California,Hombres,558484.0,845908.0,66.02183689
2011,4,Baja California,Mujeres,376371.0,540064.0,69.69007377
2011,4,Baja California Sur,Hombres,126859.0,187540.0,67.64370268
2011,4,Baja California Sur,Mujeres,83589.0,123541.0,67.66093847
2011,4,Campeche,Hombres,127809.0,228773.0,55.86716964
2011,4,Campeche,Mujeres,78720.0,132353.0,59.4773069
2011,4,Coahuila,Hombres,564337.0,754168.0,74.82908318
2011,4,Coahuila,Mujeres,299395.0,431788.0,69.33842534
2011,4,Colima,Hombres,117527.0,181188.0,64.86467095
2011,4,Colima,Mujeres,80873.0,128853.0,62.76376957
2011,4,Chiapas,Hombres,541300.0,1262775.0,42.8659104
2011,4,Chiapas,Mujeres,263199.0,559816.0,47.0152693
2011,4,Chihuahua,Hombres,574786.0,849314.0,67.67650127
2011,4,Chihuahua,Mujeres,348063.0,455468.0,76.41876048
2011,4,Ciudad de México,Hombres,1486551.0,2309387.0,64.36993886
2011,4,Ciudad de México,Mujeres,1323393.0,1813762.0,72.96398315
2011,4,Durango,Hombres,268218.0,417884.0,64.1847977
2011,4,Durango,Mujeres,150846.0,236545.0,63.77052992
2011,4,Guanajuato,Hombres,857429.0,1360625.0,63.01728985
2011,4,Guanajuato,Mujeres,523460.0,896771.0,58.37164672
2011,4,Guerrero,Hombres,303996.0,830660.0,36.59692293
2011,4,Guerrero,Mujeres,245362.0,581241.0,42.21347083
2011,4,Hidalgo,Hombres,391116.0,673310.0,58.08854762
2011,4,Hidalgo,Mujeres,228017.0,391419.0,58.25394271
2011,4,Jalisco,Hombres,1239274.0,1918384.0,64.59989241
2011,4,Jalisco,Mujeres,847845.0,1324687.0,64.00342119
2011,4,México,Hombres,2677729.0,3939187.0,67.97669164
2011,4,México,Mujeres,1588865.0,2417246.0,65.73038077
2011,4,Michoacán,Hombres,628593.0,1149983.0,54.6610689
2011,4,Michoacán,Mujeres,327008.0,614700.0,53.19798276
2011,4,Morelos,Hombres,295175.0,456351.0,64.68157186
2011,4,Morelos,Mujeres,192363.0,310983.0,61.85643588
2011,4,Nayarit,Hombres,151047.0,285643.0,52.87964347
2011,4,Nayarit,Mujeres,109131.0,184995.0,58.99132409
2011,4,Nuevo León,Hombres,1004762.0,1328150.0,75.65124421
2011,4,Nuevo León,Mujeres,593125.0,793095.0,74.78612272
2011,4,Oaxaca,Hombres,368228.0,944378.0,38.99159023
2011,4,Oaxaca,Mujeres,255237.0,666383.0,38.30184744
2011,4,Puebla,Hombres,831587.0,1449961.0,57.35237017
2011,4,Puebla,Mujeres,523052.0,1021460.0,51.20631253
2011,4,Querétaro,Hombres,303123.0,449482.0,67.43829564
2011,4,Querétaro,Mujeres,211585.0,290192.0,72.91207201
2011,4,Quintana Roo,Hombres,274251.0,414290.0,66.19783244
2011,4,Quintana Roo,Mujeres,173805.0,260956.0,66.60318215
2011,4,San Luis Potosí,Hombres,369347.0,621981.0,59.38236055
2011,4,San Luis Potosí,Mujeres,241910.0,376395.0,64.27024801
2011,4,Sinaloa,Hombres,437943.0,719226.0,60.89087436
2011,4,Sinaloa,Mujeres,308002.0,483212.0,63.7405528
2011,4,Sonora,Hombres,478558.0,706380.0,67.74795436
2011,4,Sonora,Mujeres,307281.0,446519.0,68.81700443
2011,4,Tabasco,Hombres,386895.0,561726.0,68.87610686
2011,4,Tabasco,Mujeres,192180.0,321213.0,59.82945896
2011,4,Tamaulipas,Hombres,554542.0,844082.0,65.69764549
2011,4,Tamaulipas,Mujeres,367168.0,546257.0,67.2152485
2011,4,Tlaxcala,Hombres,186682.0,289190.0,64.55340779
2011,4,Tlaxcala,Mujeres,113494.0,184526.0,61.50569567
2011,4,Veracruz,Hombres,1109141.0,1946476.0,56.98200235
2011,4,Veracruz,Mujeres,575286.0,1044462.0,55.07964866
2011,4,Yucatán,Hombres,345206.0,566033.0,60.98690359
2011,4,Yucatán,Mujeres,211690.0,363987.0,58.1586705
2011,4,Zacatecas,Hombres,210008.0,380041.0,55.25930097
2011,4,Zacatecas,Mujeres,117570.0,199445.0,58.94858232
2012,1,Nacional,Hombres,17920939.0,29156178.0,61.46532306
2012,1,Nacional,Mujeres,11209176.0,17772022.0,63.07203536
2012,1,Aguascalientes,Hombres,208283.0,284222.0,73.28180085
2012,1,Aguascalientes,Mujeres,130336.0,178685.0,72.94176903
2012,1,Baja California,Hombres,541982.0,832531.0,65.10051878
2012,1,Baja California,Mujeres,369785.0,522053.0,70.83284647
2012,1,Baja California Sur,Hombres,127289.0,183505.0,69.36541239
2012,1,Baja California Sur,Mujeres,83658.0,120328.0,69.5249651
2012,1,Campeche,Hombres,139405.0,237371.0,58.72874108
2012,1,Campeche,Mujeres,81350.0,136059.0,59.79023806
2012,1,Coahuila,Hombres,540918.0,735910.0,73.50328165
2012,1,Coahuila,Mujeres,299132.0,424707.0,70.43255703
2012,1,Colima,Hombres,119592.0,184226.0,64.91591849
2012,1,Colima,Mujeres,82856.0,129710.0,63.87788143
2012,1,Chiapas,Hombres,539331.0,1285159.0,41.96609136
2012,1,Chiapas,Mujeres,268742.0,565098.0,47.55670698
2012,1,Chihuahua,Hombres,576241.0,849093.0,67.86547528
2012,1,Chihuahua,Mujeres,345499.0,442707.0,78.0423621
2012,1,Ciudad de México,Hombres,1477618.0,2297106.0,64.32519875
2012,1,Ciudad de México,Mujeres,1281311.0,1773180.0,72.2606278
2012,1,Durango,Hombres,269698.0,420501.0,64.13730288
2012,1,Durango,Mujeres,148611.0,227046.0,65.45413705
2012,1,Guanajuato,Hombres,820964.0,1329647.0,61.74300397
2012,1,Guanajuato,Mujeres,507275.0,854735.0,59.34880402
2012,1,Guerrero,Hombres,332547.0,797933.0,41.67605551
2012,1,Guerrero,Mujeres,223039.0,513263.0,43.45510976
2012,1,Hidalgo,Hombres,377867.0,664065.0,56.90211049
2012,1,Hidalgo,Mujeres,218530.0,369527.0,59.1377626
2012,1,Jalisco,Hombres,1274734.0,1970256.0,64.69890207
2012,1,Jalisco,Mujeres,835187.0,1273742.0,65.56955804
2012,1,México,Hombres,2645109.0,3969578.0,66.63451379
2012,1,México,Mujeres,1505837.0,2315777.0,65.02512979
2012,1,Michoacán,Hombres,628828.0,1137973.0,55.25860455
2012,1,Michoacán,Mujeres,332312.0,643339.0,51.65426004
2012,1,Morelos,Hombres,295571.0,456617.0,64.73061669
2012,1,Morelos,Mujeres,189626.0,303350.0,62.51063128
2012,1,Nayarit,Hombres,155814.0,285389.0,54.59705875
2012,1,Nayarit,Mujeres,111376.0,189695.0,58.7131975
2012,1,Nuevo León,Hombres,985589.0,1320261.0,74.65107278
2012,1,Nuevo León,Mujeres,587738.0,774748.0,75.86182862
2012,1,Oaxaca,Hombres,385857.0,919340.0,41.97108795
2012,1,Oaxaca,Mujeres,260402.0,621673.0,41.88729445
2012,1,Puebla,Hombres,832192.0,1470161.0,56.60550103
2012,1,Puebla,Mujeres,503722.0,928721.0,54.23824809
2012,1,Querétaro,Hombres,304507.0,459260.0,66.30383661
2012,1,Querétaro,Mujeres,211054.0,295325.0,71.46499619
2012,1,Quintana Roo,Hombres,268451.0,421243.0,63.72829934
2012,1,Quintana Roo,Mujeres,185393.0,271131.0,68.37764771
2012,1,San Luis Potosí,Hombres,369539.0,636225.0,58.0830681
2012,1,San Luis Potosí,Mujeres,230178.0,359076.0,64.10286402
2012,1,Sinaloa,Hombres,438726.0,722053.0,60.76091367
2012,1,Sinaloa,Mujeres,311502.0,478722.0,65.06949754
2012,1,Sonora,Hombres,489201.0,714744.0,68.44422618
2012,1,Sonora,Mujeres,303086.0,438085.0,69.18429072
2012,1,Tabasco,Hombres,363064.0,561435.0,64.66714758
2012,1,Tabasco,Mujeres,181797.0,282831.0,64.27760748
2012,1,Tamaulipas,Hombres,543013.0,839843.0,64.65648937
2012,1,Tamaulipas,Mujeres,376460.0,533639.0,70.54581843
2012,1,Tlaxcala,Hombres,179036.0,275422.0,65.00424803
2012,1,Tlaxcala,Mujeres,102931.0,169967.0,60.55940271
2012,1,Veracruz,Hombres,1155066.0,1978150.0,58.39122412
2012,1,Veracruz,Mujeres,610188.0,1077672.0,56.62093847
2012,1,Yucatán,Hombres,332920.0,561097.0,59.33376938
2012,1,Yucatán,Mujeres,213686.0,357707.0,59.7377183
2012,1,Zacatecas,Hombres,201987.0,355862.0,56.75992379
2012,1,Zacatecas,Mujeres,116577.0,199724.0,58.36904929
2012,2,Nacional,Hombres,18373322.0,29690582.0,61.8826603
2012,2,Nacional,Mujeres,11590620.0,18484088.0,62.70593388
2012,2,Aguascalientes,Hombres,219593.0,299751.0,73.2584712
2012,2,Aguascalientes,Mujeres,137332.0,186779.0,73.52646711
2012,2,Baja California,Hombres,567946.0,861805.0,65.90191517
2012,2,Baja California,Mujeres,376999.0,558318.0,67.52406335
2012,2,Baja California Sur,Hombres,122228.0,182304.0,67.04625241
2012,2,Baja California Sur,Mujeres,86763.0,123709.0,70.13475172
2012,2,Campeche,Hombres,137057.0,236583.0,57.9318886
2012,2,Campeche,Mujeres,80522.0,132794.0,60.63677576
2012,2,Coahuila,Hombres,551665.0,754717.0,73.09561067
2012,2,Coahuila,Mujeres,300731.0,438777.0,68.53846031
2012,2,Colima,Hombres,115830.0,185306.0,62.50742016
2012,2,Colima,Mujeres,85046.0,134182.0,63.38107943
2012,2,Chiapas,Hombres,545048.0,1291178.0,42.21323474
2012,2,Chiapas,Mujeres,273758.0,603010.0,45.39858377
2012,2,Chihuahua,Hombres,592488.0,866971.0,68.34000215
2012,2,Chihuahua,Mujeres,367607.0,486034.0,75.63400914
2012,2,Ciudad de México,Hombres,1507696.0,2300074.0,65.549891
2012,2,Ciudad de México,Mujeres,1380858.0,1863808.0,74.08799619
2012,2,Durango,Hombres,271871.0,411762.0,66.02624817
2012,2,Durango,Mujeres,145986.0,215072.0,67.87773397
2012,2,Guanajuato,Hombres,831462.0,1391423.0,59.75623516
2012,2,Guanajuato,Mujeres,533841.0,928590.0,57.48941944
2012,2,Guerrero,Hombres,315494.0,835886.0,37.74366361
2012,2,Guerrero,Mujeres,215843.0,547745.0,39.40574537
2012,2,Hidalgo,Hombres,384620.0,685446.0,56.11237063
2012,2,Hidalgo,Mujeres,234080.0,409907.0,57.10563616
2012,2,Jalisco,Hombres,1259817.0,1983596.0,63.51177357
2012,2,Jalisco,Mujeres,865117.0,1299691.0,66.56328312
2012,2,México,Hombres,2829444.0,4011194.0,70.53869746
2012,2,México,Mujeres,1587788.0,2381587.0,66.66932596
2012,2,Michoacán,Hombres,605657.0,1161419.0,52.14801893
2012,2,Michoacán,Mujeres,351694.0,648455.0,54.23568328
2012,2,Morelos,Hombres,294176.0,463465.0,63.47318568
2012,2,Morelos,Mujeres,197776.0,306257.0,64.57844229
2012,2,Nayarit,Hombres,150352.0,288936.0,52.03643713
2012,2,Nayarit,Mujeres,108382.0,192987.0,56.1602595
2012,2,Nuevo León,Hombres,1002853.0,1341752.0,74.74205367
2012,2,Nuevo León,Mujeres,597165.0,812166.0,73.52745621
2012,2,Oaxaca,Hombres,389750.0,937307.0,41.58189366
2012,2,Oaxaca,Mujeres,259954.0,643187.0,40.41655071
2012,2,Puebla,Hombres,859747.0,1500757.0,57.28755555
2012,2,Puebla,Mujeres,513632.0,960479.0,53.47665071
2012,2,Querétaro,Hombres,312805.0,461246.0,67.81739029
2012,2,Querétaro,Mujeres,209213.0,285379.0,73.31057997
2012,2,Quintana Roo,Hombres,268929.0,420644.0,63.93268417
2012,2,Quintana Roo,Mujeres,186158.0,280240.0,66.42806166
2012,2,San Luis Potosí,Hombres,381527.0,660311.0,57.77989463
2012,2,San Luis Potosí,Mujeres,237411.0,376283.0,63.0937353
2012,2,Sinaloa,Hombres,439322.0,731751.0,60.03708912
2012,2,Sinaloa,Mujeres,296552.0,478480.0,61.97793011
2012,2,Sonora,Hombres,513164.0,738206.0,69.51501342
2012,2,Sonora,Mujeres,304559.0,445479.0,68.36663457
2012,2,Tabasco,Hombres,381689.0,558002.0,68.40280142
2012,2,Tabasco,Mujeres,187072.0,289409.0,64.63931668
2012,2,Tamaulipas,Hombres,545363.0,851238.0,64.06704118
2012,2,Tamaulipas,Mujeres,382949.0,564759.0,67.80750727
2012,2,Tlaxcala,Hombres,183292.0,291220.0,62.93935856
2012,2,Tlaxcala,Mujeres,111737.0,187962.0,59.44659027
2012,2,Veracruz,Hombres,1228624.0,2029879.0,60.52695752
2012,2,Veracruz,Mujeres,628106.0,1110985.0,56.53595683
2012,2,Yucatán,Hombres,346590.0,573096.0,60.47677876
2012,2,Yucatán,Mujeres,222777.0,375034.0,59.40181424
2012,2,Zacatecas,Hombres,217223.0,383357.0,56.66337122
2012,2,Zacatecas,Mujeres,123212.0,216544.0,56.89929068
2012,3,Nacional,Hombres,18356595.0,29922128.0,61.34789277
2012,3,Nacional,Mujeres,11495294.0,18525497.0,62.05120435
2012,3,Aguascalientes,Hombres,219125.0,300588.0,72.89878505
2012,3,Aguascalientes,Mujeres,140126.0,186334.0,75.20151985
2012,3,Baja California,Hombres,581012.0,858720.0,67.66023849
2012,3,Baja California,Mujeres,390170.0,554394.0,70.37774579
2012,3,Baja California Sur,Hombres,123762.0,184402.0,67.11532413
2012,3,Baja California Sur,Mujeres,90445.0,125653.0,71.9799766
2012,3,Campeche,Hombres,133683.0,239400.0,55.84085213
2012,3,Campeche,Mujeres,80861.0,141852.0,57.00377859
2012,3,Coahuila,Hombres,565159.0,781329.0,72.33303768
2012,3,Coahuila,Mujeres,304237.0,439137.0,69.28065729
2012,3,Colima,Hombres,118590.0,189818.0,62.47563456
2012,3,Colima,Mujeres,83897.0,136341.0,61.53468142
2012,3,Chiapas,Hombres,532297.0,1292946.0,41.16931411
2012,3,Chiapas,Mujeres,268472.0,536191.0,50.07021752
2012,3,Chihuahua,Hombres,590047.0,865277.0,68.1916889
2012,3,Chihuahua,Mujeres,388321.0,506204.0,76.71235312
2012,3,Ciudad de México,Hombres,1528691.0,2365751.0,64.6175781
2012,3,Ciudad de México,Mujeres,1326347.0,1819028.0,72.91515029
2012,3,Durango,Hombres,265071.0,423352.0,62.61243599
2012,3,Durango,Mujeres,147219.0,224340.0,65.62316127
2012,3,Guanajuato,Hombres,846561.0,1431440.0,59.14051584
2012,3,Guanajuato,Mujeres,560234.0,967010.0,57.93466458
2012,3,Guerrero,Hombres,313386.0,850938.0,36.82830006
2012,3,Guerrero,Mujeres,210279.0,545421.0,38.55352104
2012,3,Hidalgo,Hombres,407394.0,706063.0,57.69938377
2012,3,Hidalgo,Mujeres,241846.0,407625.0,59.33051211
2012,3,Jalisco,Hombres,1269025.0,1999247.0,63.47514839
2012,3,Jalisco,Mujeres,844005.0,1291333.0,65.35920634
2012,3,México,Hombres,2736579.0,4073617.0,67.17811223
2012,3,México,Mujeres,1611246.0,2471183.0,65.20140354
2012,3,Michoacán,Hombres,579013.0,1128757.0,51.29651466
2012,3,Michoacán,Mujeres,362028.0,685811.0,52.78830465
2012,3,Morelos,Hombres,295465.0,461750.0,63.98808879
2012,3,Morelos,Mujeres,184550.0,304774.0,60.55306555
2012,3,Nayarit,Hombres,149774.0,290148.0,51.61986297
2012,3,Nayarit,Mujeres,107176.0,194107.0,55.21490724
2012,3,Nuevo León,Hombres,996544.0,1352786.0,73.66604918
2012,3,Nuevo León,Mujeres,584172.0,792229.0,73.73777027
2012,3,Oaxaca,Hombres,390505.0,964961.0,40.46847489
2012,3,Oaxaca,Mujeres,242108.0,672835.0,35.98326484
2012,3,Puebla,Hombres,893475.0,1502795.0,59.45421698
2012,3,Puebla,Mujeres,497633.0,967163.0,51.45285748
2012,3,Querétaro,Hombres,314044.0,468422.0,67.04296553
2012,3,Querétaro,Mujeres,210264.0,298206.0,70.50964769
2012,3,Quintana Roo,Hombres,282479.0,426101.0,66.29390684
2012,3,Quintana Roo,Mujeres,187436.0,265231.0,70.66896404
2012,3,San Luis Potosí,Hombres,380955.0,678187.0,56.17256008
2012,3,San Luis Potosí,Mujeres,239838.0,389502.0,61.57555032
2012,3,Sinaloa,Hombres,438470.0,720211.0,60.88076966
2012,3,Sinaloa,Mujeres,288055.0,465174.0,61.92414021
2012,3,Sonora,Hombres,492385.0,711287.0,69.22451837
2012,3,Sonora,Mujeres,284405.0,433325.0,65.63318525
2012,3,Tabasco,Hombres,386877.0,580404.0,66.65650133
2012,3,Tabasco,Mujeres,183991.0,296339.0,62.08801406
2012,3,Tamaulipas,Hombres,565245.0,854372.0,66.15912038
2012,3,Tamaulipas,Mujeres,362748.0,539196.0,67.27572163
2012,3,Tlaxcala,Hombres,193391.0,300009.0,64.46173281
2012,3,Tlaxcala,Mujeres,112191.0,186769.0,60.06939053
2012,3,Veracruz,Hombres,1204212.0,1949031.0,61.78516401
2012,3,Veracruz,Mujeres,623697.0,1096236.0,56.8944096
2012,3,Yucatán,Hombres,344513.0,574372.0,59.98081383
2012,3,Yucatán,Mujeres,214538.0,368317.0,58.24819381
2012,3,Zacatecas,Hombres,218866.0,395647.0,55.31850362
2012,3,Zacatecas,Mujeres,122759.0,218237.0,56.25031502
2012,4,Nacional,Hombres,19267505.0,29594434.0,65.10516471
2012,4,Nacional,Mujeres,11971512.0,18400303.0,65.06149382
2012,4,Aguascalientes,Hombres,230928.0,300233.0,76.9162617
2012,4,Aguascalientes,Mujeres,143399.0,186906.0,76.72252362
2012,4,Baja California,Hombres,600135.0,848620.0,70.71893191
2012,4,Baja California,Mujeres,408314.0,570492.0,71.57225693
2012,4,Baja California Sur,Hombres,128878.0,182566.0,70.59255283
2012,4,Baja California Sur,Mujeres,91843.0,126187.0,72.78325026
2012,4,Campeche,Hombres,143908.0,240567.0,59.82034111
2012,4,Campeche,Mujeres,83548.0,139588.0,59.85328252
2012,4,Coahuila,Hombres,585837.0,756062.0,77.48531205
2012,4,Coahuila,Mujeres,311501.0,437459.0,71.20690168
2012,4,Colima,Hombres,119137.0,184108.0,64.71038738
2012,4,Colima,Mujeres,84638.0,133983.0,63.17070076
2012,4,Chiapas,Hombres,543766.0,1272092.0,42.74580769
2012,4,Chiapas,Mujeres,283974.0,528473.0,53.73481711
2012,4,Chihuahua,Hombres,639985.0,885919.0,72.23967428
2012,4,Chihuahua,Mujeres,380796.0,492492.0,77.32024073
2012,4,Ciudad de México,Hombres,1633633.0,2359772.0,69.22842546
2012,4,Ciudad de México,Mujeres,1350161.0,1862378.0,72.49661454
2012,4,Durango,Hombres,303911.0,427107.0,71.15570571
2012,4,Durango,Mujeres,155051.0,237187.0,65.37078339
2012,4,Guanajuato,Hombres,880723.0,1398198.0,62.98986267
2012,4,Guanajuato,Mujeres,571393.0,927976.0,61.57411399
2012,4,Guerrero,Hombres,321911.0,806683.0,39.90551431
2012,4,Guerrero,Mujeres,225158.0,510589.0,44.09769893
2012,4,Hidalgo,Hombres,430578.0,701475.0,61.38180263
2012,4,Hidalgo,Mujeres,250244.0,406085.0,61.62355172
2012,4,Jalisco,Hombres,1315041.0,1924583.0,68.32861976
2012,4,Jalisco,Mujeres,899279.0,1299032.0,69.22685507
2012,4,México,Hombres,2897762.0,4026765.0,71.96253072
2012,4,México,Mujeres,1655353.0,2435482.0,67.96818864
2012,4,Michoacán,Hombres,580871.0,1084448.0,53.56374856
2012,4,Michoacán,Mujeres,397565.0,684548.0,58.07700848
2012,4,Morelos,Hombres,304677.0,456454.0,66.74867566
2012,4,Morelos,Mujeres,196124.0,301046.0,65.14751898
2012,4,Nayarit,Hombres,158869.0,293302.0,54.16567224
2012,4,Nayarit,Mujeres,113936.0,195750.0,58.20485313
2012,4,Nuevo León,Hombres,1057026.0,1349353.0,78.33576536
2012,4,Nuevo León,Mujeres,623152.0,827225.0,75.33041192
2012,4,Oaxaca,Hombres,402324.0,958095.0,41.99207803
2012,4,Oaxaca,Mujeres,256151.0,631561.0,40.5583942
2012,4,Puebla,Hombres,901703.0,1502818.0,60.00081181
2012,4,Puebla,Mujeres,531200.0,974140.0,54.53014967
2012,4,Querétaro,Hombres,317153.0,436562.0,72.64787132
2012,4,Querétaro,Mujeres,218263.0,284630.0,76.68306222
2012,4,Quintana Roo,Hombres,281504.0,412409.0,68.25845217
2012,4,Quintana Roo,Mujeres,190589.0,274040.0,69.54787622
2012,4,San Luis Potosí,Hombres,407293.0,669755.0,60.81223731
2012,4,San Luis Potosí,Mujeres,258966.0,391127.0,66.21020794
2012,4,Sinaloa,Hombres,481820.0,753075.0,63.98034724
2012,4,Sinaloa,Mujeres,308314.0,475378.0,64.85659833
2012,4,Sonora,Hombres,532748.0,710291.0,75.00418842
2012,4,Sonora,Mujeres,317178.0,428264.0,74.06132666
2012,4,Tabasco,Hombres,397097.0,564646.0,70.32671798
2012,4,Tabasco,Mujeres,180955.0,283224.0,63.89112505
2012,4,Tamaulipas,Hombres,589550.0,840834.0,70.11490972
2012,4,Tamaulipas,Mujeres,371386.0,534236.0,69.51721711
2012,4,Tlaxcala,Hombres,202793.0,302431.0,67.0543033
2012,4,Tlaxcala,Mujeres,117328.0,186279.0,62.98509225
2012,4,Veracruz,Hombres,1306702.0,2000005.0,65.33493666
2012,4,Veracruz,Mujeres,650056.0,1063582.0,61.11949995
2012,4,Yucatán,Hombres,348312.0,565859.0,61.55455688
2012,4,Yucatán,Mujeres,221327.0,372470.0,59.42142991
2012,4,Zacatecas,Hombres,220930.0,379347.0,58.23955376
2012,4,Zacatecas,Mujeres,124370.0,198494.0,62.65680575
2013,1,Nacional,Hombres,18414661.0,29545691.0,62.32604612
2013,1,Nacional,Mujeres,11528048.0,18003043.0,64.03388583
2013,1,Aguascalientes,Hombres,217070.0,297311.0,73.0110894
2013,1,Aguascalientes,Mujeres,141987.0,185947.0,76.35885494
2013,1,Baja California,Hombres,583667.0,871455.0,66.97614908
2013,1,Baja California,Mujeres,385291.0,543201.0,70.92972951
2013,1,Baja California Sur,Hombres,131593.0,187697.0,70.10927186
2013,1,Baja California Sur,Mujeres,87908.0,121098.0,72.59244579
2013,1,Campeche,Hombres,132035.0,235413.0,56.08653728
2013,1,Campeche,Mujeres,78658.0,133962.0,58.71665099
2013,1,Coahuila,Hombres,557520.0,750376.0,74.29875156
2013,1,Coahuila,Mujeres,320828.0,437841.0,73.27500166
2013,1,Colima,Hombres,115663.0,182194.0,63.48342975
2013,1,Colima,Mujeres,87673.0,136727.0,64.1226678
2013,1,Chiapas,Hombres,519208.0,1299244.0,39.96231655
2013,1,Chiapas,Mujeres,273870.0,553735.0,49.45867608
2013,1,Chihuahua,Hombres,623752.0,877624.0,71.07280567
2013,1,Chihuahua,Mujeres,395920.0,518477.0,76.36211442
2013,1,Ciudad de México,Hombres,1523735.0,2351872.0,64.78817725
2013,1,Ciudad de México,Mujeres,1335081.0,1795439.0,74.35958559
2013,1,Durango,Hombres,282459.0,426159.0,66.2801912
2013,1,Durango,Mujeres,149615.0,219689.0,68.10309119
2013,1,Guanajuato,Hombres,842351.0,1360835.0,61.89956901
2013,1,Guanajuato,Mujeres,557066.0,896832.0,62.11486655
2013,1,Guerrero,Hombres,321269.0,800188.0,40.14918994
2013,1,Guerrero,Mujeres,217181.0,495648.0,43.81758829
2013,1,Hidalgo,Hombres,390630.0,701535.0,55.68218264
2013,1,Hidalgo,Mujeres,253552.0,420200.0,60.3407901
2013,1,Jalisco,Hombres,1247215.0,1975459.0,63.13545358
2013,1,Jalisco,Mujeres,834827.0,1291210.0,64.65462628
2013,1,México,Hombres,2754808.0,3985594.0,69.11913256
2013,1,México,Mujeres,1524404.0,2264792.0,67.30878597
2013,1,Michoacán,Hombres,580478.0,1102340.0,52.65870784
2013,1,Michoacán,Mujeres,367743.0,676162.0,54.38681854
2013,1,Morelos,Hombres,282729.0,450272.0,62.79071317
2013,1,Morelos,Mujeres,193095.0,307483.0,62.79859374
2013,1,Nayarit,Hombres,158560.0,298025.0,53.2035903
2013,1,Nayarit,Mujeres,116744.0,206394.0,56.5636598
2013,1,Nuevo León,Hombres,1012905.0,1333647.0,75.95000776
2013,1,Nuevo León,Mujeres,566414.0,751509.0,75.37022178
2013,1,Oaxaca,Hombres,367677.0,910598.0,40.37753213
2013,1,Oaxaca,Mujeres,241572.0,614797.0,39.29296987
2013,1,Puebla,Hombres,856970.0,1506547.0,56.88305775
2013,1,Puebla,Mujeres,520073.0,954924.0,54.46223993
2013,1,Querétaro,Hombres,317254.0,466561.0,67.99839678
2013,1,Querétaro,Mujeres,202426.0,279663.0,72.38211705
2013,1,Quintana Roo,Hombres,281253.0,429264.0,65.51981997
2013,1,Quintana Roo,Mujeres,176474.0,263137.0,67.065445
2013,1,San Luis Potosí,Hombres,389627.0,657551.0,59.25426317
2013,1,San Luis Potosí,Mujeres,241915.0,374064.0,64.6720882
2013,1,Sinaloa,Hombres,491719.0,761837.0,64.54385912
2013,1,Sinaloa,Mujeres,311296.0,472057.0,65.94457873
2013,1,Sonora,Hombres,504957.0,712549.0,70.86628428
2013,1,Sonora,Mujeres,316413.0,434085.0,72.89194513
2013,1,Tabasco,Hombres,382628.0,559020.0,68.44620944
2013,1,Tabasco,Mujeres,182632.0,277641.0,65.77991003
2013,1,Tamaulipas,Hombres,586902.0,852339.0,68.85781362
2013,1,Tamaulipas,Mujeres,370536.0,535500.0,69.19439776
2013,1,Tlaxcala,Hombres,182539.0,292579.0,62.38964519
2013,1,Tlaxcala,Mujeres,116905.0,194309.0,60.16448029
2013,1,Veracruz,Hombres,1223802.0,1981445.0,61.76310723
2013,1,Veracruz,Mujeres,622014.0,1076280.0,57.79295351
2013,1,Yucatán,Hombres,345745.0,570422.0,60.61214329
2013,1,Yucatán,Mujeres,220789.0,380656.0,58.00223824
2013,1,Zacatecas,Hombres,205941.0,357739.0,57.56738852
2013,1,Zacatecas,Mujeres,117146.0,189584.0,61.79107942
2013,2,Nacional,Hombres,18464317.0,29810665.0,61.93862834
2013,2,Nacional,Mujeres,11951156.0,18670549.0,64.01073691
2013,2,Aguascalientes,Hombres,222541.0,302980.0,73.45072282
2013,2,Aguascalientes,Mujeres,147051.0,195373.0,75.26679736
2013,2,Baja California,Hombres,606011.0,889910.0,68.09800991
2013,2,Baja California,Mujeres,419000.0,597426.0,70.13420909
2013,2,Baja California Sur,Hombres,128659.0,188464.0,68.26714916
2013,2,Baja California Sur,Mujeres,91481.0,127784.0,71.59033995
2013,2,Campeche,Hombres,132452.0,238583.0,55.5161097
2013,2,Campeche,Mujeres,79245.0,133016.0,59.57553978
2013,2,Coahuila,Hombres,578435.0,772788.0,74.85041176
2013,2,Coahuila,Mujeres,336454.0,455693.0,73.83348
2013,2,Colima,Hombres,114977.0,181686.0,63.283357
2013,2,Colima,Mujeres,88777.0,139272.0,63.74360963
2013,2,Chiapas,Hombres,522978.0,1287483.0,40.62018683
2013,2,Chiapas,Mujeres,254368.0,551131.0,46.15381824
2013,2,Chihuahua,Hombres,622207.0,886449.0,70.19095289
2013,2,Chihuahua,Mujeres,411903.0,536348.0,76.79771342
2013,2,Ciudad de México,Hombres,1494424.0,2307130.0,64.77415664
2013,2,Ciudad de México,Mujeres,1354290.0,1812054.0,74.73783894
2013,2,Durango,Hombres,291360.0,440736.0,66.10760183
2013,2,Durango,Mujeres,148113.0,234629.0,63.12646774
2013,2,Guanajuato,Hombres,861435.0,1415170.0,60.8714854
2013,2,Guanajuato,Mujeres,562821.0,920828.0,61.12118658
2013,2,Guerrero,Hombres,335206.0,818514.0,40.95299531
2013,2,Guerrero,Mujeres,239222.0,522490.0,45.7849911
2013,2,Hidalgo,Hombres,396352.0,702055.0,56.45597567
2013,2,Hidalgo,Mujeres,242253.0,412845.0,58.67892308
2013,2,Jalisco,Hombres,1259215.0,1965543.0,64.06448498
2013,2,Jalisco,Mujeres,900061.0,1353070.0,66.51991397
2013,2,México,Hombres,2700367.0,4048161.0,66.70601787
2013,2,México,Mujeres,1630794.0,2505296.0,65.09386516
2013,2,Michoacán,Hombres,558322.0,1124713.0,49.64128627
2013,2,Michoacán,Mujeres,385287.0,675896.0,57.00388817
2013,2,Morelos,Hombres,280429.0,453920.0,61.77938844
2013,2,Morelos,Mujeres,198295.0,320240.0,61.92074694
2013,2,Nayarit,Hombres,159610.0,293936.0,54.30093626
2013,2,Nayarit,Mujeres,116236.0,199629.0,58.22600925
2013,2,Nuevo León,Hombres,1030887.0,1373054.0,75.07985848
2013,2,Nuevo León,Mujeres,607060.0,811707.0,74.78807008
2013,2,Oaxaca,Hombres,367544.0,910061.0,40.38674331
2013,2,Oaxaca,Mujeres,240389.0,600621.0,40.0234091
2013,2,Puebla,Hombres,823566.0,1525936.0,53.97120194
2013,2,Puebla,Mujeres,535490.0,968712.0,55.27855544
2013,2,Querétaro,Hombres,320787.0,450405.0,71.22190029
2013,2,Querétaro,Mujeres,198941.0,275978.0,72.08581843
2013,2,Quintana Roo,Hombres,304187.0,441767.0,68.8568861
2013,2,Quintana Roo,Mujeres,189420.0,269105.0,70.38888166
2013,2,San Luis Potosí,Hombres,410118.0,675653.0,60.69950108
2013,2,San Luis Potosí,Mujeres,247180.0,396596.0,62.32538906
2013,2,Sinaloa,Hombres,470698.0,737132.0,63.85532035
2013,2,Sinaloa,Mujeres,317829.0,493330.0,64.4252326
2013,2,Sonora,Hombres,489833.0,722663.0,67.7816631
2013,2,Sonora,Mujeres,333478.0,487450.0,68.41276028
2013,2,Tabasco,Hombres,403531.0,580230.0,69.54673147
2013,2,Tabasco,Mujeres,188665.0,300648.0,62.75278731
2013,2,Tamaulipas,Hombres,593512.0,869260.0,68.27784552
2013,2,Tamaulipas,Mujeres,373193.0,536092.0,69.6136111
2013,2,Tlaxcala,Hombres,185563.0,295350.0,62.82816997
2013,2,Tlaxcala,Mujeres,123147.0,201648.0,61.07028089
2013,2,Veracruz,Hombres,1237079.0,1954913.0,63.28051427
2013,2,Veracruz,Mujeres,657296.0,1064258.0,61.76096398
2013,2,Yucatán,Hombres,349383.0,584203.0,59.80506776
2013,2,Yucatán,Mujeres,215865.0,375693.0,57.45781795
2013,2,Zacatecas,Hombres,212649.0,371817.0,57.19184438
2013,2,Zacatecas,Mujeres,117552.0,195691.0,60.07021273
2013,3,Nacional,Hombres,18528917.0,29889396.0,61.99160732
2013,3,Nacional,Mujeres,11892742.0,18610312.0,63.90404417
2013,3,Aguascalientes,Hombres,224257.0,302183.0,74.21231505
2013,3,Aguascalientes,Mujeres,146579.0,196013.0,74.78024417
2013,3,Baja California,Hombres,603665.0,883250.0,68.34588169
2013,3,Baja California,Mujeres,426986.0,571730.0,74.68315464
2013,3,Baja California Sur,Hombres,132891.0,192946.0,68.87471106
2013,3,Baja California Sur,Mujeres,83615.0,120220.0,69.5516553
2013,3,Campeche,Hombres,139358.0,239820.0,58.10941539
2013,3,Campeche,Mujeres,78554.0,130946.0,59.98961404
2013,3,Coahuila,Hombres,581452.0,764817.0,76.02498375
2013,3,Coahuila,Mujeres,341942.0,470602.0,72.66054968
2013,3,Colima,Hombres,118621.0,184401.0,64.32774226
2013,3,Colima,Mujeres,86629.0,134814.0,64.2581631
2013,3,Chiapas,Hombres,563858.0,1319019.0,42.7482849
2013,3,Chiapas,Mujeres,259118.0,554734.0,46.71031521
2013,3,Chihuahua,Hombres,621355.0,884904.0,70.2172213
2013,3,Chihuahua,Mujeres,406404.0,525116.0,77.39318551
2013,3,Ciudad de México,Hombres,1507201.0,2289313.0,65.83638847
2013,3,Ciudad de México,Mujeres,1383160.0,1908654.0,72.46782287
2013,3,Durango,Hombres,266545.0,427071.0,62.41233893
2013,3,Durango,Mujeres,150779.0,239667.0,62.91187356
2013,3,Guanajuato,Hombres,882344.0,1425317.0,61.90510602
2013,3,Guanajuato,Mujeres,588862.0,958958.0,61.40644324
2013,3,Guerrero,Hombres,330298.0,854471.0,38.65526156
2013,3,Guerrero,Mujeres,246519.0,522518.0,47.17904455
2013,3,Hidalgo,Hombres,421723.0,706173.0,59.71950216
2013,3,Hidalgo,Mujeres,233721.0,383519.0,60.94117892
2013,3,Jalisco,Hombres,1277651.0,1952997.0,65.42001857
2013,3,Jalisco,Mujeres,884693.0,1331930.0,66.42188403
2013,3,México,Hombres,2707012.0,4071305.0,66.49003207
2013,3,México,Mujeres,1572970.0,2407943.0,65.32422071
2013,3,Michoacán,Hombres,570059.0,1109156.0,51.39574595
2013,3,Michoacán,Mujeres,367064.0,659970.0,55.61828568
2013,3,Morelos,Hombres,273209.0,451434.0,60.52025324
2013,3,Morelos,Mujeres,191775.0,314109.0,61.05364698
2013,3,Nayarit,Hombres,151665.0,291955.0,51.94807419
2013,3,Nayarit,Mujeres,112969.0,198928.0,56.78888844
2013,3,Nuevo León,Hombres,1068915.0,1381857.0,77.35351777
2013,3,Nuevo León,Mujeres,593713.0,783002.0,75.82522139
2013,3,Oaxaca,Hombres,343740.0,946145.0,36.33058358
2013,3,Oaxaca,Mujeres,233443.0,621896.0,37.53730527
2013,3,Puebla,Hombres,824108.0,1545245.0,53.33186647
2013,3,Puebla,Mujeres,540961.0,1002843.0,53.94274079
2013,3,Querétaro,Hombres,317394.0,459537.0,69.06821431
2013,3,Querétaro,Mujeres,203078.0,276369.0,73.48074495
2013,3,Quintana Roo,Hombres,306011.0,448269.0,68.26503729
2013,3,Quintana Roo,Mujeres,190642.0,269387.0,70.76881958
2013,3,San Luis Potosí,Hombres,413115.0,666210.0,62.00972666
2013,3,San Luis Potosí,Mujeres,253159.0,395255.0,64.04953764
2013,3,Sinaloa,Hombres,467821.0,717692.0,65.18409011
2013,3,Sinaloa,Mujeres,309448.0,458233.0,67.53071036
2013,3,Sonora,Hombres,478933.0,711888.0,67.2764536
2013,3,Sonora,Mujeres,323512.0,463676.0,69.77113329
2013,3,Tabasco,Hombres,410699.0,601747.0,68.25110885
2013,3,Tabasco,Mujeres,177410.0,294022.0,60.33902225
2013,3,Tamaulipas,Hombres,580148.0,856051.0,67.77026135
2013,3,Tamaulipas,Mujeres,376514.0,551020.0,68.33036913
2013,3,Tlaxcala,Hombres,192255.0,302254.0,63.60709867
2013,3,Tlaxcala,Mujeres,121393.0,207952.0,58.3754905
2013,3,Veracruz,Hombres,1183253.0,1940707.0,60.97020313
2013,3,Veracruz,Mujeres,663020.0,1075556.0,61.64439601
2013,3,Yucatán,Hombres,353314.0,569313.0,62.05971056
2013,3,Yucatán,Mujeres,231110.0,383464.0,60.26902134
2013,3,Zacatecas,Hombres,216047.0,391949.0,55.12120199
2013,3,Zacatecas,Mujeres,113000.0,197266.0,57.28305942
2013,4,Nacional,Hombres,18896529.0,30239447.0,62.48966458
2013,4,Nacional,Mujeres,12161792.0,18879223.0,64.41892233
2013,4,Aguascalientes,Hombres,227652.0,309040.0,73.66425058
2013,4,Aguascalientes,Mujeres,147737.0,198311.0,74.49763251
2013,4,Baja California,Hombres,624866.0,890179.0,70.19554494
2013,4,Baja California,Mujeres,430210.0,588587.0,73.09199829
2013,4,Baja California Sur,Hombres,133603.0,192822.0,69.28825549
2013,4,Baja California Sur,Mujeres,87488.0,124337.0,70.36360858
2013,4,Campeche,Hombres,139951.0,241088.0,58.04975776
2013,4,Campeche,Mujeres,82977.0,132771.0,62.49632826
2013,4,Coahuila,Hombres,582249.0,773988.0,75.2271353
2013,4,Coahuila,Mujeres,342068.0,461405.0,74.13617104
2013,4,Colima,Hombres,121818.0,186747.0,65.23156999
2013,4,Colima,Mujeres,87955.0,140250.0,62.71301248
2013,4,Chiapas,Hombres,514841.0,1309219.0,39.32428417
2013,4,Chiapas,Mujeres,241889.0,524522.0,46.11608283
2013,4,Chihuahua,Hombres,638281.0,898354.0,71.05005376
2013,4,Chihuahua,Mujeres,401996.0,512752.0,78.3996942
2013,4,Ciudad de México,Hombres,1512278.0,2330985.0,64.87720856
2013,4,Ciudad de México,Mujeres,1371420.0,1910704.0,71.77563872
2013,4,Durango,Hombres,283609.0,439161.0,64.57973272
2013,4,Durango,Mujeres,149296.0,237852.0,62.76844424
2013,4,Guanajuato,Hombres,912234.0,1434900.0,63.57474388
2013,4,Guanajuato,Mujeres,597373.0,952948.0,62.68684125
2013,4,Guerrero,Hombres,338313.0,804801.0,42.03685135
2013,4,Guerrero,Mujeres,251322.0,532757.0,47.17385224
2013,4,Hidalgo,Hombres,380844.0,709682.0,53.66403544
2013,4,Hidalgo,Mujeres,259158.0,433619.0,59.76629253
2013,4,Jalisco,Hombres,1319322.0,1985486.0,66.44831543
2013,4,Jalisco,Mujeres,889519.0,1314732.0,67.65781924
2013,4,México,Hombres,2785698.0,4143670.0,67.22779565
2013,4,México,Mujeres,1694314.0,2529826.0,66.97353889
2013,4,Michoacán,Hombres,578448.0,1125582.0,51.39101372
2013,4,Michoacán,Mujeres,387340.0,681789.0,56.81229823
2013,4,Morelos,Hombres,280123.0,449915.0,62.26131603
2013,4,Morelos,Mujeres,202332.0,327033.0,61.8689857
2013,4,Nayarit,Hombres,166018.0,298837.0,55.55470039
2013,4,Nayarit,Mujeres,123590.0,204577.0,60.41246083
2013,4,Nuevo León,Hombres,1077589.0,1394602.0,77.26856838
2013,4,Nuevo León,Mujeres,594566.0,801415.0,74.18952727
2013,4,Oaxaca,Hombres,368358.0,918686.0,40.09618085
2013,4,Oaxaca,Mujeres,241985.0,623459.0,38.81329807
2013,4,Puebla,Hombres,864363.0,1547938.0,55.83963957
2013,4,Puebla,Mujeres,551378.0,994148.0,55.46236576
2013,4,Querétaro,Hombres,315424.0,447251.0,70.52505193
2013,4,Querétaro,Mujeres,209944.0,288381.0,72.80091268
2013,4,Quintana Roo,Hombres,303648.0,454050.0,66.87545425
2013,4,Quintana Roo,Mujeres,183000.0,256861.0,71.24475884
2013,4,San Luis Potosí,Hombres,439680.0,700930.0,62.72808982
2013,4,San Luis Potosí,Mujeres,258682.0,402664.0,64.24264399
2013,4,Sinaloa,Hombres,484198.0,749147.0,64.63324287
2013,4,Sinaloa,Mujeres,315518.0,482081.0,65.44916726
2013,4,Sonora,Hombres,488696.0,740919.0,65.95808719
2013,4,Sonora,Mujeres,346779.0,491874.0,70.50159187
2013,4,Tabasco,Hombres,407214.0,593092.0,68.65949971
2013,4,Tabasco,Mujeres,189147.0,304838.0,62.04836667
2013,4,Tamaulipas,Hombres,590918.0,887490.0,66.58306009
2013,4,Tamaulipas,Mujeres,385290.0,574871.0,67.02199276
2013,4,Tlaxcala,Hombres,194401.0,302370.0,64.29242319
2013,4,Tlaxcala,Mujeres,119500.0,200858.0,59.49476745
2013,4,Veracruz,Hombres,1230689.0,1990969.0,61.81356917
2013,4,Veracruz,Mujeres,666784.0,1058789.0,62.97609816
2013,4,Yucatán,Hombres,359001.0,586960.0,61.16277089
2013,4,Yucatán,Mujeres,235021.0,390738.0,60.14797639
2013,4,Zacatecas,Hombres,232202.0,400587.0,57.96543572
2013,4,Zacatecas,Mujeres,116214.0,199474.0,58.26022439
2014,1,Nacional,Hombres,18864516.0,29951085.0,62.98441609
2014,1,Nacional,Mujeres,11909904.0,18321234.0,65.00601433
2014,1,Aguascalientes,Hombres,228724.0,301562.0,75.84642627
2014,1,Aguascalientes,Mujeres,146115.0,191543.0,76.28313225
2014,1,Baja California,Hombres,620583.0,885418.0,70.08926857
2014,1,Baja California,Mujeres,419144.0,569431.0,73.60751347
2014,1,Baja California Sur,Hombres,132461.0,192032.0,68.97860773
2014,1,Baja California Sur,Mujeres,90441.0,127349.0,71.01822551
2014,1,Campeche,Hombres,143410.0,237769.0,60.3148434
2014,1,Campeche,Mujeres,79498.0,129081.0,61.58768525
2014,1,Coahuila,Hombres,568728.0,739137.0,76.94486949
2014,1,Coahuila,Mujeres,328746.0,442024.0,74.37288473
2014,1,Colima,Hombres,119662.0,181965.0,65.76099799
2014,1,Colima,Mujeres,87581.0,134345.0,65.19111243
2014,1,Chiapas,Hombres,548622.0,1318295.0,41.61602676
2014,1,Chiapas,Mujeres,241245.0,503449.0,47.91845847
2014,1,Chihuahua,Hombres,652722.0,884053.0,73.83290368
2014,1,Chihuahua,Mujeres,407459.0,505380.0,80.62428272
2014,1,Ciudad de México,Hombres,1449091.0,2254188.0,64.28438977
2014,1,Ciudad de México,Mujeres,1344821.0,1835917.0,73.25064259
2014,1,Durango,Hombres,272727.0,426449.0,63.95301666
2014,1,Durango,Mujeres,151605.0,234187.0,64.73672749
2014,1,Guanajuato,Hombres,900797.0,1425483.0,63.19240566
2014,1,Guanajuato,Mujeres,585706.0,910802.0,64.30662208
2014,1,Guerrero,Hombres,349482.0,808551.0,43.22324751
2014,1,Guerrero,Mujeres,248257.0,490874.0,50.57448551
2014,1,Hidalgo,Hombres,420192.0,703183.0,59.75571082
2014,1,Hidalgo,Mujeres,247379.0,414494.0,59.68216669
2014,1,Jalisco,Hombres,1303556.0,1962604.0,66.41971585
2014,1,Jalisco,Mujeres,869469.0,1285742.0,67.623909
2014,1,México,Hombres,2773144.0,4162826.0,66.61686076
2014,1,México,Mujeres,1668674.0,2484246.0,67.17023998
2014,1,Michoacán,Hombres,586723.0,1118900.0,52.43748324
2014,1,Michoacán,Mujeres,359160.0,656124.0,54.73965287
2014,1,Morelos,Hombres,278718.0,448504.0,62.14392737
2014,1,Morelos,Mujeres,190604.0,312104.0,61.07066875
2014,1,Nayarit,Hombres,164297.0,303872.0,54.06783119
2014,1,Nayarit,Mujeres,121782.0,207420.0,58.71275673
2014,1,Nuevo León,Hombres,1060182.0,1350519.0,78.50182041
2014,1,Nuevo León,Mujeres,580185.0,753591.0,76.98937487
2014,1,Oaxaca,Hombres,399791.0,929374.0,43.01723526
2014,1,Oaxaca,Mujeres,252191.0,644846.0,39.10871743
2014,1,Puebla,Hombres,871410.0,1531975.0,56.88147653
2014,1,Puebla,Mujeres,545505.0,982942.0,55.49717074
2014,1,Querétaro,Hombres,334430.0,463378.0,72.17217908
2014,1,Querétaro,Mujeres,205217.0,277438.0,73.96859839
2014,1,Quintana Roo,Hombres,300548.0,445568.0,67.45277937
2014,1,Quintana Roo,Mujeres,182700.0,254645.0,71.74694182
2014,1,San Luis Potosí,Hombres,402564.0,675005.0,59.63866934
2014,1,San Luis Potosí,Mujeres,239212.0,385865.0,61.99370246
2014,1,Sinaloa,Hombres,505848.0,751174.0,67.34098891
2014,1,Sinaloa,Mujeres,306250.0,469290.0,65.25815594
2014,1,Sonora,Hombres,518407.0,748794.0,69.23225881
2014,1,Sonora,Mujeres,341080.0,482429.0,70.70055905
2014,1,Tabasco,Hombres,386886.0,577675.0,66.97295192
2014,1,Tabasco,Mujeres,186474.0,293255.0,63.58766261
2014,1,Tamaulipas,Hombres,608391.0,884274.0,68.80118606
2014,1,Tamaulipas,Mujeres,391559.0,550868.0,71.08036771
2014,1,Tlaxcala,Hombres,195130.0,295760.0,65.97579118
2014,1,Tlaxcala,Mujeres,121476.0,196759.0,61.73847194
2014,1,Veracruz,Hombres,1199117.0,2004412.0,59.82387852
2014,1,Veracruz,Mujeres,623308.0,1029017.0,60.57314894
2014,1,Yucatán,Hombres,360717.0,578465.0,62.35761887
2014,1,Yucatán,Mujeres,231660.0,368322.0,62.89605291
2014,1,Zacatecas,Hombres,207456.0,359921.0,57.63931529
2014,1,Zacatecas,Mujeres,115401.0,197455.0,58.44420248
2014,2,Nacional,Hombres,18953228.0,30070634.0,63.02902692
2014,2,Nacional,Mujeres,11996248.0,18434460.0,65.07512561
2014,2,Aguascalientes,Hombres,235396.0,308570.0,76.28609392
2014,2,Aguascalientes,Mujeres,147461.0,194733.0,75.72471024
2014,2,Baja California,Hombres,630209.0,901919.0,69.87423483
2014,2,Baja California,Mujeres,433030.0,589058.0,73.51228572
2014,2,Baja California Sur,Hombres,132574.0,194444.0,68.18107013
2014,2,Baja California Sur,Mujeres,91102.0,124498.0,73.1754727
2014,2,Campeche,Hombres,140566.0,236916.0,59.33157744
2014,2,Campeche,Mujeres,79195.0,129843.0,60.99289142
2014,2,Coahuila,Hombres,593589.0,766170.0,77.4748424
2014,2,Coahuila,Mujeres,339584.0,459544.0,73.89586198
2014,2,Colima,Hombres,118274.0,184271.0,64.18481476
2014,2,Colima,Mujeres,87620.0,136936.0,63.98609569
2014,2,Chiapas,Hombres,511695.0,1270137.0,40.286599
2014,2,Chiapas,Mujeres,242473.0,510474.0,47.49957882
2014,2,Chihuahua,Hombres,657007.0,920991.0,71.33696203
2014,2,Chihuahua,Mujeres,416133.0,515963.0,80.6517134
2014,2,Ciudad de México,Hombres,1472882.0,2246196.0,65.5722831
2014,2,Ciudad de México,Mujeres,1348798.0,1844410.0,73.12896807
2014,2,Durango,Hombres,269570.0,416714.0,64.68945128
2014,2,Durango,Mujeres,158729.0,239865.0,66.17430638
2014,2,Guanajuato,Hombres,932519.0,1423043.0,65.52992425
2014,2,Guanajuato,Mujeres,595724.0,930719.0,64.00685921
2014,2,Guerrero,Hombres,338247.0,861054.0,39.28290212
2014,2,Guerrero,Mujeres,248123.0,519513.0,47.76069126
2014,2,Hidalgo,Hombres,418595.0,723379.0,57.86662317
2014,2,Hidalgo,Mujeres,249405.0,436355.0,57.15644372
2014,2,Jalisco,Hombres,1297875.0,1951193.0,66.51699755
2014,2,Jalisco,Mujeres,888704.0,1287864.0,69.00604412
2014,2,México,Hombres,2827340.0,4156944.0,68.01486862
2014,2,México,Mujeres,1635770.0,2452606.0,66.69518055
2014,2,Michoacán,Hombres,565601.0,1142858.0,49.49005038
2014,2,Michoacán,Mujeres,348787.0,664477.0,52.4904549
2014,2,Morelos,Hombres,289809.0,458087.0,63.26505664
2014,2,Morelos,Mujeres,192807.0,313724.0,61.45752317
2014,2,Nayarit,Hombres,165581.0,299496.0,55.28654807
2014,2,Nayarit,Mujeres,114420.0,194757.0,58.75013478
2014,2,Nuevo León,Hombres,1067604.0,1382975.0,77.19618937
2014,2,Nuevo León,Mujeres,610645.0,801158.0,76.22029612
2014,2,Oaxaca,Hombres,391229.0,938761.0,41.67503763
2014,2,Oaxaca,Mujeres,255764.0,620593.0,41.21283998
2014,2,Puebla,Hombres,894597.0,1559718.0,57.3563298
2014,2,Puebla,Mujeres,558038.0,955673.0,58.39214878
2014,2,Querétaro,Hombres,318697.0,459175.0,69.40643545
2014,2,Querétaro,Mujeres,212822.0,289215.0,73.58608648
2014,2,Quintana Roo,Hombres,308771.0,452472.0,68.24090772
2014,2,Quintana Roo,Mujeres,187463.0,265420.0,70.62881471
2014,2,San Luis Potosí,Hombres,402405.0,683272.0,58.89382267
2014,2,San Luis Potosí,Mujeres,250551.0,398380.0,62.89246448
2014,2,Sinaloa,Hombres,475001.0,723210.0,65.67953983
2014,2,Sinaloa,Mujeres,302641.0,452978.0,66.81141247
2014,2,Sonora,Hombres,525050.0,750591.0,69.95154485
2014,2,Sonora,Mujeres,360004.0,507130.0,70.98850393
2014,2,Tabasco,Hombres,399953.0,589795.0,67.81220594
2014,2,Tabasco,Mujeres,184330.0,293476.0,62.8092246
2014,2,Tamaulipas,Hombres,597866.0,875620.0,68.27916219
2014,2,Tamaulipas,Mujeres,393336.0,546105.0,72.02570934
2014,2,Tlaxcala,Hombres,189500.0,300933.0,62.97082739
2014,2,Tlaxcala,Mujeres,121030.0,202609.0,59.73574718
2014,2,Veracruz,Hombres,1197834.0,1928167.0,62.12293852
2014,2,Veracruz,Mujeres,601722.0,986234.0,61.01209246
2014,2,Yucatán,Hombres,362290.0,581272.0,62.32710332
2014,2,Yucatán,Mujeres,225820.0,374635.0,60.27733661
2014,2,Zacatecas,Hombres,225102.0,382291.0,58.88236971
2014,2,Zacatecas,Mujeres,114217.0,195515.0,58.41853566
2014,3,Nacional,Hombres,19006691.0,30332063.0,62.66204511
2014,3,Nacional,Mujeres,11983801.0,18332721.0,65.36837058
2014,3,Aguascalientes,Hombres,247011.0,317836.0,77.7164953
2014,3,Aguascalientes,Mujeres,142229.0,189535.0,75.04102145
2014,3,Baja California,Hombres,648273.0,899630.0,72.05995798
2014,3,Baja California,Mujeres,426865.0,573608.0,74.41754648
2014,3,Baja California Sur,Hombres,135516.0,194972.0,69.50536487
2014,3,Baja California Sur,Mujeres,88875.0,122416.0,72.60080382
2014,3,Campeche,Hombres,141620.0,235422.0,60.15580532
2014,3,Campeche,Mujeres,79430.0,130205.0,61.0038017
2014,3,Coahuila,Hombres,604093.0,774432.0,78.00465373
2014,3,Coahuila,Mujeres,353961.0,470194.0,75.27977813
2014,3,Colima,Hombres,121379.0,188134.0,64.51731213
2014,3,Colima,Mujeres,87379.0,135116.0,64.66961722
2014,3,Chiapas,Hombres,497937.0,1256769.0,39.62040757
2014,3,Chiapas,Mujeres,264075.0,500660.0,52.7453761
2014,3,Chihuahua,Hombres,666719.0,943835.0,70.63935963
2014,3,Chihuahua,Mujeres,390318.0,498442.0,78.3076065
2014,3,Ciudad de México,Hombres,1490875.0,2270360.0,65.66689864
2014,3,Ciudad de México,Mujeres,1352791.0,1849701.0,73.13565814
2014,3,Durango,Hombres,280451.0,434275.0,64.57912613
2014,3,Durango,Mujeres,160375.0,237509.0,67.52375699
2014,3,Guanajuato,Hombres,933423.0,1471810.0,63.4200746
2014,3,Guanajuato,Mujeres,585551.0,932995.0,62.76035777
2014,3,Guerrero,Hombres,314676.0,867767.0,36.26272951
2014,3,Guerrero,Mujeres,229561.0,525678.0,43.66950871
2014,3,Hidalgo,Hombres,437643.0,718215.0,60.93481757
2014,3,Hidalgo,Mujeres,279167.0,434042.0,64.31796923
2014,3,Jalisco,Hombres,1313196.0,2008884.0,65.369429
2014,3,Jalisco,Mujeres,854911.0,1269470.0,67.34393093
2014,3,México,Hombres,2780714.0,4202493.0,66.16820064
2014,3,México,Mujeres,1643720.0,2405163.0,68.34131408
2014,3,Michoacán,Hombres,577553.0,1130497.0,51.0884151
2014,3,Michoacán,Mujeres,342459.0,644021.0,53.17512938
2014,3,Morelos,Hombres,287087.0,452669.0,63.42095438
2014,3,Morelos,Mujeres,194038.0,315100.0,61.57981593
2014,3,Nayarit,Hombres,161129.0,297816.0,54.10354044
2014,3,Nayarit,Mujeres,114976.0,197734.0,58.14680328
2014,3,Nuevo León,Hombres,1098458.0,1397822.0,78.58353925
2014,3,Nuevo León,Mujeres,619992.0,795782.0,77.90977931
2014,3,Oaxaca,Hombres,404035.0,968345.0,41.72428215
2014,3,Oaxaca,Mujeres,259183.0,614774.0,42.15906984
2014,3,Puebla,Hombres,886089.0,1549295.0,57.19304587
2014,3,Puebla,Mujeres,535181.0,961431.0,55.66504513
2014,3,Querétaro,Hombres,314123.0,459957.0,68.2939927
2014,3,Querétaro,Mujeres,208814.0,286340.0,72.92519383
2014,3,Quintana Roo,Hombres,301165.0,453056.0,66.4741224
2014,3,Quintana Roo,Mujeres,186963.0,264002.0,70.81878168
2014,3,San Luis Potosí,Hombres,410393.0,678821.0,60.45673307
2014,3,San Luis Potosí,Mujeres,246046.0,394698.0,62.33778737
2014,3,Sinaloa,Hombres,482919.0,718481.0,67.21388596
2014,3,Sinaloa,Mujeres,319981.0,469270.0,68.18697125
2014,3,Sonora,Hombres,506819.0,723468.0,70.05410053
2014,3,Sonora,Mujeres,355388.0,486464.0,73.05535456
2014,3,Tabasco,Hombres,416020.0,587582.0,70.80203274
2014,3,Tabasco,Mujeres,188988.0,296078.0,63.8304771
2014,3,Tamaulipas,Hombres,569670.0,829550.0,68.67217166
2014,3,Tamaulipas,Mujeres,404380.0,557353.0,72.55365989
2014,3,Tlaxcala,Hombres,191931.0,304327.0,63.06735847
2014,3,Tlaxcala,Mujeres,121460.0,201946.0,60.14479118
2014,3,Veracruz,Hombres,1182282.0,2009831.0,58.82494598
2014,3,Veracruz,Mujeres,592645.0,996168.0,59.49247516
2014,3,Yucatán,Hombres,376537.0,591564.0,63.65110115
2014,3,Yucatán,Mujeres,232605.0,371616.0,62.59283777
2014,3,Zacatecas,Hombres,226955.0,394148.0,57.58116241
2014,3,Zacatecas,Mujeres,121494.0,205210.0,59.20471712
2014,4,Nacional,Hombres,19261255.0,30508273.0,63.13453075
2014,4,Nacional,Mujeres,12076556.0,18517901.0,65.21557708
2014,4,Aguascalientes,Hombres,245676.0,322152.0,76.26089548
2014,4,Aguascalientes,Mujeres,142047.0,185403.0,76.61526513
2014,4,Baja California,Hombres,653550.0,915968.0,71.35074588
2014,4,Baja California,Mujeres,447388.0,594576.0,75.24488039
2014,4,Baja California Sur,Hombres,140274.0,197125.0,71.15992391
2014,4,Baja California Sur,Mujeres,92904.0,123098.0,75.47157549
2014,4,Campeche,Hombres,136083.0,234375.0,58.06208
2014,4,Campeche,Mujeres,79963.0,133023.0,60.11216105
2014,4,Coahuila,Hombres,611984.0,770402.0,79.43696927
2014,4,Coahuila,Mujeres,355673.0,456537.0,77.9067195
2014,4,Colima,Hombres,125349.0,188239.0,66.59034525
2014,4,Colima,Mujeres,88840.0,136192.0,65.23143797
2014,4,Chiapas,Hombres,495212.0,1245761.0,39.75176619
2014,4,Chiapas,Mujeres,265628.0,512499.0,51.82995479
2014,4,Chihuahua,Hombres,672319.0,948606.0,70.87441994
2014,4,Chihuahua,Mujeres,409388.0,519363.0,78.82502219
2014,4,Ciudad de México,Hombres,1506700.0,2327522.0,64.734082
2014,4,Ciudad de México,Mujeres,1313768.0,1808894.0,72.62824687
2014,4,Durango,Hombres,283166.0,433918.0,65.25795196
2014,4,Durango,Mujeres,168292.0,255351.0,65.90614488
2014,4,Guanajuato,Hombres,925948.0,1425353.0,64.9627145
2014,4,Guanajuato,Mujeres,609318.0,939493.0,64.8560447
2014,4,Guerrero,Hombres,321925.0,853057.0,37.7378065
2014,4,Guerrero,Mujeres,235607.0,511540.0,46.05837276
2014,4,Hidalgo,Hombres,448133.0,729922.0,61.39464217
2014,4,Hidalgo,Mujeres,272474.0,447873.0,60.83733558
2014,4,Jalisco,Hombres,1350099.0,2002188.0,67.43118029
2014,4,Jalisco,Mujeres,864894.0,1295124.0,66.78078701
2014,4,México,Hombres,2788093.0,4263963.0,65.38736382
2014,4,México,Mujeres,1567155.0,2356568.0,66.50158196
2014,4,Michoacán,Hombres,591722.0,1129891.0,52.36983036
2014,4,Michoacán,Mujeres,379837.0,685736.0,55.39114178
2014,4,Morelos,Hombres,293312.0,453915.0,64.61826553
2014,4,Morelos,Mujeres,194812.0,316594.0,61.53369931
2014,4,Nayarit,Hombres,172166.0,305667.0,56.32469321
2014,4,Nayarit,Mujeres,117223.0,199379.0,58.79405554
2014,4,Nuevo León,Hombres,1103638.0,1412539.0,78.13150646
2014,4,Nuevo León,Mujeres,622294.0,811620.0,76.67307361
2014,4,Oaxaca,Hombres,410619.0,955785.0,42.96144007
2014,4,Oaxaca,Mujeres,257676.0,618816.0,41.64016444
2014,4,Puebla,Hombres,883865.0,1548348.0,57.0843893
2014,4,Puebla,Mujeres,548551.0,993508.0,55.21354634
2014,4,Querétaro,Hombres,320247.0,463432.0,69.10334202
2014,4,Querétaro,Mujeres,221342.0,293786.0,75.34123478
2014,4,Quintana Roo,Hombres,317100.0,460239.0,68.89898509
2014,4,Quintana Roo,Mujeres,196677.0,270565.0,72.69122022
2014,4,San Luis Potosí,Hombres,423424.0,698658.0,60.60533194
2014,4,San Luis Potosí,Mujeres,248468.0,399222.0,62.23805301
2014,4,Sinaloa,Hombres,499821.0,782231.0,63.896854
2014,4,Sinaloa,Mujeres,337102.0,504996.0,66.75340003
2014,4,Sonora,Hombres,526544.0,743486.0,70.8209704
2014,4,Sonora,Mujeres,359500.0,508234.0,70.73513382
2014,4,Tabasco,Hombres,406552.0,588421.0,69.09202765
2014,4,Tabasco,Mujeres,200215.0,312393.0,64.09074467
2014,4,Tamaulipas,Hombres,590664.0,854627.0,69.11366011
2014,4,Tamaulipas,Mujeres,409840.0,553365.0,74.06323132
2014,4,Tlaxcala,Hombres,198096.0,310119.0,63.8774148
2014,4,Tlaxcala,Mujeres,122946.0,198936.0,61.8017855
2014,4,Veracruz,Hombres,1209248.0,1950930.0,61.98315675
2014,4,Veracruz,Mujeres,597463.0,986142.0,60.58589939
2014,4,Yucatán,Hombres,390089.0,598003.0,65.231947
2014,4,Yucatán,Mujeres,226624.0,374261.0,60.55239525
2014,4,Zacatecas,Hombres,219637.0,393431.0,55.82605336
2014,4,Zacatecas,Mujeres,122647.0,214814.0,57.09450967
2015,1,Nacional,Hombres,19234772.0,30489691.0,63.08614935
2015,1,Nacional,Mujeres,12184470.0,18518297.0,65.79692506
2015,1,Aguascalientes,Hombres,243762.0,317097.0,76.87300731
2015,1,Aguascalientes,Mujeres,148020.0,190106.0,77.86182446
2015,1,Baja California,Hombres,668558.0,934950.0,71.50735333
2015,1,Baja California,Mujeres,439278.0,576848.0,76.15142984
2015,1,Baja California Sur,Hombres,141508.0,200983.0,70.40794495
2015,1,Baja California Sur,Mujeres,93172.0,124249.0,74.98812868
2015,1,Campeche,Hombres,139084.0,236964.0,58.69414763
2015,1,Campeche,Mujeres,75993.0,127162.0,59.76077759
2015,1,Coahuila,Hombres,598490.0,759552.0,78.79513187
2015,1,Coahuila,Mujeres,345929.0,452539.0,76.44180944
2015,1,Colima,Hombres,124134.0,186470.0,66.57049391
2015,1,Colima,Mujeres,89589.0,136973.0,65.40632095
2015,1,Chiapas,Hombres,478571.0,1280041.0,37.38716182
2015,1,Chiapas,Mujeres,285734.0,529711.0,53.94148885
2015,1,Chihuahua,Hombres,677518.0,955448.0,70.91102813
2015,1,Chihuahua,Mujeres,400713.0,510661.0,78.46947388
2015,1,Ciudad de México,Hombres,1464520.0,2283026.0,64.1481963
2015,1,Ciudad de México,Mujeres,1326954.0,1814079.0,73.14753106
2015,1,Durango,Hombres,273678.0,428144.0,63.92195149
2015,1,Durango,Mujeres,170821.0,255928.0,66.74572536
2015,1,Guanajuato,Hombres,925268.0,1417255.0,65.28592243
2015,1,Guanajuato,Mujeres,614430.0,907372.0,67.71533616
2015,1,Guerrero,Hombres,347780.0,816324.0,42.60318207
2015,1,Guerrero,Mujeres,232493.0,495931.0,46.88011034
2015,1,Hidalgo,Hombres,485876.0,729969.0,66.56118274
2015,1,Hidalgo,Mujeres,279278.0,436899.0,63.92278307
2015,1,Jalisco,Hombres,1331842.0,2022075.0,65.86511381
2015,1,Jalisco,Mujeres,893141.0,1327747.0,67.26740863
2015,1,México,Hombres,2826303.0,4216865.0,67.02379611
2015,1,México,Mujeres,1634308.0,2470052.0,66.16492284
2015,1,Michoacán,Hombres,599572.0,1155799.0,51.87510977
2015,1,Michoacán,Mujeres,371151.0,687186.0,54.01026796
2015,1,Morelos,Hombres,300495.0,462953.0,64.90831683
2015,1,Morelos,Mujeres,199441.0,317990.0,62.7192679
2015,1,Nayarit,Hombres,182216.0,316001.0,57.66310866
2015,1,Nayarit,Mujeres,119692.0,204358.0,58.56976482
2015,1,Nuevo León,Hombres,1095688.0,1411502.0,77.62567818
2015,1,Nuevo León,Mujeres,621919.0,799403.0,77.79793171
2015,1,Oaxaca,Hombres,400584.0,927291.0,43.19938401
2015,1,Oaxaca,Mujeres,260134.0,606185.0,42.91330204
2015,1,Puebla,Hombres,871763.0,1551728.0,56.1801424
2015,1,Puebla,Mujeres,535960.0,963877.0,55.60460515
2015,1,Querétaro,Hombres,348980.0,497449.0,70.15392533
2015,1,Querétaro,Mujeres,231959.0,304102.0,76.27670979
2015,1,Quintana Roo,Hombres,313516.0,459541.0,68.22372759
2015,1,Quintana Roo,Mujeres,201846.0,281335.0,71.7457835
2015,1,San Luis Potosí,Hombres,417632.0,691964.0,60.35458492
2015,1,San Luis Potosí,Mujeres,244106.0,392299.0,62.22447674
2015,1,Sinaloa,Hombres,511244.0,785192.0,65.11069904
2015,1,Sinaloa,Mujeres,352284.0,506677.0,69.52831883
2015,1,Sonora,Hombres,523260.0,748876.0,69.87271591
2015,1,Sonora,Mujeres,349344.0,495558.0,70.49507828
2015,1,Tabasco,Hombres,395476.0,563165.0,70.22382428
2015,1,Tabasco,Mujeres,198829.0,294074.0,67.61189361
2015,1,Tamaulipas,Hombres,577632.0,851364.0,67.84783007
2015,1,Tamaulipas,Mujeres,394148.0,544286.0,72.41560503
2015,1,Tlaxcala,Hombres,199166.0,312725.0,63.68726517
2015,1,Tlaxcala,Mujeres,125292.0,195758.0,64.00351454
2015,1,Veracruz,Hombres,1170573.0,2011541.0,58.19284817
2015,1,Veracruz,Mujeres,589302.0,986729.0,59.72278103
2015,1,Yucatán,Hombres,385731.0,594278.0,64.9075012
2015,1,Yucatán,Mujeres,235550.0,377295.0,62.43125406
2015,1,Zacatecas,Hombres,214352.0,363159.0,59.02428413
2015,1,Zacatecas,Mujeres,123660.0,204928.0,60.34314491
2015,2,Nacional,Hombres,19441073.0,30797193.0,63.12611997
2015,2,Nacional,Mujeres,12209033.0,18751375.0,65.11006793
2015,2,Aguascalientes,Hombres,246135.0,324217.0,75.91674712
2015,2,Aguascalientes,Mujeres,149654.0,194271.0,77.03362828
2015,2,Baja California,Hombres,665746.0,929272.0,71.64167219
2015,2,Baja California,Mujeres,434317.0,586818.0,74.01221503
2015,2,Baja California Sur,Hombres,141340.0,202181.0,69.907657
2015,2,Baja California Sur,Mujeres,94338.0,129025.0,73.11606278
2015,2,Campeche,Hombres,141783.0,238863.0,59.35745595
2015,2,Campeche,Mujeres,81831.0,134047.0,61.04649862
2015,2,Coahuila,Hombres,617912.0,776211.0,79.60618955
2015,2,Coahuila,Mujeres,355203.0,454523.0,78.14852054
2015,2,Colima,Hombres,119734.0,186748.0,64.11527834
2015,2,Colima,Mujeres,91153.0,137099.0,66.48699115
2015,2,Chiapas,Hombres,509663.0,1295184.0,39.35062508
2015,2,Chiapas,Mujeres,267674.0,513676.0,52.10950093
2015,2,Chihuahua,Hombres,693347.0,966221.0,71.75863493
2015,2,Chihuahua,Mujeres,407660.0,508769.0,80.12673728
2015,2,Ciudad de México,Hombres,1519714.0,2361044.0,64.36618716
2015,2,Ciudad de México,Mujeres,1360572.0,1848118.0,73.61932517
2015,2,Durango,Hombres,283482.0,436673.0,64.91860042
2015,2,Durango,Mujeres,176999.0,263812.0,67.092854
2015,2,Guanajuato,Hombres,986192.0,1468514.0,67.15577788
2015,2,Guanajuato,Mujeres,600472.0,956395.0,62.78493719
2015,2,Guerrero,Hombres,322512.0,838134.0,38.47976577
2015,2,Guerrero,Mujeres,232845.0,508230.0,45.81488696
2015,2,Hidalgo,Hombres,471367.0,730018.0,64.5692298
2015,2,Hidalgo,Mujeres,278360.0,469142.0,59.33384775
2015,2,Jalisco,Hombres,1359169.0,2032440.0,66.87375765
2015,2,Jalisco,Mujeres,887308.0,1275751.0,69.55181693
2015,2,México,Hombres,2785665.0,4240110.0,65.6979418
2015,2,México,Mujeres,1606886.0,2476634.0,64.88185174
2015,2,Michoacán,Hombres,622817.0,1187147.0,52.46334279
2015,2,Michoacán,Mujeres,355319.0,682454.0,52.06490108
2015,2,Morelos,Hombres,287359.0,451827.0,63.59934223
2015,2,Morelos,Mujeres,203274.0,320710.0,63.38249509
2015,2,Nayarit,Hombres,177150.0,310565.0,57.0411991
2015,2,Nayarit,Mujeres,120902.0,201817.0,59.9067472
2015,2,Nuevo León,Hombres,1108338.0,1409706.0,78.62192542
2015,2,Nuevo León,Mujeres,639132.0,829500.0,77.05027125
2015,2,Oaxaca,Hombres,392825.0,937904.0,41.88328443
2015,2,Oaxaca,Mujeres,266279.0,620680.0,42.90117291
2015,2,Puebla,Hombres,953117.0,1605847.0,59.35291469
2015,2,Puebla,Mujeres,535882.0,965032.0,55.52997206
2015,2,Querétaro,Hombres,325795.0,468640.0,69.51924718
2015,2,Querétaro,Mujeres,220883.0,298297.0,74.04801255
2015,2,Quintana Roo,Hombres,318903.0,465743.0,68.47188256
2015,2,Quintana Roo,Mujeres,207288.0,290832.0,71.27413765
2015,2,San Luis Potosí,Hombres,417342.0,693385.0,60.18907245
2015,2,San Luis Potosí,Mujeres,254866.0,417283.0,61.07749417
2015,2,Sinaloa,Hombres,489557.0,761828.0,64.26083053
2015,2,Sinaloa,Mujeres,330287.0,480484.0,68.74047835
2015,2,Sonora,Hombres,517790.0,751476.0,68.90306543
2015,2,Sonora,Mujeres,363126.0,516222.0,70.34299197
2015,2,Tabasco,Hombres,388592.0,574669.0,67.62014307
2015,2,Tabasco,Mujeres,198447.0,311153.0,63.77794847
2015,2,Tamaulipas,Hombres,577387.0,866017.0,66.67155495
2015,2,Tamaulipas,Mujeres,408045.0,570541.0,71.51896183
2015,2,Tlaxcala,Hombres,197393.0,318959.0,61.88663747
2015,2,Tlaxcala,Mujeres,128860.0,210512.0,61.21266246
2015,2,Veracruz,Hombres,1184658.0,1962136.0,60.37593724
2015,2,Veracruz,Mujeres,595806.0,989855.0,60.19124013
2015,2,Yucatán,Hombres,391914.0,609815.0,64.26768774
2015,2,Yucatán,Mujeres,234760.0,377861.0,62.12866636
2015,2,Zacatecas,Hombres,226375.0,395699.0,57.20888857
2015,2,Zacatecas,Mujeres,120605.0,211832.0,56.93426867
2015,3,Nacional,Hombres,19478570.0,30956691.0,62.92200287
2015,3,Nacional,Mujeres,12272447.0,19007240.0,64.56722281
2015,3,Aguascalientes,Hombres,250588.0,328243.0,76.34222207
2015,3,Aguascalientes,Mujeres,148828.0,197217.0,75.46408271
2015,3,Baja California,Hombres,687141.0,953749.0,72.04631407
2015,3,Baja California,Mujeres,416714.0,577993.0,72.09672089
2015,3,Baja California Sur,Hombres,146294.0,203886.0,71.75284227
2015,3,Baja California Sur,Mujeres,93468.0,128086.0,72.97284637
2015,3,Campeche,Hombres,138351.0,238622.0,57.97914694
2015,3,Campeche,Mujeres,79398.0,129774.0,61.18174673
2015,3,Coahuila,Hombres,612093.0,772413.0,79.2442644
2015,3,Coahuila,Mujeres,354923.0,463177.0,76.62794137
2015,3,Colima,Hombres,121053.0,187451.0,64.57847651
2015,3,Colima,Mujeres,90078.0,135366.0,66.54403617
2015,3,Chiapas,Hombres,520304.0,1320288.0,39.40837151
2015,3,Chiapas,Mujeres,267290.0,537651.0,49.71440581
2015,3,Chihuahua,Hombres,690473.0,958484.0,72.03803089
2015,3,Chihuahua,Mujeres,399101.0,509593.0,78.31759855
2015,3,Ciudad de México,Hombres,1575887.0,2443814.0,64.48473575
2015,3,Ciudad de México,Mujeres,1412884.0,1956131.0,72.22849594
2015,3,Durango,Hombres,284137.0,451253.0,62.96622959
2015,3,Durango,Mujeres,166703.0,268762.0,62.02625371
2015,3,Guanajuato,Hombres,943824.0,1463749.0,64.47990742
2015,3,Guanajuato,Mujeres,585822.0,936105.0,62.58080023
2015,3,Guerrero,Hombres,312630.0,824648.0,37.9107207
2015,3,Guerrero,Mujeres,223467.0,519782.0,42.99244683
2015,3,Hidalgo,Hombres,471858.0,743285.0,63.48278251
2015,3,Hidalgo,Mujeres,287159.0,485532.0,59.14316667
2015,3,Jalisco,Hombres,1381770.0,2050513.0,67.38655156
2015,3,Jalisco,Mujeres,899288.0,1294578.0,69.46572551
2015,3,México,Hombres,2741472.0,4218908.0,64.98060636
2015,3,México,Mujeres,1663875.0,2570383.0,64.73257098
2015,3,Michoacán,Hombres,630693.0,1159974.0,54.37130487
2015,3,Michoacán,Mujeres,368925.0,686594.0,53.73262802
2015,3,Morelos,Hombres,282826.0,450044.0,62.84407747
2015,3,Morelos,Mujeres,190376.0,305891.0,62.23654831
2015,3,Nayarit,Hombres,166606.0,300517.0,55.43979209
2015,3,Nayarit,Mujeres,122796.0,203600.0,60.31237721
2015,3,Nuevo León,Hombres,1116418.0,1426647.0,78.25467688
2015,3,Nuevo León,Mujeres,632992.0,824089.0,76.81112113
2015,3,Oaxaca,Hombres,412911.0,961719.0,42.93468258
2015,3,Oaxaca,Mujeres,248737.0,623319.0,39.90524916
2015,3,Puebla,Hombres,917518.0,1564948.0,58.62929631
2015,3,Puebla,Mujeres,559980.0,995172.0,56.26966997
2015,3,Querétaro,Hombres,352269.0,493741.0,71.34692075
2015,3,Querétaro,Mujeres,221937.0,299788.0,74.03131546
2015,3,Quintana Roo,Hombres,324644.0,475487.0,68.27610429
2015,3,Quintana Roo,Mujeres,205453.0,284140.0,72.30696136
2015,3,San Luis Potosí,Hombres,425698.0,692588.0,61.46482469
2015,3,San Luis Potosí,Mujeres,259509.0,413527.0,62.75503171
2015,3,Sinaloa,Hombres,483697.0,757443.0,63.85919469
2015,3,Sinaloa,Mujeres,324802.0,479178.0,67.783162
2015,3,Sonora,Hombres,507349.0,743701.0,68.21948606
2015,3,Sonora,Mujeres,357931.0,500050.0,71.5790421
2015,3,Tabasco,Hombres,377798.0,564017.0,66.98344199
2015,3,Tabasco,Mujeres,204682.0,322297.0,63.50726194
2015,3,Tamaulipas,Hombres,584107.0,856623.0,68.18717219
2015,3,Tamaulipas,Mujeres,398594.0,564811.0,70.57121763
2015,3,Tlaxcala,Hombres,204843.0,315529.0,64.92049859
2015,3,Tlaxcala,Mujeres,129376.0,199275.0,64.92334713
2015,3,Veracruz,Hombres,1192181.0,2023907.0,58.90492992
2015,3,Veracruz,Mujeres,602100.0,1008719.0,59.68956667
2015,3,Yucatán,Hombres,389366.0,609201.0,63.91420894
2015,3,Yucatán,Mujeres,231245.0,376340.0,61.44576713
2015,3,Zacatecas,Hombres,231771.0,401299.0,57.75519002
2015,3,Zacatecas,Mujeres,124014.0,210320.0,58.96443515
2015,4,Nacional,Hombres,19936168.0,31264283.0,63.7665927
2015,4,Nacional,Mujeres,12625472.0,19529250.0,64.6490367
2015,4,Aguascalientes,Hombres,250555.0,325817.0,76.90053005
2015,4,Aguascalientes,Mujeres,153533.0,201964.0,76.01998376
2015,4,Baja California,Hombres,687563.0,954627.0,72.02425659
2015,4,Baja California,Mujeres,445546.0,605362.0,73.59992864
2015,4,Baja California Sur,Hombres,141021.0,199994.0,70.51261538
2015,4,Baja California Sur,Mujeres,96184.0,131045.0,73.39768782
2015,4,Campeche,Hombres,137106.0,237228.0,57.79503263
2015,4,Campeche,Mujeres,83269.0,135860.0,61.29029884
2015,4,Coahuila,Hombres,608969.0,774973.0,78.57938277
2015,4,Coahuila,Mujeres,354123.0,463397.0,76.41892373
2015,4,Colima,Hombres,125498.0,190849.0,65.75774565
2015,4,Colima,Mujeres,91467.0,136765.0,66.87895295
2015,4,Chiapas,Hombres,542484.0,1340095.0,40.48101067
2015,4,Chiapas,Mujeres,276908.0,550115.0,50.33638421
2015,4,Chihuahua,Hombres,702489.0,951554.0,73.82544764
2015,4,Chihuahua,Mujeres,431178.0,558259.0,77.23619324
2015,4,Ciudad de México,Hombres,1649706.0,2455652.0,67.17995872
2015,4,Ciudad de México,Mujeres,1328749.0,1827405.0,72.71234346
2015,4,Durango,Hombres,300802.0,462490.0,65.03967653
2015,4,Durango,Mujeres,165963.0,271207.0,61.19421696
2015,4,Guanajuato,Hombres,970938.0,1470482.0,66.0285539
2015,4,Guanajuato,Mujeres,630176.0,974687.0,64.65419155
2015,4,Guerrero,Hombres,336629.0,844937.0,39.84072185
2015,4,Guerrero,Mujeres,235596.0,533857.0,44.13091895
2015,4,Hidalgo,Hombres,505776.0,759569.0,66.58723566
2015,4,Hidalgo,Mujeres,290805.0,499984.0,58.16286121
2015,4,Jalisco,Hombres,1417265.0,2116030.0,66.97754758
2015,4,Jalisco,Mujeres,935237.0,1391660.0,67.20298061
2015,4,México,Hombres,2793513.0,4232865.0,65.99579717
2015,4,México,Mujeres,1787515.0,2714137.0,65.85942419
2015,4,Michoacán,Hombres,638238.0,1152451.0,55.38092292
2015,4,Michoacán,Mujeres,377100.0,687838.0,54.82395564
2015,4,Morelos,Hombres,288416.0,449676.0,64.13862425
2015,4,Morelos,Mujeres,194921.0,301203.0,64.71416287
2015,4,Nayarit,Hombres,172962.0,316482.0,54.65144937
2015,4,Nayarit,Mujeres,128012.0,213494.0,59.96046727
2015,4,Nuevo León,Hombres,1138221.0,1458527.0,78.03907641
2015,4,Nuevo León,Mujeres,649083.0,852027.0,76.18103652
2015,4,Oaxaca,Hombres,423036.0,969310.0,43.64300379
2015,4,Oaxaca,Mujeres,263804.0,645727.0,40.85379735
2015,4,Puebla,Hombres,955480.0,1626491.0,58.74486855
2015,4,Puebla,Mujeres,562381.0,1012114.0,55.56498576
2015,4,Querétaro,Hombres,374969.0,517324.0,72.48242881
2015,4,Querétaro,Mujeres,241402.0,325954.0,74.06014346
2015,4,Quintana Roo,Hombres,327300.0,482507.0,67.83321278
2015,4,Quintana Roo,Mujeres,215289.0,306101.0,70.33266798
2015,4,San Luis Potosí,Hombres,417965.0,705698.0,59.2271765
2015,4,San Luis Potosí,Mujeres,267846.0,430621.0,62.19993916
2015,4,Sinaloa,Hombres,504151.0,782150.0,64.45707345
2015,4,Sinaloa,Mujeres,329529.0,491316.0,67.07068363
2015,4,Sonora,Hombres,537247.0,754349.0,71.21995257
2015,4,Sonora,Mujeres,359346.0,510608.0,70.37610065
2015,4,Tabasco,Hombres,381419.0,559278.0,68.19846302
2015,4,Tabasco,Mujeres,213572.0,325780.0,65.55712444
2015,4,Tamaulipas,Hombres,597863.0,873629.0,68.43442697
2015,4,Tamaulipas,Mujeres,407539.0,592001.0,68.84093101
2015,4,Tlaxcala,Hombres,206681.0,316139.0,65.37662231
2015,4,Tlaxcala,Mujeres,130611.0,210187.0,62.14037976
2015,4,Veracruz,Hombres,1190470.0,1979109.0,60.15181579
2015,4,Veracruz,Mujeres,621806.0,1022732.0,60.79852786
2015,4,Yucatán,Hombres,372376.0,602381.0,61.8173548
2015,4,Yucatán,Mujeres,238396.0,389810.0,61.15697391
2015,4,Zacatecas,Hombres,239060.0,401620.0,59.52392809
2015,4,Zacatecas,Mujeres,118586.0,216033.0,54.89253957
2016,1,Nacional,Hombres,19819320.0,30997628.0,63.93818262
2016,1,Nacional,Mujeres,12493555.0,19031421.0,65.64698979
2016,1,Aguascalientes,Hombres,254208.0,327025.0,77.73350661
2016,1,Aguascalientes,Mujeres,157169.0,204916.0,76.69923286
2016,1,Baja California,Hombres,675723.0,957893.0,70.5426389
2016,1,Baja California,Mujeres,447489.0,601834.0,74.35422392
2016,1,Baja California Sur,Hombres,146017.0,203680.0,71.68941477
2016,1,Baja California Sur,Mujeres,93063.0,126318.0,73.67358571
2016,1,Campeche,Hombres,140817.0,241111.0,58.40339097
2016,1,Campeche,Mujeres,75552.0,128585.0,58.7564646
2016,1,Coahuila,Hombres,603969.0,782780.0,77.15692787
2016,1,Coahuila,Mujeres,345305.0,462505.0,74.65973341
2016,1,Colima,Hombres,125049.0,191428.0,65.32429948
2016,1,Colima,Mujeres,94221.0,139733.0,67.42931162
2016,1,Chiapas,Hombres,565606.0,1320280.0,42.83985215
2016,1,Chiapas,Mujeres,286226.0,566548.0,50.52105029
2016,1,Chihuahua,Hombres,703836.0,939246.0,74.93627867
2016,1,Chihuahua,Mujeres,439294.0,535599.0,82.0191972
2016,1,Ciudad de México,Hombres,1612872.0,2401752.0,67.1539776
2016,1,Ciudad de México,Mujeres,1339455.0,1855473.0,72.18940939
2016,1,Durango,Hombres,292002.0,453500.0,64.38853363
2016,1,Durango,Mujeres,169569.0,264663.0,64.0697793
2016,1,Guanajuato,Hombres,988034.0,1498065.0,65.95401401
2016,1,Guanajuato,Mujeres,627756.0,962699.0,65.20792065
2016,1,Guerrero,Hombres,348580.0,802304.0,43.44737157
2016,1,Guerrero,Mujeres,255119.0,549008.0,46.46908606
2016,1,Hidalgo,Hombres,469682.0,716219.0,65.57798662
2016,1,Hidalgo,Mujeres,277428.0,451128.0,61.4965154
2016,1,Jalisco,Hombres,1456632.0,2126635.0,68.49468762
2016,1,Jalisco,Mujeres,909021.0,1322936.0,68.71239425
2016,1,México,Hombres,2781722.0,4159031.0,66.88389675
2016,1,México,Mujeres,1746113.0,2555135.0,68.33740683
2016,1,Michoacán,Hombres,641609.0,1164991.0,55.07415937
2016,1,Michoacán,Mujeres,388387.0,709117.0,54.77051037
2016,1,Morelos,Hombres,292381.0,465228.0,62.84681919
2016,1,Morelos,Mujeres,207768.0,311326.0,66.73647559
2016,1,Nayarit,Hombres,170147.0,309162.0,55.0349008
2016,1,Nayarit,Mujeres,126801.0,211185.0,60.04261666
2016,1,Nuevo León,Hombres,1104630.0,1416629.0,77.9759556
2016,1,Nuevo León,Mujeres,641366.0,834331.0,76.87188897
2016,1,Oaxaca,Hombres,411212.0,953971.0,43.10529356
2016,1,Oaxaca,Mujeres,237652.0,613627.0,38.72906505
2016,1,Puebla,Hombres,925922.0,1611463.0,57.45847097
2016,1,Puebla,Mujeres,533708.0,970042.0,55.01906103
2016,1,Querétaro,Hombres,364483.0,515216.0,70.7437269
2016,1,Querétaro,Mujeres,235403.0,310832.0,75.73319349
2016,1,Quintana Roo,Hombres,339637.0,494013.0,68.75061992
2016,1,Quintana Roo,Mujeres,217754.0,298715.0,72.89690842
2016,1,San Luis Potosí,Hombres,419268.0,699132.0,59.96979111
2016,1,San Luis Potosí,Mujeres,261633.0,419932.0,62.30365869
2016,1,Sinaloa,Hombres,529101.0,791490.0,66.84872835
2016,1,Sinaloa,Mujeres,338175.0,496983.0,68.04558707
2016,1,Sonora,Hombres,519603.0,739547.0,70.25963191
2016,1,Sonora,Mujeres,359955.0,497217.0,72.3939447
2016,1,Tabasco,Hombres,371903.0,555231.0,66.98167069
2016,1,Tabasco,Mujeres,213046.0,320845.0,66.40153345
2016,1,Tamaulipas,Hombres,597884.0,885039.0,67.55453714
2016,1,Tamaulipas,Mujeres,396272.0,577519.0,68.61627063
2016,1,Tlaxcala,Hombres,206832.0,316494.0,65.35100191
2016,1,Tlaxcala,Mujeres,126564.0,206085.0,61.41349443
2016,1,Veracruz,Hombres,1164071.0,1974611.0,58.95191509
2016,1,Veracruz,Mujeres,586049.0,926321.0,63.26629754
2016,1,Yucatán,Hombres,368702.0,604962.0,60.94630737
2016,1,Yucatán,Mujeres,235766.0,387788.0,60.79765233
2016,1,Zacatecas,Hombres,227186.0,379500.0,59.86455863
2016,1,Zacatecas,Mujeres,124476.0,212476.0,58.58355767
2016,2,Nacional,Hombres,20119043.0,31299555.0,64.27900652
2016,2,Nacional,Mujeres,12656192.0,19391355.0,65.26718736
2016,2,Aguascalientes,Hombres,254739.0,332452.0,76.62429464
2016,2,Aguascalientes,Mujeres,161784.0,214680.0,75.36053661
2016,2,Baja California,Hombres,705732.0,977034.0,72.232082
2016,2,Baja California,Mujeres,458028.0,608130.0,75.31744857
2016,2,Baja California Sur,Hombres,146991.0,202207.0,72.69332911
2016,2,Baja California Sur,Mujeres,94845.0,130163.0,72.86632914
2016,2,Campeche,Hombres,142622.0,240476.0,59.30820539
2016,2,Campeche,Mujeres,75413.0,125394.0,60.14083608
2016,2,Coahuila,Hombres,610444.0,785512.0,77.71288026
2016,2,Coahuila,Mujeres,331181.0,452950.0,73.11645877
2016,2,Colima,Hombres,124049.0,191451.0,64.79412487
2016,2,Colima,Mujeres,92143.0,137907.0,66.81531757
2016,2,Chiapas,Hombres,533750.0,1310557.0,40.72695808
2016,2,Chiapas,Mujeres,270439.0,543455.0,49.76290585
2016,2,Chihuahua,Hombres,717982.0,959354.0,74.84015285
2016,2,Chihuahua,Mujeres,440745.0,552483.0,79.7753053
2016,2,Ciudad de México,Hombres,1651729.0,2420660.0,68.23465501
2016,2,Ciudad de México,Mujeres,1363543.0,1837698.0,74.19842651
2016,2,Durango,Hombres,304246.0,456081.0,66.70876445
2016,2,Durango,Mujeres,170043.0,279030.0,60.94075906
2016,2,Guanajuato,Hombres,1002172.0,1486814.0,67.4039927
2016,2,Guanajuato,Mujeres,661742.0,994205.0,66.55991471
2016,2,Guerrero,Hombres,372907.0,871336.0,42.79715288
2016,2,Guerrero,Mujeres,256515.0,533079.0,48.11950949
2016,2,Hidalgo,Hombres,467324.0,719194.0,64.97885133
2016,2,Hidalgo,Mujeres,278258.0,460283.0,60.45367741
2016,2,Jalisco,Hombres,1456111.0,2122444.0,68.60539077
2016,2,Jalisco,Mujeres,903748.0,1346762.0,67.10524948
2016,2,México,Hombres,2799233.0,4137804.0,67.65020769
2016,2,México,Mujeres,1772063.0,2619982.0,67.63645704
2016,2,Michoacán,Hombres,658916.0,1192056.0,55.27559108
2016,2,Michoacán,Mujeres,377295.0,707863.0,53.30056805
2016,2,Morelos,Hombres,296453.0,461921.0,64.17829023
2016,2,Morelos,Mujeres,199873.0,308285.0,64.83383882
2016,2,Nayarit,Hombres,169331.0,313233.0,54.05911893
2016,2,Nayarit,Mujeres,128026.0,215741.0,59.34245229
2016,2,Nuevo León,Hombres,1130470.0,1453885.0,77.75511818
2016,2,Nuevo León,Mujeres,669888.0,877500.0,76.34051282
2016,2,Oaxaca,Hombres,409284.0,988893.0,41.3880976
2016,2,Oaxaca,Mujeres,262922.0,651119.0,40.3800227
2016,2,Puebla,Hombres,990014.0,1633321.0,60.61355974
2016,2,Puebla,Mujeres,555097.0,1000553.0,55.4790201
2016,2,Querétaro,Hombres,362878.0,513019.0,70.73383247
2016,2,Querétaro,Mujeres,223281.0,302630.0,73.78019364
2016,2,Quintana Roo,Hombres,347274.0,495266.0,70.1186837
2016,2,Quintana Roo,Mujeres,220227.0,314854.0,69.94575263
2016,2,San Luis Potosí,Hombres,440577.0,729870.0,60.36376341
2016,2,San Luis Potosí,Mujeres,267542.0,440738.0,60.7031842
2016,2,Sinaloa,Hombres,507783.0,772189.0,65.75890099
2016,2,Sinaloa,Mujeres,337971.0,493560.0,68.47617311
2016,2,Sonora,Hombres,528193.0,767155.0,68.85088411
2016,2,Sonora,Mujeres,368685.0,519432.0,70.97849189
2016,2,Tabasco,Hombres,404347.0,591586.0,68.34965669
2016,2,Tabasco,Mujeres,200806.0,323254.0,62.12019031
2016,2,Tamaulipas,Hombres,577472.0,877839.0,65.78336119
2016,2,Tamaulipas,Mujeres,414614.0,603850.0,68.66175375
2016,2,Tlaxcala,Hombres,205601.0,322548.0,63.74276077
2016,2,Tlaxcala,Mujeres,134428.0,218812.0,61.43538746
2016,2,Veracruz,Hombres,1169642.0,1968589.0,59.41524615
2016,2,Veracruz,Mujeres,587977.0,953069.0,61.69301488
2016,2,Yucatán,Hombres,389420.0,611851.0,63.64621452
2016,2,Yucatán,Mujeres,247640.0,405858.0,61.01641461
2016,2,Zacatecas,Hombres,241357.0,392958.0,61.42055894
2016,2,Zacatecas,Mujeres,129430.0,218036.0,59.36175677
2016,3,Nacional,Hombres,20223423.0,31649839.0,63.89739613
2016,3,Nacional,Mujeres,12752205.0,19670555.0,64.8289029
2016,3,Aguascalientes,Hombres,259679.0,337347.0,76.97682209
2016,3,Aguascalientes,Mujeres,166439.0,216627.0,76.83206618
2016,3,Baja California,Hombres,724883.0,993451.0,72.96615535
2016,3,Baja California,Mujeres,469017.0,630863.0,74.34530159
2016,3,Baja California Sur,Hombres,149330.0,203668.0,73.3203056
2016,3,Baja California Sur,Mujeres,94704.0,130398.0,72.62688078
2016,3,Campeche,Hombres,139092.0,235447.0,59.07571555
2016,3,Campeche,Mujeres,77100.0,132091.0,58.36885178
2016,3,Coahuila,Hombres,640065.0,817220.0,78.32223881
2016,3,Coahuila,Mujeres,339459.0,466723.0,72.73243444
2016,3,Colima,Hombres,127954.0,196409.0,65.14670916
2016,3,Colima,Mujeres,90833.0,137461.0,66.07910607
2016,3,Chiapas,Hombres,539160.0,1340838.0,40.21067422
2016,3,Chiapas,Mujeres,277854.0,576803.0,48.17138607
2016,3,Chihuahua,Hombres,733816.0,970958.0,75.5764925
2016,3,Chihuahua,Mujeres,468779.0,588937.0,79.59747817
2016,3,Ciudad de México,Hombres,1675158.0,2456342.0,68.19726243
2016,3,Ciudad de México,Mujeres,1369977.0,1873106.0,73.13932047
2016,3,Durango,Hombres,305883.0,449427.0,68.06066391
2016,3,Durango,Mujeres,177236.0,275837.0,64.25388907
2016,3,Guanajuato,Hombres,986000.0,1482110.0,66.52677602
2016,3,Guanajuato,Mujeres,666313.0,1016874.0,65.52562068
2016,3,Guerrero,Hombres,329111.0,867292.0,37.94696596
2016,3,Guerrero,Mujeres,260192.0,547915.0,47.48765776
2016,3,Hidalgo,Hombres,482255.0,742742.0,64.9290063
2016,3,Hidalgo,Mujeres,295342.0,472720.0,62.47715349
2016,3,Jalisco,Hombres,1492779.0,2147308.0,69.51862518
2016,3,Jalisco,Mujeres,921687.0,1361330.0,67.70489154
2016,3,México,Hombres,2765071.0,4179744.0,66.15407546
2016,3,México,Mujeres,1736949.0,2627869.0,66.09724457
2016,3,Michoacán,Hombres,649136.0,1204493.0,53.89288273
2016,3,Michoacán,Mujeres,370619.0,698743.0,53.04081758
2016,3,Morelos,Hombres,305694.0,477470.0,64.0237083
2016,3,Morelos,Mujeres,204334.0,320154.0,63.82365986
2016,3,Nayarit,Hombres,172249.0,311652.0,55.26965975
2016,3,Nayarit,Mujeres,130600.0,213631.0,61.13344973
2016,3,Nuevo León,Hombres,1154024.0,1497683.0,77.05395601
2016,3,Nuevo León,Mujeres,684129.0,876192.0,78.07980443
2016,3,Oaxaca,Hombres,408228.0,992691.0,41.12337072
2016,3,Oaxaca,Mujeres,248734.0,644670.0,38.58315107
2016,3,Puebla,Hombres,983692.0,1652667.0,59.5214886
2016,3,Puebla,Mujeres,566525.0,1069508.0,52.97061827
2016,3,Querétaro,Hombres,360177.0,507028.0,71.03690526
2016,3,Querétaro,Mujeres,232046.0,314377.0,73.81137933
2016,3,Quintana Roo,Hombres,356714.0,511335.0,69.76131108
2016,3,Quintana Roo,Mujeres,224427.0,318679.0,70.42415722
2016,3,San Luis Potosí,Hombres,448468.0,730894.0,61.35882905
2016,3,San Luis Potosí,Mujeres,279035.0,443345.0,62.93856929
2016,3,Sinaloa,Hombres,525308.0,770533.0,68.17462717
2016,3,Sinaloa,Mujeres,337228.0,505756.0,66.67800283
2016,3,Sonora,Hombres,532413.0,776143.0,68.59728169
2016,3,Sonora,Mujeres,357902.0,498254.0,71.83123467
2016,3,Tabasco,Hombres,388427.0,578684.0,67.12247099
2016,3,Tabasco,Mujeres,195666.0,300686.0,65.07319928
2016,3,Tamaulipas,Hombres,594393.0,887683.0,66.96005218
2016,3,Tamaulipas,Mujeres,406900.0,602142.0,67.57542241
2016,3,Tlaxcala,Hombres,210418.0,323262.0,65.09209248
2016,3,Tlaxcala,Mujeres,133099.0,213658.0,62.29535051
2016,3,Veracruz,Hombres,1144106.0,1968848.0,58.11042803
2016,3,Veracruz,Mujeres,589994.0,974656.0,60.53356261
2016,3,Yucatán,Hombres,388798.0,622610.0,62.44647532
2016,3,Yucatán,Mujeres,247581.0,402259.0,61.54765959
2016,3,Zacatecas,Hombres,250942.0,415860.0,60.34290386
2016,3,Zacatecas,Mujeres,131505.0,218291.0,60.24297841
2016,4,Nacional,Hombres,20357403.0,31757891.0,64.10187314
2016,4,Nacional,Mujeres,12909028.0,19656294.0,65.67376332
2016,4,Aguascalientes,Hombres,256795.0,332721.0,77.18028017
2016,4,Aguascalientes,Mujeres,164276.0,216515.0,75.87280327
2016,4,Baja California,Hombres,719433.0,985174.0,73.02598323
2016,4,Baja California,Mujeres,487010.0,649594.0,74.9714437
2016,4,Baja California Sur,Hombres,153872.0,215243.0,71.48757451
2016,4,Baja California Sur,Mujeres,96982.0,133209.0,72.80439009
2016,4,Campeche,Hombres,140200.0,237766.0,58.96553755
2016,4,Campeche,Mujeres,78049.0,129998.0,60.03861598
2016,4,Coahuila,Hombres,646355.0,819042.0,78.91597745
2016,4,Coahuila,Mujeres,355228.0,472788.0,75.13473269
2016,4,Colima,Hombres,132738.0,196851.0,67.43069631
2016,4,Colima,Mujeres,90639.0,137035.0,66.14295618
2016,4,Chiapas,Hombres,534301.0,1333243.0,40.0752901
2016,4,Chiapas,Mujeres,267090.0,517917.0,51.57003921
2016,4,Chihuahua,Hombres,732968.0,978221.0,74.92867154
2016,4,Chihuahua,Mujeres,465163.0,591193.0,78.68208859
2016,4,Ciudad de México,Hombres,1630494.0,2459201.0,66.3017785
2016,4,Ciudad de México,Mujeres,1358087.0,1843893.0,73.65324344
2016,4,Durango,Hombres,328211.0,465360.0,70.52840811
2016,4,Durango,Mujeres,180624.0,277468.0,65.09723644
2016,4,Guanajuato,Hombres,1007227.0,1513534.0,66.54802601
2016,4,Guanajuato,Mujeres,667844.0,998484.0,66.88579887
2016,4,Guerrero,Hombres,321192.0,849479.0,37.81046971
2016,4,Guerrero,Mujeres,248978.0,500618.0,49.73412862
2016,4,Hidalgo,Hombres,480114.0,743074.0,64.61186907
2016,4,Hidalgo,Mujeres,293649.0,463894.0,63.30088339
2016,4,Jalisco,Hombres,1478967.0,2142947.0,69.01556595
2016,4,Jalisco,Mujeres,954538.0,1388851.0,68.72861092
2016,4,México,Hombres,2839765.0,4221497.0,67.26914647
2016,4,México,Mujeres,1786702.0,2626301.0,68.03112058
2016,4,Michoacán,Hombres,653878.0,1183584.0,55.24559305
2016,4,Michoacán,Mujeres,386905.0,710222.0,54.47662843
2016,4,Morelos,Hombres,297450.0,473554.0,62.81226639
2016,4,Morelos,Mujeres,197983.0,311318.0,63.59510211
2016,4,Nayarit,Hombres,180439.0,319404.0,56.4924046
2016,4,Nayarit,Mujeres,132771.0,217950.0,60.91810048
2016,4,Nuevo León,Hombres,1182582.0,1528866.0,77.35027138
2016,4,Nuevo León,Mujeres,681480.0,886886.0,76.83963892
2016,4,Oaxaca,Hombres,433646.0,978051.0,44.33776971
2016,4,Oaxaca,Mujeres,252005.0,655011.0,38.47339968
2016,4,Puebla,Hombres,940834.0,1679957.0,56.00345723
2016,4,Puebla,Mujeres,554721.0,1055796.0,52.54054761
2016,4,Querétaro,Hombres,366959.0,506455.0,72.45638803
2016,4,Querétaro,Mujeres,231226.0,314400.0,73.54516539
2016,4,Quintana Roo,Hombres,345650.0,502280.0,68.81619814
2016,4,Quintana Roo,Mujeres,223613.0,309996.0,72.13415657
2016,4,San Luis Potosí,Hombres,444258.0,724116.0,61.35177237
2016,4,San Luis Potosí,Mujeres,281744.0,438073.0,64.31439509
2016,4,Sinaloa,Hombres,532753.0,792551.0,67.22002748
2016,4,Sinaloa,Mujeres,360093.0,519959.0,69.25411427
2016,4,Sonora,Hombres,542572.0,781421.0,69.43401828
2016,4,Sonora,Mujeres,363810.0,509412.0,71.41763445
2016,4,Tabasco,Hombres,386938.0,593326.0,65.21507569
2016,4,Tabasco,Mujeres,194018.0,320808.0,60.47791826
2016,4,Tamaulipas,Hombres,598572.0,889554.0,67.289001
2016,4,Tamaulipas,Mujeres,411929.0,604807.0,68.1091654
2016,4,Tlaxcala,Hombres,218319.0,331250.0,65.90762264
2016,4,Tlaxcala,Mujeres,135382.0,216344.0,62.57719188
2016,4,Veracruz,Hombres,1179124.0,1949777.0,60.47481327
2016,4,Veracruz,Mujeres,608578.0,992460.0,61.32015396
2016,4,Yucatán,Hombres,404450.0,624996.0,64.71241416
2016,4,Yucatán,Mujeres,260414.0,418470.0,62.23002844
2016,4,Zacatecas,Hombres,246347.0,405396.0,60.76700313
2016,4,Zacatecas,Mujeres,137497.0,226624.0,60.67186176
2017,1,Nacional,Hombres,20294273.0,31684007.0,64.05210364
2017,1,Nacional,Mujeres,12951851.0,19488027.0,66.4605555
2017,1,Aguascalientes,Hombres,253685.0,335360.0,75.6455749
2017,1,Aguascalientes,Mujeres,161857.0,210792.0,76.78517211
2017,1,Baja California,Hombres,696570.0,976718.0,71.31741199
2017,1,Baja California,Mujeres,462267.0,631855.0,73.16029785
2017,1,Baja California Sur,Hombres,153243.0,214291.0,71.51163605
2017,1,Baja California Sur,Mujeres,100434.0,131615.0,76.30893135
2017,1,Campeche,Hombres,139306.0,235035.0,59.27032144
2017,1,Campeche,Mujeres,79834.0,130547.0,61.15345431
2017,1,Coahuila,Hombres,640017.0,822971.0,77.76908299
2017,1,Coahuila,Mujeres,356818.0,471758.0,75.63581328
2017,1,Colima,Hombres,132568.0,196791.0,67.36486933
2017,1,Colima,Mujeres,95429.0,145147.0,65.74645015
2017,1,Chiapas,Hombres,538480.0,1344843.0,40.04036159
2017,1,Chiapas,Mujeres,269468.0,560672.0,48.06161178
2017,1,Chihuahua,Hombres,712033.0,958165.0,74.31214874
2017,1,Chihuahua,Mujeres,469320.0,569507.0,82.4081179
2017,1,Ciudad de México,Hombres,1583107.0,2417678.0,65.48047341
2017,1,Ciudad de México,Mujeres,1394116.0,1874560.0,74.37030557
2017,1,Durango,Hombres,295733.0,445837.0,66.33208998
2017,1,Durango,Mujeres,171942.0,262780.0,65.43192024
2017,1,Guanajuato,Hombres,1019511.0,1499879.0,67.97288315
2017,1,Guanajuato,Mujeres,678280.0,978072.0,69.34867781
2017,1,Guerrero,Hombres,359946.0,818980.0,43.95052382
2017,1,Guerrero,Mujeres,272964.0,542905.0,50.27840967
2017,1,Hidalgo,Hombres,455913.0,722745.0,63.08075462
2017,1,Hidalgo,Mujeres,264040.0,426782.0,61.8676514
2017,1,Jalisco,Hombres,1481842.0,2183559.0,67.86361165
2017,1,Jalisco,Mujeres,977965.0,1417578.0,68.98844367
2017,1,México,Hombres,2886414.0,4315723.0,66.88135453
2017,1,México,Mujeres,1735513.0,2543531.0,68.23242964
2017,1,Michoacán,Hombres,689268.0,1173689.0,58.72663031
2017,1,Michoacán,Mujeres,405846.0,689314.0,58.87679635
2017,1,Morelos,Hombres,303666.0,491072.0,61.83736804
2017,1,Morelos,Mujeres,198034.0,312795.0,63.31111431
2017,1,Nayarit,Hombres,186123.0,325454.0,57.18872713
2017,1,Nayarit,Mujeres,129638.0,215062.0,60.2793613
2017,1,Nuevo León,Hombres,1159449.0,1509924.0,76.78856684
2017,1,Nuevo León,Mujeres,672637.0,869526.0,77.35674379
2017,1,Oaxaca,Hombres,385434.0,915715.0,42.09104361
2017,1,Oaxaca,Mujeres,259863.0,629985.0,41.24907736
2017,1,Puebla,Hombres,987716.0,1679052.0,58.82581361
2017,1,Puebla,Mujeres,582026.0,1059223.0,54.94839142
2017,1,Querétaro,Hombres,365418.0,529848.0,68.96657155
2017,1,Querétaro,Mujeres,243176.0,322074.0,75.50314524
2017,1,Quintana Roo,Hombres,347135.0,508455.0,68.27251183
2017,1,Quintana Roo,Mujeres,217798.0,304708.0,71.47761135
2017,1,San Luis Potosí,Hombres,450519.0,723203.0,62.29495729
2017,1,San Luis Potosí,Mujeres,278763.0,422416.0,65.99252869
2017,1,Sinaloa,Hombres,542884.0,790805.0,68.64954066
2017,1,Sinaloa,Mujeres,350775.0,508797.0,68.94203386
2017,1,Sonora,Hombres,533727.0,773223.0,69.02627056
2017,1,Sonora,Mujeres,368126.0,512137.0,71.88037576
2017,1,Tabasco,Hombres,375453.0,576136.0,65.16742575
2017,1,Tabasco,Mujeres,187757.0,291668.0,64.37353429
2017,1,Tamaulipas,Hombres,612569.0,899104.0,68.13105047
2017,1,Tamaulipas,Mujeres,415242.0,577756.0,71.8715167
2017,1,Tlaxcala,Hombres,216214.0,324254.0,66.68044188
2017,1,Tlaxcala,Mujeres,137649.0,217165.0,63.38452329
2017,1,Veracruz,Hombres,1157426.0,1965755.0,58.87946362
2017,1,Veracruz,Mujeres,622672.0,1016735.0,61.24230994
2017,1,Yucatán,Hombres,386479.0,617932.0,62.54393687
2017,1,Yucatán,Mujeres,257680.0,424886.0,60.64685586
2017,1,Zacatecas,Hombres,246425.0,391811.0,62.89384423
2017,1,Zacatecas,Mujeres,133922.0,215679.0,62.09320333
2017,2,Nacional,Hombres,20273771.0,31896282.0,63.56154927
2017,2,Nacional,Mujeres,12985593.0,19633135.0,66.14120975
2017,2,Aguascalientes,Hombres,257031.0,337897.0,76.067855
2017,2,Aguascalientes,Mujeres,164643.0,217836.0,75.58117116
2017,2,Baja California,Hombres,699598.0,1010471.0,69.23484197
2017,2,Baja California,Mujeres,483622.0,673442.0,71.81345981
2017,2,Baja California Sur,Hombres,151419.0,211982.0,71.43012143
2017,2,Baja California Sur,Mujeres,98572.0,134349.0,73.37010324
2017,2,Campeche,Hombres,130849.0,230302.0,56.81626734
2017,2,Campeche,Mujeres,81814.0,138580.0,59.03737913
2017,2,Coahuila,Hombres,632574.0,810846.0,78.01407419
2017,2,Coahuila,Mujeres,361814.0,475858.0,76.03402696
2017,2,Colima,Hombres,126591.0,192848.0,65.64288974
2017,2,Colima,Mujeres,93293.0,142263.0,65.57783823
2017,2,Chiapas,Hombres,494399.0,1325199.0,37.30752891
2017,2,Chiapas,Mujeres,241721.0,488892.0,49.44261718
2017,2,Chihuahua,Hombres,703101.0,961007.0,73.16294262
2017,2,Chihuahua,Mujeres,475889.0,594546.0,80.04241892
2017,2,Ciudad de México,Hombres,1606406.0,2387263.0,67.29070069
2017,2,Ciudad de México,Mujeres,1394312.0,1868693.0,74.61428924
2017,2,Durango,Hombres,300072.0,453157.0,66.21810984
2017,2,Durango,Mujeres,182197.0,273886.0,66.5229329
2017,2,Guanajuato,Hombres,1029460.0,1527944.0,67.37550591
2017,2,Guanajuato,Mujeres,640394.0,933054.0,68.63418409
2017,2,Guerrero,Hombres,346700.0,850592.0,40.75984726
2017,2,Guerrero,Mujeres,250141.0,547487.0,45.68893873
2017,2,Hidalgo,Hombres,484257.0,735987.0,65.79695022
2017,2,Hidalgo,Mujeres,260347.0,439898.0,59.18349254
2017,2,Jalisco,Hombres,1494539.0,2181520.0,68.50906707
2017,2,Jalisco,Mujeres,986979.0,1392222.0,70.89235768
2017,2,México,Hombres,2803378.0,4319599.0,64.89903345
2017,2,México,Mujeres,1806771.0,2623635.0,68.86518132
2017,2,Michoacán,Hombres,646673.0,1185050.0,54.56925868
2017,2,Michoacán,Mujeres,396900.0,682947.0,58.11578351
2017,2,Morelos,Hombres,299208.0,482169.0,62.05459082
2017,2,Morelos,Mujeres,197259.0,307167.0,64.21881257
2017,2,Nayarit,Hombres,188198.0,323337.0,58.20490695
2017,2,Nayarit,Mujeres,129396.0,211537.0,61.16944081
2017,2,Nuevo León,Hombres,1174872.0,1530853.0,76.74623233
2017,2,Nuevo León,Mujeres,674813.0,867652.0,77.77461471
2017,2,Oaxaca,Hombres,414325.0,971264.0,42.65832976
2017,2,Oaxaca,Mujeres,254677.0,637384.0,39.95660387
2017,2,Puebla,Hombres,959386.0,1678837.0,57.14586943
2017,2,Puebla,Mujeres,613723.0,1104645.0,55.55839206
2017,2,Querétaro,Hombres,358358.0,509839.0,70.28846361
2017,2,Querétaro,Mujeres,228953.0,309892.0,73.88154583
2017,2,Quintana Roo,Hombres,360121.0,513073.0,70.18903743
2017,2,Quintana Roo,Mujeres,216130.0,316460.0,68.29615117
2017,2,San Luis Potosí,Hombres,464837.0,720979.0,64.47302903
2017,2,San Luis Potosí,Mujeres,289914.0,444588.0,65.2095873
2017,2,Sinaloa,Hombres,535785.0,792934.0,67.56993646
2017,2,Sinaloa,Mujeres,357503.0,526789.0,67.86455298
2017,2,Sonora,Hombres,539640.0,785556.0,68.69529352
2017,2,Sonora,Mujeres,367081.0,510721.0,71.87505507
2017,2,Tabasco,Hombres,380769.0,576976.0,65.99390616
2017,2,Tabasco,Mujeres,186103.0,298836.0,62.27596407
2017,2,Tamaulipas,Hombres,613814.0,908060.0,67.59619408
2017,2,Tamaulipas,Mujeres,413139.0,588203.0,70.23748604
2017,2,Tlaxcala,Hombres,220669.0,332059.0,66.45475653
2017,2,Tlaxcala,Mujeres,132959.0,214311.0,62.04021259
2017,2,Veracruz,Hombres,1202381.0,2015621.0,59.65312923
2017,2,Veracruz,Mujeres,597819.0,1008404.0,59.28367995
2017,2,Yucatán,Hombres,394675.0,621100.0,63.54451779
2017,2,Yucatán,Mujeres,259237.0,424068.0,61.13099786
2017,2,Zacatecas,Hombres,259686.0,411961.0,63.03654958
2017,2,Zacatecas,Mujeres,147478.0,234890.0,62.78598493
2017,3,Nacional,Hombres,20512582.0,32145275.0,63.81212169
2017,3,Nacional,Mujeres,13024698.0,19651649.0,66.27788844
2017,3,Aguascalientes,Hombres,260106.0,337941.0,76.96787309
2017,3,Aguascalientes,Mujeres,165848.0,211817.0,78.29777591
2017,3,Baja California,Hombres,718954.0,1013449.0,70.94131032
2017,3,Baja California,Mujeres,493169.0,667423.0,73.89152007
2017,3,Baja California Sur,Hombres,153948.0,212293.0,72.5167575
2017,3,Baja California Sur,Mujeres,97768.0,133568.0,73.19717298
2017,3,Campeche,Hombres,133603.0,228946.0,58.35568213
2017,3,Campeche,Mujeres,85190.0,140112.0,60.80135891
2017,3,Coahuila,Hombres,626564.0,806604.0,77.67925773
2017,3,Coahuila,Mujeres,353105.0,461803.0,76.46225772
2017,3,Colima,Hombres,129660.0,195290.0,66.39356854
2017,3,Colima,Mujeres,93097.0,139458.0,66.75629939
2017,3,Chiapas,Hombres,465540.0,1334520.0,34.88445284
2017,3,Chiapas,Mujeres,244475.0,505304.0,48.38176622
2017,3,Chihuahua,Hombres,691629.0,949868.0,72.81316983
2017,3,Chihuahua,Mujeres,482788.0,591609.0,81.60592554
2017,3,Ciudad de México,Hombres,1620758.0,2403040.0,67.44615154
2017,3,Ciudad de México,Mujeres,1448151.0,1946475.0,74.3986437
2017,3,Durango,Hombres,310098.0,462077.0,67.10959429
2017,3,Durango,Mujeres,193900.0,280608.0,69.09995438
2017,3,Guanajuato,Hombres,1080857.0,1576980.0,68.5396771
2017,3,Guanajuato,Mujeres,632374.0,951409.0,66.467103
2017,3,Guerrero,Hombres,313730.0,866388.0,36.2112587
2017,3,Guerrero,Mujeres,234519.0,515734.0,45.47286004
2017,3,Hidalgo,Hombres,466676.0,748358.0,62.35999348
2017,3,Hidalgo,Mujeres,265168.0,452505.0,58.60001547
2017,3,Jalisco,Hombres,1511094.0,2198280.0,68.73983296
2017,3,Jalisco,Mujeres,992786.0,1428528.0,69.49713271
2017,3,México,Hombres,2958844.0,4337966.0,68.20809568
2017,3,México,Mujeres,1845108.0,2675519.0,68.96261996
2017,3,Michoacán,Hombres,663137.0,1193377.0,55.56810631
2017,3,Michoacán,Mujeres,394288.0,682976.0,57.73087195
2017,3,Morelos,Hombres,317139.0,493390.0,64.2775492
2017,3,Morelos,Mujeres,195011.0,296906.0,65.6810573
2017,3,Nayarit,Hombres,183566.0,325411.0,56.41050856
2017,3,Nayarit,Mujeres,127882.0,215619.0,59.30924455
2017,3,Nuevo León,Hombres,1201660.0,1544186.0,77.81834572
2017,3,Nuevo León,Mujeres,668584.0,864344.0,77.35161001
2017,3,Oaxaca,Hombres,396678.0,973149.0,40.76230875
2017,3,Oaxaca,Mujeres,250202.0,645831.0,38.74109481
2017,3,Puebla,Hombres,962598.0,1691069.0,56.92245556
2017,3,Puebla,Mujeres,579214.0,1030593.0,56.20201185
2017,3,Querétaro,Hombres,359377.0,532904.0,67.43747467
2017,3,Querétaro,Mujeres,221373.0,313326.0,70.65261102
2017,3,Quintana Roo,Hombres,353578.0,519515.0,68.05924757
2017,3,Quintana Roo,Mujeres,228693.0,321258.0,71.18670975
2017,3,San Luis Potosí,Hombres,482242.0,743977.0,64.81947695
2017,3,San Luis Potosí,Mujeres,298391.0,435738.0,68.47945325
2017,3,Sinaloa,Hombres,524933.0,775027.0,67.73093066
2017,3,Sinaloa,Mujeres,361897.0,511652.0,70.73108285
2017,3,Sonora,Hombres,529377.0,775036.0,68.30353687
2017,3,Sonora,Mujeres,359659.0,502096.0,71.63152067
2017,3,Tabasco,Hombres,383801.0,598791.0,64.09598675
2017,3,Tabasco,Mujeres,181449.0,306605.0,59.18005251
2017,3,Tamaulipas,Hombres,611825.0,895305.0,68.33704715
2017,3,Tamaulipas,Mujeres,424300.0,591833.0,71.69252137
2017,3,Tlaxcala,Hombres,217859.0,328778.0,66.26325362
2017,3,Tlaxcala,Mujeres,141543.0,219191.0,64.57518785
2017,3,Veracruz,Hombres,1231818.0,2040508.0,60.36820243
2017,3,Veracruz,Mujeres,572922.0,982525.0,58.31118801
2017,3,Yucatán,Hombres,391728.0,628473.0,62.33012397
2017,3,Yucatán,Mujeres,244609.0,408771.0,59.84010607
2017,3,Zacatecas,Hombres,259205.0,414379.0,62.55263901
2017,3,Zacatecas,Mujeres,147235.0,220513.0,66.76930612
2017,4,Nacional,Hombres,20530511.0,32261980.0,63.63685986
2017,4,Nacional,Mujeres,13276799.0,19960762.0,66.51448978
2017,4,Aguascalientes,Hombres,262267.0,339989.0,77.13984864
2017,4,Aguascalientes,Mujeres,167267.0,213353.0,78.39917883
2017,4,Baja California,Hombres,710605.0,1021868.0,69.53980358
2017,4,Baja California,Mujeres,490824.0,662929.0,74.03869796
2017,4,Baja California Sur,Hombres,156038.0,214132.0,72.87000542
2017,4,Baja California Sur,Mujeres,102849.0,137376.0,74.86678896
2017,4,Campeche,Hombres,133272.0,231487.0,57.57213148
2017,4,Campeche,Mujeres,83073.0,139635.0,59.4929638
2017,4,Coahuila,Hombres,633480.0,819541.0,77.29692596
2017,4,Coahuila,Mujeres,358438.0,462826.0,77.44551948
2017,4,Colima,Hombres,135750.0,199778.0,67.95042497
2017,4,Colima,Mujeres,96547.0,145837.0,66.20199264
2017,4,Chiapas,Hombres,474576.0,1315502.0,36.07565781
2017,4,Chiapas,Mujeres,244457.0,484000.0,50.50764463
2017,4,Chihuahua,Hombres,693469.0,951006.0,72.91951891
2017,4,Chihuahua,Mujeres,498865.0,614605.0,81.16839271
2017,4,Ciudad de México,Hombres,1569649.0,2345699.0,66.91604507
2017,4,Ciudad de México,Mujeres,1477805.0,1960344.0,75.38498345
2017,4,Durango,Hombres,307430.0,459604.0,66.89019243
2017,4,Durango,Mujeres,194153.0,281522.0,68.9654805
2017,4,Guanajuato,Hombres,1093314.0,1605665.0,68.09104016
2017,4,Guanajuato,Mujeres,669212.0,975383.0,68.61017672
2017,4,Guerrero,Hombres,326012.0,874885.0,37.26341176
2017,4,Guerrero,Mujeres,244729.0,545829.0,44.83620328
2017,4,Hidalgo,Hombres,480046.0,763823.0,62.84780636
2017,4,Hidalgo,Mujeres,250235.0,457550.0,54.69019779
2017,4,Jalisco,Hombres,1463911.0,2176082.0,67.2727866
2017,4,Jalisco,Mujeres,1001725.0,1431062.0,69.99871424
2017,4,México,Hombres,2896729.0,4393438.0,65.9330802
2017,4,México,Mujeres,1866666.0,2734661.0,68.25950273
2017,4,Michoacán,Hombres,673689.0,1189298.0,56.64593735
2017,4,Michoacán,Mujeres,422426.0,701888.0,60.18424592
2017,4,Morelos,Hombres,311847.0,499380.0,62.44683407
2017,4,Morelos,Mujeres,201860.0,312700.0,64.55388551
2017,4,Nayarit,Hombres,195059.0,332946.0,58.58577667
2017,4,Nayarit,Mujeres,132809.0,223170.0,59.51023883
2017,4,Nuevo León,Hombres,1193342.0,1548871.0,77.04592571
2017,4,Nuevo León,Mujeres,708322.0,904307.0,78.32760335
2017,4,Oaxaca,Hombres,407743.0,990313.0,41.17314425
2017,4,Oaxaca,Mujeres,249351.0,621010.0,40.15249352
2017,4,Puebla,Hombres,1009871.0,1716194.0,58.84363889
2017,4,Puebla,Mujeres,586479.0,1099842.0,53.32393198
2017,4,Querétaro,Hombres,372216.0,536597.0,69.36602329
2017,4,Querétaro,Mujeres,233815.0,321317.0,72.76770292
2017,4,Quintana Roo,Hombres,361433.0,523583.0,69.03069809
2017,4,Quintana Roo,Mujeres,235664.0,319973.0,73.65121432
2017,4,San Luis Potosí,Hombres,480079.0,749797.0,64.02786354
2017,4,San Luis Potosí,Mujeres,291932.0,441331.0,66.14808386
2017,4,Sinaloa,Hombres,534365.0,788738.0,67.74936671
2017,4,Sinaloa,Mujeres,364769.0,517943.0,70.4264755
2017,4,Sonora,Hombres,566549.0,789490.0,71.76139026
2017,4,Sonora,Mujeres,358827.0,517451.0,69.34511674
2017,4,Tabasco,Hombres,380256.0,588226.0,64.64454138
2017,4,Tabasco,Mujeres,183103.0,296092.0,61.83990111
2017,4,Tamaulipas,Hombres,619506.0,928443.0,66.72525939
2017,4,Tamaulipas,Mujeres,409042.0,577989.0,70.76985894
2017,4,Tlaxcala,Hombres,220730.0,333750.0,66.13632959
2017,4,Tlaxcala,Mujeres,138052.0,217607.0,63.44097387
2017,4,Veracruz,Hombres,1203474.0,1996382.0,60.2827515
2017,4,Veracruz,Mujeres,607652.0,991950.0,61.25832955
2017,4,Yucatán,Hombres,396890.0,624916.0,63.51093587
2017,4,Yucatán,Mujeres,258223.0,418194.0,61.74717954
2017,4,Zacatecas,Hombres,266914.0,412557.0,64.69748423
2017,4,Zacatecas,Mujeres,147628.0,231086.0,63.88444129
2018,1,Nacional,Hombres,20729911.0,32376942.0,64.02677251
2018,1,Nacional,Mujeres,13212092.0,19876094.0,66.47227569
2018,1,Aguascalientes,Hombres,263159.0,341371.0,77.08885641
2018,1,Aguascalientes,Mujeres,171250.0,213524.0,80.20175718
2018,1,Baja California,Hombres,734639.0,1053648.0,69.7233801
2018,1,Baja California,Mujeres,484448.0,651844.0,74.31962249
2018,1,Baja California Sur,Hombres,155250.0,210806.0,73.64591141
2018,1,Baja California Sur,Mujeres,106206.0,142258.0,74.65731277
2018,1,Campeche,Hombres,135589.0,231284.0,58.6244617
2018,1,Campeche,Mujeres,84460.0,137932.0,61.23307137
2018,1,Coahuila,Hombres,633648.0,814628.0,77.7837246
2018,1,Coahuila,Mujeres,377249.0,479754.0,78.63384151
2018,1,Colima,Hombres,136954.0,201821.0,67.85914251
2018,1,Colima,Mujeres,99269.0,144627.0,68.63794451
2018,1,Chiapas,Hombres,497246.0,1347910.0,36.89014845
2018,1,Chiapas,Mujeres,268058.0,534655.0,50.13663016
2018,1,Chihuahua,Hombres,703036.0,939353.0,74.84257782
2018,1,Chihuahua,Mujeres,481908.0,606227.0,79.4929952
2018,1,Ciudad de México,Hombres,1549037.0,2396193.0,64.64575266
2018,1,Ciudad de México,Mujeres,1479364.0,1990851.0,74.30812251
2018,1,Durango,Hombres,310778.0,455430.0,68.23836814
2018,1,Durango,Mujeres,198041.0,276860.0,71.53109875
2018,1,Guanajuato,Hombres,1077709.0,1583799.0,68.04581895
2018,1,Guanajuato,Mujeres,658353.0,957912.0,68.72792073
2018,1,Guerrero,Hombres,344609.0,794533.0,43.37252197
2018,1,Guerrero,Mujeres,247685.0,524802.0,47.19589483
2018,1,Hidalgo,Hombres,476261.0,770201.0,61.83593633
2018,1,Hidalgo,Mujeres,270496.0,451318.0,59.9346802
2018,1,Jalisco,Hombres,1471388.0,2218924.0,66.31087861
2018,1,Jalisco,Mujeres,982741.0,1389024.0,70.75046939
2018,1,México,Hombres,2994077.0,4406746.0,67.94303552
2018,1,México,Mujeres,1753006.0,2666732.0,65.73611447
2018,1,Michoacán,Hombres,688985.0,1200253.0,57.40331413
2018,1,Michoacán,Mujeres,414590.0,714210.0,58.04875317
2018,1,Morelos,Hombres,323107.0,515224.0,62.71194665
2018,1,Morelos,Mujeres,201105.0,316663.0,63.50757746
2018,1,Nayarit,Hombres,196748.0,339029.0,58.03279365
2018,1,Nayarit,Mujeres,132633.0,223498.0,59.3441552
2018,1,Nuevo León,Hombres,1188649.0,1531403.0,77.61830165
2018,1,Nuevo León,Mujeres,708544.0,890221.0,79.59192156
2018,1,Oaxaca,Hombres,400228.0,984332.0,40.65985867
2018,1,Oaxaca,Mujeres,248368.0,614156.0,40.44053954
2018,1,Puebla,Hombres,1009997.0,1719337.0,58.74339935
2018,1,Puebla,Mujeres,583172.0,1040373.0,56.05412674
2018,1,Querétaro,Hombres,401420.0,573646.0,69.97695443
2018,1,Querétaro,Mujeres,249712.0,343160.0,72.76838792
2018,1,Quintana Roo,Hombres,362978.0,527971.0,68.74960935
2018,1,Quintana Roo,Mujeres,233641.0,321623.0,72.64436934
2018,1,San Luis Potosí,Hombres,476456.0,731087.0,65.17090305
2018,1,San Luis Potosí,Mujeres,284141.0,419392.0,67.75069625
2018,1,Sinaloa,Hombres,551656.0,811992.0,67.93860038
2018,1,Sinaloa,Mujeres,391832.0,548629.0,71.42021293
2018,1,Sonora,Hombres,550566.0,786116.0,70.03622875
2018,1,Sonora,Mujeres,359446.0,525627.0,68.38423445
2018,1,Tabasco,Hombres,371858.0,574163.0,64.76523217
2018,1,Tabasco,Mujeres,184586.0,295318.0,62.50414807
2018,1,Tamaulipas,Hombres,646826.0,927232.0,69.75880901
2018,1,Tamaulipas,Mujeres,409474.0,576215.0,71.06271097
2018,1,Tlaxcala,Hombres,223256.0,331919.0,67.26219349
2018,1,Tlaxcala,Mujeres,138569.0,217516.0,63.7051987
2018,1,Veracruz,Hombres,1202665.0,2038406.0,59.00026786
2018,1,Veracruz,Mujeres,612551.0,1019737.0,60.06950812
2018,1,Yucatán,Hombres,390790.0,627966.0,62.2310762
2018,1,Yucatán,Mujeres,258403.0,425347.0,60.75110439
2018,1,Zacatecas,Hombres,260346.0,390219.0,66.71791994
2018,1,Zacatecas,Mujeres,138791.0,216089.0,64.22862802
2018,2,Nacional,Hombres,20851889.0,32747522.0,63.67470797
2018,2,Nacional,Mujeres,13564091.0,20457641.0,66.30329958
2018,2,Aguascalientes,Hombres,270064.0,347596.0,77.69479511
2018,2,Aguascalientes,Mujeres,175501.0,222550.0,78.85913278
2018,2,Baja California,Hombres,732533.0,1044915.0,70.10455396
2018,2,Baja California,Mujeres,503159.0,685569.0,73.39290429
2018,2,Baja California Sur,Hombres,158955.0,218649.0,72.69870889
2018,2,Baja California Sur,Mujeres,109653.0,147537.0,74.32237337
2018,2,Campeche,Hombres,136034.0,234312.0,58.056779
2018,2,Campeche,Mujeres,84735.0,141912.0,59.70953831
2018,2,Coahuila,Hombres,644981.0,831661.0,77.55335407
2018,2,Coahuila,Mujeres,375667.0,494799.0,75.92315263
2018,2,Colima,Hombres,139170.0,204233.0,68.14275852
2018,2,Colima,Mujeres,102423.0,151220.0,67.73112022
2018,2,Chiapas,Hombres,492048.0,1352052.0,36.39268312
2018,2,Chiapas,Mujeres,244319.0,474401.0,51.50052382
2018,2,Chihuahua,Hombres,733185.0,984512.0,74.47192111
2018,2,Chihuahua,Mujeres,519588.0,649305.0,80.02217756
2018,2,Ciudad de México,Hombres,1601026.0,2457306.0,65.15370898
2018,2,Ciudad de México,Mujeres,1497301.0,2016008.0,74.27058821
2018,2,Durango,Hombres,319396.0,465734.0,68.57906015
2018,2,Durango,Mujeres,207528.0,291450.0,71.20535255
2018,2,Guanajuato,Hombres,1106554.0,1614280.0,68.54783557
2018,2,Guanajuato,Mujeres,680389.0,1027342.0,66.22809152
2018,2,Guerrero,Hombres,360627.0,853455.0,42.25495193
2018,2,Guerrero,Mujeres,240272.0,533136.0,45.06767504
2018,2,Hidalgo,Hombres,458115.0,778446.0,58.84993949
2018,2,Hidalgo,Mujeres,273789.0,482331.0,56.7637162
2018,2,Jalisco,Hombres,1450496.0,2183065.0,66.44309721
2018,2,Jalisco,Mujeres,1023077.0,1431758.0,71.45600025
2018,2,México,Hombres,2924305.0,4399674.0,66.46640183
2018,2,México,Mujeres,1889436.0,2802921.0,67.40953455
2018,2,Michoacán,Hombres,679571.0,1238343.0,54.8774451
2018,2,Michoacán,Mujeres,409247.0,727886.0,56.22405157
2018,2,Morelos,Hombres,307822.0,502222.0,61.29201827
2018,2,Morelos,Mujeres,196626.0,311959.0,63.02943656
2018,2,Nayarit,Hombres,193834.0,333881.0,58.05481594
2018,2,Nayarit,Mujeres,134966.0,222478.0,60.66487473
2018,2,Nuevo León,Hombres,1204236.0,1553216.0,77.53177922
2018,2,Nuevo León,Mujeres,727741.0,940272.0,77.39685963
2018,2,Oaxaca,Hombres,429785.0,1023812.0,41.97889847
2018,2,Oaxaca,Mujeres,269294.0,642985.0,41.88184794
2018,2,Puebla,Hombres,1002026.0,1714110.0,58.45750856
2018,2,Puebla,Mujeres,579986.0,1061177.0,54.65497273
2018,2,Querétaro,Hombres,383937.0,557576.0,68.85823637
2018,2,Querétaro,Mujeres,249166.0,341537.0,72.9543212
2018,2,Quintana Roo,Hombres,373806.0,542400.0,68.9170354
2018,2,Quintana Roo,Mujeres,242378.0,333636.0,72.64743613
2018,2,San Luis Potosí,Hombres,484143.0,749197.0,64.62158818
2018,2,San Luis Potosí,Mujeres,290394.0,442610.0,65.60945302
2018,2,Sinaloa,Hombres,518196.0,780330.0,66.40728922
2018,2,Sinaloa,Mujeres,376516.0,529171.0,71.15204726
2018,2,Sonora,Hombres,543847.0,784043.0,69.36443537
2018,2,Sonora,Mujeres,368071.0,528465.0,69.64907799
2018,2,Tabasco,Hombres,393245.0,601469.0,65.38075944
2018,2,Tabasco,Mujeres,192109.0,315620.0,60.86718205
2018,2,Tamaulipas,Hombres,638604.0,939109.0,68.00105206
2018,2,Tamaulipas,Mujeres,437816.0,620819.0,70.52232615
2018,2,Tlaxcala,Hombres,223748.0,335710.0,66.64919127
2018,2,Tlaxcala,Mujeres,132933.0,221816.0,59.92940094
2018,2,Veracruz,Hombres,1244985.0,2063031.0,60.34737239
2018,2,Veracruz,Mujeres,619327.0,1001757.0,61.8240751
2018,2,Yucatán,Hombres,425502.0,644367.0,66.03410789
2018,2,Yucatán,Mujeres,265541.0,433017.0,61.32345843
2018,2,Zacatecas,Hombres,277113.0,414816.0,66.80383592
2018,2,Zacatecas,Mujeres,145143.0,230197.0,63.05164707
2018,3,Nacional,Hombres,20911364.0,33072893.0,63.22810647
2018,3,Nacional,Mujeres,13525051.0,20410200.0,66.26613654
2018,3,Aguascalientes,Hombres,272900.0,350732.0,77.80869724
2018,3,Aguascalientes,Mujeres,174128.0,222801.0,78.15404778
2018,3,Baja California,Hombres,727434.0,1026711.0,70.85090157
2018,3,Baja California,Mujeres,507928.0,694434.0,73.14273207
2018,3,Baja California Sur,Hombres,154019.0,215764.0,71.38308522
2018,3,Baja California Sur,Mujeres,113165.0,150259.0,75.31329238
2018,3,Campeche,Hombres,135657.0,239967.0,56.53152308
2018,3,Campeche,Mujeres,86983.0,141954.0,61.27548361
2018,3,Coahuila,Hombres,646605.0,821595.0,78.70118489
2018,3,Coahuila,Mujeres,365683.0,477409.0,76.59742485
2018,3,Colima,Hombres,138370.0,206220.0,67.09824459
2018,3,Colima,Mujeres,99273.0,146454.0,67.78442378
2018,3,Chiapas,Hombres,503833.0,1379836.0,36.51397702
2018,3,Chiapas,Mujeres,245982.0,506875.0,48.52912454
2018,3,Chihuahua,Hombres,738454.0,990377.0,74.56291897
2018,3,Chihuahua,Mujeres,536299.0,660880.0,81.14922528
2018,3,Ciudad de México,Hombres,1595519.0,2517858.0,63.36810892
2018,3,Ciudad de México,Mujeres,1423416.0,1955821.0,72.77843934
2018,3,Durango,Hombres,309064.0,464582.0,66.52517747
2018,3,Durango,Mujeres,195501.0,279143.0,70.03614635
2018,3,Guanajuato,Hombres,1078400.0,1615003.0,66.77386977
2018,3,Guanajuato,Mujeres,664895.0,971471.0,68.44208422
2018,3,Guerrero,Hombres,324476.0,897887.0,36.13773225
2018,3,Guerrero,Mujeres,238891.0,531266.0,44.96636337
2018,3,Hidalgo,Hombres,468614.0,785904.0,59.62738452
2018,3,Hidalgo,Mujeres,287953.0,515414.0,55.86829229
2018,3,Jalisco,Hombres,1504001.0,2214026.0,67.93059341
2018,3,Jalisco,Mujeres,1032907.0,1436870.0,71.88590478
2018,3,México,Hombres,2953828.0,4478014.0,65.9629023
2018,3,México,Mujeres,1860457.0,2783988.0,66.82704811
2018,3,Michoacán,Hombres,702756.0,1259647.0,55.78991575
2018,3,Michoacán,Mujeres,424168.0,712536.0,59.52934308
2018,3,Morelos,Hombres,328162.0,511245.0,64.18879402
2018,3,Morelos,Mujeres,201996.0,308063.0,65.5697049
2018,3,Nayarit,Hombres,193373.0,335171.0,57.69383389
2018,3,Nayarit,Mujeres,138120.0,229713.0,60.1272022
2018,3,Nuevo León,Hombres,1206854.0,1557573.0,77.48298154
2018,3,Nuevo León,Mujeres,708659.0,907651.0,78.07615482
2018,3,Oaxaca,Hombres,396653.0,1011558.0,39.2120867
2018,3,Oaxaca,Mujeres,255790.0,680144.0,37.60821238
2018,3,Puebla,Hombres,997723.0,1704320.0,58.54082567
2018,3,Puebla,Mujeres,609142.0,1095723.0,55.59269998
2018,3,Querétaro,Hombres,382304.0,553729.0,69.04171535
2018,3,Querétaro,Mujeres,259181.0,353012.0,73.41988374
2018,3,Quintana Roo,Hombres,379066.0,552044.0,68.66590344
2018,3,Quintana Roo,Mujeres,246410.0,340309.0,72.40772357
2018,3,San Luis Potosí,Hombres,479668.0,765929.0,62.62564807
2018,3,San Luis Potosí,Mujeres,293010.0,444826.0,65.8707
2018,3,Sinaloa,Hombres,516430.0,782111.0,66.03026936
2018,3,Sinaloa,Mujeres,365424.0,510077.0,71.64094833
2018,3,Sonora,Hombres,559279.0,793496.0,70.48290099
2018,3,Sonora,Mujeres,371950.0,515803.0,72.11086403
2018,3,Tabasco,Hombres,372388.0,582174.0,63.96506886
2018,3,Tabasco,Mujeres,186651.0,314121.0,59.42009608
2018,3,Tamaulipas,Hombres,647841.0,946475.0,68.44776671
2018,3,Tamaulipas,Mujeres,431047.0,599540.0,71.89628715
2018,3,Tlaxcala,Hombres,229200.0,341628.0,67.09051951
2018,3,Tlaxcala,Mujeres,146660.0,224626.0,65.29074996
2018,3,Veracruz,Hombres,1275955.0,2100859.0,60.73491843
2018,3,Veracruz,Mujeres,650041.0,1061093.0,61.26145399
2018,3,Yucatán,Hombres,423087.0,653675.0,64.72436608
2018,3,Yucatán,Mujeres,262077.0,417054.0,62.84006388
2018,3,Zacatecas,Hombres,269451.0,416783.0,64.65018967
2018,3,Zacatecas,Mujeres,141264.0,220870.0,63.95798433
2018,4,Nacional,Hombres,21018924.0,32968302.0,63.75494862
2018,4,Nacional,Mujeres,13612532.0,20737570.0,65.64188572
2018,4,Aguascalientes,Hombres,273524.0,358087.0,76.38478917
2018,4,Aguascalientes,Mujeres,173152.0,222016.0,77.99077544
2018,4,Baja California,Hombres,752215.0,1043882.0,72.05938985
2018,4,Baja California,Mujeres,534866.0,702259.0,76.16363763
2018,4,Baja California Sur,Hombres,162418.0,222607.0,72.9617667
2018,4,Baja California Sur,Mujeres,111492.0,151278.0,73.70007536
2018,4,Campeche,Hombres,139331.0,244780.0,56.92090857
2018,4,Campeche,Mujeres,86350.0,143000.0,60.38461538
2018,4,Coahuila,Hombres,643743.0,815630.0,78.92586099
2018,4,Coahuila,Mujeres,401184.0,517624.0,77.50490704
2018,4,Colima,Hombres,138695.0,208573.0,66.49710173
2018,4,Colima,Mujeres,102909.0,153191.0,67.17692293
2018,4,Chiapas,Hombres,527883.0,1359819.0,38.82009297
2018,4,Chiapas,Mujeres,262731.0,492503.0,53.34607099
2018,4,Chihuahua,Hombres,739906.0,988339.0,74.86358426
2018,4,Chihuahua,Mujeres,537345.0,684891.0,78.45700995
2018,4,Ciudad de México,Hombres,1554571.0,2473500.0,62.84903982
2018,4,Ciudad de México,Mujeres,1408404.0,1938290.0,72.66219193
2018,4,Durango,Hombres,322676.0,472189.0,68.33619589
2018,4,Durango,Mujeres,205070.0,289816.0,70.75868827
2018,4,Guanajuato,Hombres,1099879.0,1618094.0,67.97373947
2018,4,Guanajuato,Mujeres,660619.0,992899.0,66.53436049
2018,4,Guerrero,Hombres,340762.0,902889.0,37.74129489
2018,4,Guerrero,Mujeres,261823.0,586756.0,44.62212572
2018,4,Hidalgo,Hombres,474068.0,790648.0,59.95942569
2018,4,Hidalgo,Mujeres,284134.0,510006.0,55.71189359
2018,4,Jalisco,Hombres,1539069.0,2239594.0,68.72089316
2018,4,Jalisco,Mujeres,1046128.0,1447778.0,72.25748699
2018,4,México,Hombres,2965736.0,4457091.0,66.53972288
2018,4,México,Mujeres,1800459.0,2777674.0,64.81894564
2018,4,Michoacán,Hombres,687768.0,1207664.0,56.95027756
2018,4,Michoacán,Mujeres,433323.0,749586.0,57.80831019
2018,4,Morelos,Hombres,317078.0,505203.0,62.76249349
2018,4,Morelos,Mujeres,198687.0,302649.0,65.64931653
2018,4,Nayarit,Hombres,191800.0,332946.0,57.60693926
2018,4,Nayarit,Mujeres,138644.0,231521.0,59.88398461
2018,4,Nuevo León,Hombres,1184997.0,1549079.0,76.4968733
2018,4,Nuevo León,Mujeres,734587.0,946978.0,77.57170705
2018,4,Oaxaca,Hombres,436243.0,1002897.0,43.49828547
2018,4,Oaxaca,Mujeres,279759.0,694784.0,40.26560773
2018,4,Puebla,Hombres,1021892.0,1692168.0,60.38951215
2018,4,Puebla,Mujeres,617228.0,1125792.0,54.82611353
2018,4,Querétaro,Hombres,387584.0,560284.0,69.17634628
2018,4,Querétaro,Mujeres,255338.0,352668.0,72.40180566
2018,4,Quintana Roo,Hombres,388097.0,553672.0,70.09511046
2018,4,Quintana Roo,Mujeres,238966.0,340860.0,70.10678871
2018,4,San Luis Potosí,Hombres,482133.0,757997.0,63.60618841
2018,4,San Luis Potosí,Mujeres,290794.0,433337.0,67.10573987
2018,4,Sinaloa,Hombres,520429.0,794468.0,65.50660316
2018,4,Sinaloa,Mujeres,363358.0,529486.0,68.62466619
2018,4,Sonora,Hombres,565749.0,792765.0,71.36402339
2018,4,Sonora,Mujeres,389920.0,547268.0,71.24845597
2018,4,Tabasco,Hombres,357020.0,570258.0,62.60674993
2018,4,Tabasco,Mujeres,191967.0,327879.0,58.54812294
2018,4,Tamaulipas,Hombres,651123.0,955248.0,68.16271795
2018,4,Tamaulipas,Mujeres,432586.0,600152.0,72.07940655
2018,4,Tlaxcala,Hombres,222125.0,338160.0,65.68636149
2018,4,Tlaxcala,Mujeres,140795.0,227768.0,61.81509255
2018,4,Veracruz,Hombres,1234223.0,2077101.0,59.4204615
2018,4,Veracruz,Mujeres,614852.0,1041982.0,59.00792912
2018,4,Yucatán,Hombres,426271.0,660961.0,64.49261
2018,4,Yucatán,Mujeres,270299.0,447984.0,60.3367531
2018,4,Zacatecas,Hombres,269916.0,421709.0,64.00527378
2018,4,Zacatecas,Mujeres,144763.0,226895.0,63.80175852
2019,1,Nacional,Hombres,21069335.0,33001309.0,63.84393722
2019,1,Nacional,Mujeres,13591900.0,20713449.0,65.61871951
2019,1,Aguascalientes,Hombres,272206.0,355746.0,76.51695311
2019,1,Aguascalientes,Mujeres,173465.0,224568.0,77.24386377
2019,1,Baja California,Hombres,724680.0,1037886.0,69.82269729
2019,1,Baja California,Mujeres,503687.0,689092.0,73.09430381
2019,1,Baja California Sur,Hombres,165326.0,226103.0,73.11977285
2019,1,Baja California Sur,Mujeres,115892.0,154553.0,74.98528013
2019,1,Campeche,Hombres,145898.0,247348.0,58.98491195
2019,1,Campeche,Mujeres,83444.0,139252.0,59.92301726
2019,1,Coahuila,Hombres,646073.0,813039.0,79.46396175
2019,1,Coahuila,Mujeres,390798.0,498658.0,78.36994493
2019,1,Colima,Hombres,134143.0,202990.0,66.08355091
2019,1,Colima,Mujeres,101349.0,153294.0,66.11413363
2019,1,Chiapas,Hombres,490369.0,1358102.0,36.10693453
2019,1,Chiapas,Mujeres,278421.0,524719.0,53.06097168
2019,1,Chihuahua,Hombres,721553.0,972189.0,74.21941618
2019,1,Chihuahua,Mujeres,507413.0,619493.0,81.90778588
2019,1,Ciudad de México,Hombres,1583099.0,2511143.0,63.0429649
2019,1,Ciudad de México,Mujeres,1389560.0,1941310.0,71.57847021
2019,1,Durango,Hombres,320085.0,466413.0,68.6269465
2019,1,Durango,Mujeres,197924.0,293063.0,67.53633178
2019,1,Guanajuato,Hombres,1050050.0,1550991.0,67.70187577
2019,1,Guanajuato,Mujeres,686679.0,994529.0,69.04564874
2019,1,Guerrero,Hombres,386970.0,853567.0,45.3356327
2019,1,Guerrero,Mujeres,257155.0,574932.0,44.72789826
2019,1,Hidalgo,Hombres,476562.0,781746.0,60.96123293
2019,1,Hidalgo,Mujeres,302946.0,522583.0,57.97088692
2019,1,Jalisco,Hombres,1590501.0,2323305.0,68.45855366
2019,1,Jalisco,Mujeres,1021440.0,1431845.0,71.33733051
2019,1,México,Hombres,2953830.0,4401361.0,67.11174112
2019,1,México,Mujeres,1815937.0,2749661.0,66.04221393
2019,1,Michoacán,Hombres,729929.0,1265950.0,57.65859631
2019,1,Michoacán,Mujeres,458911.0,767314.0,59.80745822
2019,1,Morelos,Hombres,325551.0,513832.0,63.35747871
2019,1,Morelos,Mujeres,209551.0,321676.0,65.14349843
2019,1,Nayarit,Hombres,193499.0,343409.0,56.34651392
2019,1,Nayarit,Mujeres,133895.0,230358.0,58.12474496
2019,1,Nuevo León,Hombres,1206775.0,1563038.0,77.20701608
2019,1,Nuevo León,Mujeres,729449.0,946528.0,77.06576034
2019,1,Oaxaca,Hombres,431406.0,1002009.0,43.0541043
2019,1,Oaxaca,Mujeres,273494.0,710362.0,38.50065178
2019,1,Puebla,Hombres,1026065.0,1742529.0,58.88366851
2019,1,Puebla,Mujeres,605316.0,1109893.0,54.53823026
2019,1,Querétaro,Hombres,398869.0,585568.0,68.1165979
2019,1,Querétaro,Mujeres,254345.0,351714.0,72.31585891
2019,1,Quintana Roo,Hombres,388810.0,562312.0,69.14488754
2019,1,Quintana Roo,Mujeres,242103.0,349625.0,69.24647837
2019,1,San Luis Potosí,Hombres,472672.0,750016.0,63.02158887
2019,1,San Luis Potosí,Mujeres,286208.0,433577.0,66.01088157
2019,1,Sinaloa,Hombres,501724.0,796347.0,63.00318831
2019,1,Sinaloa,Mujeres,373275.0,526375.0,70.91427214
2019,1,Sonora,Hombres,551537.0,789333.0,69.87380485
2019,1,Sonora,Mujeres,394783.0,533836.0,73.95211263
2019,1,Tabasco,Hombres,360947.0,583295.0,61.88069502
2019,1,Tabasco,Mujeres,185846.0,313321.0,59.31488793
2019,1,Tamaulipas,Hombres,659328.0,950973.0,69.33193687
2019,1,Tamaulipas,Mujeres,427945.0,613530.0,69.75127541
2019,1,Tlaxcala,Hombres,218961.0,340716.0,64.26495967
2019,1,Tlaxcala,Mujeres,143110.0,232134.0,61.64973679
2019,1,Veracruz,Hombres,1267614.0,2042469.0,62.0628269
2019,1,Veracruz,Mujeres,643865.0,1099949.0,58.53589576
2019,1,Yucatán,Hombres,415978.0,663730.0,62.67277357
2019,1,Yucatán,Mujeres,256205.0,437871.0,58.51152508
2019,1,Zacatecas,Hombres,258325.0,403854.0,63.96494773
2019,1,Zacatecas,Mujeres,147489.0,223834.0,65.89213435
2019,2,Nacional,Hombres,21324868.0,33212325.0,64.20769398
2019,2,Nacional,Mujeres,13924898.0,21337444.0,65.26038451
2019,2,Aguascalientes,Hombres,273531.0,358528.0,76.29278606
2019,2,Aguascalientes,Mujeres,176737.0,229749.0,76.92612373
2019,2,Baja California,Hombres,747343.0,1053044.0,70.96977904
2019,2,Baja California,Mujeres,513929.0,698524.0,73.57356369
2019,2,Baja California Sur,Hombres,164823.0,229502.0,71.81767479
2019,2,Baja California Sur,Mujeres,118132.0,155762.0,75.8413477
2019,2,Campeche,Hombres,148205.0,248850.0,59.5559574
2019,2,Campeche,Mujeres,87013.0,149600.0,58.16377005
2019,2,Coahuila,Hombres,648145.0,817553.0,79.27865227
2019,2,Coahuila,Mujeres,404183.0,517229.0,78.14391691
2019,2,Colima,Hombres,133443.0,200046.0,66.70615758
2019,2,Colima,Mujeres,100056.0,153078.0,65.36275624
2019,2,Chiapas,Hombres,539148.0,1393671.0,38.68545733
2019,2,Chiapas,Mujeres,304201.0,623868.0,48.76047497
2019,2,Chihuahua,Hombres,745799.0,1001194.0,74.4909578
2019,2,Chihuahua,Mujeres,497228.0,631087.0,78.78913684
2019,2,Ciudad de México,Hombres,1662360.0,2571321.0,64.65003786
2019,2,Ciudad de México,Mujeres,1368634.0,1934377.0,70.75321925
2019,2,Durango,Hombres,324484.0,467692.0,69.37984828
2019,2,Durango,Mujeres,199805.0,294231.0,67.90752844
2019,2,Guanajuato,Hombres,1069566.0,1561940.0,68.47676607
2019,2,Guanajuato,Mujeres,708778.0,1051503.0,67.40617954
2019,2,Guerrero,Hombres,366800.0,870220.0,42.15026085
2019,2,Guerrero,Mujeres,256180.0,594124.0,43.11894487
2019,2,Hidalgo,Hombres,498377.0,784683.0,63.51316391
2019,2,Hidalgo,Mujeres,308924.0,534989.0,57.743991
2019,2,Jalisco,Hombres,1539578.0,2255691.0,68.25305416
2019,2,Jalisco,Mujeres,1073323.0,1484718.0,72.29137116
2019,2,México,Hombres,2973709.0,4463869.0,66.61729993
2019,2,México,Mujeres,1884137.0,2827323.0,66.64031665
2019,2,Michoacán,Hombres,764224.0,1279017.0,59.75088681
2019,2,Michoacán,Mujeres,437997.0,764382.0,57.30079986
2019,2,Morelos,Hombres,304511.0,492636.0,61.81257561
2019,2,Morelos,Mujeres,211251.0,322050.0,65.59571495
2019,2,Nayarit,Hombres,182974.0,330366.0,55.3852394
2019,2,Nayarit,Mujeres,139657.0,236150.0,59.1391065
2019,2,Nuevo León,Hombres,1228230.0,1578222.0,77.82365219
2019,2,Nuevo León,Mujeres,743447.0,965054.0,77.03682903
2019,2,Oaxaca,Hombres,434236.0,1014861.0,42.78773152
2019,2,Oaxaca,Mujeres,291062.0,771689.0,37.7175261
2019,2,Puebla,Hombres,999506.0,1727945.0,57.84362349
2019,2,Puebla,Mujeres,615735.0,1118480.0,55.05105143
2019,2,Querétaro,Hombres,383045.0,556650.0,68.8125393
2019,2,Querétaro,Mujeres,258985.0,355213.0,72.90977526
2019,2,Quintana Roo,Hombres,380414.0,548879.0,69.30744299
2019,2,Quintana Roo,Mujeres,260615.0,359401.0,72.51371031
2019,2,San Luis Potosí,Hombres,471407.0,744771.0,63.29556333
2019,2,San Luis Potosí,Mujeres,296707.0,458683.0,64.68672264
2019,2,Sinaloa,Hombres,514906.0,817021.0,63.02237029
2019,2,Sinaloa,Mujeres,364787.0,525079.0,69.4727841
2019,2,Sonora,Hombres,577807.0,799432.0,72.27719181
2019,2,Sonora,Mujeres,398818.0,539354.0,73.94364369
2019,2,Tabasco,Hombres,378890.0,609556.0,62.15835789
2019,2,Tabasco,Mujeres,192672.0,350671.0,54.94380773
2019,2,Tamaulipas,Hombres,666710.0,967387.0,68.91864373
2019,2,Tamaulipas,Mujeres,459070.0,629109.0,72.97145646
2019,2,Tlaxcala,Hombres,217466.0,340109.0,63.94008979
2019,2,Tlaxcala,Mujeres,151288.0,241332.0,62.68874414
2019,2,Veracruz,Hombres,1286738.0,2052191.0,62.70069404
2019,2,Veracruz,Mujeres,684699.0,1142872.0,59.91038367
2019,2,Yucatán,Hombres,431353.0,661612.0,65.19727574
2019,2,Yucatán,Mujeres,266131.0,434223.0,61.28901509
2019,2,Zacatecas,Hombres,267140.0,413866.0,64.54746222
2019,2,Zacatecas,Mujeres,150717.0,243540.0,61.8859325
2019,3,Nacional,Hombres,21309678.0,33406629.0,63.78877079
2019,3,Nacional,Mujeres,13953489.0,21441778.0,65.07617512
2019,3,Aguascalientes,Hombres,274841.0,360986.0,76.13619365
2019,3,Aguascalientes,Mujeres,175009.0,221637.0,78.96199642
2019,3,Baja California,Hombres,752353.0,1054292.0,71.36097021
2019,3,Baja California,Mujeres,527346.0,702987.0,75.01504295
2019,3,Baja California Sur,Hombres,172593.0,236373.0,73.01722278
2019,3,Baja California Sur,Mujeres,122542.0,164221.0,74.62017647
2019,3,Campeche,Hombres,146521.0,250928.0,58.39165019
2019,3,Campeche,Mujeres,93203.0,155924.0,59.7746338
2019,3,Coahuila,Hombres,663185.0,833394.0,79.57640684
2019,3,Coahuila,Mujeres,397072.0,513296.0,77.3573143
2019,3,Colima,Hombres,137386.0,205109.0,66.98194618
2019,3,Colima,Mujeres,100875.0,153996.0,65.50494818
2019,3,Chiapas,Hombres,558009.0,1409511.0,39.58883613
2019,3,Chiapas,Mujeres,318921.0,626301.0,50.92136209
2019,3,Chihuahua,Hombres,752442.0,1016733.0,74.00585995
2019,3,Chihuahua,Mujeres,505748.0,641851.0,78.79523441
2019,3,Ciudad de México,Hombres,1659308.0,2554559.0,64.95477302
2019,3,Ciudad de México,Mujeres,1406487.0,1961616.0,71.70042455
2019,3,Durango,Hombres,341176.0,479335.0,71.17694306
2019,3,Durango,Mujeres,197509.0,294291.0,67.1135033
2019,3,Guanajuato,Hombres,1078329.0,1583922.0,68.07967817
2019,3,Guanajuato,Mujeres,727105.0,1058690.0,68.67968905
2019,3,Guerrero,Hombres,356531.0,896396.0,39.77382764
2019,3,Guerrero,Mujeres,262479.0,589988.0,44.48887096
2019,3,Hidalgo,Hombres,499526.0,795538.0,62.79096662
2019,3,Hidalgo,Mujeres,312359.0,537108.0,58.15571542
2019,3,Jalisco,Hombres,1527943.0,2258332.0,67.65803257
2019,3,Jalisco,Mujeres,1049537.0,1516516.0,69.20711684
2019,3,México,Hombres,2941059.0,4459083.0,65.95658794
2019,3,México,Mujeres,1852207.0,2796273.0,66.23841807
2019,3,Michoacán,Hombres,745749.0,1272539.0,58.60323338
2019,3,Michoacán,Mujeres,446707.0,767388.0,58.21136114
2019,3,Morelos,Hombres,320525.0,503549.0,63.65318966
2019,3,Morelos,Mujeres,206242.0,330335.0,62.43419559
2019,3,Nayarit,Hombres,184542.0,330413.0,55.85191866
2019,3,Nayarit,Mujeres,135256.0,235674.0,57.391142
2019,3,Nuevo León,Hombres,1257738.0,1601914.0,78.51470179
2019,3,Nuevo León,Mujeres,749884.0,973147.0,77.0576285
2019,3,Oaxaca,Hombres,440151.0,1003263.0,43.87194584
2019,3,Oaxaca,Mujeres,284061.0,800163.0,35.5003918
2019,3,Puebla,Hombres,987469.0,1787016.0,55.25798314
2019,3,Puebla,Mujeres,638648.0,1165467.0,54.79760474
2019,3,Querétaro,Hombres,382398.0,564680.0,67.71941631
2019,3,Querétaro,Mujeres,259639.0,357608.0,72.60436008
2019,3,Quintana Roo,Hombres,367614.0,547207.0,67.18006166
2019,3,Quintana Roo,Mujeres,233013.0,330323.0,70.54095537
2019,3,San Luis Potosí,Hombres,491957.0,756301.0,65.0477786
2019,3,San Luis Potosí,Mujeres,298434.0,470809.0,63.38748834
2019,3,Sinaloa,Hombres,514463.0,809203.0,63.57650676
2019,3,Sinaloa,Mujeres,373738.0,529516.0,70.58105893
2019,3,Sonora,Hombres,585182.0,815156.0,71.78773143
2019,3,Sonora,Mujeres,392714.0,535191.0,73.37828925
2019,3,Tabasco,Hombres,384625.0,615448.0,62.4951255
2019,3,Tabasco,Mujeres,196265.0,340645.0,57.61569963
2019,3,Tamaulipas,Hombres,662367.0,950006.0,69.72240175
2019,3,Tamaulipas,Mujeres,450205.0,617161.0,72.94773973
2019,3,Tlaxcala,Hombres,225020.0,350099.0,64.27324842
2019,3,Tlaxcala,Mujeres,148564.0,243031.0,61.12965013
2019,3,Veracruz,Hombres,1201936.0,2007176.0,59.88194359
2019,3,Veracruz,Mujeres,670133.0,1121197.0,59.769425
2019,3,Yucatán,Hombres,431827.0,678092.0,63.68265663
2019,3,Yucatán,Mujeres,271013.0,445582.0,60.82225045
2019,3,Zacatecas,Hombres,264913.0,420076.0,63.06311239
2019,3,Zacatecas,Mujeres,150574.0,243846.0,61.74962886
2019,4,Nacional,Hombres,21371656.0,33443544.0,63.90368198
2019,4,Nacional,Mujeres,14354793.0,21901717.0,65.5418614
2019,4,Aguascalientes,Hombres,275945.0,364148.0,75.778255
2019,4,Aguascalientes,Mujeres,187229.0,247350.0,75.69395593
2019,4,Baja California,Hombres,744198.0,1053333.0,70.65173122
2019,4,Baja California,Mujeres,529698.0,703909.0,75.25092022
2019,4,Baja California Sur,Hombres,170074.0,234487.0,72.53024688
2019,4,Baja California Sur,Mujeres,119620.0,161222.0,74.19582935
2019,4,Campeche,Hombres,148107.0,251895.0,58.79711785
2019,4,Campeche,Mujeres,99603.0,160059.0,62.22892808
2019,4,Coahuila,Hombres,666755.0,839458.0,79.42684446
2019,4,Coahuila,Mujeres,398952.0,511903.0,77.93507754
2019,4,Colima,Hombres,136613.0,205296.0,66.54440418
2019,4,Colima,Mujeres,102603.0,155135.0,66.13787991
2019,4,Chiapas,Hombres,575564.0,1433900.0,40.1397587
2019,4,Chiapas,Mujeres,344869.0,648997.0,53.13876643
2019,4,Chihuahua,Hombres,759336.0,1013557.0,74.91793752
2019,4,Chihuahua,Mujeres,532960.0,668203.0,79.76019264
2019,4,Ciudad de México,Hombres,1629822.0,2497470.0,65.25892203
2019,4,Ciudad de México,Mujeres,1473411.0,2009539.0,73.32084622
2019,4,Durango,Hombres,334494.0,481902.0,69.41120809
2019,4,Durango,Mujeres,200412.0,297513.0,67.36243458
2019,4,Guanajuato,Hombres,1066073.0,1568023.0,67.98835221
2019,4,Guanajuato,Mujeres,754038.0,1095927.0,68.80367032
2019,4,Guerrero,Hombres,379800.0,892523.0,42.55352523
2019,4,Guerrero,Mujeres,268501.0,580826.0,46.22744161
2019,4,Hidalgo,Hombres,494828.0,770354.0,64.23384574
2019,4,Hidalgo,Mujeres,309350.0,534321.0,57.89590901
2019,4,Jalisco,Hombres,1594838.0,2291247.0,69.60567761
2019,4,Jalisco,Mujeres,1053178.0,1491937.0,70.59131853
2019,4,México,Hombres,2944181.0,4473361.0,65.81585971
2019,4,México,Mujeres,1894530.0,2896587.0,65.40559631
2019,4,Michoacán,Hombres,735446.0,1259989.0,58.36923973
2019,4,Michoacán,Mujeres,447134.0,783627.0,57.05954491
2019,4,Morelos,Hombres,316434.0,496397.0,63.74615479
2019,4,Morelos,Mujeres,217911.0,334841.0,65.07894792
2019,4,Nayarit,Hombres,183910.0,326267.0,56.36794405
2019,4,Nayarit,Mujeres,141313.0,237381.0,59.53003821
2019,4,Nuevo León,Hombres,1254170.0,1628978.0,76.99121781
2019,4,Nuevo León,Mujeres,785992.0,1015231.0,77.42001574
2019,4,Oaxaca,Hombres,434222.0,1009380.0,43.01868474
2019,4,Oaxaca,Mujeres,307674.0,831774.0,36.99009587
2019,4,Puebla,Hombres,992805.0,1774208.0,55.9576442
2019,4,Puebla,Mujeres,636078.0,1151338.0,55.24685192
2019,4,Querétaro,Hombres,387734.0,576569.0,67.24849931
2019,4,Querétaro,Mujeres,267972.0,371377.0,72.15632632
2019,4,Quintana Roo,Hombres,367271.0,549267.0,66.86565914
2019,4,Quintana Roo,Mujeres,243233.0,347814.0,69.93191763
2019,4,San Luis Potosí,Hombres,482822.0,752205.0,64.18755525
2019,4,San Luis Potosí,Mujeres,306578.0,463801.0,66.10119426
2019,4,Sinaloa,Hombres,517843.0,825789.0,62.708876
2019,4,Sinaloa,Mujeres,392235.0,548776.0,71.47451784
2019,4,Sonora,Hombres,583496.0,821733.0,71.00797948
2019,4,Sonora,Mujeres,411740.0,562424.0,73.20811345
2019,4,Tabasco,Hombres,389723.0,616416.0,63.22402404
2019,4,Tabasco,Mujeres,206480.0,348045.0,59.32566191
2019,4,Tamaulipas,Hombres,660088.0,946036.0,69.77408894
2019,4,Tamaulipas,Mujeres,462645.0,635513.0,72.79866816
2019,4,Tlaxcala,Hombres,225530.0,350753.0,64.29880856
2019,4,Tlaxcala,Mujeres,151643.0,239820.0,63.23200734
2019,4,Veracruz,Hombres,1214816.0,2038640.0,59.58953028
2019,4,Veracruz,Mujeres,670433.0,1169837.0,57.30995002
2019,4,Yucatán,Hombres,439249.0,680960.0,64.50437617
2019,4,Yucatán,Mujeres,279045.0,447510.0,62.35503117
2019,4,Zacatecas,Hombres,265469.0,419003.0,63.35730293
2019,4,Zacatecas,Mujeres,157733.0,249180.0,63.30082671
2020,1,Nacional,Hombres,21442477.0,33275583.0,64.43907234
2020,1,Nacional,Mujeres,14454777.0,21782867.0,66.35846879
2020,1,Aguascalientes,Hombres,280277.0,370490.0,75.65035494
2020,1,Aguascalientes,Mujeres,189948.0,240465.0,78.99195309
2020,1,Baja California,Hombres,720403.0,1036482.0,69.50463201
2020,1,Baja California,Mujeres,513241.0,682590.0,75.19023132
2020,1,Baja California Sur,Hombres,170180.0,236951.0,71.82075619
2020,1,Baja California Sur,Mujeres,120172.0,161156.0,74.56874085
2020,1,Campeche,Hombres,147613.0,256874.0,57.46513855
2020,1,Campeche,Mujeres,94148.0,158090.0,59.55341894
2020,1,Coahuila,Hombres,651829.0,826101.0,78.90427442
2020,1,Coahuila,Mujeres,400355.0,503269.0,79.55089624
2020,1,Colima,Hombres,140932.0,209597.0,67.23951202
2020,1,Colima,Mujeres,103114.0,150738.0,68.40610861
2020,1,Chiapas,Hombres,587399.0,1406272.0,41.76994209
2020,1,Chiapas,Mujeres,326128.0,638334.0,51.09049494
2020,1,Chihuahua,Hombres,742311.0,1003406.0,73.97912709
2020,1,Chihuahua,Mujeres,531286.0,660483.0,80.43901206
2020,1,Ciudad de México,Hombres,1614638.0,2465825.0,65.48064035
2020,1,Ciudad de México,Mujeres,1444833.0,1973770.0,73.20169017
2020,1,Durango,Hombres,323069.0,472832.0,68.32638231
2020,1,Durango,Mujeres,195121.0,290115.0,67.25643279
2020,1,Guanajuato,Hombres,1060431.0,1530534.0,69.28503385
2020,1,Guanajuato,Mujeres,751938.0,1063511.0,70.70335897
2020,1,Guerrero,Hombres,419245.0,892136.0,46.99339563
2020,1,Guerrero,Mujeres,284300.0,600393.0,47.35231757
2020,1,Hidalgo,Hombres,502810.0,784579.0,64.08659931
2020,1,Hidalgo,Mujeres,318847.0,525820.0,60.63805104
2020,1,Jalisco,Hombres,1577139.0,2274698.0,69.33399511
2020,1,Jalisco,Mujeres,1098149.0,1511244.0,72.66523473
2020,1,México,Hombres,2950791.0,4402117.0,67.03118068
2020,1,México,Mujeres,1898954.0,2834063.0,67.00465021
2020,1,Michoacán,Hombres,759258.0,1275082.0,59.54581745
2020,1,Michoacán,Mujeres,463299.0,806302.0,57.45973593
2020,1,Morelos,Hombres,312126.0,504204.0,61.90470524
2020,1,Morelos,Mujeres,225393.0,346821.0,64.98827926
2020,1,Nayarit,Hombres,191782.0,333575.0,57.49291763
2020,1,Nayarit,Mujeres,152333.0,242376.0,62.84986962
2020,1,Nuevo León,Hombres,1258885.0,1648632.0,76.35936947
2020,1,Nuevo León,Mujeres,765688.0,1007925.0,75.9667634
2020,1,Oaxaca,Hombres,475368.0,1000669.0,47.50501914
2020,1,Oaxaca,Mujeres,306974.0,769004.0,39.91838794
2020,1,Puebla,Hombres,1004255.0,1738949.0,57.75068734
2020,1,Puebla,Mujeres,663232.0,1157934.0,57.27718506
2020,1,Querétaro,Hombres,411892.0,608112.0,67.73291762
2020,1,Querétaro,Mujeres,279999.0,390153.0,71.76646085
2020,1,Quintana Roo,Hombres,369351.0,551422.0,66.98154952
2020,1,Quintana Roo,Mujeres,247534.0,344036.0,71.95002849
2020,1,San Luis Potosí,Hombres,494172.0,754259.0,65.51754769
2020,1,San Luis Potosí,Mujeres,312789.0,468571.0,66.75381106
2020,1,Sinaloa,Hombres,511017.0,821396.0,62.21323211
2020,1,Sinaloa,Mujeres,390560.0,544767.0,71.69303574
2020,1,Sonora,Hombres,577312.0,817938.0,70.58138881
2020,1,Sonora,Mujeres,403323.0,536046.0,75.24037116
2020,1,Tabasco,Hombres,401655.0,620792.0,64.70041495
2020,1,Tabasco,Mujeres,226264.0,369493.0,61.23634277
2020,1,Tamaulipas,Hombres,647251.0,927154.0,69.81051692
2020,1,Tamaulipas,Mujeres,457333.0,627926.0,72.83230827
2020,1,Tlaxcala,Hombres,223412.0,344259.0,64.89648782
2020,1,Tlaxcala,Mujeres,152792.0,241288.0,63.32349723
2020,1,Veracruz,Hombres,1227350.0,2084794.0,58.871524
2020,1,Veracruz,Mujeres,696978.0,1238821.0,56.26139692
2020,1,Yucatán,Hombres,435288.0,673913.0,64.59112675
2020,1,Yucatán,Mujeres,279366.0,450986.0,61.94560363
2020,1,Zacatecas,Hombres,253036.0,401539.0,63.01654385
2020,1,Zacatecas,Mujeres,160386.0,246377.0,65.09779728
2020,2,Nacional,Hombres,17582616.0,35109909.0,50.07878535
2020,2,Nacional,Mujeres,13248680.0,24330851.0,54.45218366
2020,2,Aguascalientes,Hombres,,,
2020,2,Aguascalientes,Mujeres,,,
2020,2,Baja California,Hombres,,,
2020,2,Baja California,Mujeres,,,
2020,2,Baja California Sur,Hombres,,,
2020,2,Baja California Sur,Mujeres,,,
2020,2,Campeche,Hombres,,,
2020,2,Campeche,Mujeres,,,
2020,2,Coahuila,Hombres,,,
2020,2,Coahuila,Mujeres,,,
2020,2,Colima,Hombres,,,
2020,2,Colima,Mujeres,,,
2020,2,Chiapas,Hombres,,,
2020,2,Chiapas,Mujeres,,,
2020,2,Chihuahua,Hombres,,,
2020,2,Chihuahua,Mujeres,,,
2020,2,Ciudad de México,Hombres,,,
2020,2,Ciudad de México,Mujeres,,,
2020,2,Durango,Hombres,,,
2020,2,Durango,Mujeres,,,
2020,2,Guanajuato,Hombres,,,
2020,2,Guanajuato,Mujeres,,,
2020,2,Guerrero,Hombres,,,
2020,2,Guerrero,Mujeres,,,
2020,2,Hidalgo,Hombres,,,
2020,2,Hidalgo,Mujeres,,,
2020,2,Jalisco,Hombres,,,
2020,2,Jalisco,Mujeres,,,
2020,2,México,Hombres,,,
2020,2,México,Mujeres,,,
2020,2,Michoacán,Hombres,,,
2020,2,Michoacán,Mujeres,,,
2020,2,Morelos,Hombres,,,
2020,2,Morelos,Mujeres,,,
2020,2,Nayarit,Hombres,,,
2020,2,Nayarit,Mujeres,,,
2020,2,Nuevo León,Hombres,,,
2020,2,Nuevo León,Mujeres,,,
2020,2,Oaxaca,Hombres,,,
2020,2,Oaxaca,Mujeres,,,
2020,2,Puebla,Hombres,,,
2020,2,Puebla,Mujeres,,,
2020,2,Querétaro,Hombres,,,
2020,2,Querétaro,Mujeres,,,
2020,2,Quintana Roo,Hombres,,,
2020,2,Quintana Roo,Mujeres,,,
2020,2,San Luis Potosí,Hombres,,,
2020,2,San Luis Potosí,Mujeres,,,
2020,2,Sinaloa,Hombres,,,
2020,2,Sinaloa,Mujeres,,,
2020,2,Sonora,Hombres,,,
2020,2,Sonora,Mujeres,,,
2020,2,Tabasco,Hombres,,,
2020,2,Tabasco,Mujeres,,,
2020,2,Tamaulipas,Hombres,,,
2020,2,Tamaulipas,Mujeres,,,
2020,2,Tlaxcala,Hombres,,,
2020,2,Tlaxcala,Mujeres,,,
2020,2,Veracruz,Hombres,,,
2020,2,Veracruz,Mujeres,,,
2020,2,Yucatán,Hombres,,,
2020,2,Yucatán,Mujeres,,,
2020,2,Zacatecas,Hombres,,,
2020,2,Zacatecas,Mujeres,,,
2020,3,Nacional,Hombres,20444052.0,31620116.0,64.65520873
2020,3,Nacional,Mujeres,12941207.0,19190597.0,67.43514545
2020,3,Aguascalientes,Hombres,272052.0,359255.0,75.72671222
2020,3,Aguascalientes,Mujeres,173316.0,221810.0,78.1371444
2020,3,Baja California,Hombres,709625.0,991601.0,71.56356236
2020,3,Baja California,Mujeres,513574.0,639674.0,80.28683361
2020,3,Baja California Sur,Hombres,149957.0,205024.0,73.14119323
2020,3,Baja California Sur,Mujeres,100206.0,133457.0,75.08485879
2020,3,Campeche,Hombres,143777.0,240187.0,59.86044207
2020,3,Campeche,Mujeres,78490.0,133692.0,58.70957125
2020,3,Coahuila,Hombres,606211.0,800564.0,75.72299029
2020,3,Coahuila,Mujeres,364115.0,484429.0,75.16374949
2020,3,Colima,Hombres,139372.0,201108.0,69.30206655
2020,3,Colima,Mujeres,88706.0,127752.0,69.43609493
2020,3,Chiapas,Hombres,576654.0,1391193.0,41.45032357
2020,3,Chiapas,Mujeres,288715.0,546271.0,52.85197274
2020,3,Chihuahua,Hombres,738120.0,1010683.0,73.03180127
2020,3,Chihuahua,Mujeres,522170.0,640502.0,81.52511624
2020,3,Ciudad de México,Hombres,1396522.0,2024362.0,68.98578416
2020,3,Ciudad de México,Mujeres,1169428.0,1576632.0,74.17253995
2020,3,Durango,Hombres,329083.0,487751.0,67.469467
2020,3,Durango,Mujeres,197718.0,281166.0,70.32073579
2020,3,Guanajuato,Hombres,990930.0,1510210.0,65.61537799
2020,3,Guanajuato,Mujeres,662998.0,964083.0,68.76980509
2020,3,Guerrero,Hombres,361344.0,888000.0,40.69189189
2020,3,Guerrero,Mujeres,219583.0,534911.0,41.05038034
2020,3,Hidalgo,Hombres,497198.0,770245.0,64.55062999
2020,3,Hidalgo,Mujeres,280098.0,444791.0,62.97294684
2020,3,Jalisco,Hombres,1496010.0,2188167.0,68.36818214
2020,3,Jalisco,Mujeres,1006066.0,1383578.0,72.71480177
2020,3,México,Hombres,2907965.0,4131913.0,70.37817592
2020,3,México,Mujeres,1622954.0,2395541.0,67.74895525
2020,3,Michoacán,Hombres,693240.0,1217440.0,56.94243659
2020,3,Michoacán,Mujeres,415257.0,685439.0,60.5826339
2020,3,Morelos,Hombres,306262.0,482151.0,63.51993463
2020,3,Morelos,Mujeres,210705.0,327746.0,64.28911413
2020,3,Nayarit,Hombres,208122.0,361190.0,57.6211966
2020,3,Nayarit,Mujeres,143775.0,233328.0,61.61926558
2020,3,Nuevo León,Hombres,1180562.0,1616779.0,73.01937989
2020,3,Nuevo León,Mujeres,721167.0,950504.0,75.87206366
2020,3,Oaxaca,Hombres,489120.0,1017380.0,48.07643162
2020,3,Oaxaca,Mujeres,293184.0,728947.0,40.22020805
2020,3,Puebla,Hombres,979348.0,1662146.0,58.9206965
2020,3,Puebla,Mujeres,655828.0,1023305.0,64.08920117
2020,3,Querétaro,Hombres,369851.0,548377.0,67.44465942
2020,3,Querétaro,Mujeres,253398.0,353665.0,71.64915952
2020,3,Quintana Roo,Hombres,300722.0,462919.0,64.9621208
2020,3,Quintana Roo,Mujeres,193110.0,277693.0,69.54082386
2020,3,San Luis Potosí,Hombres,466660.0,734805.0,63.50800553
2020,3,San Luis Potosí,Mujeres,290934.0,429513.0,67.73578448
2020,3,Sinaloa,Hombres,460580.0,727725.0,63.29039129
2020,3,Sinaloa,Mujeres,349907.0,445955.0,78.46240091
2020,3,Sonora,Hombres,513692.0,719597.0,71.38606748
2020,3,Sonora,Mujeres,344334.0,438902.0,78.45350443
2020,3,Tabasco,Hombres,346755.0,552995.0,62.70490692
2020,3,Tabasco,Mujeres,162311.0,267884.0,60.59003151
2020,3,Tamaulipas,Hombres,640421.0,901264.0,71.05809175
2020,3,Tamaulipas,Mujeres,413828.0,567898.0,72.87012809
2020,3,Tlaxcala,Hombres,207757.0,324189.0,64.08514786
2020,3,Tlaxcala,Mujeres,128368.0,205698.0,62.40605159
2020,3,Veracruz,Hombres,1230572.0,1987723.0,61.9086261
2020,3,Veracruz,Mujeres,663640.0,1111957.0,59.68216397
2020,3,Yucatán,Hombres,458359.0,678332.0,67.57148417
2020,3,Yucatán,Mujeres,260055.0,398348.0,65.28337032
2020,3,Zacatecas,Hombres,277209.0,424841.0,65.25005826
2020,3,Zacatecas,Mujeres,153269.0,235526.0,65.0751934
2020,4,Nacional,Hombres,21117249.0,32457256.0,65.06171994
2020,4,Nacional,Mujeres,13710219.0,20666815.0,66.33929321
2020,4,Aguascalientes,Hombres,273645.0,350289.0,78.1197811
2020,4,Aguascalientes,Mujeres,189665.0,235503.0,80.53612905
2020,4,Baja California,Hombres,736618.0,1022785.0,72.02080594
2020,4,Baja California,Mujeres,501045.0,654042.0,76.60746558
2020,4,Baja California Sur,Hombres,158551.0,226060.0,70.13668937
2020,4,Baja California Sur,Mujeres,105596.0,145513.0,72.5680867
2020,4,Campeche,Hombres,149350.0,255391.0,58.47895971
2020,4,Campeche,Mujeres,87988.0,147217.0,59.76755402
2020,4,Coahuila,Hombres,648353.0,834702.0,77.67478693
2020,4,Coahuila,Mujeres,387982.0,505874.0,76.69538264
2020,4,Colima,Hombres,139760.0,200485.0,69.71095094
2020,4,Colima,Mujeres,94860.0,136181.0,69.65729434
2020,4,Chiapas,Hombres,620347.0,1447528.0,42.85561316
2020,4,Chiapas,Mujeres,298677.0,593472.0,50.3270584
2020,4,Chihuahua,Hombres,732035.0,1004585.0,72.86939383
2020,4,Chihuahua,Mujeres,518750.0,641915.0,80.81288021
2020,4,Ciudad de México,Hombres,1484654.0,2157907.0,68.80064804
2020,4,Ciudad de México,Mujeres,1244344.0,1732546.0,71.82170055
2020,4,Durango,Hombres,321939.0,476857.0,67.51269248
2020,4,Durango,Mujeres,191213.0,284913.0,67.11276776
2020,4,Guanajuato,Hombres,1075606.0,1543768.0,69.6740702
2020,4,Guanajuato,Mujeres,738298.0,1046479.0,70.55067517
2020,4,Guerrero,Hombres,390383.0,930587.0,41.95018843
2020,4,Guerrero,Mujeres,261874.0,554831.0,47.19887678
2020,4,Hidalgo,Hombres,501444.0,765664.0,65.49139048
2020,4,Hidalgo,Mujeres,315689.0,493112.0,64.01973588
2020,4,Jalisco,Hombres,1539417.0,2214905.0,69.50261975
2020,4,Jalisco,Mujeres,1026275.0,1432807.0,71.62688345
2020,4,México,Hombres,2904578.0,4203999.0,69.0908347
2020,4,México,Mujeres,1799910.0,2656423.0,67.75690468
2020,4,Michoacán,Hombres,708259.0,1218107.0,58.14423528
2020,4,Michoacán,Mujeres,434548.0,709763.0,61.22438053
2020,4,Morelos,Hombres,308654.0,491615.0,62.78368235
2020,4,Morelos,Mujeres,222104.0,343312.0,64.69450529
2020,4,Nayarit,Hombres,228080.0,352340.0,64.73292842
2020,4,Nayarit,Mujeres,146381.0,255716.0,57.24358272
2020,4,Nuevo León,Hombres,1227950.0,1646560.0,74.57669323
2020,4,Nuevo León,Mujeres,765657.0,1000032.0,76.56324998
2020,4,Oaxaca,Hombres,543972.0,1086070.0,50.08627437
2020,4,Oaxaca,Mujeres,318359.0,777524.0,40.94523127
2020,4,Puebla,Hombres,988039.0,1656774.0,59.63631733
2020,4,Puebla,Mujeres,647599.0,1120054.0,57.81855161
2020,4,Querétaro,Hombres,408297.0,592067.0,68.9612831
2020,4,Querétaro,Mujeres,281187.0,394081.0,71.35258995
2020,4,Quintana Roo,Hombres,332245.0,503045.0,66.04677514
2020,4,Quintana Roo,Mujeres,211693.0,302166.0,70.05851088
2020,4,San Luis Potosí,Hombres,480479.0,747866.0,64.24666986
2020,4,San Luis Potosí,Mujeres,310088.0,460064.0,67.40105724
2020,4,Sinaloa,Hombres,490020.0,782475.0,62.624365
2020,4,Sinaloa,Mujeres,368419.0,484877.0,75.98195006
2020,4,Sonora,Hombres,564664.0,795041.0,71.0232554
2020,4,Sonora,Mujeres,389876.0,531834.0,73.30783666
2020,4,Tabasco,Hombres,353553.0,560422.0,63.08692378
2020,4,Tabasco,Mujeres,184788.0,305871.0,60.41370382
2020,4,Tamaulipas,Hombres,644006.0,918209.0,70.13719099
2020,4,Tamaulipas,Mujeres,437772.0,627054.0,69.814083
2020,4,Tlaxcala,Hombres,218314.0,341866.0,63.85952391
2020,4,Tlaxcala,Mujeres,138440.0,228453.0,60.5988978
2020,4,Veracruz,Hombres,1189552.0,2000712.0,59.45643351
2020,4,Veracruz,Mujeres,673122.0,1187922.0,56.66382136
2020,4,Yucatán,Hombres,483877.0,704385.0,68.69496085
2020,4,Yucatán,Mujeres,258341.0,426234.0,60.61013434
2020,4,Zacatecas,Hombres,270608.0,424190.0,63.79405455
2020,4,Zacatecas,Mujeres,159679.0,251030.0,63.60952874
2021,1,Nacional,Hombres,21248132.0,32671161.0,65.03635423
2021,1,Nacional,Mujeres,13582045.0,20302109.0,66.8996753
2021,1,Aguascalientes,Hombres,279474.0,360857.0,77.44729907
2021,1,Aguascalientes,Mujeres,188399.0,235035.0,80.15784883
2021,1,Baja California,Hombres,740181.0,1022533.0,72.38700365
2021,1,Baja California,Mujeres,504059.0,665201.0,75.77544231
2021,1,Baja California Sur,Hombres,158173.0,225860.0,70.0314354
2021,1,Baja California Sur,Mujeres,113930.0,157493.0,72.33972304
2021,1,Campeche,Hombres,155909.0,267095.0,58.37211479
2021,1,Campeche,Mujeres,89118.0,158925.0,56.07550731
2021,1,Coahuila,Hombres,645887.0,837300.0,77.13925714
2021,1,Coahuila,Mujeres,383548.0,509519.0,75.27648625
2021,1,Colima,Hombres,134607.0,202119.0,66.5978953
2021,1,Colima,Mujeres,103964.0,151435.0,68.6525572
2021,1,Chiapas,Hombres,637334.0,1439906.0,44.26219489
2021,1,Chiapas,Mujeres,314864.0,623719.0,50.48170731
2021,1,Chihuahua,Hombres,713425.0,989290.0,72.11485004
2021,1,Chihuahua,Mujeres,494093.0,615485.0,80.27701731
2021,1,Ciudad de México,Hombres,1479918.0,2178955.0,67.91870415
2021,1,Ciudad de México,Mujeres,1250326.0,1691499.0,73.91822283
2021,1,Durango,Hombres,327329.0,474551.0,68.97656943
2021,1,Durango,Mujeres,200534.0,295678.0,67.82175204
2021,1,Guanajuato,Hombres,1072629.0,1541905.0,69.56518073
2021,1,Guanajuato,Mujeres,685443.0,983717.0,69.67888122
2021,1,Guerrero,Hombres,362099.0,841783.0,43.01571783
2021,1,Guerrero,Mujeres,287650.0,550204.0,52.28060865
2021,1,Hidalgo,Hombres,463975.0,747911.0,62.03612462
2021,1,Hidalgo,Mujeres,291050.0,481089.0,60.49816146
2021,1,Jalisco,Hombres,1550662.0,2265715.0,68.44029368
2021,1,Jalisco,Mujeres,1048861.0,1469881.0,71.35686494
2021,1,México,Hombres,2893729.0,4288623.0,67.47454836
2021,1,México,Mujeres,1689493.0,2495659.0,67.69726954
2021,1,Michoacán,Hombres,785835.0,1238187.0,63.46658461
2021,1,Michoacán,Mujeres,460197.0,700920.0,65.65613765
2021,1,Morelos,Hombres,291564.0,479895.0,60.75579033
2021,1,Morelos,Mujeres,222238.0,326755.0,68.01364937
2021,1,Nayarit,Hombres,256343.0,388965.0,65.9038731
2021,1,Nayarit,Mujeres,152837.0,245333.0,62.29777486
2021,1,Nuevo León,Hombres,1267108.0,1671629.0,75.80079073
2021,1,Nuevo León,Mujeres,759945.0,977876.0,77.71384102
2021,1,Oaxaca,Hombres,516891.0,1044482.0,49.48778438
2021,1,Oaxaca,Mujeres,314699.0,779042.0,40.39563977
2021,1,Puebla,Hombres,1102645.0,1741936.0,63.29997199
2021,1,Puebla,Mujeres,599883.0,1035862.0,57.91147856
2021,1,Querétaro,Hombres,432147.0,605485.0,71.3720406
2021,1,Querétaro,Mujeres,256743.0,354855.0,72.35152386
2021,1,Quintana Roo,Hombres,350865.0,529298.0,66.28874471
2021,1,Quintana Roo,Mujeres,211999.0,314324.0,67.44601112
2021,1,San Luis Potosí,Hombres,471524.0,721089.0,65.39054125
2021,1,San Luis Potosí,Mujeres,320942.0,474656.0,67.61570485
2021,1,Sinaloa,Hombres,520345.0,816468.0,63.73121788
2021,1,Sinaloa,Mujeres,374530.0,498803.0,75.0857553
2021,1,Sonora,Hombres,534393.0,773422.0,69.09462105
2021,1,Sonora,Mujeres,388171.0,523660.0,74.12653248
2021,1,Tabasco,Hombres,365194.0,582050.0,62.7427197
2021,1,Tabasco,Mujeres,194052.0,327375.0,59.27514318
2021,1,Tamaulipas,Hombres,659374.0,922630.0,71.46678517
2021,1,Tamaulipas,Mujeres,430485.0,602904.0,71.40191473
2021,1,Tlaxcala,Hombres,213355.0,328483.0,64.95161089
2021,1,Tlaxcala,Mujeres,139434.0,222910.0,62.55170248
2021,1,Veracruz,Hombres,1138200.0,2040458.0,55.78159413
2021,1,Veracruz,Mujeres,674797.0,1130648.0,59.68232376
2021,1,Yucatán,Hombres,461887.0,691383.0,66.80624198
2021,1,Yucatán,Mujeres,274840.0,457081.0,60.12938626
2021,1,Zacatecas,Hombres,265131.0,410898.0,64.52477257
2021,1,Zacatecas,Mujeres,160921.0,244566.0,65.79859833
2021,2,Nacional,Hombres,21862407.0,33577390.0,65.11050144
2021,2,Nacional,Mujeres,14274831.0,21665358.0,65.88781501
2021,2,Aguascalientes,Hombres,278163.0,361768.0,76.88988523
2021,2,Aguascalientes,Mujeres,193401.0,245633.0,78.73575619
2021,2,Baja California,Hombres,758872.0,1073704.0,70.67795221
2021,2,Baja California,Mujeres,513359.0,690783.0,74.31552311
2021,2,Baja California Sur,Hombres,165547.0,240077.0,68.95579335
2021,2,Baja California Sur,Mujeres,116714.0,167822.0,69.54630501
2021,2,Campeche,Hombres,158548.0,265849.0,59.63836614
2021,2,Campeche,Mujeres,94769.0,164524.0,57.60193042
2021,2,Coahuila,Hombres,660615.0,865450.0,76.33196603
2021,2,Coahuila,Mujeres,405991.0,530787.0,76.48849727
2021,2,Colima,Hombres,147025.0,211359.0,69.56174092
2021,2,Colima,Mujeres,106163.0,157548.0,67.38454312
2021,2,Chiapas,Hombres,678595.0,1518756.0,44.68097575
2021,2,Chiapas,Mujeres,336658.0,678717.0,49.60211694
2021,2,Chihuahua,Hombres,757528.0,1033093.0,73.32621555
2021,2,Chihuahua,Mujeres,514639.0,644660.0,79.83107374
2021,2,Ciudad de México,Hombres,1584098.0,2344779.0,67.55852044
2021,2,Ciudad de México,Mujeres,1319351.0,1772648.0,74.42825648
2021,2,Durango,Hombres,338899.0,494567.0,68.52438598
2021,2,Durango,Mujeres,206633.0,309859.0,66.68613789
2021,2,Guanajuato,Hombres,1084801.0,1569758.0,69.10625714
2021,2,Guanajuato,Mujeres,738968.0,1073672.0,68.82623371
2021,2,Guerrero,Hombres,405554.0,900449.0,45.03908606
2021,2,Guerrero,Mujeres,299190.0,607810.0,49.22426416
2021,2,Hidalgo,Hombres,501224.0,785968.0,63.77155304
2021,2,Hidalgo,Mujeres,313795.0,510694.0,61.44481823
2021,2,Jalisco,Hombres,1587045.0,2313882.0,68.58798331
2021,2,Jalisco,Mujeres,1043235.0,1510818.0,69.05100416
2021,2,México,Hombres,2983256.0,4407976.0,67.6785899
2021,2,México,Mujeres,1919425.0,2868904.0,66.90446944
2021,2,Michoacán,Hombres,788370.0,1237056.0,63.72953205
2021,2,Michoacán,Mujeres,461925.0,764268.0,60.4401859
2021,2,Morelos,Hombres,317418.0,506067.0,62.72252488
2021,2,Morelos,Mujeres,212849.0,327362.0,65.01945858
2021,2,Nayarit,Hombres,238254.0,382771.0,62.24452741
2021,2,Nayarit,Mujeres,130942.0,226774.0,57.74118726
2021,2,Nuevo León,Hombres,1303564.0,1715471.0,75.98869348
2021,2,Nuevo León,Mujeres,813009.0,1051010.0,77.35502041
2021,2,Oaxaca,Hombres,507299.0,1056486.0,48.01757903
2021,2,Oaxaca,Mujeres,307534.0,758070.0,40.56802142
2021,2,Puebla,Hombres,1031831.0,1730598.0,59.6228009
2021,2,Puebla,Mujeres,687831.0,1173697.0,58.60379638
2021,2,Querétaro,Hombres,418038.0,599934.0,69.68066487
2021,2,Querétaro,Mujeres,282631.0,392300.0,72.04460872
2021,2,Quintana Roo,Hombres,374197.0,548727.0,68.1936555
2021,2,Quintana Roo,Mujeres,223156.0,314762.0,70.89674103
2021,2,San Luis Potosí,Hombres,474372.0,757157.0,62.65173537
2021,2,San Luis Potosí,Mujeres,316983.0,487772.0,64.98589505
2021,2,Sinaloa,Hombres,541877.0,823637.0,65.79075491
2021,2,Sinaloa,Mujeres,359685.0,509314.0,70.62146338
2021,2,Sonora,Hombres,585798.0,806040.0,72.67604585
2021,2,Sonora,Mujeres,403079.0,554870.0,72.64386253
2021,2,Tabasco,Hombres,401517.0,607914.0,66.04832262
2021,2,Tabasco,Mujeres,199862.0,332013.0,60.19704048
2021,2,Tamaulipas,Hombres,663818.0,943322.0,70.37024473
2021,2,Tamaulipas,Mujeres,455850.0,653412.0,69.76455896
2021,2,Tlaxcala,Hombres,222504.0,343626.0,64.7517941
2021,2,Tlaxcala,Mujeres,145626.0,244199.0,59.63415084
2021,2,Veracruz,Hombres,1205429.0,2044225.0,58.96753048
2021,2,Veracruz,Mujeres,689293.0,1211893.0,56.87738109
2021,2,Yucatán,Hombres,433967.0,679811.0,63.83641924
2021,2,Yucatán,Mujeres,292724.0,479285.0,61.07514318
2021,2,Zacatecas,Hombres,264384.0,407113.0,64.94118341
2021,2,Zacatecas,Mujeres,169561.0,249478.0,67.96631366
2021,3,Nacional,Hombres,21801566.0,34000830.0,64.12068764
2021,3,Nacional,Mujeres,14456746.0,21835400.0,66.20783682
2021,3,Aguascalientes,Hombres,289468.0,374199.0,77.35670058
2021,3,Aguascalientes,Mujeres,189479.0,245871.0,77.06439556
2021,3,Baja California,Hombres,753933.0,1073235.0,70.24864079
2021,3,Baja California,Mujeres,512641.0,688166.0,74.49379946
2021,3,Baja California Sur,Hombres,172417.0,240654.0,71.64518354
2021,3,Baja California Sur,Mujeres,121574.0,165678.0,73.37968831
2021,3,Campeche,Hombres,154147.0,263849.0,58.42243101
2021,3,Campeche,Mujeres,92929.0,154303.0,60.22501183
2021,3,Coahuila,Hombres,670881.0,875940.0,76.58983492
2021,3,Coahuila,Mujeres,410117.0,539504.0,76.017416
2021,3,Colima,Hombres,147723.0,218747.0,67.53144043
2021,3,Colima,Mujeres,113308.0,164391.0,68.92591444
2021,3,Chiapas,Hombres,594762.0,1478728.0,40.2211901
2021,3,Chiapas,Mujeres,334919.0,620083.0,54.01196291
2021,3,Chihuahua,Hombres,747564.0,1058280.0,70.63952829
2021,3,Chihuahua,Mujeres,528161.0,662774.0,79.68945674
2021,3,Ciudad de México,Hombres,1578328.0,2423314.0,65.13097353
2021,3,Ciudad de México,Mujeres,1420136.0,1970545.0,72.06818418
2021,3,Durango,Hombres,315667.0,490296.0,64.38294418
2021,3,Durango,Mujeres,209319.0,316569.0,66.12112999
2021,3,Guanajuato,Hombres,1056421.0,1593259.0,66.30566656
2021,3,Guanajuato,Mujeres,745091.0,1083775.0,68.74960209
2021,3,Guerrero,Hombres,380517.0,919048.0,41.40338698
2021,3,Guerrero,Mujeres,268246.0,583431.0,45.97733065
2021,3,Hidalgo,Hombres,485726.0,784473.0,61.91749111
2021,3,Hidalgo,Mujeres,336315.0,552921.0,60.825145
2021,3,Jalisco,Hombres,1593751.0,2335109.0,68.25167476
2021,3,Jalisco,Mujeres,1056348.0,1490308.0,70.88118698
2021,3,México,Hombres,3065536.0,4603612.0,66.58979949
2021,3,México,Mujeres,1925320.0,2889887.0,66.62267417
2021,3,Michoacán,Hombres,788780.0,1312219.0,60.11039316
2021,3,Michoacán,Mujeres,527530.0,813399.0,64.85500966
2021,3,Morelos,Hombres,304195.0,506233.0,60.08991907
2021,3,Morelos,Mujeres,218641.0,330510.0,66.15261263
2021,3,Nayarit,Hombres,202389.0,341802.0,59.21235101
2021,3,Nayarit,Mujeres,146736.0,238561.0,61.50879649
2021,3,Nuevo León,Hombres,1296543.0,1712519.0,75.70970016
2021,3,Nuevo León,Mujeres,789684.0,1021720.0,77.2896684
2021,3,Oaxaca,Hombres,505824.0,1041786.0,48.55354171
2021,3,Oaxaca,Mujeres,299801.0,710915.0,42.17114564
2021,3,Puebla,Hombres,1049961.0,1709317.0,61.42576245
2021,3,Puebla,Mujeres,686966.0,1163761.0,59.02981798
2021,3,Querétaro,Hombres,433552.0,622991.0,69.59201658
2021,3,Querétaro,Mujeres,306904.0,405415.0,75.70119507
2021,3,Quintana Roo,Hombres,380761.0,559368.0,68.06985741
2021,3,Quintana Roo,Mujeres,230984.0,327498.0,70.52989637
2021,3,San Luis Potosí,Hombres,473908.0,750776.0,63.12242267
2021,3,San Luis Potosí,Mujeres,326905.0,505911.0,64.61709668
2021,3,Sinaloa,Hombres,505532.0,789334.0,64.0453851
2021,3,Sinaloa,Mujeres,357667.0,518560.0,68.97311786
2021,3,Sonora,Hombres,581071.0,813041.0,71.46884351
2021,3,Sonora,Mujeres,407870.0,565382.0,72.14060582
2021,3,Tabasco,Hombres,401698.0,602062.0,66.72037099
2021,3,Tabasco,Mujeres,208216.0,340762.0,61.10305727
2021,3,Tamaulipas,Hombres,691327.0,956434.0,72.28172566
2021,3,Tamaulipas,Mujeres,443554.0,644108.0,68.86329622
2021,3,Tlaxcala,Hombres,227957.0,348470.0,65.41653514
2021,3,Tlaxcala,Mujeres,147235.0,243921.0,60.36175647
2021,3,Veracruz,Hombres,1250926.0,2095032.0,59.70915957
2021,3,Veracruz,Mujeres,645342.0,1172087.0,55.05922342
2021,3,Yucatán,Hombres,435017.0,685362.0,63.47258821
2021,3,Yucatán,Mujeres,275275.0,444683.0,61.90364822
2021,3,Zacatecas,Hombres,265284.0,421341.0,62.96182902
2021,3,Zacatecas,Mujeres,173533.0,260001.0,66.74320483
2021,4,Nacional,Hombres,22078410.0,34289260.0,64.38870363
2021,4,Nacional,Mujeres,14651975.0,22321951.0,65.63931173
2021,4,Aguascalientes,Hombres,292046.0,378317.0,77.19610803
2021,4,Aguascalientes,Mujeres,194605.0,252380.0,77.10793248
2021,4,Baja California,Hombres,746981.0,1086268.0,68.76581102
2021,4,Baja California,Mujeres,507171.0,703836.0,72.05812149
2021,4,Baja California Sur,Hombres,178711.0,251012.0,71.19619779
2021,4,Baja California Sur,Mujeres,126588.0,166622.0,75.97316081
2021,4,Campeche,Hombres,163505.0,263216.0,62.1181843
2021,4,Campeche,Mujeres,97674.0,157884.0,61.86440678
2021,4,Coahuila,Hombres,667894.0,869610.0,76.8038546
2021,4,Coahuila,Mujeres,422488.0,552104.0,76.52326373
2021,4,Colima,Hombres,147816.0,223188.0,66.22936717
2021,4,Colima,Mujeres,116197.0,166247.0,69.89419358
2021,4,Chiapas,Hombres,582783.0,1448841.0,40.22408256
2021,4,Chiapas,Mujeres,349926.0,709564.0,49.31563608
2021,4,Chihuahua,Hombres,754846.0,1050801.0,71.83529517
2021,4,Chihuahua,Mujeres,537735.0,675538.0,79.6009995
2021,4,Ciudad de México,Hombres,1594835.0,2482984.0,64.23057901
2021,4,Ciudad de México,Mujeres,1434238.0,1982122.0,72.35871455
2021,4,Durango,Hombres,322484.0,490190.0,65.78755177
2021,4,Durango,Mujeres,217485.0,317145.0,68.575888
2021,4,Guanajuato,Hombres,1094025.0,1632693.0,67.00739208
2021,4,Guanajuato,Mujeres,723623.0,1057021.0,68.45871558
2021,4,Guerrero,Hombres,373276.0,909289.0,41.0514149
2021,4,Guerrero,Mujeres,252693.0,575900.0,43.8779302
2021,4,Hidalgo,Hombres,521548.0,801863.0,65.04203336
2021,4,Hidalgo,Mujeres,338255.0,565987.0,59.76374016
2021,4,Jalisco,Hombres,1663670.0,2398692.0,69.35738311
2021,4,Jalisco,Mujeres,1076212.0,1525920.0,70.52873021
2021,4,México,Hombres,3123869.0,4613785.0,67.70729455
2021,4,México,Mujeres,2004795.0,2996155.0,66.91225921
2021,4,Michoacán,Hombres,797537.0,1305111.0,61.1087486
2021,4,Michoacán,Mujeres,521353.0,805822.0,64.69828324
2021,4,Morelos,Hombres,297400.0,493277.0,60.29066833
2021,4,Morelos,Mujeres,215858.0,337105.0,64.0328681
2021,4,Nayarit,Hombres,210263.0,350322.0,60.01992453
2021,4,Nayarit,Mujeres,148450.0,243607.0,60.93831458
2021,4,Nuevo León,Hombres,1331135.0,1724947.0,77.16961739
2021,4,Nuevo León,Mujeres,818121.0,1059373.0,77.22690686
2021,4,Oaxaca,Hombres,481456.0,1066764.0,45.13238167
2021,4,Oaxaca,Mujeres,306197.0,759508.0,40.31517772
2021,4,Puebla,Hombres,1038927.0,1719797.0,60.40986233
2021,4,Puebla,Mujeres,684173.0,1207987.0,56.63744726
2021,4,Querétaro,Hombres,414322.0,596115.0,69.50370314
2021,4,Querétaro,Mujeres,298548.0,403449.0,73.9989441
2021,4,Quintana Roo,Hombres,377916.0,549514.0,68.77277012
2021,4,Quintana Roo,Mujeres,246868.0,346470.0,71.25234508
2021,4,San Luis Potosí,Hombres,487739.0,755367.0,64.56980514
2021,4,San Luis Potosí,Mujeres,333212.0,516339.0,64.53357194
2021,4,Sinaloa,Hombres,529370.0,826615.0,64.04069609
2021,4,Sinaloa,Mujeres,354908.0,515768.0,68.81155869
2021,4,Sonora,Hombres,580839.0,816760.0,71.11501543
2021,4,Sonora,Mujeres,420424.0,582521.0,72.17319204
2021,4,Tabasco,Hombres,412632.0,613959.0,67.20839665
2021,4,Tabasco,Mujeres,214293.0,339762.0,63.07150299
2021,4,Tamaulipas,Hombres,680253.0,971548.0,70.01743609
2021,4,Tamaulipas,Mujeres,440797.0,656539.0,67.13949971
2021,4,Tlaxcala,Hombres,233038.0,349772.0,66.62568759
2021,4,Tlaxcala,Mujeres,149223.0,245157.0,60.86834151
2021,4,Veracruz,Hombres,1270564.0,2131832.0,59.59963074
2021,4,Veracruz,Mujeres,618473.0,1151409.0,53.71444899
2021,4,Yucatán,Hombres,434857.0,689720.0,63.04833846
2021,4,Yucatán,Mujeres,294361.0,476803.0,61.73639847
2021,4,Zacatecas,Hombres,271873.0,427091.0,63.65692557
2021,4,Zacatecas,Mujeres,187031.0,269907.0,69.29460888
2022,1,Nacional,Hombres,21996024.0,33997934.0,64.6981196
2022,1,Nacional,Mujeres,14697005.0,22081189.0,66.55893847
2022,1,Aguascalientes,Hombres,290488.0,379297.0,76.58589443
2022,1,Aguascalientes,Mujeres,186520.0,245441.0,75.99382336
2022,1,Baja California,Hombres,745251.0,1062402.0,70.14774069
2022,1,Baja California,Mujeres,521662.0,707841.0,73.69762418
2022,1,Baja California Sur,Hombres,175467.0,248239.0,70.68470305
2022,1,Baja California Sur,Mujeres,126749.0,172527.0,73.4661821
2022,1,Campeche,Hombres,160018.0,264073.0,60.59612304
2022,1,Campeche,Mujeres,99196.0,158618.0,62.53766912
2022,1,Coahuila,Hombres,679306.0,868646.0,78.20285824
2022,1,Coahuila,Mujeres,421965.0,545222.0,77.39324532
2022,1,Colima,Hombres,147570.0,221932.0,66.4933403
2022,1,Colima,Mujeres,110803.0,158110.0,70.07969135
2022,1,Chiapas,Hombres,569188.0,1462738.0,38.91250518
2022,1,Chiapas,Mujeres,310807.0,641490.0,48.45079424
2022,1,Chihuahua,Hombres,742459.0,1041952.0,71.25654541
2022,1,Chihuahua,Mujeres,514818.0,648005.0,79.44660921
2022,1,Ciudad de México,Hombres,1587436.0,2439094.0,65.08301853
2022,1,Ciudad de México,Mujeres,1408755.0,1946624.0,72.36913754
2022,1,Durango,Hombres,323757.0,482340.0,67.1221545
2022,1,Durango,Mujeres,215773.0,309916.0,69.62305915
2022,1,Guanajuato,Hombres,1105507.0,1641914.0,67.33038393
2022,1,Guanajuato,Mujeres,732772.0,1062668.0,68.95587333
2022,1,Guerrero,Hombres,377410.0,819846.0,46.03425521
2022,1,Guerrero,Mujeres,259015.0,532676.0,48.62524311
2022,1,Hidalgo,Hombres,498907.0,782465.0,63.76093499
2022,1,Hidalgo,Mujeres,352963.0,559231.0,63.11577863
2022,1,Jalisco,Hombres,1624939.0,2388048.0,68.04465404
2022,1,Jalisco,Mujeres,1115150.0,1555679.0,71.68252577
2022,1,México,Hombres,3146426.0,4547285.0,69.19350777
2022,1,México,Mujeres,2028019.0,2987010.0,67.89461703
2022,1,Michoacán,Hombres,787918.0,1327601.0,59.34900621
2022,1,Michoacán,Mujeres,533889.0,840426.0,63.52599753
2022,1,Morelos,Hombres,297706.0,496848.0,59.91892893
2022,1,Morelos,Mujeres,218415.0,336469.0,64.91385536
2022,1,Nayarit,Hombres,217629.0,349694.0,62.23412469
2022,1,Nayarit,Mujeres,157208.0,245361.0,64.0721223
2022,1,Nuevo León,Hombres,1312898.0,1702601.0,77.11131381
2022,1,Nuevo León,Mujeres,812920.0,1034214.0,78.60268764
2022,1,Oaxaca,Hombres,487973.0,1049087.0,46.51406413
2022,1,Oaxaca,Mujeres,317987.0,805721.0,39.46614275
2022,1,Puebla,Hombres,1063860.0,1778065.0,59.83245832
2022,1,Puebla,Mujeres,667386.0,1151959.0,57.93487442
2022,1,Querétaro,Hombres,433379.0,618671.0,70.04999426
2022,1,Querétaro,Mujeres,300085.0,396400.0,75.70257316
2022,1,Quintana Roo,Hombres,372825.0,561180.0,66.43590292
2022,1,Quintana Roo,Mujeres,255189.0,350473.0,72.81274164
2022,1,San Luis Potosí,Hombres,482403.0,761063.0,63.38542276
2022,1,San Luis Potosí,Mujeres,319986.0,490579.0,65.22619191
2022,1,Sinaloa,Hombres,527539.0,829897.0,63.56680407
2022,1,Sinaloa,Mujeres,365694.0,506835.0,72.15247566
2022,1,Sonora,Hombres,587401.0,828797.0,70.87392932
2022,1,Sonora,Mujeres,397424.0,549549.0,72.31821002
2022,1,Tabasco,Hombres,415858.0,624502.0,66.59033918
2022,1,Tabasco,Mujeres,217609.0,350785.0,62.03486466
2022,1,Tamaulipas,Hombres,683694.0,953568.0,71.69850498
2022,1,Tamaulipas,Mujeres,435807.0,624871.0,69.74351506
2022,1,Tlaxcala,Hombres,236167.0,352261.0,67.04318673
2022,1,Tlaxcala,Mujeres,147565.0,241052.0,61.21708179
2022,1,Veracruz,Hombres,1207951.0,2020105.0,59.79644622
2022,1,Veracruz,Mujeres,673752.0,1190733.0,56.58296192
2022,1,Yucatán,Hombres,448354.0,691397.0,64.84754779
2022,1,Yucatán,Mujeres,295786.0,478943.0,61.75807977
2022,1,Zacatecas,Hombres,258340.0,402326.0,64.21160949
2022,1,Zacatecas,Mujeres,175336.0,255761.0,68.55462717
2022,2,Nacional,Hombres,22286287.0,34528782.0,64.54408673
2022,2,Nacional,Mujeres,15100680.0,22891895.0,65.96518113
2022,2,Aguascalientes,Hombres,288099.0,376342.0,76.55244432
2022,2,Aguascalientes,Mujeres,192598.0,249515.0,77.18894656
2022,2,Baja California,Hombres,751229.0,1077088.0,69.74629742
2022,2,Baja California,Mujeres,532269.0,729355.0,72.97804224
2022,2,Baja California Sur,Hombres,173989.0,255006.0,68.229375
2022,2,Baja California Sur,Mujeres,125482.0,175069.0,71.67573928
2022,2,Campeche,Hombres,157725.0,265709.0,59.36005179
2022,2,Campeche,Mujeres,100002.0,164171.0,60.91331599
2022,2,Coahuila,Hombres,684320.0,884845.0,77.33783883
2022,2,Coahuila,Mujeres,428268.0,569946.0,75.14185554
2022,2,Colima,Hombres,144673.0,222650.0,64.9777678
2022,2,Colima,Mujeres,113159.0,162460.0,69.65345316
2022,2,Chiapas,Hombres,590674.0,1455679.0,40.57721517
2022,2,Chiapas,Mujeres,326561.0,686932.0,47.53905772
2022,2,Chihuahua,Hombres,773082.0,1085566.0,71.21464747
2022,2,Chihuahua,Mujeres,534741.0,674541.0,79.27479575
2022,2,Ciudad de México,Hombres,1572001.0,2542214.0,61.83590367
2022,2,Ciudad de México,Mujeres,1448927.0,1992162.0,72.7313843
2022,2,Durango,Hombres,333235.0,492900.0,67.60701968
2022,2,Durango,Mujeres,217764.0,315431.0,69.03696847
2022,2,Guanajuato,Hombres,1100870.0,1620371.0,67.93937931
2022,2,Guanajuato,Mujeres,782591.0,1125321.0,69.54380128
2022,2,Guerrero,Hombres,373647.0,895303.0,41.73413917
2022,2,Guerrero,Mujeres,266748.0,602049.0,44.30669264
2022,2,Hidalgo,Hombres,503427.0,788991.0,63.80643125
2022,2,Hidalgo,Mujeres,350268.0,597084.0,58.66310268
2022,2,Jalisco,Hombres,1692837.0,2436938.0,69.46573938
2022,2,Jalisco,Mujeres,1109597.0,1536440.0,72.21870037
2022,2,México,Hombres,3194901.0,4615987.0,69.21382144
2022,2,México,Mujeres,2164626.0,3154785.0,68.61405769
2022,2,Michoacán,Hombres,821937.0,1325706.0,61.99994569
2022,2,Michoacán,Mujeres,539365.0,872142.0,61.84371352
2022,2,Morelos,Hombres,294240.0,484895.0,60.6811784
2022,2,Morelos,Mujeres,218135.0,338951.0,64.35590985
2022,2,Nayarit,Hombres,214571.0,348069.0,61.6461104
2022,2,Nayarit,Mujeres,164006.0,255277.0,64.24628932
2022,2,Nuevo León,Hombres,1319844.0,1723785.0,76.56662519
2022,2,Nuevo León,Mujeres,810762.0,1060002.0,76.48683682
2022,2,Oaxaca,Hombres,481383.0,1066829.0,45.12278913
2022,2,Oaxaca,Mujeres,309063.0,813512.0,37.99120357
2022,2,Puebla,Hombres,1123877.0,1789265.0,62.81221619
2022,2,Puebla,Mujeres,687017.0,1209652.0,56.79459878
2022,2,Querétaro,Hombres,416190.0,598159.0,69.57849
2022,2,Querétaro,Mujeres,285589.0,387386.0,73.72207566
2022,2,Quintana Roo,Hombres,376313.0,571356.0,65.86313962
2022,2,Quintana Roo,Mujeres,247258.0,361929.0,68.31671405
2022,2,San Luis Potosí,Hombres,481689.0,759547.0,63.417932
2022,2,San Luis Potosí,Mujeres,315929.0,483107.0,65.3952437
2022,2,Sinaloa,Hombres,533631.0,835903.0,63.83886647
2022,2,Sinaloa,Mujeres,382329.0,552263.0,69.22951565
2022,2,Sonora,Hombres,596335.0,826135.0,72.183723
2022,2,Sonora,Mujeres,433476.0,588139.0,73.70298518
2022,2,Tabasco,Hombres,411364.0,624130.0,65.9099867
2022,2,Tabasco,Mujeres,208682.0,346994.0,60.13994478
2022,2,Tamaulipas,Hombres,687772.0,978318.0,70.30147662
2022,2,Tamaulipas,Mujeres,448870.0,640564.0,70.07418462
2022,2,Tlaxcala,Hombres,230786.0,356474.0,64.74132756
2022,2,Tlaxcala,Mujeres,155651.0,250219.0,62.20590762
2022,2,Veracruz,Hombres,1228899.0,2102587.0,58.44699886
2022,2,Veracruz,Mujeres,721950.0,1235875.0,58.41610195
2022,2,Yucatán,Hombres,467540.0,706190.0,66.20597856
2022,2,Yucatán,Mujeres,305275.0,498008.0,61.29921608
2022,2,Zacatecas,Hombres,265207.0,415845.0,63.77544518
2022,2,Zacatecas,Mujeres,173722.0,262614.0,66.15108105
2022,3,Nacional,Hombres,22029063.0,34632039.0,63.60891139
2022,3,Nacional,Mujeres,15014023.0,22808402.0,65.82672035
2022,3,Aguascalientes,Hombres,290646.0,378205.0,76.84879893
2022,3,Aguascalientes,Mujeres,203837.0,260650.0,78.20333781
2022,3,Baja California,Hombres,754489.0,1072618.0,70.34088557
2022,3,Baja California,Mujeres,536725.0,709993.0,75.59581573
2022,3,Baja California Sur,Hombres,180869.0,253331.0,71.39631549
2022,3,Baja California Sur,Mujeres,133763.0,174498.0,76.6558929
2022,3,Campeche,Hombres,160027.0,269325.0,59.41780377
2022,3,Campeche,Mujeres,100825.0,166094.0,60.70357749
2022,3,Coahuila,Hombres,696904.0,892409.0,78.09244416
2022,3,Coahuila,Mujeres,427448.0,558193.0,76.57709789
2022,3,Colima,Hombres,143583.0,223871.0,64.13648932
2022,3,Colima,Mujeres,111641.0,159145.0,70.15049169
2022,3,Chiapas,Hombres,569411.0,1480288.0,38.4662309
2022,3,Chiapas,Mujeres,311262.0,697449.0,44.62863951
2022,3,Chihuahua,Hombres,784943.0,1095899.0,71.62548739
2022,3,Chihuahua,Mujeres,547012.0,679444.0,80.50876893
2022,3,Ciudad de México,Hombres,1580154.0,2536967.0,62.28516177
2022,3,Ciudad de México,Mujeres,1444174.0,2009548.0,71.86561356
2022,3,Durango,Hombres,336704.0,502816.0,66.96366066
2022,3,Durango,Mujeres,220761.0,324422.0,68.04748137
2022,3,Guanajuato,Hombres,1107457.0,1635778.0,67.70215763
2022,3,Guanajuato,Mujeres,773727.0,1098141.0,70.45789202
2022,3,Guerrero,Hombres,341704.0,921081.0,37.09814881
2022,3,Guerrero,Mujeres,247738.0,609390.0,40.65344033
2022,3,Hidalgo,Hombres,520077.0,827929.0,62.81661833
2022,3,Hidalgo,Mujeres,353872.0,604795.0,58.51106573
2022,3,Jalisco,Hombres,1658451.0,2429279.0,68.26926837
2022,3,Jalisco,Mujeres,1172553.0,1594348.0,73.54435794
2022,3,México,Hombres,3054307.0,4602138.0,66.36713197
2022,3,México,Mujeres,2104033.0,3187019.0,66.0188408
2022,3,Michoacán,Hombres,811638.0,1347488.0,60.2334121
2022,3,Michoacán,Mujeres,548857.0,862037.0,63.66977288
2022,3,Morelos,Hombres,300621.0,497248.0,60.45695508
2022,3,Morelos,Mujeres,224821.0,351885.0,63.89047558
2022,3,Nayarit,Hombres,198771.0,349790.0,56.82580977
2022,3,Nayarit,Mujeres,165600.0,254649.0,65.0306893
2022,3,Nuevo León,Hombres,1323161.0,1709070.0,77.41994184
2022,3,Nuevo León,Mujeres,816939.0,1063414.0,76.82229122
2022,3,Oaxaca,Hombres,433581.0,1069499.0,40.54057087
2022,3,Oaxaca,Mujeres,323992.0,824101.0,39.31459857
2022,3,Puebla,Hombres,1120164.0,1791266.0,62.53476591
2022,3,Puebla,Mujeres,653063.0,1122678.0,58.17010755
2022,3,Querétaro,Hombres,420780.0,619207.0,67.95465814
2022,3,Querétaro,Mujeres,296220.0,406305.0,72.90582198
2022,3,Quintana Roo,Hombres,387090.0,579561.0,66.79020845
2022,3,Quintana Roo,Mujeres,255791.0,354555.0,72.14423714
2022,3,San Luis Potosí,Hombres,489826.0,757863.0,64.63252593
2022,3,San Luis Potosí,Mujeres,317561.0,481430.0,65.96202979
2022,3,Sinaloa,Hombres,525120.0,828589.0,63.37520773
2022,3,Sinaloa,Mujeres,371730.0,538445.0,69.03769187
2022,3,Sonora,Hombres,561077.0,821050.0,68.33652031
2022,3,Sonora,Mujeres,401095.0,558744.0,71.78511089
2022,3,Tabasco,Hombres,431328.0,640839.0,67.30676504
2022,3,Tabasco,Mujeres,203182.0,352587.0,57.62606109
2022,3,Tamaulipas,Hombres,674125.0,968714.0,69.58968282
2022,3,Tamaulipas,Mujeres,434843.0,628459.0,69.1919441
2022,3,Tlaxcala,Hombres,239577.0,362948.0,66.00862934
2022,3,Tlaxcala,Mujeres,164884.0,253066.0,65.15454466
2022,3,Veracruz,Hombres,1201200.0,2024818.0,59.32385034
2022,3,Veracruz,Mujeres,679539.0,1185851.0,57.30391086
2022,3,Yucatán,Hombres,461750.0,714268.0,64.64660324
2022,3,Yucatán,Mujeres,306492.0,485285.0,63.15711386
2022,3,Zacatecas,Hombres,269528.0,427887.0,62.99046244
2022,3,Zacatecas,Mujeres,160043.0,251782.0,63.56411499
2022,4,Nacional,Hombres,22373784.0,34695540.0,64.4860521
2022,4,Nacional,Mujeres,15596776.0,23653813.0,65.93768201
2022,4,Aguascalientes,Hombres,281907.0,373908.0,75.39474951
2022,4,Aguascalientes,Mujeres,203772.0,264499.0,77.04074496
2022,4,Baja California,Hombres,750599.0,1068413.0,70.25363787
2022,4,Baja California,Mujeres,553444.0,729740.0,75.84125853
2022,4,Baja California Sur,Hombres,173727.0,249540.0,69.61889877
2022,4,Baja California Sur,Mujeres,138776.0,181820.0,76.32603674
2022,4,Campeche,Hombres,153685.0,264858.0,58.0254325
2022,4,Campeche,Mujeres,99019.0,161724.0,61.22715243
2022,4,Coahuila,Hombres,718093.0,912007.0,78.7376632
2022,4,Coahuila,Mujeres,441157.0,575924.0,76.59986387
2022,4,Colima,Hombres,143645.0,218215.0,65.82728043
2022,4,Colima,Mujeres,108004.0,158044.0,68.33793121
2022,4,Chiapas,Hombres,580953.0,1458410.0,39.83468298
2022,4,Chiapas,Mujeres,321568.0,701245.0,45.85672625
2022,4,Chihuahua,Hombres,796850.0,1107371.0,71.95872025
2022,4,Chihuahua,Mujeres,550187.0,710881.0,77.39509144
2022,4,Ciudad de México,Hombres,1725013.0,2581577.0,66.82012584
2022,4,Ciudad de México,Mujeres,1508015.0,2116597.0,71.24714813
2022,4,Durango,Hombres,329327.0,488833.0,67.37004253
2022,4,Durango,Mujeres,222807.0,310529.0,71.75078656
2022,4,Guanajuato,Hombres,1103109.0,1661824.0,66.37941202
2022,4,Guanajuato,Mujeres,775140.0,1093527.0,70.88439517
2022,4,Guerrero,Hombres,363180.0,915851.0,39.65492203
2022,4,Guerrero,Mujeres,268149.0,671092.0,39.95711467
2022,4,Hidalgo,Hombres,528395.0,822794.0,64.2195981
2022,4,Hidalgo,Mujeres,364079.0,627851.0,57.98812139
2022,4,Jalisco,Hombres,1653328.0,2383984.0,69.35147216
2022,4,Jalisco,Mujeres,1235667.0,1682263.0,73.45266465
2022,4,México,Hombres,3132933.0,4563383.0,68.65373781
2022,4,México,Mujeres,2184313.0,3287300.0,66.44702339
2022,4,Michoacán,Hombres,804628.0,1345077.0,59.82021847
2022,4,Michoacán,Mujeres,532554.0,863762.0,61.65517816
2022,4,Morelos,Hombres,301686.0,493522.0,61.12918978
2022,4,Morelos,Mujeres,237698.0,365480.0,65.03721134
2022,4,Nayarit,Hombres,197156.0,346460.0,56.90584772
2022,4,Nayarit,Mujeres,167402.0,261433.0,64.03246721
2022,4,Nuevo León,Hombres,1357111.0,1730414.0,78.42695447
2022,4,Nuevo León,Mujeres,834210.0,1084617.0,76.91286417
2022,4,Oaxaca,Hombres,447354.0,1082080.0,41.34204495
2022,4,Oaxaca,Mujeres,323462.0,824063.0,39.25209602
2022,4,Puebla,Hombres,1089424.0,1769120.0,61.57999457
2022,4,Puebla,Mujeres,676604.0,1163185.0,58.16821916
2022,4,Querétaro,Hombres,429976.0,625477.0,68.74369481
2022,4,Querétaro,Mujeres,329165.0,445335.0,73.91401978
2022,4,Quintana Roo,Hombres,387608.0,588004.0,65.91927946
2022,4,Quintana Roo,Mujeres,271854.0,379703.0,71.59648462
2022,4,San Luis Potosí,Hombres,506859.0,778142.0,65.13708295
2022,4,San Luis Potosí,Mujeres,318863.0,493136.0,64.66025599
2022,4,Sinaloa,Hombres,556412.0,850977.0,65.38508091
2022,4,Sinaloa,Mujeres,411637.0,574461.0,71.65621339
2022,4,Sonora,Hombres,565370.0,817443.0,69.16323218
2022,4,Sonora,Mujeres,425191.0,591296.0,71.90831665
2022,4,Tabasco,Hombres,438058.0,649188.0,67.47783385
2022,4,Tabasco,Mujeres,235960.0,394674.0,59.78605127
2022,4,Tamaulipas,Hombres,661233.0,973020.0,67.95677376
2022,4,Tamaulipas,Mujeres,441645.0,647349.0,68.22363207
2022,4,Tlaxcala,Hombres,246206.0,369431.0,66.64465083
2022,4,Tlaxcala,Mujeres,164314.0,257507.0,63.80952751
2022,4,Veracruz,Hombres,1222196.0,2075820.0,58.8777447
2022,4,Veracruz,Mujeres,771537.0,1272290.0,60.64159901
2022,4,Yucatán,Hombres,460473.0,706512.0,65.17553842
2022,4,Yucatán,Mujeres,316253.0,510248.0,61.98025274
2022,4,Zacatecas,Hombres,267290.0,423885.0,63.05719712
2022,4,Zacatecas,Mujeres,164330.0,252238.0,65.14878805
2023,1,Nacional,Hombres,22510127.0,34886554.0,64.52379046
2023,1,Nacional,Mujeres,15846152.0,23605572.0,67.12886263
2023,1,Aguascalientes,Hombres,284851.0,372845.0,76.39930802
2023,1,Aguascalientes,Mujeres,218547.0,273793.0,79.8219823
2023,1,Baja California,Hombres,744140.0,1070818.0,69.49266822
2023,1,Baja California,Mujeres,546716.0,721675.0,75.75653861
2023,1,Baja California Sur,Hombres,181463.0,257080.0,70.58619885
2023,1,Baja California Sur,Mujeres,135548.0,177820.0,76.22764593
2023,1,Campeche,Hombres,157123.0,266650.0,58.9248078
2023,1,Campeche,Mujeres,101167.0,164785.0,61.3933307
2023,1,Coahuila,Hombres,703646.0,892728.0,78.81975249
2023,1,Coahuila,Mujeres,442650.0,569448.0,77.73317318
2023,1,Colima,Hombres,144694.0,219869.0,65.80918638
2023,1,Colima,Mujeres,113660.0,163152.0,69.66509758
2023,1,Chiapas,Hombres,598425.0,1430329.0,41.83827637
2023,1,Chiapas,Mujeres,348214.0,714417.0,48.7410014
2023,1,Chihuahua,Hombres,796450.0,1068250.0,74.55651767
2023,1,Chihuahua,Mujeres,546812.0,676028.0,80.8859988
2023,1,Ciudad de México,Hombres,1730102.0,2626489.0,65.87128292
2023,1,Ciudad de México,Mujeres,1482630.0,2066809.0,71.73522082
2023,1,Durango,Hombres,329062.0,494426.0,66.55434787
2023,1,Durango,Mujeres,222793.0,310805.0,71.68256624
2023,1,Guanajuato,Hombres,1174320.0,1709399.0,68.69782889
2023,1,Guanajuato,Mujeres,816437.0,1142930.0,71.4336836
2023,1,Guerrero,Hombres,385150.0,901548.0,42.72096439
2023,1,Guerrero,Mujeres,294229.0,655818.0,44.86442885
2023,1,Hidalgo,Hombres,518563.0,858089.0,60.43230947
2023,1,Hidalgo,Mujeres,384840.0,628295.0,61.25148219
2023,1,Jalisco,Hombres,1643821.0,2384456.0,68.93903683
2023,1,Jalisco,Mujeres,1261589.0,1723270.0,73.20901542
2023,1,México,Hombres,3114916.0,4615173.0,67.49294122
2023,1,México,Mujeres,2224795.0,3211849.0,69.26835602
2023,1,Michoacán,Hombres,807812.0,1307207.0,61.7967927
2023,1,Michoacán,Mujeres,547099.0,845765.0,64.68688111
2023,1,Morelos,Hombres,309463.0,496594.0,62.31710411
2023,1,Morelos,Mujeres,244490.0,381070.0,64.15881597
2023,1,Nayarit,Hombres,211550.0,356169.0,59.39596091
2023,1,Nayarit,Mujeres,171700.0,253875.0,67.63170852
2023,1,Nuevo León,Hombres,1333074.0,1741312.0,76.5557235
2023,1,Nuevo León,Mujeres,814845.0,1069195.0,76.21107469
2023,1,Oaxaca,Hombres,466216.0,1090607.0,42.74830438
2023,1,Oaxaca,Mujeres,324730.0,799846.0,40.59906532
2023,1,Puebla,Hombres,1086581.0,1788660.0,60.74832556
2023,1,Puebla,Mujeres,732101.0,1222376.0,59.89163727
2023,1,Querétaro,Hombres,431584.0,642282.0,67.19540638
2023,1,Querétaro,Mujeres,341702.0,461415.0,74.05524311
2023,1,Quintana Roo,Hombres,388261.0,592102.0,65.57333027
2023,1,Quintana Roo,Mujeres,261759.0,379495.0,68.97561233
2023,1,San Luis Potosí,Hombres,496124.0,769573.0,64.46743844
2023,1,San Luis Potosí,Mujeres,329937.0,510736.0,64.60030231
2023,1,Sinaloa,Hombres,556993.0,866035.0,64.31529904
2023,1,Sinaloa,Mujeres,416580.0,588394.0,70.7994983
2023,1,Sonora,Hombres,578889.0,844078.0,68.58240589
2023,1,Sonora,Mujeres,421234.0,578749.0,72.78353829
2023,1,Tabasco,Hombres,445456.0,663244.0,67.16321595
2023,1,Tabasco,Mujeres,232339.0,387685.0,59.92983995
2023,1,Tamaulipas,Hombres,676473.0,985689.0,68.62945615
2023,1,Tamaulipas,Mujeres,453424.0,636438.0,71.24401748
2023,1,Tlaxcala,Hombres,254326.0,370463.0,68.65085042
2023,1,Tlaxcala,Mujeres,168698.0,259094.0,65.11073201
2023,1,Veracruz,Hombres,1234205.0,2100580.0,58.75543897
2023,1,Veracruz,Mujeres,777501.0,1294833.0,60.0464307
2023,1,Yucatán,Hombres,466973.0,701004.0,66.6148838
2023,1,Yucatán,Mujeres,307573.0,492848.0,62.40727364
2023,1,Zacatecas,Hombres,259421.0,402806.0,64.40345973
2023,1,Zacatecas,Mujeres,159813.0,242864.0,65.80349496
2023,2,Nacional,Hombres,22355897.0,34716585.0,64.39543809
2023,2,Nacional,Mujeres,15948014.0,23805405.0,66.99324796
2023,2,Aguascalientes,Hombres,284816.0,372935.0,76.37148565
2023,2,Aguascalientes,Mujeres,206901.0,264670.0,78.17319681
2023,2,Baja California,Hombres,750871.0,1075553.0,69.81255224
2023,2,Baja California,Mujeres,543230.0,728228.0,74.59614297
2023,2,Baja California Sur,Hombres,195534.0,274077.0,71.34272485
2023,2,Baja California Sur,Mujeres,137520.0,182175.0,75.48785508
2023,2,Campeche,Hombres,157167.0,269319.0,58.3571898
2023,2,Campeche,Mujeres,99807.0,163622.0,60.99852098
2023,2,Coahuila,Hombres,704981.0,897159.0,78.57927079
2023,2,Coahuila,Mujeres,461299.0,603192.0,76.47631268
2023,2,Colima,Hombres,142453.0,213299.0,66.78559206
2023,2,Colima,Mujeres,110260.0,156947.0,70.25301535
2023,2,Chiapas,Hombres,580772.0,1446883.0,40.13952752
2023,2,Chiapas,Mujeres,351149.0,698942.0,50.24007715
2023,2,Chihuahua,Hombres,811520.0,1102879.0,73.58196139
2023,2,Chihuahua,Mujeres,557711.0,703567.0,79.26906748
2023,2,Ciudad de México,Hombres,1707250.0,2566460.0,66.52159005
2023,2,Ciudad de México,Mujeres,1569424.0,2142635.0,73.24737998
2023,2,Durango,Hombres,326304.0,502353.0,64.9551212
2023,2,Durango,Mujeres,225631.0,320933.0,70.30470534
2023,2,Guanajuato,Hombres,1133333.0,1661055.0,68.22970943
2023,2,Guanajuato,Mujeres,777944.0,1096838.0,70.92606201
2023,2,Guerrero,Hombres,375973.0,913896.0,41.13958262
2023,2,Guerrero,Mujeres,296089.0,682448.0,43.38630929
2023,2,Hidalgo,Hombres,503305.0,831700.0,60.51520981
2023,2,Hidalgo,Mujeres,376055.0,622144.0,60.44500952
2023,2,Jalisco,Hombres,1627826.0,2339979.0,69.56583798
2023,2,Jalisco,Mujeres,1280581.0,1737877.0,73.68651521
2023,2,México,Hombres,3148233.0,4589246.0,68.60022322
2023,2,México,Mujeres,2227383.0,3225298.0,69.0597582
2023,2,Michoacán,Hombres,802415.0,1318327.0,60.8661584
2023,2,Michoacán,Mujeres,535178.0,857936.0,62.37971131
2023,2,Morelos,Hombres,308500.0,500152.0,61.6812489
2023,2,Morelos,Mujeres,234128.0,370478.0,63.19619519
2023,2,Nayarit,Hombres,207048.0,353322.0,58.6003702
2023,2,Nayarit,Mujeres,172706.0,262046.0,65.9067492
2023,2,Nuevo León,Hombres,1307910.0,1717359.0,76.15821736
2023,2,Nuevo León,Mujeres,826246.0,1081417.0,76.40401436
2023,2,Oaxaca,Hombres,471756.0,1081248.0,43.63069342
2023,2,Oaxaca,Mujeres,320058.0,732806.0,43.67567951
2023,2,Puebla,Hombres,1069360.0,1766081.0,60.54988418
2023,2,Puebla,Mujeres,735084.0,1235681.0,59.48816887
2023,2,Querétaro,Hombres,429634.0,638066.0,67.33378679
2023,2,Querétaro,Mujeres,351120.0,468929.0,74.87700697
2023,2,Quintana Roo,Hombres,397541.0,584004.0,68.0716228
2023,2,Quintana Roo,Mujeres,281012.0,386931.0,72.62586869
2023,2,San Luis Potosí,Hombres,508204.0,771509.0,65.87142859
2023,2,San Luis Potosí,Mujeres,337130.0,510128.0,66.08733494
2023,2,Sinaloa,Hombres,565043.0,854889.0,66.0954814
2023,2,Sinaloa,Mujeres,413424.0,584486.0,70.73291747
2023,2,Sonora,Hombres,601769.0,866927.0,69.41403371
2023,2,Sonora,Mujeres,434250.0,603290.0,71.98030798
2023,2,Tabasco,Hombres,433147.0,646913.0,66.95598945
2023,2,Tabasco,Mujeres,229958.0,383968.0,59.88988666
2023,2,Tamaulipas,Hombres,683281.0,987587.0,69.1869172
2023,2,Tamaulipas,Mujeres,468275.0,660783.0,70.86668392
2023,2,Tlaxcala,Hombres,248726.0,380479.0,65.37180764
2023,2,Tlaxcala,Mujeres,175261.0,267459.0,65.52817441
2023,2,Veracruz,Hombres,1164463.0,2089041.0,55.7415101
2023,2,Veracruz,Mujeres,730631.0,1289015.0,56.68134195
2023,2,Yucatán,Hombres,442676.0,694412.0,63.74832232
2023,2,Yucatán,Mujeres,315781.0,511774.0,61.70321275
2023,2,Zacatecas,Hombres,264086.0,409476.0,64.49364554
2023,2,Zacatecas,Mujeres,166788.0,268762.0,62.05788021
2023,3,Nacional,Hombres,22723860.0,35149210.0,64.64970336
2023,3,Nacional,Mujeres,16018203.0,24018262.0,66.69176562
2023,3,Aguascalientes,Hombres,296617.0,385777.0,76.88820225
2023,3,Aguascalientes,Mujeres,219580.0,280229.0,78.35734346
2023,3,Baja California,Hombres,751237.0,1066594.0,70.43326702
2023,3,Baja California,Mujeres,549247.0,745390.0,73.68585573
2023,3,Baja California Sur,Hombres,198131.0,277908.0,71.2937375
2023,3,Baja California Sur,Mujeres,134646.0,182406.0,73.81665077
2023,3,Campeche,Hombres,165029.0,270559.0,60.99556843
2023,3,Campeche,Mujeres,101125.0,164530.0,61.46295508
2023,3,Coahuila,Hombres,714903.0,903124.0,79.15889734
2023,3,Coahuila,Mujeres,439081.0,564537.0,77.77718732
2023,3,Colima,Hombres,140629.0,215504.0,65.25586532
2023,3,Colima,Mujeres,113054.0,163537.0,69.13053315
2023,3,Chiapas,Hombres,602889.0,1465582.0,41.13649049
2023,3,Chiapas,Mujeres,351217.0,701328.0,50.07885041
2023,3,Chihuahua,Hombres,799828.0,1099566.0,72.74033573
2023,3,Chihuahua,Mujeres,568531.0,712027.0,79.84683165
2023,3,Ciudad de México,Hombres,1736704.0,2604034.0,66.6928312
2023,3,Ciudad de México,Mujeres,1504037.0,2108472.0,71.33303169
2023,3,Durango,Hombres,332227.0,497568.0,66.77017011
2023,3,Durango,Mujeres,229029.0,321531.0,71.2307678
2023,3,Guanajuato,Hombres,1150465.0,1676295.0,68.63141631
2023,3,Guanajuato,Mujeres,788495.0,1134006.0,69.53181906
2023,3,Guerrero,Hombres,378942.0,942608.0,40.20144111
2023,3,Guerrero,Mujeres,301347.0,704498.0,42.77471334
2023,3,Hidalgo,Hombres,514153.0,863349.0,59.55332085
2023,3,Hidalgo,Mujeres,379871.0,626900.0,60.59515074
2023,3,Jalisco,Hombres,1577194.0,2331352.0,67.65147434
2023,3,Jalisco,Mujeres,1198023.0,1665276.0,71.94140791
2023,3,México,Hombres,3214251.0,4710487.0,68.23606561
2023,3,México,Mujeres,2228035.0,3292937.0,67.66102722
2023,3,Michoacán,Hombres,838812.0,1351027.0,62.08699012
2023,3,Michoacán,Mujeres,580674.0,879870.0,65.99543114
2023,3,Morelos,Hombres,308178.0,501141.0,61.4952678
2023,3,Morelos,Mujeres,229207.0,362368.0,63.25254989
2023,3,Nayarit,Hombres,211204.0,362785.0,58.21740149
2023,3,Nayarit,Mujeres,167086.0,257284.0,64.94224281
2023,3,Nuevo León,Hombres,1323079.0,1749429.0,75.62919101
2023,3,Nuevo León,Mujeres,863066.0,1116814.0,77.27929628
2023,3,Oaxaca,Hombres,487929.0,1144361.0,42.63768164
2023,3,Oaxaca,Mujeres,318948.0,798816.0,39.92759284
2023,3,Puebla,Hombres,1101555.0,1761751.0,62.52614586
2023,3,Puebla,Mujeres,751406.0,1283989.0,58.52121786
2023,3,Querétaro,Hombres,430193.0,662304.0,64.95400904
2023,3,Querétaro,Mujeres,358955.0,486954.0,73.71435495
2023,3,Quintana Roo,Hombres,374312.0,570790.0,65.57788328
2023,3,Quintana Roo,Mujeres,273688.0,382159.0,71.61626443
2023,3,San Luis Potosí,Hombres,518418.0,767096.0,67.58189327
2023,3,San Luis Potosí,Mujeres,357626.0,546332.0,65.45946421
2023,3,Sinaloa,Hombres,561064.0,842759.0,66.57466725
2023,3,Sinaloa,Mujeres,428193.0,606002.0,70.65867769
2023,3,Sonora,Hombres,595994.0,842316.0,70.75658067
2023,3,Sonora,Mujeres,423448.0,578441.0,73.20504598
2023,3,Tabasco,Hombres,455437.0,670583.0,67.91657409
2023,3,Tabasco,Mujeres,239534.0,401150.0,59.71182849
2023,3,Tamaulipas,Hombres,680811.0,967868.0,70.34130687
2023,3,Tamaulipas,Mujeres,475217.0,660428.0,71.95591344
2023,3,Tlaxcala,Hombres,245807.0,377303.0,65.14843508
2023,3,Tlaxcala,Mujeres,165496.0,267196.0,61.93805296
2023,3,Veracruz,Hombres,1298256.0,2137824.0,60.72791773
2023,3,Veracruz,Mujeres,797281.0,1268494.0,62.85256375
2023,3,Yucatán,Hombres,464100.0,699836.0,66.31553678
2023,3,Yucatán,Mujeres,310687.0,490016.0,63.40343989
2023,3,Zacatecas,Hombres,255512.0,429730.0,59.4587299
2023,3,Zacatecas,Mujeres,172373.0,264345.0,65.20758857
2023,4,Nacional,Hombres,23044094.0,35162467.0,65.53605582
2023,4,Nacional,Mujeres,16235985.0,24241480.0,66.97604684
2023,4,Aguascalientes,Hombres,290376.0,375615.0,77.30681682
2023,4,Aguascalientes,Mujeres,213101.0,263521.0,80.86679999
2023,4,Baja California,Hombres,767500.0,1089911.0,70.41859381
2023,4,Baja California,Mujeres,534557.0,725350.0,73.69642242
2023,4,Baja California Sur,Hombres,196274.0,274858.0,71.40923677
2023,4,Baja California Sur,Mujeres,137366.0,184647.0,74.39384339
2023,4,Campeche,Hombres,167602.0,269780.0,62.12543554
2023,4,Campeche,Mujeres,108335.0,171814.0,63.05365104
2023,4,Coahuila,Hombres,707818.0,910713.0,77.72130188
2023,4,Coahuila,Mujeres,463103.0,607931.0,76.17690165
2023,4,Colima,Hombres,140564.0,211670.0,66.40714319
2023,4,Colima,Mujeres,110947.0,161241.0,68.80818154
2023,4,Chiapas,Hombres,630126.0,1498588.0,42.04798117
2023,4,Chiapas,Mujeres,368187.0,705635.0,52.17810908
2023,4,Chihuahua,Hombres,811577.0,1084471.0,74.83621047
2023,4,Chihuahua,Mujeres,591755.0,737665.0,80.22001857
2023,4,Ciudad de México,Hombres,1743581.0,2555880.0,68.21842184
2023,4,Ciudad de México,Mujeres,1531221.0,2101821.0,72.85211253
2023,4,Durango,Hombres,331696.0,481603.0,68.87332512
2023,4,Durango,Mujeres,244004.0,347886.0,70.13906855
2023,4,Guanajuato,Hombres,1173953.0,1668753.0,70.34911698
2023,4,Guanajuato,Mujeres,797761.0,1134631.0,70.31017132
2023,4,Guerrero,Hombres,376748.0,923350.0,40.80229599
2023,4,Guerrero,Mujeres,298153.0,720992.0,41.35316342
2023,4,Hidalgo,Hombres,482459.0,828956.0,58.20079715
2023,4,Hidalgo,Mujeres,360318.0,612044.0,58.87125762
2023,4,Jalisco,Hombres,1655247.0,2357242.0,70.21964652
2023,4,Jalisco,Mujeres,1210726.0,1650848.0,73.3396412
2023,4,México,Hombres,3448535.0,4841961.0,71.22186651
2023,4,México,Mujeres,2268463.0,3349279.0,67.72989052
2023,4,Michoacán,Hombres,824415.0,1326393.0,62.15465552
2023,4,Michoacán,Mujeres,570989.0,899083.0,63.50792975
2023,4,Morelos,Hombres,303974.0,510900.0,59.49774907
2023,4,Morelos,Mujeres,243780.0,382557.0,63.72383723
2023,4,Nayarit,Hombres,218144.0,373251.0,58.44431763
2023,4,Nayarit,Mujeres,173034.0,265955.0,65.06138256
2023,4,Nuevo León,Hombres,1315029.0,1753277.0,75.00406382
2023,4,Nuevo León,Mujeres,870022.0,1132672.0,76.81146881
2023,4,Oaxaca,Hombres,484779.0,1129621.0,42.91519014
2023,4,Oaxaca,Mujeres,330214.0,763522.0,43.24878654
2023,4,Puebla,Hombres,1067023.0,1715400.0,62.20257666
2023,4,Puebla,Mujeres,721941.0,1238970.0,58.26944962
2023,4,Querétaro,Hombres,434578.0,653666.0,66.48318866
2023,4,Querétaro,Mujeres,350460.0,491829.0,71.25647329
2023,4,Quintana Roo,Hombres,379870.0,572012.0,66.40944596
2023,4,Quintana Roo,Mujeres,279416.0,397906.0,70.22161013
2023,4,San Luis Potosí,Hombres,512333.0,766512.0,66.83952763
2023,4,San Luis Potosí,Mujeres,365586.0,543211.0,67.3009199
2023,4,Sinaloa,Hombres,587827.0,858590.0,68.46422623
2023,4,Sinaloa,Mujeres,425984.0,606789.0,70.20298654
2023,4,Sonora,Hombres,586087.0,838132.0,69.92776794
2023,4,Sonora,Mujeres,444987.0,591798.0,75.19237983
2023,4,Tabasco,Hombres,469943.0,688534.0,68.2526934
2023,4,Tabasco,Mujeres,249032.0,395015.0,63.04368189
2023,4,Tamaulipas,Hombres,696475.0,976438.0,71.32813348
2023,4,Tamaulipas,Mujeres,492433.0,680165.0,72.39905023
2023,4,Tlaxcala,Hombres,246374.0,379414.0,64.93540038
2023,4,Tlaxcala,Mujeres,171874.0,269672.0,63.73446261
2023,4,Veracruz,Hombres,1281028.0,2145601.0,59.70485659
2023,4,Veracruz,Mujeres,811665.0,1341315.0,60.51263126
2023,4,Yucatán,Hombres,459740.0,696037.0,66.05108636
2023,4,Yucatán,Mujeres,325456.0,511007.0,63.68914712
2023,4,Zacatecas,Hombres,252419.0,405338.0,62.27370738
2023,4,Zacatecas,Mujeres,171115.0,254709.0,67.18058647
2024,1,Nacional,Hombres,22934720.0,35071556.0,65.39407604
2024,1,Nacional,Mujeres,16151450.0,24049349.0,67.15961418
2024,1,Aguascalientes,Hombres,292850.0,388765.0,75.32828315
2024,1,Aguascalientes,Mujeres,219199.0,275276.0,79.6288089
2024,1,Baja California,Hombres,753824.0,1062415.0,70.95381748
2024,1,Baja California,Mujeres,532862.0,717374.0,74.27952505
2024,1,Baja California Sur,Hombres,193331.0,265319.0,72.86737851
2024,1,Baja California Sur,Mujeres,139558.0,185233.0,75.34186673
2024,1,Campeche,Hombres,163391.0,269210.0,60.69276773
2024,1,Campeche,Mujeres,108057.0,177821.0,60.76728845
2024,1,Coahuila,Hombres,709524.0,897212.0,79.08097529
2024,1,Coahuila,Mujeres,440145.0,570146.0,77.19864736
2024,1,Colima,Hombres,134205.0,206019.0,65.14205001
2024,1,Colima,Mujeres,116958.0,170306.0,68.67520815
2024,1,Chiapas,Hombres,614783.0,1510749.0,40.6939207
2024,1,Chiapas,Mujeres,393566.0,706400.0,55.71432616
2024,1,Chihuahua,Hombres,782166.0,1061401.0,73.69184691
2024,1,Chihuahua,Mujeres,578838.0,711875.0,81.31174715
2024,1,Ciudad de México,Hombres,1668380.0,2546506.0,65.51643703
2024,1,Ciudad de México,Mujeres,1552137.0,2168563.0,71.57444815
2024,1,Durango,Hombres,328820.0,476842.0,68.95785187
2024,1,Durango,Mujeres,236695.0,338243.0,69.97779703
2024,1,Guanajuato,Hombres,1150106.0,1661971.0,69.20132782
2024,1,Guanajuato,Mujeres,777169.0,1135234.0,68.45892565
2024,1,Guerrero,Hombres,414543.0,914710.0,45.31960949
2024,1,Guerrero,Mujeres,299896.0,702558.0,42.68629779
2024,1,Hidalgo,Hombres,498264.0,834658.0,59.69678599
2024,1,Hidalgo,Mujeres,375241.0,601355.0,62.39924836
2024,1,Jalisco,Hombres,1689850.0,2405683.0,70.24408453
2024,1,Jalisco,Mujeres,1185457.0,1628772.0,72.78225559
2024,1,México,Hombres,3306912.0,4766926.0,69.372002
2024,1,México,Mujeres,2189842.0,3257963.0,67.21506659
2024,1,Michoacán,Hombres,817159.0,1341048.0,60.9343588
2024,1,Michoacán,Mujeres,577512.0,926482.0,62.33386078
2024,1,Morelos,Hombres,310431.0,508443.0,61.05522153
2024,1,Morelos,Mujeres,246864.0,379426.0,65.06248913
2024,1,Nayarit,Hombres,229743.0,375967.0,61.10722484
2024,1,Nayarit,Mujeres,171561.0,265330.0,64.65948065
2024,1,Nuevo León,Hombres,1361962.0,1769374.0,76.9742293
2024,1,Nuevo León,Mujeres,887588.0,1129758.0,78.56443592
2024,1,Oaxaca,Hombres,494100.0,1101271.0,44.8663408
2024,1,Oaxaca,Mujeres,317447.0,742736.0,42.74021994
2024,1,Puebla,Hombres,1096657.0,1749734.0,62.67564098
2024,1,Puebla,Mujeres,695609.0,1215330.0,57.23622391
2024,1,Querétaro,Hombres,434602.0,651178.0,66.74089112
2024,1,Querétaro,Mujeres,349659.0,498418.0,70.15376652
2024,1,Quintana Roo,Hombres,393411.0,573701.0,68.57422246
2024,1,Quintana Roo,Mujeres,273906.0,385421.0,71.06670368
2024,1,San Luis Potosí,Hombres,520072.0,766221.0,67.87493426
2024,1,San Luis Potosí,Mujeres,360703.0,541361.0,66.62892229
2024,1,Sinaloa,Hombres,552572.0,840106.0,65.77408089
2024,1,Sinaloa,Mujeres,434814.0,614133.0,70.80127595
2024,1,Sonora,Hombres,592115.0,824680.0,71.7993646
2024,1,Sonora,Mujeres,437293.0,579856.0,75.41406832
2024,1,Tabasco,Hombres,462557.0,690316.0,67.00655931
2024,1,Tabasco,Mujeres,242664.0,389728.0,62.26496428
2024,1,Tamaulipas,Hombres,682096.0,956645.0,71.30084828
2024,1,Tamaulipas,Mujeres,482549.0,659788.0,73.13697733
2024,1,Tlaxcala,Hombres,241666.0,373816.0,64.64838316
2024,1,Tlaxcala,Mujeres,171623.0,276474.0,62.07563822
2024,1,Veracruz,Hombres,1326778.0,2169399.0,61.15878176
2024,1,Veracruz,Mujeres,855418.0,1342874.0,63.70054078
2024,1,Yucatán,Hombres,457936.0,698104.0,65.59710301
2024,1,Yucatán,Mujeres,324467.0,499355.0,64.97722061
2024,1,Zacatecas,Hombres,259914.0,413167.0,62.90773464
2024,1,Zacatecas,Mujeres,176153.0,255760.0,68.87433531
2024,2,Nacional,Hombres,22979056.0,35048053.0,65.5644295
2024,2,Nacional,Mujeres,16304646.0,24279108.0,67.1550454
2024,2,Aguascalientes,Hombres,289917.0,381639.0,75.96629275
2024,2,Aguascalientes,Mujeres,212074.0,271503.0,78.11110743
2024,2,Baja California,Hombres,764977.0,1063077.0,71.95875746
2024,2,Baja California,Mujeres,543842.0,731598.0,74.33617916
2024,2,Baja California Sur,Hombres,205193.0,271374.0,75.61262317
2024,2,Baja California Sur,Mujeres,142019.0,184624.0,76.92336858
2024,2,Campeche,Hombres,165057.0,269048.0,61.3485326
2024,2,Campeche,Mujeres,105948.0,170635.0,62.09042693
2024,2,Coahuila,Hombres,718454.0,920009.0,78.09206214
2024,2,Coahuila,Mujeres,448426.0,589039.0,76.12840576
2024,2,Colima,Hombres,135557.0,204976.0,66.13310827
2024,2,Colima,Mujeres,115217.0,163563.0,70.44197037
2024,2,Chiapas,Hombres,652493.0,1495484.0,43.6308914
2024,2,Chiapas,Mujeres,381624.0,704945.0,54.13528715
2024,2,Chihuahua,Hombres,769200.0,1056234.0,72.82477178
2024,2,Chihuahua,Mujeres,590389.0,736363.0,80.17635324
2024,2,Ciudad de México,Hombres,1724879.0,2564276.0,67.26573115
2024,2,Ciudad de México,Mujeres,1634719.0,2269963.0,72.01522668
2024,2,Durango,Hombres,349756.0,487382.0,71.76219064
2024,2,Durango,Mujeres,244266.0,342310.0,71.35812568
2024,2,Guanajuato,Hombres,1160255.0,1631068.0,71.13467985
2024,2,Guanajuato,Mujeres,807788.0,1203416.0,67.12458535
2024,2,Guerrero,Hombres,397797.0,910109.0,43.7087206
2024,2,Guerrero,Mujeres,292769.0,666056.0,43.95561334
2024,2,Hidalgo,Hombres,510640.0,828410.0,61.64097488
2024,2,Hidalgo,Mujeres,367131.0,618855.0,59.32423589
2024,2,Jalisco,Hombres,1670083.0,2381454.0,70.12871128
2024,2,Jalisco,Mujeres,1158898.0,1589757.0,72.89780765
2024,2,México,Hombres,3292602.0,4861814.0,67.72373439
2024,2,México,Mujeres,2231593.0,3301927.0,67.58456501
2024,2,Michoacán,Hombres,820939.0,1332410.0,61.61309207
2024,2,Michoacán,Mujeres,565874.0,916254.0,61.7595121
2024,2,Morelos,Hombres,303261.0,503398.0,60.24279
2024,2,Morelos,Mujeres,240991.0,369768.0,65.17356829
2024,2,Nayarit,Hombres,222480.0,363860.0,61.1443962
2024,2,Nayarit,Mujeres,176892.0,268832.0,65.80020236
2024,2,Nuevo León,Hombres,1396584.0,1770267.0,78.89115032
2024,2,Nuevo León,Mujeres,921164.0,1164058.0,79.13385759
2024,2,Oaxaca,Hombres,485373.0,1114057.0,43.56805801
2024,2,Oaxaca,Mujeres,313237.0,749457.0,41.79519305
2024,2,Puebla,Hombres,1086313.0,1763628.0,61.59535911
2024,2,Puebla,Mujeres,696164.0,1220041.0,57.06070534
2024,2,Querétaro,Hombres,450644.0,661155.0,68.16011374
2024,2,Querétaro,Mujeres,351869.0,495325.0,71.03800535
2024,2,Quintana Roo,Hombres,387194.0,558447.0,69.33406393
2024,2,Quintana Roo,Mujeres,289716.0,400723.0,72.29832079
2024,2,San Luis Potosí,Hombres,503363.0,764313.0,65.85822824
2024,2,San Luis Potosí,Mujeres,372520.0,544935.0,68.36044666
2024,2,Sinaloa,Hombres,547313.0,830868.0,65.87243702
2024,2,Sinaloa,Mujeres,447217.0,638634.0,70.02712039
2024,2,Sonora,Hombres,564585.0,818234.0,69.00043264
2024,2,Sonora,Mujeres,452868.0,609899.0,74.25295008
2024,2,Tabasco,Hombres,471335.0,683331.0,68.97608919
2024,2,Tabasco,Mujeres,245752.0,379914.0,64.68621846
2024,2,Tamaulipas,Hombres,677446.0,947410.0,71.50505061
2024,2,Tamaulipas,Mujeres,481695.0,664502.0,72.48962381
2024,2,Tlaxcala,Hombres,247535.0,388736.0,63.67689126
2024,2,Tlaxcala,Mujeres,174420.0,280207.0,62.24683894
2024,2,Veracruz,Hombres,1272587.0,2108126.0,60.36579407
2024,2,Veracruz,Mujeres,797740.0,1263215.0,63.15156169
2024,2,Yucatán,Hombres,468310.0,699394.0,66.95939628
2024,2,Yucatán,Mujeres,323781.0,509076.0,63.60170191
2024,2,Zacatecas,Hombres,266934.0,414065.0,64.46669001
2024,2,Zacatecas,Mujeres,176043.0,259714.0,67.7834079
2024,3,Nacional,Hombres,22976892.0,35255385.0,65.17271617
2024,3,Nacional,Mujeres,16244563.0,24272864.0,66.92478893
2024,3,Aguascalientes,Hombres,292912.0,389465.0,75.20881209
2024,3,Aguascalientes,Mujeres,214197.0,270855.0,79.08179653
2024,3,Baja California,Hombres,762881.0,1057121.0,72.165911
2024,3,Baja California,Mujeres,538162.0,715442.0,75.22091239
2024,3,Baja California Sur,Hombres,204913.0,279951.0,73.19602359
2024,3,Baja California Sur,Mujeres,142119.0,188829.0,75.26333349
2024,3,Campeche,Hombres,162915.0,269511.0,60.4483676
2024,3,Campeche,Mujeres,102757.0,165871.0,61.94994906
2024,3,Coahuila,Hombres,709831.0,912708.0,77.77197088
2024,3,Coahuila,Mujeres,454784.0,597237.0,76.14799485
2024,3,Colima,Hombres,137505.0,208140.0,66.06370712
2024,3,Colima,Mujeres,118860.0,166954.0,71.19326281
2024,3,Chiapas,Hombres,666814.0,1530129.0,43.57894008
2024,3,Chiapas,Mujeres,340064.0,655984.0,51.84028879
2024,3,Chihuahua,Hombres,779796.0,1071644.0,72.76632912
2024,3,Chihuahua,Mujeres,584327.0,737901.0,79.18772301
2024,3,Ciudad de México,Hombres,1753219.0,2600940.0,67.40712973
2024,3,Ciudad de México,Mujeres,1692098.0,2293694.0,73.77174113
2024,3,Durango,Hombres,346818.0,493887.0,70.22213583
2024,3,Durango,Mujeres,246288.0,351721.0,70.02368354
2024,3,Guanajuato,Hombres,1169093.0,1647228.0,70.97335645
2024,3,Guanajuato,Mujeres,794713.0,1163333.0,68.31345797
2024,3,Guerrero,Hombres,402404.0,909390.0,44.24988179
2024,3,Guerrero,Mujeres,286538.0,641309.0,44.68017757
2024,3,Hidalgo,Hombres,514910.0,867790.0,59.335784
2024,3,Hidalgo,Mujeres,329462.0,589237.0,55.9133252
2024,3,Jalisco,Hombres,1645737.0,2341420.0,70.28798763
2024,3,Jalisco,Mujeres,1167144.0,1569484.0,74.36482309
2024,3,México,Hombres,3278444.0,4832229.0,67.84537736
2024,3,México,Mujeres,2248011.0,3275951.0,68.62163079
2024,3,Michoacán,Hombres,803879.0,1333599.0,60.27891443
2024,3,Michoacán,Mujeres,529992.0,858095.0,61.76379072
2024,3,Morelos,Hombres,310764.0,520229.0,59.73600088
2024,3,Morelos,Mujeres,234975.0,367809.0,63.88505991
2024,3,Nayarit,Hombres,213615.0,356207.0,59.96934367
2024,3,Nayarit,Mujeres,171468.0,263358.0,65.10833162
2024,3,Nuevo León,Hombres,1372782.0,1748483.0,78.51274505
2024,3,Nuevo León,Mujeres,912975.0,1151421.0,79.29115415
2024,3,Oaxaca,Hombres,475725.0,1115288.0,42.65490169
2024,3,Oaxaca,Mujeres,328959.0,806279.0,40.79964876
2024,3,Puebla,Hombres,1085338.0,1803393.0,60.18311039
2024,3,Puebla,Mujeres,703299.0,1287060.0,54.64383945
2024,3,Querétaro,Hombres,471318.0,685283.0,68.77713295
2024,3,Querétaro,Mujeres,353213.0,505854.0,69.82508787
2024,3,Quintana Roo,Hombres,412583.0,583859.0,70.66483517
2024,3,Quintana Roo,Mujeres,282740.0,393263.0,71.89590681
2024,3,San Luis Potosí,Hombres,506555.0,759424.0,66.70252718
2024,3,San Luis Potosí,Mujeres,370030.0,548068.0,67.51534481
2024,3,Sinaloa,Hombres,536267.0,806984.0,66.45323823
2024,3,Sinaloa,Mujeres,433151.0,605497.0,71.53644031
2024,3,Sonora,Hombres,571614.0,803091.0,71.17674087
2024,3,Sonora,Mujeres,442291.0,587398.0,75.29664725
2024,3,Tabasco,Hombres,460152.0,688664.0,66.81807093
2024,3,Tabasco,Mujeres,232801.0,376358.0,61.85626451
2024,3,Tamaulipas,Hombres,682506.0,971159.0,70.27747259
2024,3,Tamaulipas,Mujeres,489707.0,686845.0,71.29803667
2024,3,Tlaxcala,Hombres,249128.0,393610.0,63.29310739
2024,3,Tlaxcala,Mujeres,174333.0,276704.0,63.00342604
2024,3,Veracruz,Hombres,1247330.0,2131676.0,58.51405185
2024,3,Veracruz,Mujeres,815993.0,1402530.0,58.18007458
2024,3,Yucatán,Hombres,478085.0,714171.0,66.94265099
2024,3,Yucatán,Mujeres,331100.0,511702.0,64.70562945
2024,3,Zacatecas,Hombres,271059.0,428712.0,63.22636175
2024,3,Zacatecas,Mujeres,178012.0,260821.0,68.25063933
2024,4,Nacional,Hombres,23026332.0,34924786.0,65.93120427
2024,4,Nacional,Mujeres,16673915.0,24562760.0,67.88290485
2024,4,Aguascalientes,Hombres,291984.0,383831.0,76.07097915
2024,4,Aguascalientes,Mujeres,219854.0,279291.0,78.71861249
2024,4,Baja California,Hombres,766001.0,1060006.0,72.26383624
2024,4,Baja California,Mujeres,538263.0,711127.0,75.69154314
2024,4,Baja California Sur,Hombres,196278.0,266534.0,73.64088634
2024,4,Baja California Sur,Mujeres,139634.0,189044.0,73.86322761
2024,4,Campeche,Hombres,168801.0,268751.0,62.80944071
2024,4,Campeche,Mujeres,103908.0,169122.0,61.43967077
2024,4,Coahuila,Hombres,713974.0,929657.0,76.79972291
2024,4,Coahuila,Mujeres,482979.0,616744.0,78.31109828
2024,4,Colima,Hombres,138159.0,200819.0,68.79777312
2024,4,Colima,Mujeres,114265.0,159146.0,71.79885137
2024,4,Chiapas,Hombres,676624.0,1534043.0,44.10723819
2024,4,Chiapas,Mujeres,362683.0,692328.0,52.38600779
2024,4,Chihuahua,Hombres,796866.0,1077733.0,73.93909252
2024,4,Chihuahua,Mujeres,609399.0,765404.0,79.61795339
2024,4,Ciudad de México,Hombres,1721730.0,2616116.0,65.81244868
2024,4,Ciudad de México,Mujeres,1736043.0,2393929.0,72.51856676
2024,4,Durango,Hombres,348987.0,497429.0,70.15815322
2024,4,Durango,Mujeres,253739.0,355929.0,71.28921779
2024,4,Guanajuato,Hombres,1113663.0,1609993.0,69.17191565
2024,4,Guanajuato,Mujeres,838791.0,1224133.0,68.52123094
2024,4,Guerrero,Hombres,409541.0,883237.0,46.36818883
2024,4,Guerrero,Mujeres,305559.0,682051.0,44.80002229
2024,4,Hidalgo,Hombres,524481.0,848599.0,61.80551709
2024,4,Hidalgo,Mujeres,380193.0,618981.0,61.4224023
2024,4,Jalisco,Hombres,1631700.0,2319343.0,70.35181946
2024,4,Jalisco,Mujeres,1191657.0,1575517.0,75.63593411
2024,4,México,Hombres,3334224.0,4811915.0,69.29099953
2024,4,México,Mujeres,2303488.0,3330292.0,69.16774865
2024,4,Michoacán,Hombres,811096.0,1324947.0,61.21724114
2024,4,Michoacán,Mujeres,534328.0,894178.0,59.75633487
2024,4,Morelos,Hombres,305950.0,487929.0,62.70379502
2024,4,Morelos,Mujeres,252675.0,372390.0,67.85225167
2024,4,Nayarit,Hombres,211937.0,353888.0,59.8881567
2024,4,Nayarit,Mujeres,171578.0,267432.0,64.15761764
2024,4,Nuevo León,Hombres,1395458.0,1776275.0,78.56092103
2024,4,Nuevo León,Mujeres,932066.0,1169020.0,79.73054353
2024,4,Oaxaca,Hombres,484921.0,1025694.0,47.27735562
2024,4,Oaxaca,Mujeres,328328.0,734100.0,44.72524179
2024,4,Puebla,Hombres,1090117.0,1748486.0,62.34633849
2024,4,Puebla,Mujeres,753563.0,1272801.0,59.20509176
2024,4,Querétaro,Hombres,463179.0,672956.0,68.82753107
2024,4,Querétaro,Mujeres,397228.0,541007.0,73.42381892
2024,4,Quintana Roo,Hombres,416516.0,586073.0,71.0689624
2024,4,Quintana Roo,Mujeres,289455.0,389276.0,74.35726836
2024,4,San Luis Potosí,Hombres,498391.0,762793.0,65.3376473
2024,4,San Luis Potosí,Mujeres,351115.0,514405.0,68.25652939
2024,4,Sinaloa,Hombres,591781.0,839785.0,70.46815554
2024,4,Sinaloa,Mujeres,454910.0,608797.0,74.72277294
2024,4,Sonora,Hombres,588257.0,808247.0,72.78183526
2024,4,Sonora,Mujeres,448798.0,597872.0,75.06590039
2024,4,Tabasco,Hombres,458765.0,688214.0,66.66022487
2024,4,Tabasco,Mujeres,248224.0,414952.0,59.81993098
2024,4,Tamaulipas,Hombres,662895.0,953635.0,69.51244449
2024,4,Tamaulipas,Mujeres,480637.0,674735.0,71.23344721
2024,4,Tlaxcala,Hombres,248036.0,387995.0,63.92762793
2024,4,Tlaxcala,Mujeres,184045.0,283217.0,64.98374038
2024,4,Veracruz,Hombres,1203022.0,2083518.0,57.73993793
2024,4,Veracruz,Mujeres,765997.0,1309584.0,58.49162788
2024,4,Yucatán,Hombres,485063.0,699976.0,69.29709019
2024,4,Yucatán,Mujeres,333653.0,510044.0,65.41651309
2024,4,Zacatecas,Hombres,277935.0,416369.0,66.75208769
2024,4,Zacatecas,Mujeres,166860.0,245912.0,67.8535411
2025,1,Nacional,Hombres,22944692.0,34976135.0,65.60099336
2025,1,Nacional,Mujeres,16271738.0,24024874.0,67.72871317
2025,1,Aguascalientes,Hombres,296611.0,401317.0,73.90940329
2025,1,Aguascalientes,Mujeres,209569.0,267522.0,78.33710872
2025,1,Baja California,Hombres,763184.0,1049841.0,72.69519861
2025,1,Baja California,Mujeres,544709.0,712053.0,76.49837863
2025,1,Baja California Sur,Hombres,192881.0,262386.0,73.51040071
2025,1,Baja California Sur,Mujeres,146054.0,187792.0,77.77434609
2025,1,Campeche,Hombres,160315.0,263965.0,60.73343057
2025,1,Campeche,Mujeres,108404.0,175838.0,61.64992777
2025,1,Coahuila,Hombres,704972.0,902257.0,78.13427881
2025,1,Coahuila,Mujeres,475653.0,614126.0,77.45202125
2025,1,Colima,Hombres,140727.0,206161.0,68.26072827
2025,1,Colima,Mujeres,112991.0,157742.0,71.630257
2025,1,Chiapas,Hombres,649768.0,1554274.0,41.80524155
2025,1,Chiapas,Mujeres,368936.0,698087.0,52.84957319
2025,1,Chihuahua,Hombres,762470.0,1047583.0,72.78373169
2025,1,Chihuahua,Mujeres,602317.0,732717.0,82.20322444
2025,1,Ciudad de México,Hombres,1732370.0,2595643.0,66.74145867
2025,1,Ciudad de México,Mujeres,1651175.0,2297232.0,71.87671946
2025,1,Durango,Hombres,347968.0,498608.0,69.78788948
2025,1,Durango,Mujeres,237568.0,344652.0,68.92981906
2025,1,Guanajuato,Hombres,1153935.0,1636244.0,70.52340604
2025,1,Guanajuato,Mujeres,781623.0,1150812.0,67.91926049
2025,1,Guerrero,Hombres,437787.0,884298.0,49.50672737
2025,1,Guerrero,Mujeres,312421.0,636155.0,49.11082991
2025,1,Hidalgo,Hombres,514096.0,855311.0,60.1063239
2025,1,Hidalgo,Mujeres,385768.0,637230.0,60.53826719
2025,1,Jalisco,Hombres,1694726.0,2354602.0,71.97505141
2025,1,Jalisco,Mujeres,1196020.0,1570153.0,76.17219468
2025,1,México,Hombres,3239245.0,4776744.0,67.81282397
2025,1,México,Mujeres,2199867.0,3228401.0,68.14107046
2025,1,Michoacán,Hombres,840631.0,1350287.0,62.25572786
2025,1,Michoacán,Mujeres,561733.0,880793.0,63.77582474
2025,1,Morelos,Hombres,299277.0,503762.0,59.40841111
2025,1,Morelos,Mujeres,254524.0,375699.0,67.74678666
2025,1,Nayarit,Hombres,213057.0,360311.0,59.13141703
2025,1,Nayarit,Mujeres,171045.0,268205.0,63.77397886
2025,1,Nuevo León,Hombres,1358439.0,1749352.0,77.65383982
2025,1,Nuevo León,Mujeres,860323.0,1096254.0,78.47843657
2025,1,Oaxaca,Hombres,523106.0,1069214.0,48.92435004
2025,1,Oaxaca,Mujeres,332947.0,730400.0,45.58420044
2025,1,Puebla,Hombres,1045350.0,1734777.0,60.2584655
2025,1,Puebla,Mujeres,727681.0,1279661.0,56.8651385
2025,1,Querétaro,Hombres,473447.0,677120.0,69.92069353
2025,1,Querétaro,Mujeres,384738.0,515637.0,74.61411807
2025,1,Quintana Roo,Hombres,423844.0,587466.0,72.14783494
2025,1,Quintana Roo,Mujeres,283436.0,384098.0,73.79262584
2025,1,San Luis Potosí,Hombres,494158.0,751494.0,65.7567459
2025,1,San Luis Potosí,Mujeres,327682.0,493257.0,66.43230608
2025,1,Sinaloa,Hombres,571319.0,833556.0,68.53996612
2025,1,Sinaloa,Mujeres,439256.0,606792.0,72.38987989
2025,1,Sonora,Hombres,579979.0,799882.0,72.50806994
2025,1,Sonora,Mujeres,450160.0,588965.0,76.43238563
2025,1,Tabasco,Hombres,425981.0,668100.0,63.76006586
2025,1,Tabasco,Mujeres,232688.0,398327.0,58.41632628
2025,1,Tamaulipas,Hombres,655362.0,956232.0,68.53587832
2025,1,Tamaulipas,Mujeres,473191.0,676913.0,69.90425653
2025,1,Tlaxcala,Hombres,251748.0,391322.0,64.33269788
2025,1,Tlaxcala,Mujeres,179259.0,284067.0,63.10447887
2025,1,Veracruz,Hombres,1242371.0,2143879.0,57.94967906
2025,1,Veracruz,Mujeres,754623.0,1273772.0,59.24317696
2025,1,Yucatán,Hombres,482480.0,705861.0,68.35340102
2025,1,Yucatán,Mujeres,339060.0,515054.0,65.82999064
2025,1,Zacatecas,Hombres,273088.0,404286.0,67.54822081
2025,1,Zacatecas,Mujeres,166317.0,246468.0,67.4801597
2025,2,Nacional,Hombres,22988994.0,35109909.0,65.47722468
2025,2,Nacional,Mujeres,16459624.0,24330851.0,67.64919156
2025,2,Aguascalientes,Hombres,298765.0,394952.0,75.64590127
2025,2,Aguascalientes,Mujeres,201823.0,257180.0,78.47538689
2025,2,Baja California,Hombres,757295.0,1058073.0,71.57303891
2025,2,Baja California,Mujeres,533200.0,691111.0,77.15113781
2025,2,Baja California Sur,Hombres,199866.0,264967.0,75.43052531
2025,2,Baja California Sur,Mujeres,139772.0,181193.0,77.13984536
2025,2,Campeche,Hombres,157021.0,254730.0,61.64213088
2025,2,Campeche,Mujeres,109075.0,168701.0,64.65581117
2025,2,Coahuila,Hombres,732265.0,937936.0,78.071958
2025,2,Coahuila,Mujeres,486730.0,623525.0,78.06102402
2025,2,Colima,Hombres,140049.0,207158.0,67.60491992
2025,2,Colima,Mujeres,114878.0,159404.0,72.06720032
2025,2,Chiapas,Hombres,641666.0,1525533.0,42.06175809
2025,2,Chiapas,Mujeres,362514.0,694932.0,52.16539172
2025,2,Chihuahua,Hombres,800836.0,1093950.0,73.20590521
2025,2,Chihuahua,Mujeres,614829.0,766725.0,80.18898562
2025,2,Ciudad de México,Hombres,1782349.0,2652941.0,67.18389139
2025,2,Ciudad de México,Mujeres,1672300.0,2287834.0,73.09533821
2025,2,Durango,Hombres,352433.0,509022.0,69.23728248
2025,2,Durango,Mujeres,244773.0,351529.0,69.63095506
2025,2,Guanajuato,Hombres,1127417.0,1627102.0,69.28987857
2025,2,Guanajuato,Mujeres,834441.0,1223220.0,68.21675578
2025,2,Guerrero,Hombres,414109.0,874834.0,47.33572312
2025,2,Guerrero,Mujeres,315460.0,632411.0,49.8821178
2025,2,Hidalgo,Hombres,509176.0,818998.0,62.17060359
2025,2,Hidalgo,Mujeres,400251.0,638014.0,62.73388985
2025,2,Jalisco,Hombres,1672270.0,2341382.0,71.422348
2025,2,Jalisco,Mujeres,1139836.0,1533552.0,74.32653083
2025,2,México,Hombres,3168988.0,4793138.0,66.11510038
2025,2,México,Mujeres,2231415.0,3358979.0,66.43134714
2025,2,Michoacán,Hombres,849615.0,1351388.0,62.86980497
2025,2,Michoacán,Mujeres,563767.0,907493.0,62.12356459
2025,2,Morelos,Hombres,302435.0,492811.0,61.36936878
2025,2,Morelos,Mujeres,237610.0,352805.0,67.34881875
2025,2,Nayarit,Hombres,213237.0,353597.0,60.30509309
2025,2,Nayarit,Mujeres,170358.0,266261.0,63.98158198
2025,2,Nuevo León,Hombres,1384066.0,1791478.0,77.25833083
2025,2,Nuevo León,Mujeres,876635.0,1119726.0,78.29013527
2025,2,Oaxaca,Hombres,501579.0,1071052.0,46.83049936
2025,2,Oaxaca,Mujeres,329066.0,762641.0,43.14821784
2025,2,Puebla,Hombres,1047366.0,1705654.0,61.40553711
2025,2,Puebla,Mujeres,778020.0,1287602.0,60.42395088
2025,2,Querétaro,Hombres,464415.0,668200.0,69.50239449
2025,2,Querétaro,Mujeres,377917.0,519267.0,72.77893646
2025,2,Quintana Roo,Hombres,410771.0,587399.0,69.93049018
2025,2,Quintana Roo,Mujeres,301519.0,400329.0,75.31780111
2025,2,San Luis Potosí,Hombres,491724.0,754865.0,65.14065429
2025,2,San Luis Potosí,Mujeres,312760.0,476164.0,65.68325199
2025,2,Sinaloa,Hombres,578188.0,841957.0,68.67191555
2025,2,Sinaloa,Mujeres,439336.0,607115.0,72.36454378
2025,2,Sonora,Hombres,593913.0,825330.0,71.96067028
2025,2,Sonora,Mujeres,467927.0,637115.0,73.44466854
2025,2,Tabasco,Hombres,443643.0,682175.0,65.03360575
2025,2,Tabasco,Mujeres,246078.0,410981.0,59.87576068
2025,2,Tamaulipas,Hombres,665619.0,973589.0,68.36755551
2025,2,Tamaulipas,Mujeres,494422.0,679679.0,72.74345684
2025,2,Tlaxcala,Hombres,246071.0,395266.0,62.25453239
2025,2,Tlaxcala,Mujeres,184658.0,291602.0,63.32535442
2025,2,Veracruz,Hombres,1292978.0,2127167.0,60.78403811
2025,2,Veracruz,Mujeres,775434.0,1271150.0,61.00255674
2025,2,Yucatán,Hombres,474685.0,705747.0,67.25993876
2025,2,Yucatán,Mujeres,335156.0,511900.0,65.47294393
2025,2,Zacatecas,Hombres,274184.0,427518.0,64.13390781
2025,2,Zacatecas,Mujeres,167664.0,260711.0,64.31028994
