periodo,trimestre,entidad_federativa,sexo,poblacion_ocupada,poblacion_edad_trabajar,tasa_neta_ocupacion
2005,1,Nacional,Hombres,26024568.0,33625523.0,77.39528096
2005,1,Nacional,Mujeres,14462503.0,37840807.0,38.21933026
2005,1,Aguascalientes,Hombres,237959.0,321540.0,74.00603346
2005,1,Aguascalientes,Mujeres,141129.0,372658.0,37.8709165
2005,1,Baja California,Hombres,742805.0,960948.0,77.29918789
2005,1,Baja California,Mujeres,387132.0,995814.0,38.87593466
2005,1,Baja California Sur,Hombres,142281.0,180005.0,79.04280437
2005,1,Baja California Sur,Mujeres,72717.0,180833.0,40.21224002
2005,1,Campeche,Hombres,203614.0,248955.0,81.78747163
2005,1,Campeche,Mujeres,107901.0,262813.0,41.05618824
2005,1,Coahuila,Hombres,619630.0,836452.0,74.07836911
2005,1,Coahuila,Mujeres,325088.0,903253.0,35.99080213
2005,1,Colima,Hombres,157630.0,201883.0,78.07987795
2005,1,Colima,Mujeres,98766.0,221019.0,44.6866559
2005,1,Chiapas,Hombres,1085701.0,1281300.0,84.73433232
2005,1,Chiapas,Mujeres,406477.0,1409548.0,28.83740036
2005,1,Chihuahua,Hombres,816337.0,1089563.0,74.92334083
2005,1,Chihuahua,Mujeres,381519.0,1177652.0,32.39658235
2005,1,Ciudad de México,Hombres,2246102.0,3112263.0,72.16941499
2005,1,Ciudad de México,Mujeres,1499950.0,3563503.0,42.0920089
2005,1,Durango,Hombres,374478.0,488724.0,76.62361578
2005,1,Durango,Mujeres,177414.0,546151.0,32.48442281
2005,1,Guanajuato,Hombres,1144826.0,1496331.0,76.50887404
2005,1,Guanajuato,Mujeres,692799.0,1798636.0,38.51802143
2005,1,Guerrero,Hombres,685291.0,943666.0,72.62007956
2005,1,Guerrero,Mujeres,374618.0,1063983.0,35.2090212
2005,1,Hidalgo,Hombres,602127.0,753453.0,79.91566826
2005,1,Hidalgo,Mujeres,340077.0,870174.0,39.08149405
2005,1,Jalisco,Hombres,1713046.0,2173544.0,78.81349538
2005,1,Jalisco,Mujeres,1100747.0,2469058.0,44.58165827
2005,1,México,Hombres,3568287.0,4625160.0,77.1494824
2005,1,México,Mujeres,1912181.0,5107868.0,37.43599091
2005,1,Michoacán,Hombres,988218.0,1241494.0,79.59909593
2005,1,Michoacán,Mujeres,568319.0,1519251.0,37.4078411
2005,1,Morelos,Hombres,394908.0,525540.0,75.1432812
2005,1,Morelos,Mujeres,267760.0,623773.0,42.92587207
2005,1,Nayarit,Hombres,262869.0,324103.0,81.10662351
2005,1,Nayarit,Mujeres,160947.0,360714.0,44.61900564
2005,1,Nuevo León,Hombres,1148916.0,1478220.0,77.72293705
2005,1,Nuevo León,Mujeres,611271.0,1525179.0,40.07863995
2005,1,Oaxaca,Hombres,833841.0,1053921.0,79.11797943
2005,1,Oaxaca,Mujeres,519200.0,1298856.0,39.97363834
2005,1,Puebla,Hombres,1310506.0,1648052.0,79.51848607
2005,1,Puebla,Mujeres,797453.0,1936186.0,41.18679714
2005,1,Querétaro,Hombres,369188.0,488810.0,75.52791473
2005,1,Querétaro,Mujeres,229490.0,567598.0,40.43178447
2005,1,Quintana Roo,Hombres,300468.0,357250.0,84.10580826
2005,1,Quintana Roo,Mujeres,169734.0,370031.0,45.87021087
2005,1,San Luis Potosí,Hombres,594537.0,743049.0,80.01316199
2005,1,San Luis Potosí,Mujeres,319655.0,848995.0,37.65098734
2005,1,Sinaloa,Hombres,744654.0,906420.0,82.15330641
2005,1,Sinaloa,Mujeres,391542.0,910178.0,43.01817886
2005,1,Sonora,Hombres,631245.0,824743.0,76.53838832
2005,1,Sonora,Mujeres,334918.0,865277.0,38.70644892
2005,1,Tabasco,Hombres,517447.0,663126.0,78.03147516
2005,1,Tabasco,Mujeres,203293.0,735337.0,27.64623567
2005,1,Tamaulipas,Hombres,774680.0,1009872.0,76.71071185
2005,1,Tamaulipas,Mujeres,428118.0,1086149.0,39.41613904
2005,1,Tlaxcala,Hombres,254779.0,333339.0,76.43240065
2005,1,Tlaxcala,Mujeres,133738.0,378145.0,35.36685663
2005,1,Veracruz,Hombres,1760691.0,2277322.0,77.31409963
2005,1,Veracruz,Mujeres,873433.0,2716290.0,32.15536633
2005,1,Yucatán,Hombres,475792.0,599336.0,79.38652108
2005,1,Yucatán,Mujeres,278726.0,649434.0,42.91829501
2005,1,Zacatecas,Hombres,321715.0,437139.0,73.59558401
2005,1,Zacatecas,Mujeres,156391.0,506451.0,30.87978896
2005,2,Nacional,Hombres,25828444.0,33492333.0,77.11748238
2005,2,Nacional,Mujeres,14924540.0,38269033.0,38.99899953
2005,2,Aguascalientes,Hombres,242206.0,323702.0,74.82375765
2005,2,Aguascalientes,Mujeres,145474.0,378093.0,38.47571894
2005,2,Baja California,Hombres,733123.0,959639.0,76.39570714
2005,2,Baja California,Mujeres,398098.0,1012057.0,39.3355315
2005,2,Baja California Sur,Hombres,143845.0,181293.0,79.34393496
2005,2,Baja California Sur,Mujeres,75875.0,183643.0,41.31657618
2005,2,Campeche,Hombres,208507.0,252856.0,82.46076818
2005,2,Campeche,Mujeres,112242.0,264619.0,42.41645536
2005,2,Coahuila,Hombres,625521.0,833661.0,75.03301702
2005,2,Coahuila,Mujeres,335728.0,916875.0,36.61655078
2005,2,Colima,Hombres,158067.0,201604.0,78.40469435
2005,2,Colima,Mujeres,102899.0,219981.0,46.7763125
2005,2,Chiapas,Hombres,1099526.0,1286537.0,85.46400142
2005,2,Chiapas,Mujeres,467068.0,1429274.0,32.67868862
2005,2,Chihuahua,Hombres,833289.0,1103647.0,75.50321797
2005,2,Chihuahua,Mujeres,428103.0,1189549.0,35.98868142
2005,2,Ciudad de México,Hombres,2204593.0,3067060.0,71.87968282
2005,2,Ciudad de México,Mujeres,1586207.0,3632813.0,43.66332646
2005,2,Durango,Hombres,369721.0,479947.0,77.03371414
2005,2,Durango,Mujeres,180561.0,555855.0,32.48347141
2005,2,Guanajuato,Hombres,1112570.0,1473601.0,75.50008449
2005,2,Guanajuato,Mujeres,673641.0,1820705.0,36.99890976
2005,2,Guerrero,Hombres,691758.0,929513.0,74.42155193
2005,2,Guerrero,Mujeres,401662.0,1085975.0,36.98630263
2005,2,Hidalgo,Hombres,599457.0,756151.0,79.27741946
2005,2,Hidalgo,Mujeres,345734.0,887810.0,38.94234127
2005,2,Jalisco,Hombres,1726559.0,2216701.0,77.8886733
2005,2,Jalisco,Mujeres,1074316.0,2459889.0,43.67335274
2005,2,México,Hombres,3485962.0,4574610.0,76.20238665
2005,2,México,Mujeres,1902885.0,5159846.0,36.87871692
2005,2,Michoacán,Hombres,956452.0,1221908.0,78.2752875
2005,2,Michoacán,Mujeres,617596.0,1556616.0,39.67555261
2005,2,Morelos,Hombres,399874.0,528885.0,75.60698451
2005,2,Morelos,Mujeres,264165.0,623926.0,42.3391556
2005,2,Nayarit,Hombres,256538.0,321935.0,79.68627207
2005,2,Nayarit,Mujeres,157552.0,361239.0,43.61433843
2005,2,Nuevo León,Hombres,1156378.0,1464204.0,78.97656338
2005,2,Nuevo León,Mujeres,635556.0,1550287.0,40.99602203
2005,2,Oaxaca,Hombres,837973.0,1065665.0,78.63381081
2005,2,Oaxaca,Mujeres,575503.0,1305398.0,44.08640124
2005,2,Puebla,Hombres,1279429.0,1624601.0,78.7534293
2005,2,Puebla,Mujeres,805421.0,1952100.0,41.25920803
2005,2,Querétaro,Hombres,376199.0,490141.0,76.75321999
2005,2,Querétaro,Mujeres,241300.0,577614.0,41.77530323
2005,2,Quintana Roo,Hombres,307367.0,364760.0,84.26554447
2005,2,Quintana Roo,Mujeres,181564.0,372391.0,48.75628036
2005,2,San Luis Potosí,Hombres,586299.0,735916.0,79.66928291
2005,2,San Luis Potosí,Mujeres,334344.0,863167.0,38.73456701
2005,2,Sinaloa,Hombres,716038.0,894643.0,80.03617085
2005,2,Sinaloa,Mujeres,417951.0,926533.0,45.10913265
2005,2,Sonora,Hombres,618721.0,809796.0,76.40455127
2005,2,Sonora,Mujeres,343349.0,868658.0,39.52637286
2005,2,Tabasco,Hombres,523158.0,671825.0,77.87117181
2005,2,Tabasco,Mujeres,210813.0,732428.0,28.7827609
2005,2,Tamaulipas,Hombres,791246.0,1020642.0,77.52434252
2005,2,Tamaulipas,Mujeres,447575.0,1098662.0,40.73818882
2005,2,Tlaxcala,Hombres,259107.0,338558.0,76.53252914
2005,2,Tlaxcala,Mujeres,140819.0,381258.0,36.93535611
2005,2,Veracruz,Hombres,1716719.0,2260372.0,75.94851644
2005,2,Veracruz,Mujeres,864660.0,2735539.0,31.60839601
2005,2,Yucatán,Hombres,474847.0,596185.0,79.64759261
2005,2,Yucatán,Mujeres,293092.0,653353.0,44.85967004
2005,2,Zacatecas,Hombres,337395.0,441775.0,76.37258786
2005,2,Zacatecas,Mujeres,162787.0,512880.0,31.73978319
2005,3,Nacional,Hombres,26235792.0,33659345.0,77.94504617
2005,3,Nacional,Mujeres,15189569.0,38464208.0,39.49013847
2005,3,Aguascalientes,Hombres,244698.0,328266.0,74.54259655
2005,3,Aguascalientes,Mujeres,144924.0,380542.0,38.08357553
2005,3,Baja California,Hombres,744000.0,971798.0,76.55912031
2005,3,Baja California,Mujeres,405486.0,1026663.0,39.49553067
2005,3,Baja California Sur,Hombres,146343.0,187057.0,78.23444191
2005,3,Baja California Sur,Mujeres,75471.0,186143.0,40.54463504
2005,3,Campeche,Hombres,208124.0,250987.0,82.92222306
2005,3,Campeche,Mujeres,113784.0,265720.0,42.8210146
2005,3,Coahuila,Hombres,623525.0,838191.0,74.38936949
2005,3,Coahuila,Mujeres,318831.0,914972.0,34.84598436
2005,3,Colima,Hombres,158210.0,202074.0,78.29310055
2005,3,Colima,Mujeres,102977.0,221635.0,46.46242696
2005,3,Chiapas,Hombres,1108711.0,1283656.0,86.37134871
2005,3,Chiapas,Mujeres,474091.0,1468209.0,32.29043004
2005,3,Chihuahua,Hombres,847416.0,1076023.0,78.75445042
2005,3,Chihuahua,Mujeres,444971.0,1203389.0,36.9764889
2005,3,Ciudad de México,Hombres,2211807.0,3048202.0,72.56103762
2005,3,Ciudad de México,Mujeres,1566721.0,3629677.0,43.16419891
2005,3,Durango,Hombres,378111.0,483303.0,78.23477198
2005,3,Durango,Mujeres,180262.0,553984.0,32.53920691
2005,3,Guanajuato,Hombres,1158652.0,1485090.0,78.01897528
2005,3,Guanajuato,Mujeres,700844.0,1821197.0,38.48260238
2005,3,Guerrero,Hombres,755536.0,934426.0,80.85562688
2005,3,Guerrero,Mujeres,452699.0,1114432.0,40.62150046
2005,3,Hidalgo,Hombres,601205.0,749186.0,80.24776224
2005,3,Hidalgo,Mujeres,386213.0,893428.0,43.22821761
2005,3,Jalisco,Hombres,1756145.0,2211131.0,79.42292881
2005,3,Jalisco,Mujeres,1115026.0,2462492.0,45.28039076
2005,3,México,Hombres,3531059.0,4614034.0,76.52867317
2005,3,México,Mujeres,1972155.0,5164181.0,38.1891146
2005,3,Michoacán,Hombres,978669.0,1208597.0,80.97562711
2005,3,Michoacán,Mujeres,631065.0,1555172.0,40.57846978
2005,3,Morelos,Hombres,412663.0,543150.0,75.97588143
2005,3,Morelos,Mujeres,263728.0,625791.0,42.14314364
2005,3,Nayarit,Hombres,251568.0,329682.0,76.30625876
2005,3,Nayarit,Mujeres,154532.0,360675.0,42.84522077
2005,3,Nuevo León,Hombres,1165506.0,1483977.0,78.53935742
2005,3,Nuevo León,Mujeres,645267.0,1551102.0,41.60055238
2005,3,Oaxaca,Hombres,878977.0,1096376.0,80.17112742
2005,3,Oaxaca,Mujeres,563649.0,1305601.0,43.17161215
2005,3,Puebla,Hombres,1307899.0,1627791.0,80.34809137
2005,3,Puebla,Mujeres,842506.0,1963218.0,42.91454133
2005,3,Querétaro,Hombres,383808.0,497215.0,77.19155697
2005,3,Querétaro,Mujeres,246045.0,588672.0,41.79662019
2005,3,Quintana Roo,Hombres,319276.0,376013.0,84.91089404
2005,3,Quintana Roo,Mujeres,181787.0,377913.0,48.10287024
2005,3,San Luis Potosí,Hombres,586434.0,734204.0,79.87344117
2005,3,San Luis Potosí,Mujeres,334273.0,868492.0,38.488898
2005,3,Sinaloa,Hombres,691214.0,906826.0,76.22344309
2005,3,Sinaloa,Mujeres,380321.0,939291.0,40.49022082
2005,3,Sonora,Hombres,601023.0,818651.0,73.41626652
2005,3,Sonora,Mujeres,331872.0,879166.0,37.74850256
2005,3,Tabasco,Hombres,529029.0,669662.0,78.99940567
2005,3,Tabasco,Mujeres,222366.0,733924.0,30.29823251
2005,3,Tamaulipas,Hombres,775320.0,1024130.0,75.70523273
2005,3,Tamaulipas,Mujeres,431667.0,1091859.0,39.53504986
2005,3,Tlaxcala,Hombres,264393.0,340015.0,77.75921651
2005,3,Tlaxcala,Mujeres,153120.0,386082.0,39.65996861
2005,3,Veracruz,Hombres,1788395.0,2297155.0,77.85260463
2005,3,Veracruz,Mujeres,883938.0,2747068.0,32.17750707
2005,3,Yucatán,Hombres,484247.0,604387.0,80.12200792
2005,3,Yucatán,Mujeres,295382.0,662232.0,44.60400585
2005,3,Zacatecas,Hombres,343829.0,438090.0,78.48364491
2005,3,Zacatecas,Mujeres,173596.0,521286.0,33.30148901
2005,4,Nacional,Hombres,26462901.0,33901100.0,78.05912198
2005,4,Nacional,Mujeres,15503097.0,38713118.0,40.04610789
2005,4,Aguascalientes,Hombres,251338.0,332573.0,75.5737838
2005,4,Aguascalientes,Mujeres,150916.0,383202.0,39.38288422
2005,4,Baja California,Hombres,746581.0,978708.0,76.28230279
2005,4,Baja California,Mujeres,427990.0,1044557.0,40.97335043
2005,4,Baja California Sur,Hombres,149562.0,188223.0,79.46000223
2005,4,Baja California Sur,Mujeres,82251.0,189659.0,43.36783385
2005,4,Campeche,Hombres,207818.0,254382.0,81.69524573
2005,4,Campeche,Mujeres,113669.0,263274.0,43.17517111
2005,4,Coahuila,Hombres,627512.0,852575.0,73.6019705
2005,4,Coahuila,Mujeres,339133.0,913314.0,37.13213637
2005,4,Colima,Hombres,158537.0,201562.0,78.65421062
2005,4,Colima,Mujeres,107383.0,222584.0,48.24380908
2005,4,Chiapas,Hombres,1094280.0,1281196.0,85.41081927
2005,4,Chiapas,Mujeres,451215.0,1489963.0,30.28363792
2005,4,Chihuahua,Hombres,865259.0,1104166.0,78.36312656
2005,4,Chihuahua,Mujeres,444791.0,1191727.0,37.32322923
2005,4,Ciudad de México,Hombres,2250365.0,3044270.0,73.92133418
2005,4,Ciudad de México,Mujeres,1663476.0,3656793.0,45.49002364
2005,4,Durango,Hombres,379803.0,492382.0,77.13584168
2005,4,Durango,Mujeres,179178.0,551224.0,32.50547872
2005,4,Guanajuato,Hombres,1185058.0,1506209.0,78.67819141
2005,4,Guanajuato,Mujeres,733663.0,1847127.0,39.71914221
2005,4,Guerrero,Hombres,747758.0,943717.0,79.23540638
2005,4,Guerrero,Mujeres,435332.0,1127631.0,38.60589147
2005,4,Hidalgo,Hombres,583456.0,760967.0,76.67297005
2005,4,Hidalgo,Mujeres,365174.0,907148.0,40.25517336
2005,4,Jalisco,Hombres,1755308.0,2202730.0,79.68784191
2005,4,Jalisco,Mujeres,1114903.0,2503098.0,44.54092489
2005,4,México,Hombres,3572522.0,4653945.0,76.76330511
2005,4,México,Mujeres,1991975.0,5192736.0,38.36079862
2005,4,Michoacán,Hombres,980260.0,1236343.0,79.28705869
2005,4,Michoacán,Mujeres,652085.0,1567355.0,41.60416753
2005,4,Morelos,Hombres,419133.0,552932.0,75.80190693
2005,4,Morelos,Mujeres,262021.0,632535.0,41.42395282
2005,4,Nayarit,Hombres,266391.0,334762.0,79.57623625
2005,4,Nayarit,Mujeres,158746.0,361011.0,43.97262133
2005,4,Nuevo León,Hombres,1189963.0,1492327.0,79.73875699
2005,4,Nuevo León,Mujeres,651975.0,1563399.0,41.7024061
2005,4,Oaxaca,Hombres,860697.0,1100544.0,78.20650515
2005,4,Oaxaca,Mujeres,560987.0,1307807.0,42.89524372
2005,4,Puebla,Hombres,1300312.0,1636418.0,79.46087124
2005,4,Puebla,Mujeres,835909.0,1949989.0,42.86737002
2005,4,Querétaro,Hombres,399713.0,510236.0,78.33884712
2005,4,Querétaro,Mujeres,253833.0,594146.0,42.72232751
2005,4,Quintana Roo,Hombres,323243.0,385370.0,83.87861017
2005,4,Quintana Roo,Mujeres,173951.0,375878.0,46.27857975
2005,4,San Luis Potosí,Hombres,588171.0,738288.0,79.66687797
2005,4,San Luis Potosí,Mujeres,342375.0,875468.0,39.10765442
2005,4,Sinaloa,Hombres,720359.0,910337.0,79.1310251
2005,4,Sinaloa,Mujeres,416125.0,954774.0,43.58361246
2005,4,Sonora,Hombres,625872.0,834377.0,75.0106966
2005,4,Sonora,Mujeres,335860.0,883379.0,38.01992123
2005,4,Tabasco,Hombres,535473.0,669728.0,79.95380214
2005,4,Tabasco,Mujeres,211409.0,728371.0,29.02490626
2005,4,Tamaulipas,Hombres,798122.0,1037060.0,76.96006017
2005,4,Tamaulipas,Mujeres,459741.0,1102411.0,41.70323046
2005,4,Tlaxcala,Hombres,267359.0,338440.0,78.99745893
2005,4,Tlaxcala,Mujeres,161703.0,392096.0,41.24066555
2005,4,Veracruz,Hombres,1783742.0,2289367.0,77.91420074
2005,4,Veracruz,Mujeres,947133.0,2751723.0,34.41963453
2005,4,Yucatán,Hombres,477867.0,598921.0,79.78798539
2005,4,Yucatán,Mujeres,295894.0,670384.0,44.13798659
2005,4,Zacatecas,Hombres,351067.0,438045.0,80.14404913
2005,4,Zacatecas,Mujeres,182301.0,518355.0,35.16914084
2006,1,Nacional,Hombres,26393613.0,34004138.0,77.61882686
2006,1,Nacional,Mujeres,15476662.0,38832481.0,39.85493999
2006,1,Aguascalientes,Hombres,249642.0,334795.0,74.56562971
2006,1,Aguascalientes,Mujeres,148571.0,389509.0,38.14314945
2006,1,Baja California,Hombres,755440.0,990197.0,76.29188939
2006,1,Baja California,Mujeres,432535.0,1049975.0,41.19479035
2006,1,Baja California Sur,Hombres,152371.0,189925.0,80.22693168
2006,1,Baja California Sur,Mujeres,78292.0,187208.0,41.82086236
2006,1,Campeche,Hombres,205741.0,255178.0,80.62646466
2006,1,Campeche,Mujeres,114736.0,267015.0,42.96987061
2006,1,Coahuila,Hombres,636260.0,861907.0,73.82002931
2006,1,Coahuila,Mujeres,338599.0,903286.0,37.4852483
2006,1,Colima,Hombres,159545.0,205691.0,77.56537719
2006,1,Colima,Mujeres,106913.0,221039.0,48.36838748
2006,1,Chiapas,Hombres,1104735.0,1291125.0,85.56375254
2006,1,Chiapas,Mujeres,420276.0,1470075.0,28.58874547
2006,1,Chihuahua,Hombres,861657.0,1119086.0,76.99649535
2006,1,Chihuahua,Mujeres,442328.0,1185774.0,37.30289246
2006,1,Ciudad de México,Hombres,2243432.0,3012078.0,74.48120533
2006,1,Ciudad de México,Mujeres,1635924.0,3615444.0,45.24821848
2006,1,Durango,Hombres,375977.0,497777.0,75.53121177
2006,1,Durango,Mujeres,176333.0,552241.0,31.93044341
2006,1,Guanajuato,Hombres,1159565.0,1517837.0,76.39588441
2006,1,Guanajuato,Mujeres,701685.0,1840445.0,38.1258337
2006,1,Guerrero,Hombres,662523.0,929124.0,71.3061981
2006,1,Guerrero,Mujeres,442140.0,1139308.0,38.80776752
2006,1,Hidalgo,Hombres,601607.0,773263.0,77.8010845
2006,1,Hidalgo,Mujeres,345106.0,912171.0,37.8334764
2006,1,Jalisco,Hombres,1743683.0,2213043.0,78.79119384
2006,1,Jalisco,Mujeres,1112333.0,2487856.0,44.71050575
2006,1,México,Hombres,3579611.0,4660421.0,76.80874754
2006,1,México,Mujeres,2088797.0,5236336.0,39.89043102
2006,1,Michoacán,Hombres,991652.0,1242543.0,79.80826418
2006,1,Michoacán,Mujeres,613903.0,1592310.0,38.55423881
2006,1,Morelos,Hombres,417599.0,550199.0,75.89962904
2006,1,Morelos,Mujeres,264796.0,634979.0,41.70153659
2006,1,Nayarit,Hombres,267085.0,337401.0,79.15951642
2006,1,Nayarit,Mujeres,158136.0,358782.0,44.07578976
2006,1,Nuevo León,Hombres,1185944.0,1499613.0,79.08333683
2006,1,Nuevo León,Mujeres,658620.0,1573706.0,41.85152754
2006,1,Oaxaca,Hombres,845946.0,1094962.0,77.25802357
2006,1,Oaxaca,Mujeres,583483.0,1324931.0,44.03874617
2006,1,Puebla,Hombres,1279961.0,1622749.0,78.87609236
2006,1,Puebla,Mujeres,825175.0,1978389.0,41.70944137
2006,1,Querétaro,Hombres,386907.0,508111.0,76.14615704
2006,1,Querétaro,Mujeres,248507.0,600432.0,41.38803395
2006,1,Quintana Roo,Hombres,322313.0,387568.0,83.16295463
2006,1,Quintana Roo,Mujeres,186730.0,386802.0,48.27534501
2006,1,San Luis Potosí,Hombres,603006.0,759664.0,79.37798816
2006,1,San Luis Potosí,Mujeres,349463.0,882748.0,39.58808176
2006,1,Sinaloa,Hombres,731142.0,912441.0,80.13033171
2006,1,Sinaloa,Mujeres,424600.0,958556.0,44.29579492
2006,1,Sonora,Hombres,639269.0,830253.0,76.99689131
2006,1,Sonora,Mujeres,355253.0,890043.0,39.91413898
2006,1,Tabasco,Hombres,537791.0,677531.0,79.37511346
2006,1,Tabasco,Mujeres,227680.0,731494.0,31.12534074
2006,1,Tamaulipas,Hombres,793590.0,1018716.0,77.90100479
2006,1,Tamaulipas,Mujeres,464159.0,1109286.0,41.84304138
2006,1,Tlaxcala,Hombres,264932.0,339952.0,77.93217866
2006,1,Tlaxcala,Mujeres,146736.0,393713.0,37.26978789
2006,1,Veracruz,Hombres,1820506.0,2321242.0,78.42810013
2006,1,Veracruz,Mujeres,923917.0,2770009.0,33.35429596
2006,1,Yucatán,Hombres,487445.0,607428.0,80.24737088
2006,1,Yucatán,Mujeres,289344.0,671621.0,43.08144028
2006,1,Zacatecas,Hombres,326736.0,442318.0,73.86902636
2006,1,Zacatecas,Mujeres,171592.0,516998.0,33.19007037
2006,2,Nacional,Hombres,26691557.0,34071967.0,78.3387616
2006,2,Nacional,Mujeres,15659981.0,39065413.0,40.08656199
2006,2,Aguascalientes,Hombres,250483.0,335052.0,74.75944033
2006,2,Aguascalientes,Mujeres,149849.0,392702.0,38.15845094
2006,2,Baja California,Hombres,745662.0,986210.0,75.60884599
2006,2,Baja California,Mujeres,464391.0,1049943.0,44.23011535
2006,2,Baja California Sur,Hombres,155528.0,193618.0,80.3272423
2006,2,Baja California Sur,Mujeres,78162.0,189546.0,41.2364281
2006,2,Campeche,Hombres,213082.0,259789.0,82.02117873
2006,2,Campeche,Mujeres,113405.0,267370.0,42.41500542
2006,2,Coahuila,Hombres,648137.0,866869.0,74.76758311
2006,2,Coahuila,Mujeres,357968.0,906925.0,39.47051851
2006,2,Colima,Hombres,166481.0,209536.0,79.45221823
2006,2,Colima,Mujeres,107503.0,223154.0,48.17435493
2006,2,Chiapas,Hombres,1111481.0,1300015.0,85.49755195
2006,2,Chiapas,Mujeres,427678.0,1486493.0,28.77093939
2006,2,Chihuahua,Hombres,873174.0,1125746.0,77.56403309
2006,2,Chihuahua,Mujeres,467300.0,1191478.0,39.22019542
2006,2,Ciudad de México,Hombres,2247077.0,3017036.0,74.47962172
2006,2,Ciudad de México,Mujeres,1637083.0,3608067.0,45.37285477
2006,2,Durango,Hombres,376048.0,493664.0,76.17488818
2006,2,Durango,Mujeres,179907.0,561299.0,32.05190104
2006,2,Guanajuato,Hombres,1194697.0,1532390.0,77.96298592
2006,2,Guanajuato,Mujeres,735394.0,1877701.0,39.16459543
2006,2,Guerrero,Hombres,727393.0,919304.0,79.12431579
2006,2,Guerrero,Mujeres,477217.0,1149427.0,41.51781714
2006,2,Hidalgo,Hombres,615049.0,773670.0,79.49758941
2006,2,Hidalgo,Mujeres,359108.0,917113.0,39.1563526
2006,2,Jalisco,Hombres,1778276.0,2203548.0,80.70057925
2006,2,Jalisco,Mujeres,1086948.0,2504665.0,43.39694131
2006,2,México,Hombres,3602496.0,4664342.0,77.23481683
2006,2,México,Mujeres,2044134.0,5247809.0,38.95214174
2006,2,Michoacán,Hombres,989244.0,1236208.0,80.02245577
2006,2,Michoacán,Mujeres,657945.0,1590713.0,41.36164097
2006,2,Morelos,Hombres,424689.0,554592.0,76.57683486
2006,2,Morelos,Mujeres,268713.0,632983.0,42.451851
2006,2,Nayarit,Hombres,264649.0,336533.0,78.63983621
2006,2,Nayarit,Mujeres,161367.0,364032.0,44.32769647
2006,2,Nuevo León,Hombres,1205841.0,1519952.0,79.33415003
2006,2,Nuevo León,Mujeres,664557.0,1596485.0,41.62626019
2006,2,Oaxaca,Hombres,852831.0,1068092.0,79.84621175
2006,2,Oaxaca,Mujeres,538693.0,1343916.0,40.08382964
2006,2,Puebla,Hombres,1330063.0,1647400.0,80.73710089
2006,2,Puebla,Mujeres,883958.0,1999753.0,44.20335911
2006,2,Querétaro,Hombres,383122.0,500555.0,76.53944122
2006,2,Querétaro,Mujeres,255451.0,614810.0,41.54958442
2006,2,Quintana Roo,Hombres,326617.0,386762.0,84.44909272
2006,2,Quintana Roo,Mujeres,193176.0,388941.0,49.66717317
2006,2,San Luis Potosí,Hombres,589261.0,761596.0,77.3718612
2006,2,San Luis Potosí,Mujeres,334135.0,879431.0,37.99445323
2006,2,Sinaloa,Hombres,729450.0,929332.0,78.49186297
2006,2,Sinaloa,Mujeres,417112.0,970661.0,42.97195416
2006,2,Sonora,Hombres,631272.0,821780.0,76.81763976
2006,2,Sonora,Mujeres,369050.0,903721.0,40.83671841
2006,2,Tabasco,Hombres,528408.0,681302.0,77.558557
2006,2,Tabasco,Mujeres,214864.0,731949.0,29.35505069
2006,2,Tamaulipas,Hombres,795974.0,1033696.0,77.00271647
2006,2,Tamaulipas,Mujeres,469017.0,1121551.0,41.81860655
2006,2,Tlaxcala,Hombres,268313.0,340160.0,78.87846896
2006,2,Tlaxcala,Mujeres,155946.0,395912.0,39.38905615
2006,2,Veracruz,Hombres,1828056.0,2331794.0,78.39697675
2006,2,Veracruz,Mujeres,911224.0,2759797.0,33.0177908
2006,2,Yucatán,Hombres,498509.0,610526.0,81.65237844
2006,2,Yucatán,Mujeres,299984.0,674481.0,44.47627138
2006,2,Zacatecas,Hombres,340194.0,430898.0,78.95000673
2006,2,Zacatecas,Mujeres,178742.0,522585.0,34.20343102
2006,3,Nacional,Hombres,26825115.0,34382906.0,78.01875444
2006,3,Nacional,Mujeres,15951332.0,39247240.0,40.64319427
2006,3,Aguascalientes,Hombres,252886.0,334509.0,75.59916176
2006,3,Aguascalientes,Mujeres,153402.0,393832.0,38.95112637
2006,3,Baja California,Hombres,760215.0,1003967.0,75.72111434
2006,3,Baja California,Mujeres,452858.0,1052524.0,43.02590725
2006,3,Baja California Sur,Hombres,156187.0,195235.0,79.9994878
2006,3,Baja California Sur,Mujeres,77887.0,188190.0,41.3874276
2006,3,Campeche,Hombres,208168.0,258761.0,80.44798096
2006,3,Campeche,Mujeres,112311.0,268225.0,41.87193587
2006,3,Coahuila,Hombres,662520.0,870137.0,76.13973432
2006,3,Coahuila,Mujeres,357660.0,925352.0,38.65123758
2006,3,Colima,Hombres,166591.0,210009.0,79.32564795
2006,3,Colima,Mujeres,106069.0,226243.0,46.88277648
2006,3,Chiapas,Hombres,1125158.0,1317718.0,85.38685819
2006,3,Chiapas,Mujeres,433916.0,1499921.0,28.92925694
2006,3,Chihuahua,Hombres,861639.0,1121407.0,76.83552894
2006,3,Chihuahua,Mujeres,479351.0,1211512.0,39.56634354
2006,3,Ciudad de México,Hombres,2284180.0,3043906.0,75.04108208
2006,3,Ciudad de México,Mujeres,1673658.0,3598526.0,46.50954307
2006,3,Durango,Hombres,373530.0,497631.0,75.06164206
2006,3,Durango,Mujeres,178354.0,560343.0,31.82943304
2006,3,Guanajuato,Hombres,1204596.0,1543983.0,78.01873466
2006,3,Guanajuato,Mujeres,751360.0,1887136.0,39.81483052
2006,3,Guerrero,Hombres,733200.0,917575.0,79.90627469
2006,3,Guerrero,Mujeres,490011.0,1140387.0,42.96883426
2006,3,Hidalgo,Hombres,607594.0,776938.0,78.20366619
2006,3,Hidalgo,Mujeres,338962.0,928840.0,36.49304509
2006,3,Jalisco,Hombres,1761415.0,2223411.0,79.22129557
2006,3,Jalisco,Mujeres,1106365.0,2519163.0,43.91796005
2006,3,México,Hombres,3622073.0,4736333.0,76.47420483
2006,3,México,Mujeres,2137104.0,5287725.0,40.41632271
2006,3,Michoacán,Hombres,1002264.0,1257935.0,79.67534094
2006,3,Michoacán,Mujeres,627754.0,1574446.0,39.87142144
2006,3,Morelos,Hombres,426416.0,551853.0,77.26985266
2006,3,Morelos,Mujeres,262792.0,630704.0,41.66645526
2006,3,Nayarit,Hombres,264899.0,341428.0,77.58561102
2006,3,Nayarit,Mujeres,158748.0,371458.0,42.73646011
2006,3,Nuevo León,Hombres,1228436.0,1547958.0,79.35848389
2006,3,Nuevo León,Mujeres,685391.0,1593961.0,42.99923273
2006,3,Oaxaca,Hombres,870734.0,1074710.0,81.02036829
2006,3,Oaxaca,Mujeres,584795.0,1355508.0,43.14212826
2006,3,Puebla,Hombres,1331016.0,1663258.0,80.02462637
2006,3,Puebla,Mujeres,894825.0,2012200.0,44.4699831
2006,3,Querétaro,Hombres,387235.0,508181.0,76.20021213
2006,3,Querétaro,Mujeres,253551.0,612945.0,41.36602795
2006,3,Quintana Roo,Hombres,341692.0,400231.0,85.37369669
2006,3,Quintana Roo,Mujeres,201888.0,392786.0,51.39898062
2006,3,San Luis Potosí,Hombres,605248.0,763254.0,79.29837249
2006,3,San Luis Potosí,Mujeres,335281.0,876395.0,38.25683624
2006,3,Sinaloa,Hombres,701287.0,917849.0,76.40548718
2006,3,Sinaloa,Mujeres,388808.0,987993.0,39.35331526
2006,3,Sonora,Hombres,594752.0,810313.0,73.39781048
2006,3,Sonora,Mujeres,362988.0,907941.0,39.97924975
2006,3,Tabasco,Hombres,529794.0,685296.0,77.30878336
2006,3,Tabasco,Mujeres,224925.0,744145.0,30.22596403
2006,3,Tamaulipas,Hombres,790692.0,1034126.0,76.45992848
2006,3,Tamaulipas,Mujeres,486890.0,1121355.0,43.41979123
2006,3,Tlaxcala,Hombres,267700.0,338118.0,79.17354296
2006,3,Tlaxcala,Mujeres,159928.0,394601.0,40.52904073
2006,3,Veracruz,Hombres,1861126.0,2391311.0,77.82868895
2006,3,Veracruz,Mujeres,956144.0,2775726.0,34.44662766
2006,3,Yucatán,Hombres,495627.0,612248.0,80.95199984
2006,3,Yucatán,Mujeres,318449.0,682419.0,46.66473237
2006,3,Zacatecas,Hombres,346245.0,433317.0,79.90570414
2006,3,Zacatecas,Mujeres,198907.0,524738.0,37.9059645
2006,4,Nacional,Hombres,26996701.0,34572198.0,78.08789305
2006,4,Nacional,Mujeres,16113207.0,39368533.0,40.92915273
2006,4,Aguascalientes,Hombres,260411.0,340151.0,76.55747006
2006,4,Aguascalientes,Mujeres,163337.0,396194.0,41.22652034
2006,4,Baja California,Hombres,757504.0,1012654.0,74.80383231
2006,4,Baja California,Mujeres,454089.0,1062719.0,42.72898104
2006,4,Baja California Sur,Hombres,162585.0,198928.0,81.73057589
2006,4,Baja California Sur,Mujeres,83090.0,187111.0,44.40679597
2006,4,Campeche,Hombres,212398.0,260728.0,81.46344083
2006,4,Campeche,Mujeres,112919.0,271630.0,41.57088687
2006,4,Coahuila,Hombres,678099.0,893532.0,75.88972751
2006,4,Coahuila,Mujeres,369072.0,933426.0,39.53950286
2006,4,Colima,Hombres,163365.0,208202.0,78.46466412
2006,4,Colima,Mujeres,107634.0,230504.0,46.6950682
2006,4,Chiapas,Hombres,1117195.0,1332086.0,83.86808359
2006,4,Chiapas,Mujeres,435329.0,1478574.0,29.44248986
2006,4,Chihuahua,Hombres,867622.0,1138082.0,76.23545579
2006,4,Chihuahua,Mujeres,451665.0,1191204.0,37.91667926
2006,4,Ciudad de México,Hombres,2238155.0,3040184.0,73.61906385
2006,4,Ciudad de México,Mujeres,1698340.0,3609352.0,47.0538756
2006,4,Durango,Hombres,374667.0,499096.0,75.06912498
2006,4,Durango,Mujeres,192606.0,564520.0,34.11854319
2006,4,Guanajuato,Hombres,1230943.0,1575386.0,78.1359616
2006,4,Guanajuato,Mujeres,729050.0,1892185.0,38.52953067
2006,4,Guerrero,Hombres,746111.0,934463.0,79.84382474
2006,4,Guerrero,Mujeres,472289.0,1142106.0,41.35246641
2006,4,Hidalgo,Hombres,598402.0,770952.0,77.61858066
2006,4,Hidalgo,Mujeres,326238.0,932589.0,34.98196955
2006,4,Jalisco,Hombres,1776750.0,2227375.0,79.76878613
2006,4,Jalisco,Mujeres,1116985.0,2549585.0,43.81046327
2006,4,México,Hombres,3677481.0,4727882.0,77.7828423
2006,4,México,Mujeres,2158427.0,5330020.0,40.49566418
2006,4,Michoacán,Hombres,1007822.0,1264260.0,79.71635581
2006,4,Michoacán,Mujeres,642639.0,1572625.0,40.86409665
2006,4,Morelos,Hombres,418747.0,545745.0,76.72942491
2006,4,Morelos,Mujeres,278537.0,638367.0,43.63273791
2006,4,Nayarit,Hombres,270260.0,343262.0,78.73286294
2006,4,Nayarit,Mujeres,162697.0,372295.0,43.70109725
2006,4,Nuevo León,Hombres,1231936.0,1551677.0,79.39384292
2006,4,Nuevo León,Mujeres,681543.0,1595651.0,42.71253551
2006,4,Oaxaca,Hombres,861433.0,1083429.0,79.50987097
2006,4,Oaxaca,Mujeres,563767.0,1361023.0,41.42229779
2006,4,Puebla,Hombres,1332872.0,1661905.0,80.20145556
2006,4,Puebla,Mujeres,892419.0,2014943.0,44.29003699
2006,4,Querétaro,Hombres,394155.0,517683.0,76.13829313
2006,4,Querétaro,Mujeres,257997.0,611950.0,42.15981698
2006,4,Quintana Roo,Hombres,345777.0,405156.0,85.34416373
2006,4,Quintana Roo,Mujeres,200609.0,394898.0,50.80020664
2006,4,San Luis Potosí,Hombres,603684.0,771796.0,78.21807835
2006,4,San Luis Potosí,Mujeres,368318.0,890882.0,41.34307349
2006,4,Sinaloa,Hombres,717384.0,922573.0,77.75904996
2006,4,Sinaloa,Mujeres,395404.0,972914.0,40.64120775
2006,4,Sonora,Hombres,612668.0,823983.0,74.35444663
2006,4,Sonora,Mujeres,371399.0,907351.0,40.9322302
2006,4,Tabasco,Hombres,534753.0,693474.0,77.11219166
2006,4,Tabasco,Mujeres,237218.0,758025.0,31.29421853
2006,4,Tamaulipas,Hombres,803846.0,1048305.0,76.68054622
2006,4,Tamaulipas,Mujeres,488921.0,1130033.0,43.26608161
2006,4,Tlaxcala,Hombres,268602.0,338514.0,79.34738297
2006,4,Tlaxcala,Mujeres,164716.0,399579.0,41.22238656
2006,4,Veracruz,Hombres,1865282.0,2382631.0,78.28665035
2006,4,Veracruz,Mujeres,1002857.0,2772807.0,36.16757315
2006,4,Yucatán,Hombres,504934.0,617925.0,81.71444755
2006,4,Yucatán,Mujeres,317531.0,680316.0,46.67404559
2006,4,Zacatecas,Hombres,360858.0,440179.0,81.97983093
2006,4,Zacatecas,Mujeres,215565.0,523155.0,41.20480546
2007,1,Nacional,Hombres,26786676.0,34784913.0,77.00659191
2007,1,Nacional,Mujeres,15930777.0,39678936.0,40.1492041
2007,1,Aguascalientes,Hombres,257536.0,342844.0,75.11754617
2007,1,Aguascalientes,Mujeres,159018.0,401323.0,39.62344545
2007,1,Baja California,Hombres,762338.0,1027579.0,74.18777534
2007,1,Baja California,Mujeres,443850.0,1063570.0,41.73209098
2007,1,Baja California Sur,Hombres,161159.0,199539.0,80.76566486
2007,1,Baja California Sur,Mujeres,84490.0,191867.0,44.03571224
2007,1,Campeche,Hombres,207104.0,259298.0,79.87103641
2007,1,Campeche,Mujeres,112782.0,276145.0,40.84158685
2007,1,Coahuila,Hombres,672562.0,896699.0,75.00420989
2007,1,Coahuila,Mujeres,357083.0,942538.0,37.88526298
2007,1,Colima,Hombres,162359.0,208342.0,77.92907815
2007,1,Colima,Mujeres,108349.0,232848.0,46.53207242
2007,1,Chiapas,Hombres,1112153.0,1323403.0,84.03736428
2007,1,Chiapas,Mujeres,439548.0,1496103.0,29.37952801
2007,1,Chihuahua,Hombres,865891.0,1147084.0,75.48627651
2007,1,Chihuahua,Mujeres,462584.0,1215380.0,38.0608534
2007,1,Ciudad de México,Hombres,2257972.0,3046759.0,74.1106205
2007,1,Ciudad de México,Mujeres,1686597.0,3620112.0,46.5896359
2007,1,Durango,Hombres,380041.0,508796.0,74.69417999
2007,1,Durango,Mujeres,186846.0,561530.0,33.2744466
2007,1,Guanajuato,Hombres,1201859.0,1581673.0,75.98656612
2007,1,Guanajuato,Mujeres,703465.0,1918305.0,36.67117586
2007,1,Guerrero,Hombres,721073.0,935128.0,77.10955078
2007,1,Guerrero,Mujeres,457128.0,1145026.0,39.92293625
2007,1,Hidalgo,Hombres,599501.0,792156.0,75.67966411
2007,1,Hidalgo,Mujeres,351957.0,953945.0,36.89489436
2007,1,Jalisco,Hombres,1786711.0,2253559.0,79.28396816
2007,1,Jalisco,Mujeres,1111831.0,2555862.0,43.50121407
2007,1,México,Hombres,3600483.0,4752639.0,75.7575528
2007,1,México,Mujeres,2106619.0,5367893.0,39.24480238
2007,1,Michoacán,Hombres,996732.0,1272384.0,78.33578542
2007,1,Michoacán,Mujeres,605417.0,1601535.0,37.80229592
2007,1,Morelos,Hombres,418236.0,552842.0,75.6519946
2007,1,Morelos,Mujeres,273594.0,644111.0,42.47621916
2007,1,Nayarit,Hombres,269524.0,344521.0,78.23151564
2007,1,Nayarit,Mujeres,163100.0,370818.0,43.98384113
2007,1,Nuevo León,Hombres,1233657.0,1560656.0,79.0473365
2007,1,Nuevo León,Mujeres,692216.0,1599518.0,43.27653706
2007,1,Oaxaca,Hombres,838983.0,1087308.0,77.16148506
2007,1,Oaxaca,Mujeres,529051.0,1358449.0,38.94522356
2007,1,Puebla,Hombres,1339236.0,1669103.0,80.23686974
2007,1,Puebla,Mujeres,875064.0,2048803.0,42.71098783
2007,1,Querétaro,Hombres,397237.0,525330.0,75.61666
2007,1,Querétaro,Mujeres,261377.0,624652.0,41.84361853
2007,1,Quintana Roo,Hombres,348438.0,410081.0,84.96809167
2007,1,Quintana Roo,Mujeres,212898.0,401555.0,53.018391
2007,1,San Luis Potosí,Hombres,600636.0,781815.0,76.82584755
2007,1,San Luis Potosí,Mujeres,347344.0,892060.0,38.93729121
2007,1,Sinaloa,Hombres,710342.0,916295.0,77.52328671
2007,1,Sinaloa,Mujeres,403736.0,983276.0,41.06029233
2007,1,Sonora,Hombres,605581.0,819463.0,73.89973678
2007,1,Sonora,Mujeres,373322.0,925956.0,40.31746649
2007,1,Tabasco,Hombres,539570.0,695697.0,77.55818984
2007,1,Tabasco,Mujeres,261469.0,759756.0,34.41486477
2007,1,Tamaulipas,Hombres,786505.0,1054821.0,74.56288792
2007,1,Tamaulipas,Mujeres,475571.0,1143297.0,41.59645307
2007,1,Tlaxcala,Hombres,265364.0,343957.0,77.15034147
2007,1,Tlaxcala,Mujeres,160433.0,399828.0,40.12550397
2007,1,Veracruz,Hombres,1859427.0,2407284.0,77.24169645
2007,1,Veracruz,Mujeres,1001682.0,2774593.0,36.1019436
2007,1,Yucatán,Hombres,501647.0,622397.0,80.59919955
2007,1,Yucatán,Mujeres,325416.0,685323.0,47.48359533
2007,1,Zacatecas,Hombres,326819.0,445461.0,73.36646755
2007,1,Zacatecas,Mujeres,196940.0,522959.0,37.65878396
2007,2,Nacional,Hombres,27053104.0,34830081.0,77.67166548
2007,2,Nacional,Mujeres,16192179.0,39851300.0,40.63149508
2007,2,Aguascalientes,Hombres,263906.0,345315.0,76.42471367
2007,2,Aguascalientes,Mujeres,160217.0,401598.0,39.89486999
2007,2,Baja California,Hombres,773031.0,1026768.0,75.28779627
2007,2,Baja California,Mujeres,477647.0,1080388.0,44.21069097
2007,2,Baja California Sur,Hombres,162767.0,200835.0,81.04513655
2007,2,Baja California Sur,Mujeres,83971.0,197570.0,42.50189806
2007,2,Campeche,Hombres,211573.0,259199.0,81.62570072
2007,2,Campeche,Mujeres,112155.0,278922.0,40.21016628
2007,2,Coahuila,Hombres,686149.0,891433.0,76.97146056
2007,2,Coahuila,Mujeres,359973.0,949225.0,37.92283178
2007,2,Colima,Hombres,163823.0,207915.0,78.79325686
2007,2,Colima,Mujeres,104978.0,235850.0,44.51049396
2007,2,Chiapas,Hombres,1127704.0,1336060.0,84.40519138
2007,2,Chiapas,Mujeres,459625.0,1504198.0,30.55615019
2007,2,Chihuahua,Hombres,911729.0,1161367.0,78.50481372
2007,2,Chihuahua,Mujeres,460532.0,1208119.0,38.11975476
2007,2,Ciudad de México,Hombres,2238355.0,3061406.0,73.11526142
2007,2,Ciudad de México,Mujeres,1644246.0,3614326.0,45.49246526
2007,2,Durango,Hombres,386371.0,507101.0,76.19211952
2007,2,Durango,Mujeres,188174.0,568739.0,33.08617837
2007,2,Guanajuato,Hombres,1227356.0,1581005.0,77.63138004
2007,2,Guanajuato,Mujeres,749701.0,1937573.0,38.69278732
2007,2,Guerrero,Hombres,728199.0,931435.0,78.18033464
2007,2,Guerrero,Mujeres,485808.0,1155404.0,42.0465915
2007,2,Hidalgo,Hombres,610580.0,790781.0,77.21227495
2007,2,Hidalgo,Mujeres,335276.0,960146.0,34.91927269
2007,2,Jalisco,Hombres,1815529.0,2264352.0,80.17874429
2007,2,Jalisco,Mujeres,1155201.0,2579713.0,44.78021392
2007,2,México,Hombres,3637741.0,4773311.0,76.21001439
2007,2,México,Mujeres,2070995.0,5389213.0,38.42852379
2007,2,Michoacán,Hombres,1008232.0,1278112.0,78.88447961
2007,2,Michoacán,Mujeres,614861.0,1597421.0,38.49085495
2007,2,Morelos,Hombres,422464.0,546503.0,77.30314381
2007,2,Morelos,Mujeres,291629.0,649578.0,44.89514731
2007,2,Nayarit,Hombres,266453.0,340577.0,78.23575873
2007,2,Nayarit,Mujeres,166243.0,376325.0,44.17538032
2007,2,Nuevo León,Hombres,1228126.0,1563970.0,78.52618656
2007,2,Nuevo León,Mujeres,704287.0,1592701.0,44.21966207
2007,2,Oaxaca,Hombres,863395.0,1093757.0,78.93846622
2007,2,Oaxaca,Mujeres,574985.0,1353420.0,42.48385571
2007,2,Puebla,Hombres,1340519.0,1669777.0,80.281319
2007,2,Puebla,Mujeres,918093.0,2062930.0,44.50432152
2007,2,Querétaro,Hombres,397038.0,525272.0,75.58712439
2007,2,Querétaro,Mujeres,261010.0,629716.0,41.44884361
2007,2,Quintana Roo,Hombres,357867.0,418996.0,85.41060058
2007,2,Quintana Roo,Mujeres,213307.0,410350.0,51.98172292
2007,2,San Luis Potosí,Hombres,600529.0,770598.0,77.93025676
2007,2,San Luis Potosí,Mujeres,346203.0,894336.0,38.71061883
2007,2,Sinaloa,Hombres,713777.0,916977.0,77.84022936
2007,2,Sinaloa,Mujeres,402640.0,979703.0,41.09816955
2007,2,Sonora,Hombres,601495.0,816055.0,73.70765451
2007,2,Sonora,Mujeres,362980.0,931699.0,38.95893416
2007,2,Tabasco,Hombres,524019.0,683189.0,76.70190826
2007,2,Tabasco,Mujeres,260218.0,766875.0,33.93225754
2007,2,Tamaulipas,Hombres,803672.0,1045303.0,76.88411877
2007,2,Tamaulipas,Mujeres,517152.0,1155524.0,44.75476061
2007,2,Tlaxcala,Hombres,265064.0,349779.0,75.78042135
2007,2,Tlaxcala,Mujeres,159654.0,401988.0,39.71611093
2007,2,Veracruz,Hombres,1876273.0,2399914.0,78.18084315
2007,2,Veracruz,Mujeres,1029003.0,2771606.0,37.12659736
2007,2,Yucatán,Hombres,499246.0,621314.0,80.35325134
2007,2,Yucatán,Mujeres,323808.0,685186.0,47.25840867
2007,2,Zacatecas,Hombres,340122.0,451705.0,75.29737329
2007,2,Zacatecas,Mujeres,197607.0,530958.0,37.21706802
2007,3,Nacional,Hombres,27108767.0,35004467.0,77.44373597
2007,3,Nacional,Mujeres,16201729.0,40217844.0,40.28492676
2007,3,Aguascalientes,Hombres,263470.0,348009.0,75.70781215
2007,3,Aguascalientes,Mujeres,158833.0,403341.0,39.37933411
2007,3,Baja California,Hombres,775451.0,1027865.0,75.44288404
2007,3,Baja California,Mujeres,453395.0,1100479.0,41.19978664
2007,3,Baja California Sur,Hombres,167809.0,205805.0,81.53786351
2007,3,Baja California Sur,Mujeres,91353.0,202680.0,45.07252812
2007,3,Campeche,Hombres,212699.0,260186.0,81.74882584
2007,3,Campeche,Mujeres,107823.0,282651.0,38.14704353
2007,3,Coahuila,Hombres,683970.0,894031.0,76.50405858
2007,3,Coahuila,Mujeres,359839.0,961998.0,37.40537922
2007,3,Colima,Hombres,167154.0,212862.0,78.52693294
2007,3,Colima,Mujeres,108775.0,235337.0,46.22095123
2007,3,Chiapas,Hombres,1127760.0,1346332.0,83.76537139
2007,3,Chiapas,Mujeres,455494.0,1537387.0,29.62780354
2007,3,Chihuahua,Hombres,899557.0,1154323.0,77.92940104
2007,3,Chihuahua,Mujeres,445000.0,1196210.0,37.20082594
2007,3,Ciudad de México,Hombres,2259530.0,3075001.0,73.48062651
2007,3,Ciudad de México,Mujeres,1664706.0,3654436.0,45.55302104
2007,3,Durango,Hombres,399168.0,520258.0,76.72500951
2007,3,Durango,Mujeres,191636.0,569796.0,33.63238773
2007,3,Guanajuato,Hombres,1223800.0,1575726.0,77.66578707
2007,3,Guanajuato,Mujeres,736844.0,1953742.0,37.71449864
2007,3,Guerrero,Hombres,763633.0,955860.0,79.88962819
2007,3,Guerrero,Mujeres,516003.0,1151741.0,44.80199976
2007,3,Hidalgo,Hombres,579246.0,759082.0,76.30875189
2007,3,Hidalgo,Mujeres,375987.0,971705.0,38.69353353
2007,3,Jalisco,Hombres,1849508.0,2289068.0,80.79742498
2007,3,Jalisco,Mujeres,1173632.0,2607712.0,45.006197
2007,3,México,Hombres,3617760.0,4780804.0,75.67262745
2007,3,México,Mujeres,2023363.0,5422055.0,37.31727177
2007,3,Michoacán,Hombres,991884.0,1261172.0,78.64779745
2007,3,Michoacán,Mujeres,614813.0,1575338.0,39.02737063
2007,3,Morelos,Hombres,426206.0,555539.0,76.71936624
2007,3,Morelos,Mujeres,279566.0,648043.0,43.14003855
2007,3,Nayarit,Hombres,265696.0,342816.0,77.50396714
2007,3,Nayarit,Mujeres,162349.0,377756.0,42.9772128
2007,3,Nuevo León,Hombres,1226101.0,1575937.0,77.80139688
2007,3,Nuevo León,Mujeres,699075.0,1599082.0,43.71727028
2007,3,Oaxaca,Hombres,862647.0,1100479.0,78.38832
2007,3,Oaxaca,Mujeres,586263.0,1354698.0,43.27628741
2007,3,Puebla,Hombres,1315257.0,1660265.0,79.21970288
2007,3,Puebla,Mujeres,931453.0,2108251.0,44.18131427
2007,3,Querétaro,Hombres,406149.0,537579.0,75.55150034
2007,3,Querétaro,Mujeres,262439.0,638078.0,41.12961111
2007,3,Quintana Roo,Hombres,354483.0,420995.0,84.20123754
2007,3,Quintana Roo,Mujeres,214900.0,416704.0,51.5713792
2007,3,San Luis Potosí,Hombres,625508.0,785383.0,79.64368977
2007,3,San Luis Potosí,Mujeres,376311.0,906605.0,41.50771284
2007,3,Sinaloa,Hombres,689663.0,918975.0,75.04698169
2007,3,Sinaloa,Mujeres,400983.0,995061.0,40.29732851
2007,3,Sonora,Hombres,617757.0,830919.0,74.34623591
2007,3,Sonora,Mujeres,379489.0,948876.0,39.99352919
2007,3,Tabasco,Hombres,529850.0,698609.0,75.84356915
2007,3,Tabasco,Mujeres,262524.0,793510.0,33.08389308
2007,3,Tamaulipas,Hombres,808643.0,1053427.0,76.76307898
2007,3,Tamaulipas,Mujeres,481544.0,1143683.0,42.10467411
2007,3,Tlaxcala,Hombres,269592.0,354223.0,76.10798847
2007,3,Tlaxcala,Mujeres,166351.0,406698.0,40.90283208
2007,3,Veracruz,Hombres,1868146.0,2430489.0,76.86296873
2007,3,Veracruz,Mujeres,1000100.0,2822090.0,35.43827447
2007,3,Yucatán,Hombres,494300.0,617532.0,80.04443494
2007,3,Yucatán,Mujeres,316423.0,701010.0,45.1381578
2007,3,Zacatecas,Hombres,366370.0,454916.0,80.53574726
2007,3,Zacatecas,Mujeres,204463.0,531091.0,38.49867537
2007,4,Nacional,Hombres,27591124.0,35293273.0,78.17672223
2007,4,Nacional,Mujeres,16854459.0,40348679.0,41.77202183
2007,4,Aguascalientes,Hombres,272369.0,355117.0,76.69838391
2007,4,Aguascalientes,Mujeres,161321.0,404095.0,39.9215531
2007,4,Baja California,Hombres,798605.0,1045511.0,76.3841796
2007,4,Baja California,Mujeres,490732.0,1097577.0,44.710485
2007,4,Baja California Sur,Hombres,169973.0,208040.0,81.70207652
2007,4,Baja California Sur,Mujeres,98386.0,206811.0,47.57290473
2007,4,Campeche,Hombres,216950.0,261270.0,83.03670532
2007,4,Campeche,Mujeres,114465.0,286556.0,39.94507182
2007,4,Coahuila,Hombres,714055.0,914693.0,78.06499011
2007,4,Coahuila,Mujeres,393215.0,961475.0,40.89705921
2007,4,Colima,Hombres,171551.0,216868.0,79.10387886
2007,4,Colima,Mujeres,112575.0,238063.0,47.28790278
2007,4,Chiapas,Hombres,1147412.0,1347651.0,85.14162791
2007,4,Chiapas,Mujeres,501375.0,1563899.0,32.05929539
2007,4,Chihuahua,Hombres,922745.0,1172206.0,78.71867232
2007,4,Chihuahua,Mujeres,467737.0,1189940.0,39.30761215
2007,4,Ciudad de México,Hombres,2256222.0,3060442.0,73.72209635
2007,4,Ciudad de México,Mujeres,1708435.0,3658499.0,46.69770307
2007,4,Durango,Hombres,412462.0,525199.0,78.53442219
2007,4,Durango,Mujeres,202298.0,575077.0,35.17755014
2007,4,Guanajuato,Hombres,1256641.0,1624459.0,77.35750795
2007,4,Guanajuato,Mujeres,758678.0,1950971.0,38.88720027
2007,4,Guerrero,Hombres,778013.0,958106.0,81.20322804
2007,4,Guerrero,Mujeres,532314.0,1187031.0,44.84415319
2007,4,Hidalgo,Hombres,604182.0,767250.0,78.74643206
2007,4,Hidalgo,Mujeres,383665.0,957493.0,40.06974464
2007,4,Jalisco,Hombres,1876858.0,2322195.0,80.82258381
2007,4,Jalisco,Mujeres,1188839.0,2611302.0,45.52667596
2007,4,México,Hombres,3650252.0,4826105.0,75.63556947
2007,4,México,Mujeres,2112178.0,5448048.0,38.7694455
2007,4,Michoacán,Hombres,1026710.0,1264757.0,81.17843981
2007,4,Michoacán,Mujeres,646188.0,1580526.0,40.88436381
2007,4,Morelos,Hombres,429788.0,561697.0,76.51598638
2007,4,Morelos,Mujeres,303263.0,654828.0,46.31185594
2007,4,Nayarit,Hombres,272461.0,337847.0,80.64626887
2007,4,Nayarit,Mujeres,176434.0,379023.0,46.54968168
2007,4,Nuevo León,Hombres,1259718.0,1599324.0,78.76565349
2007,4,Nuevo León,Mujeres,719808.0,1612481.0,44.6397818
2007,4,Oaxaca,Hombres,860921.0,1098020.0,78.40667747
2007,4,Oaxaca,Mujeres,593957.0,1356787.0,43.77673135
2007,4,Puebla,Hombres,1334310.0,1672956.0,79.75762662
2007,4,Puebla,Mujeres,934978.0,2113280.0,44.24297774
2007,4,Querétaro,Hombres,419894.0,540820.0,77.64024999
2007,4,Querétaro,Mujeres,274715.0,640856.0,42.86688429
2007,4,Quintana Roo,Hombres,361734.0,426216.0,84.8710513
2007,4,Quintana Roo,Mujeres,225417.0,424891.0,53.05290063
2007,4,San Luis Potosí,Hombres,628717.0,799209.0,78.6674074
2007,4,San Luis Potosí,Mujeres,370992.0,899336.0,41.25176797
2007,4,Sinaloa,Hombres,721205.0,924824.0,77.98294594
2007,4,Sinaloa,Mujeres,414828.0,998323.0,41.55248351
2007,4,Sonora,Hombres,636193.0,838668.0,75.85755031
2007,4,Sonora,Mujeres,398296.0,940757.0,42.33781944
2007,4,Tabasco,Hombres,522876.0,688082.0,75.99036161
2007,4,Tabasco,Mujeres,319467.0,792367.0,40.31805969
2007,4,Tamaulipas,Hombres,833209.0,1063750.0,78.32752056
2007,4,Tamaulipas,Mujeres,496346.0,1149314.0,43.1862833
2007,4,Tlaxcala,Hombres,273046.0,358084.0,76.25194089
2007,4,Tlaxcala,Mujeres,163372.0,406566.0,40.18338966
2007,4,Veracruz,Hombres,1893945.0,2432831.0,77.84942727
2007,4,Veracruz,Mujeres,1047916.0,2840036.0,36.89798298
2007,4,Yucatán,Hombres,506825.0,623970.0,81.22586022
2007,4,Yucatán,Mujeres,330621.0,699025.0,47.29745002
2007,4,Zacatecas,Hombres,361282.0,457106.0,79.03680984
2007,4,Zacatecas,Mujeres,211648.0,523446.0,40.43358818
2008,1,Nacional,Hombres,27387288.0,35594978.0,76.9414382
2008,1,Nacional,Mujeres,16465691.0,40510495.0,40.64549446
2008,1,Aguascalientes,Hombres,269766.0,360715.0,74.78646577
2008,1,Aguascalientes,Mujeres,157000.0,407460.0,38.53138958
2008,1,Baja California,Hombres,787115.0,1060003.0,74.25592192
2008,1,Baja California,Mujeres,471478.0,1096868.0,42.9840236
2008,1,Baja California Sur,Hombres,170833.0,209361.0,81.59733666
2008,1,Baja California Sur,Mujeres,99934.0,210426.0,47.49127959
2008,1,Campeche,Hombres,221745.0,268433.0,82.60720552
2008,1,Campeche,Mujeres,115432.0,288334.0,40.03412709
2008,1,Coahuila,Hombres,706508.0,917648.0,76.99117744
2008,1,Coahuila,Mujeres,384672.0,967377.0,39.76443517
2008,1,Colima,Hombres,171837.0,218281.0,78.72283891
2008,1,Colima,Mujeres,118295.0,238456.0,49.60873285
2008,1,Chiapas,Hombres,1135233.0,1352053.0,83.9636464
2008,1,Chiapas,Mujeres,468181.0,1559717.0,30.01704796
2008,1,Chihuahua,Hombres,919903.0,1179440.0,77.99489588
2008,1,Chihuahua,Mujeres,453401.0,1197616.0,37.85862914
2008,1,Ciudad de México,Hombres,2274233.0,3064201.0,74.21944579
2008,1,Ciudad de México,Mujeres,1674976.0,3677553.0,45.54593775
2008,1,Durango,Hombres,393284.0,523369.0,75.14468759
2008,1,Durango,Mujeres,196183.0,575588.0,34.08392809
2008,1,Guanajuato,Hombres,1206923.0,1638823.0,73.64572013
2008,1,Guanajuato,Mujeres,743952.0,1975833.0,37.65257489
2008,1,Guerrero,Hombres,741623.0,952833.0,77.83347134
2008,1,Guerrero,Mujeres,507695.0,1183631.0,42.89301311
2008,1,Hidalgo,Hombres,588916.0,776177.0,75.87393082
2008,1,Hidalgo,Mujeres,381900.0,972844.0,39.25603694
2008,1,Jalisco,Hombres,1859080.0,2346797.0,79.21775935
2008,1,Jalisco,Mujeres,1178361.0,2600071.0,45.32033933
2008,1,México,Hombres,3638397.0,4831345.0,75.30815953
2008,1,México,Mujeres,2142964.0,5468872.0,39.18475327
2008,1,Michoacán,Hombres,1015960.0,1297563.0,78.29754702
2008,1,Michoacán,Mujeres,612639.0,1582902.0,38.70353313
2008,1,Morelos,Hombres,425023.0,565902.0,75.10540694
2008,1,Morelos,Mujeres,288566.0,657423.0,43.8935054
2008,1,Nayarit,Hombres,276833.0,348629.0,79.40618824
2008,1,Nayarit,Mujeres,171449.0,377532.0,45.41310405
2008,1,Nuevo León,Hombres,1256395.0,1616518.0,77.72230189
2008,1,Nuevo León,Mujeres,707564.0,1630045.0,43.40763599
2008,1,Oaxaca,Hombres,868318.0,1103941.0,78.6561963
2008,1,Oaxaca,Mujeres,571215.0,1358573.0,42.04521951
2008,1,Puebla,Hombres,1320114.0,1721905.0,76.66590201
2008,1,Puebla,Mujeres,877941.0,2119248.0,41.42700618
2008,1,Querétaro,Hombres,408275.0,544546.0,74.97530053
2008,1,Querétaro,Mujeres,259381.0,639632.0,40.55159842
2008,1,Quintana Roo,Hombres,366023.0,432463.0,84.63683598
2008,1,Quintana Roo,Mujeres,227947.0,430477.0,52.95219024
2008,1,San Luis Potosí,Hombres,635259.0,797816.0,79.62475057
2008,1,San Luis Potosí,Mujeres,365404.0,905374.0,40.35945366
2008,1,Sinaloa,Hombres,722888.0,931688.0,77.58906415
2008,1,Sinaloa,Mujeres,416887.0,1012282.0,41.18289172
2008,1,Sonora,Hombres,628807.0,856516.0,73.41450714
2008,1,Sonora,Mujeres,400723.0,940809.0,42.59344883
2008,1,Tabasco,Hombres,557421.0,703268.0,79.2615333
2008,1,Tabasco,Mujeres,273532.0,788321.0,34.69804813
2008,1,Tamaulipas,Hombres,832057.0,1071839.0,77.62891628
2008,1,Tamaulipas,Mujeres,504654.0,1158657.0,43.55508144
2008,1,Tlaxcala,Hombres,266503.0,358383.0,74.36262323
2008,1,Tlaxcala,Mujeres,165688.0,413449.0,40.07459203
2008,1,Veracruz,Hombres,1891288.0,2453925.0,77.07195615
2008,1,Veracruz,Mujeres,1023210.0,2849109.0,35.91333291
2008,1,Yucatán,Hombres,511239.0,631062.0,81.01248372
2008,1,Yucatán,Mujeres,319177.0,701541.0,45.49655687
2008,1,Zacatecas,Hombres,319489.0,459535.0,69.52441055
2008,1,Zacatecas,Mujeres,185290.0,524475.0,35.328662
2008,2,Nacional,Hombres,27792156.0,35786357.0,77.66131657
2008,2,Nacional,Mujeres,16669994.0,40549053.0,41.11068636
2008,2,Aguascalientes,Hombres,264498.0,359277.0,73.6195192
2008,2,Aguascalientes,Mujeres,162673.0,412824.0,39.40492801
2008,2,Baja California,Hombres,802535.0,1063245.0,75.47978124
2008,2,Baja California,Mujeres,516406.0,1111381.0,46.46525359
2008,2,Baja California Sur,Hombres,173815.0,215217.0,80.76267209
2008,2,Baja California Sur,Mujeres,101954.0,208696.0,48.85287691
2008,2,Campeche,Hombres,221469.0,271063.0,81.70388434
2008,2,Campeche,Mujeres,119084.0,290180.0,41.03797643
2008,2,Coahuila,Hombres,704953.0,900641.0,78.27236379
2008,2,Coahuila,Mujeres,383477.0,978062.0,39.20784163
2008,2,Colima,Hombres,173533.0,216037.0,80.32559238
2008,2,Colima,Mujeres,123277.0,239052.0,51.56911467
2008,2,Chiapas,Hombres,1159375.0,1372775.0,84.45484511
2008,2,Chiapas,Mujeres,463680.0,1572653.0,29.48393574
2008,2,Chihuahua,Hombres,914181.0,1165320.0,78.4489239
2008,2,Chihuahua,Mujeres,469058.0,1205293.0,38.91651242
2008,2,Ciudad de México,Hombres,2280751.0,3082579.0,73.98840387
2008,2,Ciudad de México,Mujeres,1711910.0,3684509.0,46.46236446
2008,2,Durango,Hombres,389090.0,512997.0,75.84644745
2008,2,Durango,Mujeres,193091.0,579353.0,33.3287305
2008,2,Guanajuato,Hombres,1250778.0,1627306.0,76.86188092
2008,2,Guanajuato,Mujeres,748034.0,1965294.0,38.06219324
2008,2,Guerrero,Hombres,768523.0,973290.0,78.96135787
2008,2,Guerrero,Mujeres,490943.0,1172896.0,41.85733432
2008,2,Hidalgo,Hombres,616519.0,796655.0,77.38845548
2008,2,Hidalgo,Mujeres,374894.0,965916.0,38.81227767
2008,2,Jalisco,Hombres,1898705.0,2360608.0,80.43288
2008,2,Jalisco,Mujeres,1213614.0,2616946.0,46.37520224
2008,2,México,Hombres,3713759.0,4885408.0,76.01737664
2008,2,México,Mujeres,2139245.0,5468148.0,39.1219294
2008,2,Michoacán,Hombres,1021813.0,1296504.0,78.8129462
2008,2,Michoacán,Mujeres,634419.0,1569136.0,40.43110349
2008,2,Morelos,Hombres,434787.0,574143.0,75.72799808
2008,2,Morelos,Mujeres,296172.0,661659.0,44.76202999
2008,2,Nayarit,Hombres,278824.0,354951.0,78.55281433
2008,2,Nayarit,Mujeres,174522.0,383179.0,45.5458154
2008,2,Nuevo León,Hombres,1261039.0,1624038.0,77.64836783
2008,2,Nuevo León,Mujeres,722210.0,1628755.0,44.34122996
2008,2,Oaxaca,Hombres,874572.0,1123265.0,77.85981046
2008,2,Oaxaca,Mujeres,554159.0,1361643.0,40.69781874
2008,2,Puebla,Hombres,1361073.0,1727838.0,78.7731836
2008,2,Puebla,Mujeres,895012.0,2090701.0,42.80918218
2008,2,Querétaro,Hombres,412652.0,548273.0,75.26396521
2008,2,Querétaro,Mujeres,272753.0,641274.0,42.53298902
2008,2,Quintana Roo,Hombres,368652.0,438055.0,84.15655568
2008,2,Quintana Roo,Mujeres,239396.0,439167.0,54.51138178
2008,2,San Luis Potosí,Hombres,635806.0,801769.0,79.300397
2008,2,San Luis Potosí,Mujeres,364540.0,913245.0,39.91699927
2008,2,Sinaloa,Hombres,728850.0,943761.0,77.22823893
2008,2,Sinaloa,Mujeres,399814.0,1005142.0,39.77686735
2008,2,Sonora,Hombres,652555.0,876764.0,74.42766811
2008,2,Sonora,Mujeres,411601.0,941986.0,43.69502307
2008,2,Tabasco,Hombres,555361.0,713016.0,77.88899548
2008,2,Tabasco,Mujeres,259018.0,786129.0,32.94853644
2008,2,Tamaulipas,Hombres,837141.0,1066107.0,78.52316888
2008,2,Tamaulipas,Mujeres,520906.0,1170927.0,44.48663324
2008,2,Tlaxcala,Hombres,267479.0,358305.0,74.65120498
2008,2,Tlaxcala,Mujeres,170238.0,416087.0,40.91403961
2008,2,Veracruz,Hombres,1905897.0,2435268.0,78.26231035
2008,2,Veracruz,Mujeres,1020787.0,2843299.0,35.90150033
2008,2,Yucatán,Hombres,519230.0,637667.0,81.42651258
2008,2,Yucatán,Mujeres,329649.0,700741.0,47.042916
2008,2,Zacatecas,Hombres,343941.0,464215.0,74.09088461
2008,2,Zacatecas,Mujeres,193458.0,524780.0,36.86459088
2008,3,Nacional,Hombres,27789440.0,35988111.0,77.21839026
2008,3,Nacional,Mujeres,16435019.0,40833402.0,40.24895844
2008,3,Aguascalientes,Hombres,268120.0,361772.0,74.11297723
2008,3,Aguascalientes,Mujeres,162358.0,415746.0,39.05220976
2008,3,Baja California,Hombres,796026.0,1060807.0,75.0396632
2008,3,Baja California,Mujeres,506265.0,1110581.0,45.58559889
2008,3,Baja California Sur,Hombres,174202.0,216010.0,80.64534049
2008,3,Baja California Sur,Mujeres,104769.0,213290.0,49.12044634
2008,3,Campeche,Hombres,224276.0,274834.0,81.60416833
2008,3,Campeche,Mujeres,118898.0,287449.0,41.36316355
2008,3,Coahuila,Hombres,686148.0,908804.0,75.50010783
2008,3,Coahuila,Mujeres,387108.0,982170.0,39.41354348
2008,3,Colima,Hombres,180557.0,220173.0,82.00687641
2008,3,Colima,Mujeres,123138.0,240611.0,51.17721135
2008,3,Chiapas,Hombres,1175421.0,1368339.0,85.90130077
2008,3,Chiapas,Mujeres,488742.0,1598507.0,30.57490521
2008,3,Chihuahua,Hombres,918607.0,1183420.0,77.62307549
2008,3,Chihuahua,Mujeres,467835.0,1215147.0,38.50028021
2008,3,Ciudad de México,Hombres,2250701.0,3107933.0,72.41793822
2008,3,Ciudad de México,Mujeres,1654274.0,3694344.0,44.77855879
2008,3,Durango,Hombres,396779.0,517562.0,76.66308578
2008,3,Durango,Mujeres,188394.0,572325.0,32.91731097
2008,3,Guanajuato,Hombres,1237371.0,1606933.0,77.00202809
2008,3,Guanajuato,Mujeres,748495.0,1975220.0,37.89425988
2008,3,Guerrero,Hombres,787814.0,979352.0,80.44237414
2008,3,Guerrero,Mujeres,521831.0,1179342.0,44.24763979
2008,3,Hidalgo,Hombres,617629.0,791099.0,78.07227667
2008,3,Hidalgo,Mujeres,368247.0,977638.0,37.66700967
2008,3,Jalisco,Hombres,1880237.0,2397889.0,78.41217838
2008,3,Jalisco,Mujeres,1172441.0,2615422.0,44.82798569
2008,3,México,Hombres,3697199.0,4914051.0,75.23729404
2008,3,México,Mujeres,2098183.0,5541847.0,37.86071683
2008,3,Michoacán,Hombres,1056912.0,1299119.0,81.35605745
2008,3,Michoacán,Mujeres,634049.0,1564313.0,40.53210579
2008,3,Morelos,Hombres,435884.0,578119.0,75.39693385
2008,3,Morelos,Mujeres,292710.0,666272.0,43.93250804
2008,3,Nayarit,Hombres,272864.0,356278.0,76.58738401
2008,3,Nayarit,Mujeres,167841.0,384862.0,43.61069682
2008,3,Nuevo León,Hombres,1274056.0,1640110.0,77.68113114
2008,3,Nuevo León,Mujeres,701188.0,1644785.0,42.63098216
2008,3,Oaxaca,Hombres,889670.0,1121528.0,79.32659729
2008,3,Oaxaca,Mujeres,577562.0,1365261.0,42.30414551
2008,3,Puebla,Hombres,1363335.0,1737153.0,78.48099736
2008,3,Puebla,Mujeres,848698.0,2105907.0,40.30083
2008,3,Querétaro,Hombres,419277.0,548928.0,76.38105544
2008,3,Querétaro,Mujeres,274966.0,652191.0,42.16034873
2008,3,Quintana Roo,Hombres,376262.0,447771.0,84.03000641
2008,3,Quintana Roo,Mujeres,232049.0,445901.0,52.04047535
2008,3,San Luis Potosí,Hombres,613437.0,806162.0,76.0935147
2008,3,San Luis Potosí,Mujeres,356686.0,927300.0,38.46500593
2008,3,Sinaloa,Hombres,715590.0,959100.0,74.61057241
2008,3,Sinaloa,Mujeres,395715.0,1007048.0,39.294552
2008,3,Sonora,Hombres,646906.0,891872.0,72.53350257
2008,3,Sonora,Mujeres,390354.0,945679.0,41.27764284
2008,3,Tabasco,Hombres,579265.0,733209.0,79.0040766
2008,3,Tabasco,Mujeres,254155.0,783683.0,32.43084257
2008,3,Tamaulipas,Hombres,819078.0,1066874.0,76.77363962
2008,3,Tamaulipas,Mujeres,502517.0,1182857.0,42.48332639
2008,3,Tlaxcala,Hombres,273823.0,354992.0,77.13497769
2008,3,Tlaxcala,Mujeres,170653.0,419055.0,40.72329408
2008,3,Veracruz,Hombres,1881971.0,2437251.0,77.21695468
2008,3,Veracruz,Mujeres,1010094.0,2886065.0,34.99900383
2008,3,Yucatán,Hombres,525674.0,641190.0,81.98412327
2008,3,Yucatán,Mujeres,326357.0,706047.0,46.22312679
2008,3,Zacatecas,Hombres,354349.0,459477.0,77.12007347
2008,3,Zacatecas,Mujeres,188447.0,526537.0,35.78988751
2008,4,Nacional,Hombres,27575254.0,36366169.0,75.82666736
2008,4,Nacional,Mujeres,16423586.0,40903279.0,40.15224794
2008,4,Aguascalientes,Hombres,271065.0,364804.0,74.30428394
2008,4,Aguascalientes,Mujeres,167649.0,424219.0,39.51944632
2008,4,Baja California,Hombres,784462.0,1079648.0,72.65905184
2008,4,Baja California,Mujeres,499061.0,1118412.0,44.62228588
2008,4,Baja California Sur,Hombres,172994.0,215840.0,80.14918458
2008,4,Baja California Sur,Mujeres,106043.0,215654.0,49.17274894
2008,4,Campeche,Hombres,220656.0,275340.0,80.13946394
2008,4,Campeche,Mujeres,116716.0,290456.0,40.18371113
2008,4,Coahuila,Hombres,683864.0,911136.0,75.05619359
2008,4,Coahuila,Mujeres,393859.0,996720.0,39.51551088
2008,4,Colima,Hombres,176154.0,221239.0,79.62158571
2008,4,Colima,Mujeres,119169.0,239655.0,49.72523002
2008,4,Chiapas,Hombres,1159503.0,1389095.0,83.47182878
2008,4,Chiapas,Mujeres,449034.0,1597691.0,28.10518429
2008,4,Chihuahua,Hombres,871064.0,1205651.0,72.24843674
2008,4,Chihuahua,Mujeres,472402.0,1219762.0,38.72903075
2008,4,Ciudad de México,Hombres,2207780.0,3088657.0,71.48025825
2008,4,Ciudad de México,Mujeres,1637285.0,3698344.0,44.2707601
2008,4,Durango,Hombres,388715.0,520172.0,74.72816684
2008,4,Durango,Mujeres,199783.0,575853.0,34.69340266
2008,4,Guanajuato,Hombres,1236930.0,1633240.0,75.73473586
2008,4,Guanajuato,Mujeres,753076.0,1977119.0,38.08956365
2008,4,Guerrero,Hombres,771196.0,995149.0,77.49553082
2008,4,Guerrero,Mujeres,539617.0,1192641.0,45.24555168
2008,4,Hidalgo,Hombres,630095.0,828197.0,76.08032871
2008,4,Hidalgo,Mujeres,338774.0,974124.0,34.77729735
2008,4,Jalisco,Hombres,1839838.0,2439024.0,75.43337007
2008,4,Jalisco,Mujeres,1167333.0,2650610.0,44.04016434
2008,4,México,Hombres,3709648.0,4960506.0,74.78366118
2008,4,México,Mujeres,2141979.0,5548180.0,38.60687649
2008,4,Michoacán,Hombres,1032827.0,1329510.0,77.68478612
2008,4,Michoacán,Mujeres,621637.0,1569177.0,39.61547996
2008,4,Morelos,Hombres,434079.0,585061.0,74.19380201
2008,4,Morelos,Mujeres,292795.0,679846.0,43.06784183
2008,4,Nayarit,Hombres,282987.0,368020.0,76.89446226
2008,4,Nayarit,Mujeres,170647.0,384930.0,44.33195646
2008,4,Nuevo León,Hombres,1267595.0,1649837.0,76.83152942
2008,4,Nuevo León,Mujeres,710132.0,1639098.0,43.32456022
2008,4,Oaxaca,Hombres,889824.0,1140435.0,78.02496416
2008,4,Oaxaca,Mujeres,565888.0,1379270.0,41.02808007
2008,4,Puebla,Hombres,1378957.0,1754095.0,78.61358706
2008,4,Puebla,Mujeres,873169.0,2077856.0,42.02259444
2008,4,Querétaro,Hombres,415120.0,552578.0,75.12423585
2008,4,Querétaro,Mujeres,269876.0,652997.0,41.32882693
2008,4,Quintana Roo,Hombres,375173.0,458222.0,81.87581565
2008,4,Quintana Roo,Mujeres,234411.0,443109.0,52.90143057
2008,4,San Luis Potosí,Hombres,618430.0,817423.0,75.65605568
2008,4,San Luis Potosí,Mujeres,367544.0,930125.0,39.51554899
2008,4,Sinaloa,Hombres,721442.0,953078.0,75.69600809
2008,4,Sinaloa,Mujeres,423128.0,1009000.0,41.93538157
2008,4,Sonora,Hombres,640136.0,896278.0,71.42159018
2008,4,Sonora,Mujeres,376907.0,938565.0,40.15779408
2008,4,Tabasco,Hombres,550726.0,728983.0,75.54716639
2008,4,Tabasco,Mujeres,253354.0,786196.0,32.22529751
2008,4,Tamaulipas,Hombres,800041.0,1067892.0,74.91778195
2008,4,Tamaulipas,Mujeres,506332.0,1190850.0,42.51853718
2008,4,Tlaxcala,Hombres,268237.0,358133.0,74.89871081
2008,4,Tlaxcala,Mujeres,163715.0,422527.0,38.74663631
2008,4,Veracruz,Hombres,1881310.0,2461530.0,76.42848147
2008,4,Veracruz,Mujeres,962433.0,2836246.0,33.93334006
2008,4,Yucatán,Hombres,531549.0,656776.0,80.93307307
2008,4,Yucatán,Mujeres,333293.0,709544.0,46.97284453
2008,4,Zacatecas,Hombres,362857.0,460620.0,78.77578047
2008,4,Zacatecas,Mujeres,196545.0,534503.0,36.77154291
2009,1,Nacional,Hombres,27502264.0,36791552.0,74.7515734
2009,1,Nacional,Mujeres,16335321.0,41248046.0,39.60265415
2009,1,Aguascalientes,Hombres,259842.0,369291.0,70.36239713
2009,1,Aguascalientes,Mujeres,158880.0,427987.0,37.12262288
2009,1,Baja California,Hombres,780766.0,1094383.0,71.34303073
2009,1,Baja California,Mujeres,492274.0,1122133.0,43.86948784
2009,1,Baja California Sur,Hombres,171431.0,218680.0,78.39354308
2009,1,Baja California Sur,Mujeres,105258.0,217652.0,48.36068587
2009,1,Campeche,Hombres,218914.0,276497.0,79.17409592
2009,1,Campeche,Mujeres,116572.0,295276.0,39.47899592
2009,1,Coahuila,Hombres,673843.0,914531.0,73.68181068
2009,1,Coahuila,Mujeres,384887.0,997044.0,38.60280991
2009,1,Colima,Hombres,174657.0,220980.0,79.03746945
2009,1,Colima,Mujeres,120423.0,241015.0,49.96493994
2009,1,Chiapas,Hombres,1174830.0,1410919.0,83.26700541
2009,1,Chiapas,Mujeres,497937.0,1597488.0,31.1699994
2009,1,Chihuahua,Hombres,857163.0,1201674.0,71.33074361
2009,1,Chihuahua,Mujeres,440968.0,1247832.0,35.3387315
2009,1,Ciudad de México,Hombres,2206621.0,3112542.0,70.89449717
2009,1,Ciudad de México,Mujeres,1690098.0,3731099.0,45.29759194
2009,1,Durango,Hombres,382417.0,523468.0,73.05451336
2009,1,Durango,Mujeres,196094.0,579952.0,33.81210859
2009,1,Guanajuato,Hombres,1201196.0,1665003.0,72.14377392
2009,1,Guanajuato,Mujeres,762765.0,2000955.0,38.12004768
2009,1,Guerrero,Hombres,752086.0,1016229.0,74.00753177
2009,1,Guerrero,Mujeres,487090.0,1195857.0,40.73145869
2009,1,Hidalgo,Hombres,634461.0,830099.0,76.43196775
2009,1,Hidalgo,Mujeres,349140.0,988113.0,35.33401544
2009,1,Jalisco,Hombres,1825851.0,2415491.0,75.58922803
2009,1,Jalisco,Mujeres,1160205.0,2640538.0,43.93820502
2009,1,México,Hombres,3702197.0,5068440.0,73.04411219
2009,1,México,Mujeres,2092040.0,5606404.0,37.31518456
2009,1,Michoacán,Hombres,1036294.0,1327160.0,78.08357696
2009,1,Michoacán,Mujeres,626328.0,1597333.0,39.2108596
2009,1,Morelos,Hombres,425465.0,588942.0,72.24225815
2009,1,Morelos,Mujeres,296043.0,689031.0,42.96512058
2009,1,Nayarit,Hombres,286309.0,369833.0,77.41575252
2009,1,Nayarit,Mujeres,178589.0,391362.0,45.6326879
2009,1,Nuevo León,Hombres,1248954.0,1662284.0,75.13481451
2009,1,Nuevo León,Mujeres,712659.0,1674455.0,42.56065406
2009,1,Oaxaca,Hombres,903242.0,1157571.0,78.02907986
2009,1,Oaxaca,Mujeres,569374.0,1377622.0,41.33020524
2009,1,Puebla,Hombres,1367987.0,1793080.0,76.29258036
2009,1,Puebla,Mujeres,830891.0,2095661.0,39.64815874
2009,1,Querétaro,Hombres,406029.0,560466.0,72.44489407
2009,1,Querétaro,Mujeres,268199.0,661731.0,40.52991321
2009,1,Quintana Roo,Hombres,375102.0,464161.0,80.81290759
2009,1,Quintana Roo,Mujeres,224425.0,452922.0,49.55047447
2009,1,San Luis Potosí,Hombres,625850.0,820933.0,76.23642855
2009,1,San Luis Potosí,Mujeres,361889.0,934380.0,38.73038806
2009,1,Sinaloa,Hombres,748894.0,973674.0,76.9142444
2009,1,Sinaloa,Mujeres,416092.0,1019140.0,40.82775674
2009,1,Sonora,Hombres,648887.0,920703.0,70.47734177
2009,1,Sonora,Mujeres,382395.0,951458.0,40.19042354
2009,1,Tabasco,Hombres,561005.0,725436.0,77.33349324
2009,1,Tabasco,Mujeres,264937.0,790312.0,33.52308962
2009,1,Tamaulipas,Hombres,813468.0,1097838.0,74.09727118
2009,1,Tamaulipas,Mujeres,489570.0,1209835.0,40.46584865
2009,1,Tlaxcala,Hombres,261130.0,365925.0,71.36161782
2009,1,Tlaxcala,Mujeres,162002.0,421646.0,38.42132974
2009,1,Veracruz,Hombres,1922294.0,2491089.0,77.16681339
2009,1,Veracruz,Mujeres,993955.0,2827596.0,35.15194533
2009,1,Yucatán,Hombres,522566.0,664807.0,78.60416632
2009,1,Yucatán,Mujeres,329958.0,721293.0,45.74534898
2009,1,Zacatecas,Hombres,332513.0,469423.0,70.83440735
2009,1,Zacatecas,Mujeres,173384.0,542924.0,31.93522482
2009,2,Nacional,Hombres,27689530.0,37182044.0,74.4701663
2009,2,Nacional,Mujeres,16553420.0,41380738.0,40.00271817
2009,2,Aguascalientes,Hombres,265268.0,372712.0,71.17237975
2009,2,Aguascalientes,Mujeres,163206.0,425151.0,38.38777281
2009,2,Baja California,Hombres,788027.0,1098712.0,71.72279906
2009,2,Baja California,Mujeres,504228.0,1128093.0,44.69737867
2009,2,Baja California Sur,Hombres,171642.0,224345.0,76.50805679
2009,2,Baja California Sur,Mujeres,102427.0,219082.0,46.75281401
2009,2,Campeche,Hombres,222743.0,281202.0,79.21102979
2009,2,Campeche,Mujeres,118022.0,294923.0,40.01790298
2009,2,Coahuila,Hombres,672934.0,926218.0,72.65395404
2009,2,Coahuila,Mujeres,379631.0,995498.0,38.13478279
2009,2,Colima,Hombres,175060.0,222103.0,78.81928655
2009,2,Colima,Mujeres,118147.0,242976.0,48.62496707
2009,2,Chiapas,Hombres,1193927.0,1418181.0,84.18720883
2009,2,Chiapas,Mujeres,508902.0,1613203.0,31.54606085
2009,2,Chihuahua,Hombres,846567.0,1206075.0,70.19190349
2009,2,Chihuahua,Mujeres,451230.0,1250400.0,36.08685221
2009,2,Ciudad de México,Hombres,2200008.0,3165156.0,69.50709538
2009,2,Ciudad de México,Mujeres,1684702.0,3730015.0,45.16609183
2009,2,Durango,Hombres,387618.0,525180.0,73.80669485
2009,2,Durango,Mujeres,193159.0,581119.0,33.23914723
2009,2,Guanajuato,Hombres,1203228.0,1666236.0,72.21233967
2009,2,Guanajuato,Mujeres,785981.0,2029698.0,38.72403678
2009,2,Guerrero,Hombres,814950.0,1024818.0,79.52143698
2009,2,Guerrero,Mujeres,522726.0,1195325.0,43.73086817
2009,2,Hidalgo,Hombres,633965.0,841042.0,75.37851855
2009,2,Hidalgo,Mujeres,344763.0,987309.0,34.9194629
2009,2,Jalisco,Hombres,1854662.0,2425245.0,76.47318106
2009,2,Jalisco,Mujeres,1150952.0,2655123.0,43.34834959
2009,2,México,Hombres,3790545.0,5164566.0,73.39522818
2009,2,México,Mujeres,2139965.0,5617143.0,38.09703616
2009,2,Michoacán,Hombres,1012175.0,1358888.0,74.48553523
2009,2,Michoacán,Mujeres,634414.0,1607212.0,39.47295067
2009,2,Morelos,Hombres,435598.0,589709.0,73.866602
2009,2,Morelos,Mujeres,308478.0,694325.0,44.4284737
2009,2,Nayarit,Hombres,279533.0,366510.0,76.26886033
2009,2,Nayarit,Mujeres,184773.0,396298.0,46.62476217
2009,2,Nuevo León,Hombres,1250387.0,1675789.0,74.61482323
2009,2,Nuevo León,Mujeres,718736.0,1690543.0,42.51509722
2009,2,Oaxaca,Hombres,910763.0,1169655.0,77.86595193
2009,2,Oaxaca,Mujeres,586732.0,1388621.0,42.25285373
2009,2,Puebla,Hombres,1362009.0,1805571.0,75.43369937
2009,2,Puebla,Mujeres,820200.0,2080873.0,39.4161489
2009,2,Querétaro,Hombres,394158.0,564552.0,69.81783786
2009,2,Querétaro,Mujeres,259247.0,676793.0,38.30521297
2009,2,Quintana Roo,Hombres,368254.0,464257.0,79.32115186
2009,2,Quintana Roo,Mujeres,233619.0,461345.0,50.63867605
2009,2,San Luis Potosí,Hombres,630939.0,838035.0,75.28790564
2009,2,San Luis Potosí,Mujeres,361422.0,934556.0,38.67312392
2009,2,Sinaloa,Hombres,719637.0,988214.0,72.82197985
2009,2,Sinaloa,Mujeres,403004.0,1007285.0,40.00893491
2009,2,Sonora,Hombres,653457.0,930666.0,70.21391133
2009,2,Sonora,Mujeres,386692.0,944404.0,40.94561226
2009,2,Tabasco,Hombres,549870.0,731218.0,75.1991882
2009,2,Tabasco,Mujeres,273949.0,795154.0,34.45231993
2009,2,Tamaulipas,Hombres,809587.0,1103130.0,73.3899903
2009,2,Tamaulipas,Mujeres,509404.0,1205932.0,42.24151942
2009,2,Tlaxcala,Hombres,278536.0,370363.0,75.2062166
2009,2,Tlaxcala,Mujeres,179823.0,418996.0,42.91759349
2009,2,Veracruz,Hombres,1928473.0,2520020.0,76.526099
2009,2,Veracruz,Mujeres,994398.0,2844384.0,34.96004759
2009,2,Yucatán,Hombres,539125.0,674412.0,79.940007
2009,2,Yucatán,Mujeres,332602.0,725520.0,45.84325725
2009,2,Zacatecas,Hombres,345885.0,469264.0,73.70797675
2009,2,Zacatecas,Mujeres,197886.0,543439.0,36.41365452
2009,3,Nacional,Hombres,27850429.0,37300217.0,74.66559511
2009,3,Nacional,Mujeres,17111613.0,41761674.0,40.97444226
2009,3,Aguascalientes,Hombres,268987.0,378249.0,71.11373725
2009,3,Aguascalientes,Mujeres,169132.0,431291.0,39.2152862
2009,3,Baja California,Hombres,776612.0,1116665.0,69.54744709
2009,3,Baja California,Mujeres,497686.0,1137503.0,43.75249999
2009,3,Baja California Sur,Hombres,170530.0,228949.0,74.48383701
2009,3,Baja California Sur,Mujeres,97235.0,221983.0,43.80290383
2009,3,Campeche,Hombres,227110.0,284128.0,79.93228404
2009,3,Campeche,Mujeres,120603.0,296201.0,40.71660798
2009,3,Coahuila,Hombres,671863.0,938246.0,71.60840547
2009,3,Coahuila,Mujeres,389584.0,1000774.0,38.92826952
2009,3,Colima,Hombres,176663.0,226555.0,77.97797444
2009,3,Colima,Mujeres,121304.0,240787.0,50.37813503
2009,3,Chiapas,Hombres,1215788.0,1435075.0,84.71947459
2009,3,Chiapas,Mujeres,526022.0,1632342.0,32.22498717
2009,3,Chihuahua,Hombres,857694.0,1218638.0,70.38136017
2009,3,Chihuahua,Mujeres,453176.0,1251392.0,36.21375237
2009,3,Ciudad de México,Hombres,2212284.0,3191885.0,69.30963991
2009,3,Ciudad de México,Mujeres,1702348.0,3713818.0,45.83821824
2009,3,Durango,Hombres,385719.0,526511.0,73.25943807
2009,3,Durango,Mujeres,189956.0,585237.0,32.45796148
2009,3,Guanajuato,Hombres,1229794.0,1687225.0,72.88855962
2009,3,Guanajuato,Mujeres,836074.0,2074920.0,40.29427641
2009,3,Guerrero,Hombres,842483.0,1032821.0,81.57105636
2009,3,Guerrero,Mujeres,590951.0,1199407.0,49.27026439
2009,3,Hidalgo,Hombres,640689.0,835391.0,76.69330888
2009,3,Hidalgo,Mujeres,364424.0,981833.0,37.11669907
2009,3,Jalisco,Hombres,1865390.0,2456053.0,75.95072256
2009,3,Jalisco,Mujeres,1205136.0,2688805.0,44.82050576
2009,3,México,Hombres,3818679.0,5119529.0,74.59043596
2009,3,México,Mujeres,2203221.0,5658353.0,38.93749648
2009,3,Michoacán,Hombres,1054880.0,1361259.0,77.49296791
2009,3,Michoacán,Mujeres,680601.0,1617102.0,42.08769762
2009,3,Morelos,Hombres,434851.0,586981.0,74.08263641
2009,3,Morelos,Mujeres,302255.0,700421.0,43.15333207
2009,3,Nayarit,Hombres,283408.0,371369.0,76.3143935
2009,3,Nayarit,Mujeres,182080.0,397767.0,45.77554196
2009,3,Nuevo León,Hombres,1245637.0,1675166.0,74.35901875
2009,3,Nuevo León,Mujeres,729976.0,1734775.0,42.0790016
2009,3,Oaxaca,Hombres,936006.0,1168971.0,80.07093418
2009,3,Oaxaca,Mujeres,635794.0,1398167.0,45.47339481
2009,3,Puebla,Hombres,1376338.0,1806661.0,76.18130906
2009,3,Puebla,Mujeres,897703.0,2106652.0,42.61278085
2009,3,Querétaro,Hombres,413867.0,577695.0,71.64109089
2009,3,Querétaro,Mujeres,260683.0,671318.0,38.83152247
2009,3,Quintana Roo,Hombres,369831.0,466752.0,79.23501131
2009,3,Quintana Roo,Mujeres,228655.0,468883.0,48.76589682
2009,3,San Luis Potosí,Hombres,624046.0,843959.0,73.94269153
2009,3,San Luis Potosí,Mujeres,349150.0,936730.0,37.27328045
2009,3,Sinaloa,Hombres,700434.0,978580.0,71.57657013
2009,3,Sinaloa,Mujeres,425890.0,1020151.0,41.74774127
2009,3,Sonora,Hombres,609838.0,911869.0,66.87780811
2009,3,Sonora,Mujeres,396554.0,965203.0,41.085036
2009,3,Tabasco,Hombres,553595.0,724628.0,76.39713067
2009,3,Tabasco,Mujeres,291455.0,808180.0,36.0631295
2009,3,Tamaulipas,Hombres,799709.0,1102113.0,72.56143426
2009,3,Tamaulipas,Mujeres,503247.0,1214903.0,41.42281318
2009,3,Tlaxcala,Hombres,273686.0,366868.0,74.60067381
2009,3,Tlaxcala,Mujeres,173535.0,423586.0,40.96806788
2009,3,Veracruz,Hombres,1909081.0,2525571.0,75.59007448
2009,3,Veracruz,Mujeres,1045331.0,2903784.0,35.99892416
2009,3,Yucatán,Hombres,545300.0,683772.0,79.74880516
2009,3,Yucatán,Mujeres,336781.0,731480.0,46.04104008
2009,3,Zacatecas,Hombres,359637.0,472083.0,76.18088345
2009,3,Zacatecas,Mujeres,205071.0,547926.0,37.42676931
2009,4,Nacional,Hombres,28243649.0,37608833.0,75.09844562
2009,4,Nacional,Mujeres,17314946.0,41807330.0,41.41605312
2009,4,Aguascalientes,Hombres,275424.0,382853.0,71.93988293
2009,4,Aguascalientes,Mujeres,173716.0,435570.0,39.88245288
2009,4,Baja California,Hombres,809831.0,1135250.0,71.33503634
2009,4,Baja California,Mujeres,488297.0,1143901.0,42.68699826
2009,4,Baja California Sur,Hombres,171963.0,230618.0,74.56616569
2009,4,Baja California Sur,Mujeres,98915.0,223173.0,44.32211782
2009,4,Campeche,Hombres,228078.0,285818.0,79.79833321
2009,4,Campeche,Mujeres,126582.0,302167.0,41.89140442
2009,4,Coahuila,Hombres,698847.0,954590.0,73.20912643
2009,4,Coahuila,Mujeres,403698.0,990920.0,40.73971663
2009,4,Colima,Hombres,179393.0,229526.0,78.15803003
2009,4,Colima,Mujeres,115614.0,242242.0,47.72665351
2009,4,Chiapas,Hombres,1224796.0,1470283.0,83.30341846
2009,4,Chiapas,Mujeres,547708.0,1649344.0,33.20762679
2009,4,Chihuahua,Hombres,872160.0,1244629.0,70.07389351
2009,4,Chihuahua,Mujeres,457405.0,1258010.0,36.35940891
2009,4,Ciudad de México,Hombres,2231880.0,3202753.0,69.68629801
2009,4,Ciudad de México,Mujeres,1680110.0,3722863.0,45.12951457
2009,4,Durango,Hombres,384653.0,526630.0,73.04046484
2009,4,Durango,Mujeres,195503.0,582024.0,33.59019559
2009,4,Guanajuato,Hombres,1258096.0,1738942.0,72.34835894
2009,4,Guanajuato,Mujeres,839775.0,2053298.0,40.8988369
2009,4,Guerrero,Hombres,823122.0,1040485.0,79.10945376
2009,4,Guerrero,Mujeres,552869.0,1197787.0,46.15753886
2009,4,Hidalgo,Hombres,641908.0,854757.0,75.09830279
2009,4,Hidalgo,Mujeres,358000.0,969896.0,36.91117398
2009,4,Jalisco,Hombres,1908348.0,2467271.0,77.34650956
2009,4,Jalisco,Mujeres,1254348.0,2694944.0,46.5444922
2009,4,México,Hombres,3773716.0,5087346.0,74.17848127
2009,4,México,Mujeres,2286490.0,5669277.0,40.33124506
2009,4,Michoacán,Hombres,1081823.0,1380944.0,78.33938234
2009,4,Michoacán,Mujeres,654182.0,1606697.0,40.71595329
2009,4,Morelos,Hombres,441743.0,595858.0,74.1356162
2009,4,Morelos,Mujeres,304660.0,699074.0,43.58050793
2009,4,Nayarit,Hombres,293083.0,374120.0,78.3393029
2009,4,Nayarit,Mujeres,185381.0,398218.0,46.55264202
2009,4,Nuevo León,Hombres,1283474.0,1686261.0,76.11360282
2009,4,Nuevo León,Mujeres,747418.0,1734715.0,43.08592478
2009,4,Oaxaca,Hombres,939705.0,1196785.0,78.5191158
2009,4,Oaxaca,Mujeres,616527.0,1403770.0,43.91937426
2009,4,Puebla,Hombres,1382528.0,1792887.0,77.11183136
2009,4,Puebla,Mujeres,919933.0,2119362.0,43.40612883
2009,4,Querétaro,Hombres,423948.0,596172.0,71.1116926
2009,4,Querétaro,Mujeres,252759.0,675749.0,37.40427289
2009,4,Quintana Roo,Hombres,370541.0,467248.0,79.30285416
2009,4,Quintana Roo,Mujeres,236532.0,472355.0,50.07504949
2009,4,San Luis Potosí,Hombres,640595.0,861445.0,74.36284383
2009,4,San Luis Potosí,Mujeres,359620.0,941851.0,38.18226025
2009,4,Sinaloa,Hombres,733834.0,966803.0,75.90315711
2009,4,Sinaloa,Mujeres,459138.0,1025599.0,44.76778936
2009,4,Sonora,Hombres,653364.0,913605.0,71.5149326
2009,4,Sonora,Mujeres,416386.0,973692.0,42.76362546
2009,4,Tabasco,Hombres,550550.0,731037.0,75.31082558
2009,4,Tabasco,Mujeres,283843.0,805208.0,35.2508917
2009,4,Tamaulipas,Hombres,823022.0,1106129.0,74.4056073
2009,4,Tamaulipas,Mujeres,503314.0,1225422.0,41.07270801
2009,4,Tlaxcala,Hombres,279443.0,370691.0,75.38434977
2009,4,Tlaxcala,Mujeres,175014.0,428770.0,40.8176878
2009,4,Veracruz,Hombres,1950762.0,2544079.0,76.67851509
2009,4,Veracruz,Mujeres,1063349.0,2871379.0,37.03269405
2009,4,Yucatán,Hombres,543887.0,688900.0,78.95006532
2009,4,Yucatán,Mujeres,353247.0,741669.0,47.62865915
2009,4,Zacatecas,Hombres,369132.0,484118.0,76.24835267
2009,4,Zacatecas,Mujeres,204613.0,548384.0,37.31199306
2010,1,Nacional,Hombres,27925470.0,37640274.0,74.19040042
2010,1,Nacional,Mujeres,16794890.0,41946841.0,40.03850969
2010,1,Aguascalientes,Hombres,271488.0,387237.0,70.10900301
2010,1,Aguascalientes,Mujeres,171896.0,439633.0,39.09988559
2010,1,Baja California,Hombres,800569.0,1129782.0,70.86048459
2010,1,Baja California,Mujeres,489598.0,1163133.0,42.09303665
2010,1,Baja California Sur,Hombres,172817.0,235518.0,73.3774064
2010,1,Baja California Sur,Mujeres,102419.0,228192.0,44.88281798
2010,1,Campeche,Hombres,226274.0,283967.0,79.68320263
2010,1,Campeche,Mujeres,120892.0,299242.0,40.39940917
2010,1,Coahuila,Hombres,677518.0,944845.0,71.70678789
2010,1,Coahuila,Mujeres,390457.0,990181.0,39.43289156
2010,1,Colima,Hombres,176978.0,230340.0,76.83337675
2010,1,Colima,Mujeres,119002.0,244778.0,48.61629722
2010,1,Chiapas,Hombres,1242402.0,1487809.0,83.50547685
2010,1,Chiapas,Mujeres,528833.0,1642964.0,32.18774118
2010,1,Chihuahua,Hombres,843729.0,1189802.0,70.91339567
2010,1,Chihuahua,Mujeres,429616.0,1270043.0,33.82688618
2010,1,Ciudad de México,Hombres,2231386.0,3188173.0,69.98948928
2010,1,Ciudad de México,Mujeres,1669542.0,3731059.0,44.74713479
2010,1,Durango,Hombres,377698.0,517400.0,72.9992269
2010,1,Durango,Mujeres,200281.0,578206.0,34.63834689
2010,1,Guanajuato,Hombres,1235175.0,1713509.0,72.0845353
2010,1,Guanajuato,Mujeres,809750.0,2064931.0,39.21438537
2010,1,Guerrero,Hombres,757856.0,1040709.0,72.82112483
2010,1,Guerrero,Mujeres,528348.0,1187206.0,44.50348128
2010,1,Hidalgo,Hombres,637666.0,839036.0,75.99983791
2010,1,Hidalgo,Mujeres,348539.0,977398.0,35.65988471
2010,1,Jalisco,Hombres,1877166.0,2458027.0,76.36881125
2010,1,Jalisco,Mujeres,1214970.0,2706306.0,44.89403637
2010,1,México,Hombres,3744468.0,5130421.0,72.98558929
2010,1,México,Mujeres,2177544.0,5674361.0,38.37514039
2010,1,Michoacán,Hombres,1056471.0,1396314.0,75.66142
2010,1,Michoacán,Mujeres,619708.0,1622071.0,38.2047395
2010,1,Morelos,Hombres,451367.0,608733.0,74.14860045
2010,1,Morelos,Mujeres,295774.0,692761.0,42.6949554
2010,1,Nayarit,Hombres,293293.0,376207.0,77.96053768
2010,1,Nayarit,Mujeres,179647.0,394040.0,45.59105675
2010,1,Nuevo León,Hombres,1275202.0,1694208.0,75.26832597
2010,1,Nuevo León,Mujeres,735810.0,1747643.0,42.10299243
2010,1,Oaxaca,Hombres,914094.0,1200658.0,76.13275387
2010,1,Oaxaca,Mujeres,590447.0,1395393.0,42.31402909
2010,1,Puebla,Hombres,1370078.0,1809286.0,75.72478867
2010,1,Puebla,Mujeres,865440.0,2136947.0,40.49889866
2010,1,Querétaro,Hombres,431948.0,605518.0,71.33528648
2010,1,Querétaro,Mujeres,246479.0,673959.0,36.57180926
2010,1,Quintana Roo,Hombres,379312.0,473007.0,80.19162507
2010,1,Quintana Roo,Mujeres,240337.0,480664.0,50.00104023
2010,1,San Luis Potosí,Hombres,641071.0,865100.0,74.10368743
2010,1,San Luis Potosí,Mujeres,340707.0,939908.0,36.2489733
2010,1,Sinaloa,Hombres,737623.0,978573.0,75.3774118
2010,1,Sinaloa,Mujeres,455895.0,1036130.0,43.99978767
2010,1,Sonora,Hombres,655356.0,928040.0,70.61721478
2010,1,Sonora,Mujeres,391924.0,976123.0,40.15108752
2010,1,Tabasco,Hombres,552625.0,732813.0,75.41146241
2010,1,Tabasco,Mujeres,285998.0,807826.0,35.40341608
2010,1,Tamaulipas,Hombres,815272.0,1126510.0,72.37148361
2010,1,Tamaulipas,Mujeres,497198.0,1215051.0,40.91992846
2010,1,Tlaxcala,Hombres,267479.0,369396.0,72.40982577
2010,1,Tlaxcala,Mujeres,171363.0,431315.0,39.73035948
2010,1,Veracruz,Hombres,1921893.0,2525200.0,76.10854586
2010,1,Veracruz,Mujeres,1036310.0,2908354.0,35.63218233
2010,1,Yucatán,Hombres,541059.0,684433.0,79.05214974
2010,1,Yucatán,Mujeres,355704.0,748858.0,47.49952594
2010,1,Zacatecas,Hombres,348137.0,489703.0,71.09145748
2010,1,Zacatecas,Mujeres,184462.0,542165.0,34.02322171
2010,2,Nacional,Hombres,28571712.0,37986559.0,75.21532024
2010,2,Nacional,Mujeres,17270203.0,42153919.0,40.96938887
2010,2,Aguascalientes,Hombres,284571.0,389366.0,73.08573424
2010,2,Aguascalientes,Mujeres,182032.0,442035.0,41.18044951
2010,2,Baja California,Hombres,795221.0,1134436.0,70.09835725
2010,2,Baja California,Mujeres,506809.0,1170136.0,43.31197399
2010,2,Baja California Sur,Hombres,181487.0,240299.0,75.52549116
2010,2,Baja California Sur,Mujeres,104538.0,228745.0,45.70067105
2010,2,Campeche,Hombres,228172.0,287661.0,79.31975485
2010,2,Campeche,Mujeres,121109.0,303081.0,39.95928481
2010,2,Coahuila,Hombres,691203.0,965993.0,71.55362409
2010,2,Coahuila,Mujeres,391544.0,1003321.0,39.02479864
2010,2,Colima,Hombres,180788.0,231299.0,78.16203269
2010,2,Colima,Mujeres,123230.0,249877.0,49.3162636
2010,2,Chiapas,Hombres,1263705.0,1516689.0,83.31998188
2010,2,Chiapas,Mujeres,547973.0,1666725.0,32.8772293
2010,2,Chihuahua,Hombres,834693.0,1181149.0,70.66788356
2010,2,Chihuahua,Mujeres,464946.0,1298138.0,35.816377
2010,2,Ciudad de México,Hombres,2228861.0,3201159.0,69.62668833
2010,2,Ciudad de México,Mujeres,1696350.0,3740780.0,45.34749437
2010,2,Durango,Hombres,394821.0,532645.0,74.12460457
2010,2,Durango,Mujeres,199410.0,585450.0,34.06097873
2010,2,Guanajuato,Hombres,1262400.0,1718978.0,73.43898526
2010,2,Guanajuato,Mujeres,829755.0,2073424.0,40.01858761
2010,2,Guerrero,Hombres,829793.0,1054348.0,78.70200351
2010,2,Guerrero,Mujeres,561449.0,1184668.0,47.39294047
2010,2,Hidalgo,Hombres,659269.0,848674.0,77.68224312
2010,2,Hidalgo,Mujeres,387535.0,992467.0,39.04764592
2010,2,Jalisco,Hombres,1933643.0,2495516.0,77.48469655
2010,2,Jalisco,Mujeres,1206360.0,2706566.0,44.57160845
2010,2,México,Hombres,3956225.0,5218715.0,75.80841261
2010,2,México,Mujeres,2256801.0,5675466.0,39.76415329
2010,2,Michoacán,Hombres,1035334.0,1422817.0,72.7664907
2010,2,Michoacán,Mujeres,632842.0,1621610.0,39.02553635
2010,2,Morelos,Hombres,457974.0,617301.0,74.18973888
2010,2,Morelos,Mujeres,298863.0,692296.0,43.16982909
2010,2,Nayarit,Hombres,292986.0,381954.0,76.70714274
2010,2,Nayarit,Mujeres,187172.0,399385.0,46.86505502
2010,2,Nuevo León,Hombres,1292137.0,1697295.0,76.12919381
2010,2,Nuevo León,Mujeres,751865.0,1759563.0,42.73021199
2010,2,Oaxaca,Hombres,941057.0,1195219.0,78.73511047
2010,2,Oaxaca,Mujeres,613912.0,1413186.0,43.4416984
2010,2,Puebla,Hombres,1393645.0,1807783.0,77.09138763
2010,2,Puebla,Mujeres,907426.0,2130834.0,42.58548531
2010,2,Querétaro,Hombres,439627.0,610475.0,72.01392358
2010,2,Querétaro,Mujeres,268741.0,681425.0,39.4380893
2010,2,Quintana Roo,Hombres,396349.0,494639.0,80.12894252
2010,2,Quintana Roo,Mujeres,247358.0,476747.0,51.88454254
2010,2,San Luis Potosí,Hombres,654730.0,864485.0,75.73642111
2010,2,San Luis Potosí,Mujeres,359362.0,951678.0,37.76088131
2010,2,Sinaloa,Hombres,721858.0,985215.0,73.2690834
2010,2,Sinaloa,Mujeres,450167.0,1027175.0,43.82573563
2010,2,Sonora,Hombres,649457.0,920168.0,70.5802636
2010,2,Sonora,Mujeres,411676.0,977343.0,42.12195718
2010,2,Tabasco,Hombres,574499.0,745255.0,77.08757405
2010,2,Tabasco,Mujeres,287553.0,803514.0,35.78693091
2010,2,Tamaulipas,Hombres,856907.0,1138021.0,75.29799538
2010,2,Tamaulipas,Mujeres,469747.0,1209709.0,38.83140491
2010,2,Tlaxcala,Hombres,274397.0,371480.0,73.8658878
2010,2,Tlaxcala,Mujeres,177799.0,434067.0,40.96118802
2010,2,Veracruz,Hombres,1961339.0,2537082.0,77.30688247
2010,2,Veracruz,Mujeres,1086401.0,2964130.0,36.6515976
2010,2,Yucatán,Hombres,539604.0,686686.0,78.58089432
2010,2,Yucatán,Mujeres,349208.0,750162.0,46.55101165
2010,2,Zacatecas,Hombres,364960.0,493757.0,73.91490146
2010,2,Zacatecas,Mujeres,190270.0,540216.0,35.22109675
2010,3,Nacional,Hombres,28492532.0,38097368.0,74.78871506
2010,3,Nacional,Mujeres,17208586.0,42341363.0,40.6424942
2010,3,Aguascalientes,Hombres,285205.0,390126.0,73.10586836
2010,3,Aguascalientes,Mujeres,182851.0,445654.0,41.02981237
2010,3,Baja California,Hombres,794594.0,1139816.0,69.71247991
2010,3,Baja California,Mujeres,485937.0,1169264.0,41.55922016
2010,3,Baja California Sur,Hombres,176060.0,234092.0,75.2097466
2010,3,Baja California Sur,Mujeres,107313.0,233003.0,46.05648854
2010,3,Campeche,Hombres,228297.0,286180.0,79.77391851
2010,3,Campeche,Mujeres,122293.0,305313.0,40.05495999
2010,3,Coahuila,Hombres,679916.0,962728.0,70.62389377
2010,3,Coahuila,Mujeres,389778.0,1016503.0,38.34499259
2010,3,Colima,Hombres,181166.0,234064.0,77.40019824
2010,3,Colima,Mujeres,123764.0,248098.0,49.88512604
2010,3,Chiapas,Hombres,1250100.0,1511319.0,82.71582637
2010,3,Chiapas,Mujeres,531919.0,1658757.0,32.06732511
2010,3,Chihuahua,Hombres,826705.0,1163966.0,71.02484093
2010,3,Chihuahua,Mujeres,441531.0,1272852.0,34.68832197
2010,3,Ciudad de México,Hombres,2276602.0,3160464.0,72.03378998
2010,3,Ciudad de México,Mujeres,1703372.0,3755275.0,45.35944771
2010,3,Durango,Hombres,400481.0,537536.0,74.50310305
2010,3,Durango,Mujeres,202500.0,597838.0,33.8720523
2010,3,Guanajuato,Hombres,1235124.0,1720193.0,71.80147809
2010,3,Guanajuato,Mujeres,859918.0,2083153.0,41.27963717
2010,3,Guerrero,Hombres,829346.0,1051385.0,78.88128516
2010,3,Guerrero,Mujeres,554012.0,1187628.0,46.64861388
2010,3,Hidalgo,Hombres,649562.0,850330.0,76.38940176
2010,3,Hidalgo,Mujeres,363372.0,1007419.0,36.06959964
2010,3,Jalisco,Hombres,1926659.0,2521486.0,76.40966478
2010,3,Jalisco,Mujeres,1243281.0,2747746.0,45.24730452
2010,3,México,Hombres,3936234.0,5254793.0,74.90749873
2010,3,México,Mujeres,2266289.0,5739268.0,39.48742244
2010,3,Michoacán,Hombres,1105174.0,1459433.0,75.72625807
2010,3,Michoacán,Mujeres,635766.0,1629456.0,39.01707073
2010,3,Morelos,Hombres,460573.0,619806.0,74.30921934
2010,3,Morelos,Mujeres,291983.0,682221.0,42.79888775
2010,3,Nayarit,Hombres,295946.0,387716.0,76.33061313
2010,3,Nayarit,Mujeres,181351.0,399037.0,45.44716405
2010,3,Nuevo León,Hombres,1284028.0,1701906.0,75.44647002
2010,3,Nuevo León,Mujeres,753190.0,1774642.0,42.44179953
2010,3,Oaxaca,Hombres,920439.0,1203114.0,76.50472025
2010,3,Oaxaca,Mujeres,612845.0,1408616.0,43.50688903
2010,3,Puebla,Hombres,1430941.0,1816567.0,78.7717161
2010,3,Puebla,Mujeres,929710.0,2152659.0,43.18891195
2010,3,Querétaro,Hombres,444236.0,607988.0,73.06657368
2010,3,Querétaro,Mujeres,271563.0,685299.0,39.62693656
2010,3,Quintana Roo,Hombres,393174.0,492746.0,79.79242855
2010,3,Quintana Roo,Mujeres,243354.0,491713.0,49.49106491
2010,3,San Luis Potosí,Hombres,646482.0,870594.0,74.25757586
2010,3,San Luis Potosí,Mujeres,359576.0,953773.0,37.70037525
2010,3,Sinaloa,Hombres,724648.0,992645.0,73.00172771
2010,3,Sinaloa,Mujeres,425469.0,1037453.0,41.01091808
2010,3,Sonora,Hombres,626542.0,917434.0,68.29286902
2010,3,Sonora,Mujeres,389771.0,973393.0,40.04251109
2010,3,Tabasco,Hombres,553336.0,743780.0,74.39511684
2010,3,Tabasco,Mujeres,268409.0,811546.0,33.07378756
2010,3,Tamaulipas,Hombres,829816.0,1144375.0,72.51259421
2010,3,Tamaulipas,Mujeres,485978.0,1203675.0,40.3745197
2010,3,Tlaxcala,Hombres,273918.0,368114.0,74.41118784
2010,3,Tlaxcala,Mujeres,179714.0,434863.0,41.32657872
2010,3,Veracruz,Hombres,1905596.0,2566936.0,74.23621002
2010,3,Veracruz,Mujeres,1047351.0,2932361.0,35.7169871
2010,3,Yucatán,Hombres,546481.0,690880.0,79.09926471
2010,3,Yucatán,Mujeres,354029.0,760033.0,46.58074057
2010,3,Zacatecas,Hombres,375151.0,494856.0,75.81013467
2010,3,Zacatecas,Mujeres,200397.0,542852.0,36.91558657
2010,4,Nacional,Hombres,28287003.0,38364042.0,73.73311446
2010,4,Nacional,Mujeres,16879959.0,42489186.0,39.72765917
2010,4,Aguascalientes,Hombres,279648.0,389552.0,71.78707849
2010,4,Aguascalientes,Mujeres,174946.0,445302.0,39.28704565
2010,4,Baja California,Hombres,807687.0,1150027.0,70.23200325
2010,4,Baja California,Mujeres,505382.0,1180256.0,42.81969335
2010,4,Baja California Sur,Hombres,175332.0,234809.0,74.67005098
2010,4,Baja California Sur,Mujeres,107929.0,238111.0,45.32717934
2010,4,Campeche,Hombres,228689.0,286391.0,79.85202049
2010,4,Campeche,Mujeres,125778.0,307309.0,40.9288371
2010,4,Coahuila,Hombres,692940.0,973955.0,71.14702425
2010,4,Coahuila,Mujeres,388127.0,1024457.0,37.88611918
2010,4,Colima,Hombres,173323.0,229578.0,75.49634547
2010,4,Colima,Mujeres,123607.0,253184.0,48.82101555
2010,4,Chiapas,Hombres,1224282.0,1513115.0,80.91136497
2010,4,Chiapas,Mujeres,507232.0,1679945.0,30.19336943
2010,4,Chihuahua,Hombres,793895.0,1148488.0,69.12523248
2010,4,Chihuahua,Mujeres,436333.0,1270569.0,34.34154304
2010,4,Ciudad de México,Hombres,2174019.0,3154781.0,68.91188327
2010,4,Ciudad de México,Mujeres,1725481.0,3768276.0,45.78966615
2010,4,Durango,Hombres,397111.0,549593.0,72.25546905
2010,4,Durango,Mujeres,206212.0,597573.0,34.50825255
2010,4,Guanajuato,Hombres,1269934.0,1759137.0,72.19073898
2010,4,Guanajuato,Mujeres,857164.0,2099926.0,40.81877171
2010,4,Guerrero,Hombres,809095.0,1054230.0,76.74748395
2010,4,Guerrero,Mujeres,559087.0,1211827.0,46.13587583
2010,4,Hidalgo,Hombres,658243.0,864474.0,76.1437591
2010,4,Hidalgo,Mujeres,384557.0,1004088.0,38.29913314
2010,4,Jalisco,Hombres,1933016.0,2531016.0,76.37312447
2010,4,Jalisco,Mujeres,1230296.0,2762396.0,44.53727851
2010,4,México,Hombres,3902332.0,5336632.0,73.12349812
2010,4,México,Mujeres,2109867.0,5734712.0,36.79115882
2010,4,Michoacán,Hombres,1072948.0,1486651.0,72.17215069
2010,4,Michoacán,Mujeres,569670.0,1614522.0,35.28412744
2010,4,Morelos,Hombres,453161.0,624880.0,72.51968378
2010,4,Morelos,Mujeres,289515.0,690172.0,41.94823899
2010,4,Nayarit,Hombres,298172.0,379771.0,78.51363058
2010,4,Nayarit,Mujeres,183810.0,403777.0,45.52265236
2010,4,Nuevo León,Hombres,1312278.0,1717709.0,76.39699157
2010,4,Nuevo León,Mujeres,765298.0,1771167.0,43.2086867
2010,4,Oaxaca,Hombres,940449.0,1213298.0,77.51179018
2010,4,Oaxaca,Mujeres,588843.0,1416514.0,41.569868
2010,4,Puebla,Hombres,1386752.0,1807438.0,76.72473413
2010,4,Puebla,Mujeres,911183.0,2156408.0,42.25466609
2010,4,Querétaro,Hombres,417575.0,607127.0,68.77885517
2010,4,Querétaro,Mujeres,262107.0,699297.0,37.48149928
2010,4,Quintana Roo,Hombres,395520.0,499802.0,79.13533759
2010,4,Quintana Roo,Mujeres,252495.0,499589.0,50.54054433
2010,4,San Luis Potosí,Hombres,647089.0,879514.0,73.57347353
2010,4,San Luis Potosí,Mujeres,351125.0,963004.0,36.46142695
2010,4,Sinaloa,Hombres,734485.0,1004038.0,73.15310775
2010,4,Sinaloa,Mujeres,435451.0,1038035.0,41.94954891
2010,4,Sonora,Hombres,632746.0,938875.0,67.39406204
2010,4,Sonora,Mujeres,402681.0,992540.0,40.57075785
2010,4,Tabasco,Hombres,550482.0,747294.0,73.66337747
2010,4,Tabasco,Mujeres,269545.0,813360.0,33.13969214
2010,4,Tamaulipas,Hombres,826313.0,1160137.0,71.22546734
2010,4,Tamaulipas,Mujeres,480666.0,1216060.0,39.52650363
2010,4,Tlaxcala,Hombres,270271.0,377053.0,71.67984342
2010,4,Tlaxcala,Mujeres,177281.0,436348.0,40.62835168
2010,4,Veracruz,Hombres,1915322.0,2560295.0,74.8086451
2010,4,Veracruz,Mujeres,964013.0,2901985.0,33.21908969
2010,4,Yucatán,Hombres,537176.0,688476.0,78.02392531
2010,4,Yucatán,Mujeres,334714.0,756236.0,44.26052185
2010,4,Zacatecas,Hombres,376718.0,495906.0,75.96560639
2010,4,Zacatecas,Mujeres,199564.0,542241.0,36.80356152
2011,1,Nacional,Hombres,28436561.0,38643297.0,73.58730545
2011,1,Nacional,Mujeres,16818295.0,42599949.0,39.47961299
2011,1,Aguascalientes,Hombres,277033.0,387009.0,71.5830898
2011,1,Aguascalientes,Mujeres,175410.0,448341.0,39.12423802
2011,1,Baja California,Hombres,826138.0,1169349.0,70.64939552
2011,1,Baja California,Mujeres,486548.0,1188279.0,40.94560284
2011,1,Baja California Sur,Hombres,174030.0,235206.0,73.99045943
2011,1,Baja California Sur,Mujeres,110178.0,241748.0,45.57555802
2011,1,Campeche,Hombres,225945.0,282883.0,79.872244
2011,1,Campeche,Mujeres,128879.0,305025.0,42.25194656
2011,1,Coahuila,Hombres,710592.0,982651.0,72.31377162
2011,1,Coahuila,Mujeres,383547.0,1034175.0,37.08724345
2011,1,Colima,Hombres,174618.0,231351.0,75.47752117
2011,1,Colima,Mujeres,122966.0,256824.0,47.87948167
2011,1,Chiapas,Hombres,1272100.0,1523242.0,83.51266575
2011,1,Chiapas,Mujeres,527915.0,1663208.0,31.74076844
2011,1,Chihuahua,Hombres,799183.0,1177807.0,67.85347684
2011,1,Chihuahua,Mujeres,410298.0,1249435.0,32.83868308
2011,1,Ciudad de México,Hombres,2240004.0,3197286.0,70.05954425
2011,1,Ciudad de México,Mujeres,1667075.0,3730425.0,44.68860787
2011,1,Durango,Hombres,392170.0,557896.0,70.29446348
2011,1,Durango,Mujeres,194542.0,602587.0,32.28446681
2011,1,Guanajuato,Hombres,1240742.0,1780955.0,69.6672291
2011,1,Guanajuato,Mujeres,854887.0,2113520.0,40.44849351
2011,1,Guerrero,Hombres,761942.0,1063310.0,71.65755988
2011,1,Guerrero,Mujeres,528047.0,1223457.0,43.16024184
2011,1,Hidalgo,Hombres,637709.0,858861.0,74.25054811
2011,1,Hidalgo,Mujeres,385997.0,1024395.0,37.68048458
2011,1,Jalisco,Hombres,1923841.0,2520136.0,76.33877695
2011,1,Jalisco,Mujeres,1241434.0,2799833.0,44.33957311
2011,1,México,Hombres,3955142.0,5371849.0,73.62719987
2011,1,México,Mujeres,2159862.0,5711926.0,37.81319996
2011,1,Michoacán,Hombres,1114376.0,1498437.0,74.36922607
2011,1,Michoacán,Mujeres,588678.0,1614033.0,36.47248848
2011,1,Morelos,Hombres,451890.0,629276.0,71.8110972
2011,1,Morelos,Mujeres,291951.0,695799.0,41.95910026
2011,1,Nayarit,Hombres,301551.0,383314.0,78.66944594
2011,1,Nayarit,Mujeres,181967.0,405010.0,44.9290141
2011,1,Nuevo León,Hombres,1293276.0,1749937.0,73.90414626
2011,1,Nuevo León,Mujeres,745100.0,1780975.0,41.83663443
2011,1,Oaxaca,Hombres,915276.0,1209575.0,75.66922266
2011,1,Oaxaca,Mujeres,574781.0,1422823.0,40.39722439
2011,1,Puebla,Hombres,1360093.0,1791918.0,75.90152005
2011,1,Puebla,Mujeres,885892.0,2195472.0,40.3508676
2011,1,Querétaro,Hombres,440656.0,623244.0,70.70360886
2011,1,Querétaro,Mujeres,285230.0,715731.0,39.85156434
2011,1,Quintana Roo,Hombres,398720.0,497517.0,80.1419851
2011,1,Quintana Roo,Mujeres,248467.0,503860.0,49.31270591
2011,1,San Luis Potosí,Hombres,637265.0,868465.0,73.37831692
2011,1,San Luis Potosí,Mujeres,364674.0,975921.0,37.36716394
2011,1,Sinaloa,Hombres,732246.0,1011677.0,72.37942545
2011,1,Sinaloa,Mujeres,425467.0,1048527.0,40.57759123
2011,1,Sonora,Hombres,651598.0,952937.0,68.37786758
2011,1,Sonora,Mujeres,410222.0,988369.0,41.504944
2011,1,Tabasco,Hombres,567524.0,759492.0,74.72415773
2011,1,Tabasco,Mujeres,285770.0,810276.0,35.26822959
2011,1,Tamaulipas,Hombres,844004.0,1164572.0,72.47332067
2011,1,Tamaulipas,Mujeres,479130.0,1225997.0,39.08084604
2011,1,Tlaxcala,Hombres,268869.0,381162.0,70.53929825
2011,1,Tlaxcala,Mujeres,172606.0,435191.0,39.66212537
2011,1,Veracruz,Hombres,1956302.0,2588650.0,75.57228671
2011,1,Veracruz,Mujeres,968722.0,2889494.0,33.52566228
2011,1,Yucatán,Hombres,548576.0,695642.0,78.85895331
2011,1,Yucatán,Mujeres,344818.0,760224.0,45.35742097
2011,1,Zacatecas,Hombres,343150.0,497691.0,68.94840373
2011,1,Zacatecas,Mujeres,187235.0,539069.0,34.73303047
2011,2,Nacional,Hombres,28805750.0,38812099.0,74.21848017
2011,2,Nacional,Mujeres,17309940.0,42781721.0,40.46106514
2011,2,Aguascalientes,Hombres,280600.0,388279.0,72.26762199
2011,2,Aguascalientes,Mujeres,176193.0,451337.0,39.03801372
2011,2,Baja California,Hombres,839093.0,1182333.0,70.96926162
2011,2,Baja California,Mujeres,500895.0,1189595.0,42.10634712
2011,2,Baja California Sur,Hombres,176660.0,234325.0,75.39101675
2011,2,Baja California Sur,Mujeres,111789.0,243220.0,45.96209193
2011,2,Campeche,Hombres,226184.0,285679.0,79.17417801
2011,2,Campeche,Mujeres,126055.0,304880.0,41.34577539
2011,2,Coahuila,Hombres,733010.0,992485.0,73.85602805
2011,2,Coahuila,Mujeres,413992.0,1052586.0,39.33094303
2011,2,Colima,Hombres,178995.0,232494.0,76.98908359
2011,2,Colima,Mujeres,127325.0,252991.0,50.32787728
2011,2,Chiapas,Hombres,1292604.0,1534743.0,84.22283079
2011,2,Chiapas,Mujeres,557896.0,1686182.0,33.08634536
2011,2,Chihuahua,Hombres,834167.0,1209264.0,68.98138041
2011,2,Chihuahua,Mujeres,408287.0,1252230.0,32.60479305
2011,2,Ciudad de México,Hombres,2244521.0,3190143.0,70.3580059
2011,2,Ciudad de México,Mujeres,1721266.0,3721496.0,46.25199113
2011,2,Durango,Hombres,399115.0,560068.0,71.26188249
2011,2,Durango,Mujeres,218661.0,610617.0,35.8098448
2011,2,Guanajuato,Hombres,1295922.0,1797456.0,72.09756456
2011,2,Guanajuato,Mujeres,846538.0,2115304.0,40.01968511
2011,2,Guerrero,Hombres,819694.0,1072761.0,76.40975017
2011,2,Guerrero,Mujeres,555344.0,1228106.0,45.21954945
2011,2,Hidalgo,Hombres,645375.0,882434.0,73.13578126
2011,2,Hidalgo,Mujeres,386223.0,1023230.0,37.74547267
2011,2,Jalisco,Hombres,1921115.0,2536408.0,75.74156051
2011,2,Jalisco,Mujeres,1240414.0,2803292.0,44.24847643
2011,2,México,Hombres,4003664.0,5376469.0,74.46642025
2011,2,México,Mujeres,2202626.0,5748893.0,38.31391539
2011,2,Michoacán,Hombres,1165433.0,1498950.0,77.7499583
2011,2,Michoacán,Mujeres,641150.0,1621151.0,39.54906113
2011,2,Morelos,Hombres,452806.0,625647.0,72.3740384
2011,2,Morelos,Mujeres,295865.0,698798.0,42.33913091
2011,2,Nayarit,Hombres,287492.0,382826.0,75.09730269
2011,2,Nayarit,Mujeres,179118.0,408605.0,43.83646798
2011,2,Nuevo León,Hombres,1284417.0,1738617.0,73.87578748
2011,2,Nuevo León,Mujeres,760128.0,1798438.0,42.26601084
2011,2,Oaxaca,Hombres,931546.0,1210890.0,76.93068735
2011,2,Oaxaca,Mujeres,609444.0,1438673.0,42.36153733
2011,2,Puebla,Hombres,1385334.0,1801230.0,76.91044453
2011,2,Puebla,Mujeres,938454.0,2215061.0,42.36695965
2011,2,Querétaro,Hombres,441305.0,622258.0,70.91993996
2011,2,Querétaro,Mujeres,287179.0,729933.0,39.34319999
2011,2,Quintana Roo,Hombres,408956.0,507178.0,80.6336237
2011,2,Quintana Roo,Mujeres,256376.0,514321.0,49.8474688
2011,2,San Luis Potosí,Hombres,621015.0,863013.0,71.9589392
2011,2,San Luis Potosí,Mujeres,374938.0,977781.0,38.34580545
2011,2,Sinaloa,Hombres,720701.0,1009730.0,71.37561526
2011,2,Sinaloa,Mujeres,429847.0,1038044.0,41.40932369
2011,2,Sonora,Hombres,663202.0,942826.0,70.34192948
2011,2,Sonora,Mujeres,417783.0,995787.0,41.95505665
2011,2,Tabasco,Hombres,570612.0,748826.0,76.20087978
2011,2,Tabasco,Mujeres,284221.0,816071.0,34.82797453
2011,2,Tamaulipas,Hombres,822154.0,1158079.0,70.99291154
2011,2,Tamaulipas,Mujeres,530029.0,1242762.0,42.64927637
2011,2,Tlaxcala,Hombres,278143.0,382068.0,72.79934462
2011,2,Tlaxcala,Mujeres,170448.0,434268.0,39.2494957
2011,2,Veracruz,Hombres,1958855.0,2640588.0,74.18253056
2011,2,Veracruz,Mujeres,983789.0,2860019.0,34.39798827
2011,2,Yucatán,Hombres,558199.0,703358.0,79.36200342
2011,2,Yucatán,Mujeres,359498.0,759320.0,47.34472949
2011,2,Zacatecas,Hombres,364861.0,500674.0,72.87396589
2011,2,Zacatecas,Mujeres,198169.0,548730.0,36.11411805
2011,3,Nacional,Hombres,29098057.0,38942544.0,74.72048308
2011,3,Nacional,Mujeres,17473933.0,43029542.0,40.60915406
2011,3,Aguascalientes,Hombres,281390.0,391535.0,71.86841534
2011,3,Aguascalientes,Mujeres,176767.0,454492.0,38.89331385
2011,3,Baja California,Hombres,831176.0,1185533.0,70.10989994
2011,3,Baja California,Mujeres,515969.0,1203764.0,42.86296982
2011,3,Baja California Sur,Hombres,178393.0,237459.0,75.12581119
2011,3,Baja California Sur,Mujeres,113674.0,242862.0,46.80600506
2011,3,Campeche,Hombres,228773.0,283897.0,80.5830988
2011,3,Campeche,Mujeres,126536.0,305719.0,41.38964212
2011,3,Coahuila,Hombres,745620.0,1003019.0,74.33757486
2011,3,Coahuila,Mujeres,427646.0,1042192.0,41.03332208
2011,3,Colima,Hombres,180560.0,234206.0,77.09452362
2011,3,Colima,Mujeres,128001.0,250285.0,51.14209801
2011,3,Chiapas,Hombres,1279695.0,1508746.0,84.81845188
2011,3,Chiapas,Mujeres,528376.0,1696026.0,31.15376769
2011,3,Chihuahua,Hombres,836294.0,1212905.0,68.94967042
2011,3,Chihuahua,Mujeres,408485.0,1259304.0,32.43736223
2011,3,Ciudad de México,Hombres,2287941.0,3185449.0,71.82475689
2011,3,Ciudad de México,Mujeres,1736204.0,3711974.0,46.77306468
2011,3,Durango,Hombres,403221.0,553944.0,72.79093194
2011,3,Durango,Mujeres,212327.0,607660.0,34.94174374
2011,3,Guanajuato,Hombres,1345042.0,1823905.0,73.74517861
2011,3,Guanajuato,Mujeres,849881.0,2098346.0,40.50242429
2011,3,Guerrero,Hombres,834299.0,1083998.0,76.9649944
2011,3,Guerrero,Mujeres,546299.0,1231993.0,44.34270325
2011,3,Hidalgo,Hombres,689742.0,896394.0,76.94629817
2011,3,Hidalgo,Mujeres,407478.0,1028248.0,39.62837759
2011,3,Jalisco,Hombres,1954250.0,2550474.0,76.62301204
2011,3,Jalisco,Mujeres,1285880.0,2841368.0,45.25566558
2011,3,México,Hombres,4006193.0,5377890.0,74.49376986
2011,3,México,Mujeres,2281213.0,5826999.0,39.14901993
2011,3,Michoacán,Hombres,1188274.0,1515856.0,78.38963595
2011,3,Michoacán,Mujeres,636474.0,1594500.0,39.91683913
2011,3,Morelos,Hombres,456431.0,627792.0,72.70417591
2011,3,Morelos,Mujeres,302546.0,702032.0,43.09575632
2011,3,Nayarit,Hombres,284031.0,384577.0,73.85543077
2011,3,Nayarit,Mujeres,171301.0,412214.0,41.55632754
2011,3,Nuevo León,Hombres,1310079.0,1756072.0,74.60280672
2011,3,Nuevo León,Mujeres,752547.0,1802741.0,41.74459892
2011,3,Oaxaca,Hombres,945799.0,1218150.0,77.64224439
2011,3,Oaxaca,Mujeres,635942.0,1450187.0,43.85241352
2011,3,Puebla,Hombres,1426276.0,1831919.0,77.85693581
2011,3,Puebla,Mujeres,903975.0,2210627.0,40.8922446
2011,3,Querétaro,Hombres,450006.0,633413.0,71.04464228
2011,3,Querétaro,Mujeres,285094.0,737831.0,38.63947164
2011,3,Quintana Roo,Hombres,407647.0,511028.0,79.76999303
2011,3,Quintana Roo,Mujeres,253156.0,520771.0,48.61176986
2011,3,San Luis Potosí,Hombres,625121.0,868782.0,71.95372372
2011,3,San Luis Potosí,Mujeres,365616.0,969439.0,37.71418315
2011,3,Sinaloa,Hombres,708257.0,996034.0,71.10771319
2011,3,Sinaloa,Mujeres,417631.0,1049040.0,39.81077938
2011,3,Sonora,Hombres,686195.0,937323.0,73.207955
2011,3,Sonora,Mujeres,430119.0,1001932.0,42.92896125
2011,3,Tabasco,Hombres,553935.0,746381.0,74.21611751
2011,3,Tabasco,Mujeres,291842.0,828356.0,35.23147053
2011,3,Tamaulipas,Hombres,822748.0,1156858.0,71.11918662
2011,3,Tamaulipas,Mujeres,529774.0,1252699.0,42.29060612
2011,3,Tlaxcala,Hombres,283227.0,387782.0,73.03768612
2011,3,Tlaxcala,Mujeres,185142.0,439431.0,42.13221188
2011,3,Veracruz,Hombres,1934845.0,2639132.0,73.31368799
2011,3,Veracruz,Mujeres,1013356.0,2928968.0,34.59771496
2011,3,Yucatán,Hombres,552351.0,701315.0,78.75933069
2011,3,Yucatán,Mujeres,354144.0,774672.0,45.71534791
2011,3,Zacatecas,Hombres,380246.0,500776.0,75.93135454
2011,3,Zacatecas,Mujeres,200538.0,552870.0,36.27217972
2011,4,Nacional,Hombres,29163256.0,38902940.0,74.9641441
2011,4,Nacional,Mujeres,18331978.0,43409801.0,42.23004386
2011,4,Aguascalientes,Hombres,290780.0,399938.0,72.70626947
2011,4,Aguascalientes,Mujeres,189644.0,458358.0,41.37464602
2011,4,Baja California,Hombres,845908.0,1201152.0,70.4247256
2011,4,Baja California,Mujeres,540064.0,1208350.0,44.69433525
2011,4,Baja California Sur,Hombres,187540.0,245195.0,76.48606211
2011,4,Baja California Sur,Mujeres,123541.0,240476.0,51.37352584
2011,4,Campeche,Hombres,228773.0,285812.0,80.04317523
2011,4,Campeche,Mujeres,132353.0,309139.0,42.81342697
2011,4,Coahuila,Hombres,754168.0,1004479.0,75.08051438
2011,4,Coahuila,Mujeres,431788.0,1039638.0,41.53253344
2011,4,Colima,Hombres,181188.0,235862.0,76.81949615
2011,4,Colima,Mujeres,128853.0,251892.0,51.15406603
2011,4,Chiapas,Hombres,1262775.0,1504323.0,83.94307605
2011,4,Chiapas,Mujeres,559816.0,1717319.0,32.59825344
2011,4,Chihuahua,Hombres,849314.0,1231561.0,68.96239813
2011,4,Chihuahua,Mujeres,455468.0,1283478.0,35.48701263
2011,4,Ciudad de México,Hombres,2309387.0,3155687.0,73.18175092
2011,4,Ciudad de México,Mujeres,1813762.0,3785622.0,47.9118623
2011,4,Durango,Hombres,417884.0,557075.0,75.01395683
2011,4,Durango,Mujeres,236545.0,608852.0,38.85098513
2011,4,Guanajuato,Hombres,1360625.0,1829205.0,74.383407
2011,4,Guanajuato,Mujeres,896771.0,2126010.0,42.18093988
2011,4,Guerrero,Hombres,830660.0,1074484.0,77.30780542
2011,4,Guerrero,Mujeres,581241.0,1231025.0,47.21601917
2011,4,Hidalgo,Hombres,673310.0,886695.0,75.93479156
2011,4,Hidalgo,Mujeres,391419.0,1028591.0,38.05390092
2011,4,Jalisco,Hombres,1918384.0,2522006.0,76.06579842
2011,4,Jalisco,Mujeres,1324687.0,2847707.0,46.51767194
2011,4,México,Hombres,3939187.0,5349563.0,73.63567828
2011,4,México,Mujeres,2417246.0,5914385.0,40.87062307
2011,4,Michoacán,Hombres,1149983.0,1489298.0,77.21644694
2011,4,Michoacán,Mujeres,614700.0,1605607.0,38.28458645
2011,4,Morelos,Hombres,456351.0,626051.0,72.89358215
2011,4,Morelos,Mujeres,310983.0,710613.0,43.76263874
2011,4,Nayarit,Hombres,285643.0,379791.0,75.21057634
2011,4,Nayarit,Mujeres,184995.0,417984.0,44.25887115
2011,4,Nuevo León,Hombres,1328150.0,1771388.0,74.97792691
2011,4,Nuevo León,Mujeres,793095.0,1809764.0,43.82311727
2011,4,Oaxaca,Hombres,944378.0,1211666.0,77.94045554
2011,4,Oaxaca,Mujeres,666383.0,1449540.0,45.97203251
2011,4,Puebla,Hombres,1449961.0,1839338.0,78.83059014
2011,4,Puebla,Mujeres,1021460.0,2236012.0,45.68222353
2011,4,Querétaro,Hombres,449482.0,638294.0,70.41927388
2011,4,Querétaro,Mujeres,290192.0,736442.0,39.4045967
2011,4,Quintana Roo,Hombres,414290.0,513549.0,80.67195146
2011,4,Quintana Roo,Mujeres,260956.0,520981.0,50.08935067
2011,4,San Luis Potosí,Hombres,621981.0,868992.0,71.57499724
2011,4,San Luis Potosí,Mujeres,376395.0,980278.0,38.39676092
2011,4,Sinaloa,Hombres,719226.0,990730.0,72.59556085
2011,4,Sinaloa,Mujeres,483212.0,1066131.0,45.32388609
2011,4,Sonora,Hombres,706380.0,956937.0,73.81677164
2011,4,Sonora,Mujeres,446519.0,1011003.0,44.16594214
2011,4,Tabasco,Hombres,561726.0,753921.0,74.50727596
2011,4,Tabasco,Mujeres,321213.0,830019.0,38.69947555
2011,4,Tamaulipas,Hombres,844082.0,1158232.0,72.8767639
2011,4,Tamaulipas,Mujeres,546257.0,1270045.0,43.0108382
2011,4,Tlaxcala,Hombres,289190.0,387588.0,74.61273311
2011,4,Tlaxcala,Mujeres,184526.0,443283.0,41.6271321
2011,4,Veracruz,Hombres,1946476.0,2626155.0,74.11885437
2011,4,Veracruz,Mujeres,1044462.0,2945594.0,35.45845083
2011,4,Yucatán,Hombres,566033.0,699402.0,80.93099534
2011,4,Yucatán,Mujeres,363987.0,769900.0,47.27717885
2011,4,Zacatecas,Hombres,380041.0,508571.0,74.72722589
2011,4,Zacatecas,Mujeres,199445.0,555763.0,35.88669991
2012,1,Nacional,Hombres,29156178.0,39242111.0,74.29818951
2012,1,Nacional,Mujeres,17772022.0,43489841.0,40.86476656
2012,1,Aguascalientes,Hombres,284222.0,404910.0,70.19387024
2012,1,Aguascalientes,Mujeres,178685.0,457929.0,39.02024113
2012,1,Baja California,Hombres,832531.0,1211334.0,68.72844319
2012,1,Baja California,Mujeres,522053.0,1214554.0,42.98310326
2012,1,Baja California Sur,Hombres,183505.0,244826.0,74.95323209
2012,1,Baja California Sur,Mujeres,120328.0,244775.0,49.15861505
2012,1,Campeche,Hombres,237371.0,291239.0,81.50385079
2012,1,Campeche,Mujeres,136059.0,309618.0,43.94415053
2012,1,Coahuila,Hombres,735910.0,1006800.0,73.09396106
2012,1,Coahuila,Mujeres,424707.0,1052168.0,40.36494172
2012,1,Colima,Hombres,184226.0,236522.0,77.88958321
2012,1,Colima,Mujeres,129710.0,254101.0,51.04663106
2012,1,Chiapas,Hombres,1285159.0,1528528.0,84.07821119
2012,1,Chiapas,Mujeres,565098.0,1735045.0,32.56964517
2012,1,Chihuahua,Hombres,849093.0,1256843.0,67.55760266
2012,1,Chihuahua,Mujeres,442707.0,1289881.0,34.32153819
2012,1,Ciudad de México,Hombres,2297106.0,3149975.0,72.92457877
2012,1,Ciudad de México,Mujeres,1773180.0,3761222.0,47.14372084
2012,1,Durango,Hombres,420501.0,566032.0,74.2892628
2012,1,Durango,Mujeres,227046.0,611073.0,37.15529896
2012,1,Guanajuato,Hombres,1329647.0,1850176.0,71.86597383
2012,1,Guanajuato,Mujeres,854735.0,2115973.0,40.39441902
2012,1,Guerrero,Hombres,797933.0,1087609.0,73.36579598
2012,1,Guerrero,Mujeres,513263.0,1223108.0,41.96383312
2012,1,Hidalgo,Hombres,664065.0,887530.0,74.82169617
2012,1,Hidalgo,Mujeres,369527.0,1032314.0,35.79598843
2012,1,Jalisco,Hombres,1970256.0,2594124.0,75.95072556
2012,1,Jalisco,Mujeres,1273742.0,2814855.0,45.25071451
2012,1,México,Hombres,3969578.0,5404998.0,73.44272838
2012,1,México,Mujeres,2315777.0,5958183.0,38.86716806
2012,1,Michoacán,Hombres,1137973.0,1494490.0,76.14457106
2012,1,Michoacán,Mujeres,643339.0,1604403.0,40.09834188
2012,1,Morelos,Hombres,456617.0,629906.0,72.48970481
2012,1,Morelos,Mujeres,303350.0,698901.0,43.40385834
2012,1,Nayarit,Hombres,285389.0,384924.0,74.14164874
2012,1,Nayarit,Mujeres,189695.0,414905.0,45.7201046
2012,1,Nuevo León,Hombres,1320261.0,1764802.0,74.81071531
2012,1,Nuevo León,Mujeres,774748.0,1825997.0,42.42876631
2012,1,Oaxaca,Hombres,919340.0,1213495.0,75.75968587
2012,1,Oaxaca,Mujeres,621673.0,1454476.0,42.74205968
2012,1,Puebla,Hombres,1470161.0,1865140.0,78.82309103
2012,1,Puebla,Mujeres,928721.0,2252956.0,41.22233191
2012,1,Querétaro,Hombres,459260.0,653368.0,70.29116822
2012,1,Querétaro,Mujeres,295325.0,744532.0,39.66585721
2012,1,Quintana Roo,Hombres,421243.0,521497.0,80.77572834
2012,1,Quintana Roo,Mujeres,271131.0,531580.0,51.00474058
2012,1,San Luis Potosí,Hombres,636225.0,876512.0,72.58599996
2012,1,San Luis Potosí,Mujeres,359076.0,981674.0,36.57792709
2012,1,Sinaloa,Hombres,722053.0,986089.0,73.22391792
2012,1,Sinaloa,Mujeres,478722.0,1083564.0,44.18031607
2012,1,Sonora,Hombres,714744.0,986826.0,72.42857403
2012,1,Sonora,Mujeres,438085.0,1004378.0,43.6175424
2012,1,Tabasco,Hombres,561435.0,752503.0,74.60900488
2012,1,Tabasco,Mujeres,282831.0,827145.0,34.19364199
2012,1,Tamaulipas,Hombres,839843.0,1160977.0,72.33933144
2012,1,Tamaulipas,Mujeres,533639.0,1249602.0,42.70471718
2012,1,Tlaxcala,Hombres,275422.0,392289.0,70.20895309
2012,1,Tlaxcala,Mujeres,169967.0,443116.0,38.35722474
2012,1,Veracruz,Hombres,1978150.0,2618090.0,75.55699002
2012,1,Veracruz,Mujeres,1077672.0,2961553.0,36.38874604
2012,1,Yucatán,Hombres,561097.0,709183.0,79.1187888
2012,1,Yucatán,Mujeres,357707.0,778921.0,45.92339916
2012,1,Zacatecas,Hombres,355862.0,510574.0,69.69841786
2012,1,Zacatecas,Mujeres,199724.0,557339.0,35.83528158
2012,2,Nacional,Hombres,29690582.0,39394178.0,75.36794396
2012,2,Nacional,Mujeres,18484088.0,43718346.0,42.27993438
2012,2,Aguascalientes,Hombres,299751.0,413074.0,72.5659325
2012,2,Aguascalientes,Mujeres,186779.0,458423.0,40.74381085
2012,2,Baja California,Hombres,861805.0,1224262.0,70.39383727
2012,2,Baja California,Mujeres,558318.0,1230098.0,45.38809103
2012,2,Baja California Sur,Hombres,182304.0,250136.0,72.88195222
2012,2,Baja California Sur,Mujeres,123709.0,243280.0,50.85046037
2012,2,Campeche,Hombres,236583.0,292951.0,80.75855689
2012,2,Campeche,Mujeres,132794.0,312889.0,42.44124913
2012,2,Coahuila,Hombres,754717.0,1014872.0,74.36573282
2012,2,Coahuila,Mujeres,438777.0,1042229.0,42.09986481
2012,2,Colima,Hombres,185306.0,236659.0,78.30084637
2012,2,Colima,Mujeres,134182.0,253628.0,52.90504203
2012,2,Chiapas,Hombres,1291178.0,1531152.0,84.32722551
2012,2,Chiapas,Mujeres,603010.0,1737226.0,34.71108537
2012,2,Chihuahua,Hombres,866971.0,1261231.0,68.74006427
2012,2,Chihuahua,Mujeres,486034.0,1302730.0,37.30888212
2012,2,Ciudad de México,Hombres,2300074.0,3136717.0,73.3274312
2012,2,Ciudad de México,Mujeres,1863808.0,3783059.0,49.26721999
2012,2,Durango,Hombres,411762.0,574094.0,71.72379436
2012,2,Durango,Mujeres,215072.0,607620.0,35.39580659
2012,2,Guanajuato,Hombres,1391423.0,1858115.0,74.88357825
2012,2,Guanajuato,Mujeres,928590.0,2141051.0,43.37075576
2012,2,Guerrero,Hombres,835886.0,1075002.0,77.75669255
2012,2,Guerrero,Mujeres,547745.0,1241088.0,44.13425962
2012,2,Hidalgo,Hombres,685446.0,891167.0,76.91555006
2012,2,Hidalgo,Mujeres,409907.0,1018098.0,40.26203764
2012,2,Jalisco,Hombres,1983596.0,2596776.0,76.38687357
2012,2,Jalisco,Mujeres,1299691.0,2842948.0,45.71631279
2012,2,México,Hombres,4011194.0,5408453.0,74.16527425
2012,2,México,Mujeres,2381587.0,6066158.0,39.26022039
2012,2,Michoacán,Hombres,1161419.0,1482032.0,78.36666145
2012,2,Michoacán,Mujeres,648455.0,1621085.0,40.00129543
2012,2,Morelos,Hombres,463465.0,625435.0,74.10282443
2012,2,Morelos,Mujeres,306257.0,698853.0,43.8228068
2012,2,Nayarit,Hombres,288936.0,383380.0,75.36543377
2012,2,Nayarit,Mujeres,192987.0,417447.0,46.23029989
2012,2,Nuevo León,Hombres,1341752.0,1757073.0,76.36290581
2012,2,Nuevo León,Mujeres,812166.0,1834590.0,44.26961882
2012,2,Oaxaca,Hombres,937307.0,1219956.0,76.83121358
2012,2,Oaxaca,Mujeres,643187.0,1475390.0,43.59437166
2012,2,Puebla,Hombres,1500757.0,1916581.0,78.30386506
2012,2,Puebla,Mujeres,960479.0,2256104.0,42.5724612
2012,2,Querétaro,Hombres,461246.0,650854.0,70.86781367
2012,2,Querétaro,Mujeres,285379.0,747643.0,38.17049046
2012,2,Quintana Roo,Hombres,420644.0,525476.0,80.05008792
2012,2,Quintana Roo,Mujeres,280240.0,537551.0,52.13272787
2012,2,San Luis Potosí,Hombres,660311.0,898527.0,73.48816452
2012,2,San Luis Potosí,Mujeres,376283.0,985157.0,38.19523183
2012,2,Sinaloa,Hombres,731751.0,993168.0,73.67847132
2012,2,Sinaloa,Mujeres,478480.0,1077983.0,44.38659979
2012,2,Sonora,Hombres,738206.0,991060.0,74.48650939
2012,2,Sonora,Mujeres,445479.0,1005971.0,44.28348332
2012,2,Tabasco,Hombres,558002.0,744975.0,74.90211081
2012,2,Tabasco,Mujeres,289409.0,831350.0,34.8119324
2012,2,Tamaulipas,Hombres,851238.0,1157185.0,73.5610987
2012,2,Tamaulipas,Mujeres,564759.0,1237758.0,45.62757825
2012,2,Tlaxcala,Hombres,291220.0,398799.0,73.02425533
2012,2,Tlaxcala,Mujeres,187962.0,446625.0,42.08497061
2012,2,Veracruz,Hombres,2029879.0,2651267.0,76.56260196
2012,2,Veracruz,Mujeres,1110985.0,2932043.0,37.89115644
2012,2,Yucatán,Hombres,573096.0,722322.0,79.34079261
2012,2,Yucatán,Mujeres,375034.0,772158.0,48.56959327
2012,2,Zacatecas,Hombres,383357.0,511427.0,74.95830294
2012,2,Zacatecas,Mujeres,216544.0,560113.0,38.66077024
2012,3,Nacional,Hombres,29922128.0,39615881.0,75.53063884
2012,3,Nacional,Mujeres,18525497.0,43913982.0,42.18587374
2012,3,Aguascalientes,Hombres,300588.0,417474.0,72.00160968
2012,3,Aguascalientes,Mujeres,186334.0,460473.0,40.46578192
2012,3,Baja California,Hombres,858720.0,1212235.0,70.83775011
2012,3,Baja California,Mujeres,554394.0,1253790.0,44.21745268
2012,3,Baja California Sur,Hombres,184402.0,247689.0,74.44900662
2012,3,Baja California Sur,Mujeres,125653.0,248145.0,50.63692599
2012,3,Campeche,Hombres,239400.0,295759.0,80.94428234
2012,3,Campeche,Mujeres,141852.0,319969.0,44.33304476
2012,3,Coahuila,Hombres,781329.0,1025771.0,76.16992487
2012,3,Coahuila,Mujeres,439137.0,1040720.0,42.19549927
2012,3,Colima,Hombres,189818.0,240007.0,79.08852658
2012,3,Colima,Mujeres,136341.0,254274.0,53.61971731
2012,3,Chiapas,Hombres,1292946.0,1535386.0,84.20983388
2012,3,Chiapas,Mujeres,536191.0,1731502.0,30.96681378
2012,3,Chihuahua,Hombres,865277.0,1232311.0,70.2157978
2012,3,Chihuahua,Mujeres,506204.0,1321701.0,38.29943384
2012,3,Ciudad de México,Hombres,2365751.0,3206561.0,73.77844987
2012,3,Ciudad de México,Mujeres,1819028.0,3768302.0,48.2718211
2012,3,Durango,Hombres,423352.0,567046.0,74.65919872
2012,3,Durango,Mujeres,224340.0,611208.0,36.70436251
2012,3,Guanajuato,Hombres,1431440.0,1884451.0,75.96058481
2012,3,Guanajuato,Mujeres,967010.0,2175340.0,44.45328087
2012,3,Guerrero,Hombres,850938.0,1084229.0,78.48323555
2012,3,Guerrero,Mujeres,545421.0,1239615.0,43.99922557
2012,3,Hidalgo,Hombres,706063.0,925904.0,76.25660976
2012,3,Hidalgo,Mujeres,407625.0,1039435.0,39.21601639
2012,3,Jalisco,Hombres,1999247.0,2607445.0,76.67456073
2012,3,Jalisco,Mujeres,1291333.0,2840056.0,45.46857527
2012,3,México,Hombres,4073617.0,5416060.0,75.21366085
2012,3,México,Mujeres,2471183.0,6066103.0,40.73757073
2012,3,Michoacán,Hombres,1128757.0,1475815.0,76.48363785
2012,3,Michoacán,Mujeres,685811.0,1627466.0,42.13980507
2012,3,Morelos,Hombres,461750.0,631347.0,73.13727633
2012,3,Morelos,Mujeres,304774.0,699595.0,43.56434794
2012,3,Nayarit,Hombres,290148.0,387949.0,74.79024305
2012,3,Nayarit,Mujeres,194107.0,417147.0,46.53203787
2012,3,Nuevo León,Hombres,1352786.0,1775262.0,76.20204792
2012,3,Nuevo León,Mujeres,792229.0,1863947.0,42.5027643
2012,3,Oaxaca,Hombres,964961.0,1231298.0,78.36941179
2012,3,Oaxaca,Mujeres,672835.0,1476007.0,45.58481091
2012,3,Puebla,Hombres,1502795.0,1928849.0,77.91149022
2012,3,Puebla,Mujeres,967163.0,2255540.0,42.8794435
2012,3,Querétaro,Hombres,468422.0,654389.0,71.58158221
2012,3,Querétaro,Mujeres,298206.0,743043.0,40.1330744
2012,3,Quintana Roo,Hombres,426101.0,534079.0,79.78239174
2012,3,Quintana Roo,Mujeres,265231.0,540169.0,49.10148491
2012,3,San Luis Potosí,Hombres,678187.0,904688.0,74.96363387
2012,3,San Luis Potosí,Mujeres,389502.0,995899.0,39.11059254
2012,3,Sinaloa,Hombres,720211.0,1007473.0,71.48687856
2012,3,Sinaloa,Mujeres,465174.0,1077859.0,43.15722186
2012,3,Sonora,Hombres,711287.0,989682.0,71.87025731
2012,3,Sonora,Mujeres,433325.0,997310.0,43.44937883
2012,3,Tabasco,Hombres,580404.0,759635.0,76.40564218
2012,3,Tabasco,Mujeres,296339.0,829339.0,35.73195038
2012,3,Tamaulipas,Hombres,854372.0,1162205.0,73.51302051
2012,3,Tamaulipas,Mujeres,539196.0,1238792.0,43.52595109
2012,3,Tlaxcala,Hombres,300009.0,399911.0,75.01894171
2012,3,Tlaxcala,Mujeres,186769.0,448593.0,41.63439911
2012,3,Veracruz,Hombres,1949031.0,2640548.0,73.81161032
2012,3,Veracruz,Mujeres,1096236.0,2985082.0,36.72381529
2012,3,Yucatán,Hombres,574372.0,721971.0,79.55610405
2012,3,Yucatán,Mujeres,368317.0,782741.0,47.05477291
2012,3,Zacatecas,Hombres,395647.0,512452.0,77.2066457
2012,3,Zacatecas,Mujeres,218237.0,564820.0,38.63832725
2012,4,Nacional,Hombres,29594434.0,39767000.0,74.41957905
2012,4,Nacional,Mujeres,18400303.0,44109745.0,41.71482515
2012,4,Aguascalientes,Hombres,300233.0,423355.0,70.91755146
2012,4,Aguascalientes,Mujeres,186906.0,463908.0,40.28945394
2012,4,Baja California,Hombres,848620.0,1227132.0,69.15474456
2012,4,Baja California,Mujeres,570492.0,1258947.0,45.31501326
2012,4,Baja California Sur,Hombres,182566.0,244626.0,74.63066068
2012,4,Baja California Sur,Mujeres,126187.0,247851.0,50.91244336
2012,4,Campeche,Hombres,240567.0,296847.0,81.04073816
2012,4,Campeche,Mujeres,139588.0,319228.0,43.72674076
2012,4,Coahuila,Hombres,756062.0,1031503.0,73.2971208
2012,4,Coahuila,Mujeres,437459.0,1070047.0,40.88222293
2012,4,Colima,Hombres,184108.0,243047.0,75.74995783
2012,4,Colima,Mujeres,133983.0,256549.0,52.22511099
2012,4,Chiapas,Hombres,1272092.0,1555666.0,81.77153708
2012,4,Chiapas,Mujeres,528473.0,1755939.0,30.09631884
2012,4,Chihuahua,Hombres,885919.0,1252711.0,70.72014216
2012,4,Chihuahua,Mujeres,492492.0,1307987.0,37.6526678
2012,4,Ciudad de México,Hombres,2359772.0,3221189.0,73.25779394
2012,4,Ciudad de México,Mujeres,1862378.0,3767399.0,49.43405251
2012,4,Durango,Hombres,427107.0,579592.0,73.69097572
2012,4,Durango,Mujeres,237187.0,606732.0,39.09254828
2012,4,Guanajuato,Hombres,1398198.0,1893880.0,73.82716962
2012,4,Guanajuato,Mujeres,927976.0,2169311.0,42.7774533
2012,4,Guerrero,Hombres,806683.0,1075712.0,74.99061087
2012,4,Guerrero,Mujeres,510589.0,1235060.0,41.34123039
2012,4,Hidalgo,Hombres,701475.0,928902.0,75.51657764
2012,4,Hidalgo,Mujeres,406085.0,1041807.0,38.97890876
2012,4,Jalisco,Hombres,1924583.0,2579257.0,74.61772906
2012,4,Jalisco,Mujeres,1299032.0,2858145.0,45.45017835
2012,4,México,Hombres,4026765.0,5412333.0,74.39980134
2012,4,México,Mujeres,2435482.0,6092133.0,39.97749228
2012,4,Michoacán,Hombres,1084448.0,1469307.0,73.80676741
2012,4,Michoacán,Mujeres,684548.0,1636843.0,41.82123759
2012,4,Morelos,Hombres,456454.0,636121.0,71.75584519
2012,4,Morelos,Mujeres,301046.0,706395.0,42.61723257
2012,4,Nayarit,Hombres,293302.0,386211.0,75.94346096
2012,4,Nayarit,Mujeres,195750.0,422490.0,46.33245757
2012,4,Nuevo León,Hombres,1349353.0,1799169.0,74.99867995
2012,4,Nuevo León,Mujeres,827225.0,1886514.0,43.84939629
2012,4,Oaxaca,Hombres,958095.0,1253774.0,76.41688215
2012,4,Oaxaca,Mujeres,631561.0,1473431.0,42.86328983
2012,4,Puebla,Hombres,1502818.0,1951975.0,76.98961308
2012,4,Puebla,Mujeres,974140.0,2269210.0,42.9285963
2012,4,Querétaro,Hombres,436562.0,658415.0,66.30499001
2012,4,Querétaro,Mujeres,284630.0,754413.0,37.72867117
2012,4,Quintana Roo,Hombres,412409.0,529495.0,77.88723217
2012,4,Quintana Roo,Mujeres,274040.0,553643.0,49.49760044
2012,4,San Luis Potosí,Hombres,669755.0,905868.0,73.93516495
2012,4,San Luis Potosí,Mujeres,391127.0,1005319.0,38.90576026
2012,4,Sinaloa,Hombres,753075.0,1012210.0,74.39908715
2012,4,Sinaloa,Mujeres,475378.0,1084522.0,43.83295129
2012,4,Sonora,Hombres,710291.0,992754.0,71.54753343
2012,4,Sonora,Mujeres,428264.0,1001724.0,42.75269435
2012,4,Tabasco,Hombres,564646.0,756485.0,74.64073974
2012,4,Tabasco,Mujeres,283224.0,837100.0,33.83395054
2012,4,Tamaulipas,Hombres,840834.0,1162324.0,72.34075869
2012,4,Tamaulipas,Mujeres,534236.0,1242512.0,42.99644591
2012,4,Tlaxcala,Hombres,302431.0,405758.0,74.53482125
2012,4,Tlaxcala,Mujeres,186279.0,453793.0,41.04933307
2012,4,Veracruz,Hombres,2000005.0,2646545.0,75.5704135
2012,4,Veracruz,Mujeres,1063582.0,2982763.0,35.65761007
2012,4,Yucatán,Hombres,565859.0,719695.0,78.62483413
2012,4,Yucatán,Mujeres,372470.0,784409.0,47.48415686
2012,4,Zacatecas,Hombres,379347.0,515142.0,73.63930722
2012,4,Zacatecas,Mujeres,198494.0,563621.0,35.21763738
2013,1,Nacional,Hombres,29545691.0,39996656.0,73.87040307
2013,1,Nacional,Mujeres,18003043.0,44202685.0,40.7283924
2013,1,Aguascalientes,Hombres,297311.0,422669.0,70.34133092
2013,1,Aguascalientes,Mujeres,185947.0,468358.0,39.7018947
2013,1,Baja California,Hombres,871455.0,1229101.0,70.90182174
2013,1,Baja California,Mujeres,543201.0,1259365.0,43.1329281
2013,1,Baja California Sur,Hombres,187697.0,248027.0,75.67603527
2013,1,Baja California Sur,Mujeres,121098.0,246810.0,49.06527288
2013,1,Campeche,Hombres,235413.0,295421.0,79.68729373
2013,1,Campeche,Mujeres,133962.0,318968.0,41.99857039
2013,1,Coahuila,Hombres,750376.0,1036462.0,72.39783031
2013,1,Coahuila,Mujeres,437841.0,1073402.0,40.7900302
2013,1,Colima,Hombres,182194.0,241235.0,75.5255249
2013,1,Colima,Mujeres,136727.0,260422.0,52.50209276
2013,1,Chiapas,Hombres,1299244.0,1573123.0,82.59010897
2013,1,Chiapas,Mujeres,553735.0,1757183.0,31.51265406
2013,1,Chihuahua,Hombres,877624.0,1251222.0,70.14134982
2013,1,Chihuahua,Mujeres,518477.0,1322083.0,39.2166755
2013,1,Ciudad de México,Hombres,2351872.0,3257321.0,72.20264751
2013,1,Ciudad de México,Mujeres,1795439.0,3795601.0,47.30315436
2013,1,Durango,Hombres,426159.0,577920.0,73.74013704
2013,1,Durango,Mujeres,219689.0,614391.0,35.75719696
2013,1,Guanajuato,Hombres,1360835.0,1900610.0,71.5999074
2013,1,Guanajuato,Mujeres,896832.0,2184791.0,41.04886921
2013,1,Guerrero,Hombres,800188.0,1084028.0,73.81617449
2013,1,Guerrero,Mujeres,495648.0,1253232.0,39.5495806
2013,1,Hidalgo,Hombres,701535.0,933107.0,75.18269609
2013,1,Hidalgo,Mujeres,420200.0,1053919.0,39.87023671
2013,1,Jalisco,Hombres,1975459.0,2598766.0,76.01527032
2013,1,Jalisco,Mujeres,1291210.0,2859265.0,45.1588083
2013,1,México,Hombres,3985594.0,5452876.0,73.09159423
2013,1,México,Mujeres,2264792.0,6081370.0,37.24147684
2013,1,Michoacán,Hombres,1102340.0,1488830.0,74.04068967
2013,1,Michoacán,Mujeres,676162.0,1607163.0,42.07177492
2013,1,Morelos,Hombres,450272.0,629957.0,71.4766246
2013,1,Morelos,Mujeres,307483.0,717943.0,42.82833038
2013,1,Nayarit,Hombres,298025.0,389599.0,76.49531955
2013,1,Nayarit,Mujeres,206394.0,428634.0,48.15156987
2013,1,Nuevo León,Hombres,1333647.0,1822207.0,73.18855651
2013,1,Nuevo León,Mujeres,751509.0,1867558.0,40.24019602
2013,1,Oaxaca,Hombres,910598.0,1232100.0,73.90617645
2013,1,Oaxaca,Mujeres,614797.0,1467282.0,41.90039815
2013,1,Puebla,Hombres,1506547.0,1977298.0,76.19220775
2013,1,Puebla,Mujeres,954924.0,2255886.0,42.33033052
2013,1,Querétaro,Hombres,466561.0,661717.0,70.50763393
2013,1,Querétaro,Mujeres,279663.0,758609.0,36.86523624
2013,1,Quintana Roo,Hombres,429264.0,541754.0,79.23596319
2013,1,Quintana Roo,Mujeres,263137.0,541746.0,48.57202453
2013,1,San Luis Potosí,Hombres,657551.0,917738.0,71.64909811
2013,1,San Luis Potosí,Mujeres,374064.0,998636.0,37.45749202
2013,1,Sinaloa,Hombres,761837.0,1014814.0,75.07158947
2013,1,Sinaloa,Mujeres,472057.0,1085124.0,43.50258588
2013,1,Sonora,Hombres,712549.0,982824.0,72.5001628
2013,1,Sonora,Mujeres,434085.0,1002533.0,43.29882408
2013,1,Tabasco,Hombres,559020.0,765777.0,73.00036434
2013,1,Tabasco,Mujeres,277641.0,831969.0,33.37155591
2013,1,Tamaulipas,Hombres,852339.0,1186387.0,71.84325182
2013,1,Tamaulipas,Mujeres,535500.0,1251065.0,42.80353139
2013,1,Tlaxcala,Hombres,292579.0,403607.0,72.49106185
2013,1,Tlaxcala,Mujeres,194309.0,458306.0,42.39721933
2013,1,Veracruz,Hombres,1981445.0,2643837.0,74.94580793
2013,1,Veracruz,Mujeres,1076280.0,3023487.0,35.59730867
2013,1,Yucatán,Hombres,570422.0,722602.0,78.9399974
2013,1,Yucatán,Mujeres,380656.0,791956.0,48.06529656
2013,1,Zacatecas,Hombres,357739.0,513720.0,69.63696177
2013,1,Zacatecas,Mujeres,189584.0,565628.0,33.51743549
2013,2,Nacional,Hombres,29810665.0,39917234.0,74.68118908
2013,2,Nacional,Mujeres,18670549.0,44383462.0,42.06645484
2013,2,Aguascalientes,Hombres,302980.0,417694.0,72.53635436
2013,2,Aguascalientes,Mujeres,195373.0,470956.0,41.48434249
2013,2,Baja California,Hombres,889910.0,1221390.0,72.86042951
2013,2,Baja California,Mujeres,597426.0,1257697.0,47.50158424
2013,2,Baja California Sur,Hombres,188464.0,249026.0,75.68045104
2013,2,Baja California Sur,Mujeres,127784.0,249043.0,51.31001474
2013,2,Campeche,Hombres,238583.0,299222.0,79.73444466
2013,2,Campeche,Mujeres,133016.0,315905.0,42.10632943
2013,2,Coahuila,Hombres,772788.0,1027763.0,75.19126491
2013,2,Coahuila,Mujeres,455693.0,1071656.0,42.5223206
2013,2,Colima,Hombres,181686.0,241020.0,75.38212596
2013,2,Colima,Mujeres,139272.0,259543.0,53.66047245
2013,2,Chiapas,Hombres,1287483.0,1570503.0,81.97902201
2013,2,Chiapas,Mujeres,551131.0,1756108.0,31.38366205
2013,2,Chihuahua,Hombres,886449.0,1239816.0,71.49843203
2013,2,Chihuahua,Mujeres,536348.0,1302107.0,41.19077772
2013,2,Ciudad de México,Hombres,2307130.0,3253917.0,70.90316071
2013,2,Ciudad de México,Mujeres,1812054.0,3850628.0,47.0586616
2013,2,Durango,Hombres,440736.0,580148.0,75.96958018
2013,2,Durango,Mujeres,234629.0,619442.0,37.87747683
2013,2,Guanajuato,Hombres,1415170.0,1901952.0,74.40618901
2013,2,Guanajuato,Mujeres,920828.0,2179102.0,42.25722339
2013,2,Guerrero,Hombres,818514.0,1078296.0,75.90809945
2013,2,Guerrero,Mujeres,522490.0,1245631.0,41.94580899
2013,2,Hidalgo,Hombres,702055.0,920543.0,76.26531297
2013,2,Hidalgo,Mujeres,412845.0,1072655.0,38.4881439
2013,2,Jalisco,Hombres,1965543.0,2586994.0,75.97787239
2013,2,Jalisco,Mujeres,1353070.0,2898308.0,46.68482439
2013,2,México,Hombres,4048161.0,5461390.0,74.12327265
2013,2,México,Mujeres,2505296.0,6091563.0,41.12731002
2013,2,Michoacán,Hombres,1124713.0,1481902.0,75.89658425
2013,2,Michoacán,Mujeres,675896.0,1621444.0,41.68481921
2013,2,Morelos,Hombres,453920.0,630052.0,72.04484709
2013,2,Morelos,Mujeres,320240.0,723333.0,44.27283146
2013,2,Nayarit,Hombres,293936.0,389978.0,75.37245691
2013,2,Nayarit,Mujeres,199629.0,431007.0,46.31688116
2013,2,Nuevo León,Hombres,1373054.0,1814314.0,75.67896186
2013,2,Nuevo León,Mujeres,811707.0,1892832.0,42.88320358
2013,2,Oaxaca,Hombres,910061.0,1230042.0,73.98617283
2013,2,Oaxaca,Mujeres,600621.0,1465047.0,40.99670523
2013,2,Puebla,Hombres,1525936.0,1999052.0,76.33298183
2013,2,Puebla,Mujeres,968712.0,2266828.0,42.73425244
2013,2,Querétaro,Hombres,450405.0,668933.0,67.33185536
2013,2,Querétaro,Mujeres,275978.0,759798.0,36.32254889
2013,2,Quintana Roo,Hombres,441767.0,548992.0,80.46875
2013,2,Quintana Roo,Mujeres,269105.0,543922.0,49.47492471
2013,2,San Luis Potosí,Hombres,675653.0,912367.0,74.05495815
2013,2,San Luis Potosí,Mujeres,396596.0,1004069.0,39.49887906
2013,2,Sinaloa,Hombres,737132.0,998188.0,73.84701078
2013,2,Sinaloa,Mujeres,493330.0,1082572.0,45.57017917
2013,2,Sonora,Hombres,722663.0,967242.0,74.7137738
2013,2,Sonora,Mujeres,487450.0,1006607.0,48.42505566
2013,2,Tabasco,Hombres,580230.0,772092.0,75.15037068
2013,2,Tabasco,Mujeres,300648.0,832187.0,36.12745693
2013,2,Tamaulipas,Hombres,869260.0,1190292.0,73.02913907
2013,2,Tamaulipas,Mujeres,536092.0,1261837.0,42.48504363
2013,2,Tlaxcala,Hombres,295350.0,407965.0,72.39591632
2013,2,Tlaxcala,Mujeres,201648.0,455134.0,44.30519364
2013,2,Veracruz,Hombres,1954913.0,2608646.0,74.93975802
2013,2,Veracruz,Mujeres,1064258.0,3038761.0,35.02276092
2013,2,Yucatán,Hombres,584203.0,735569.0,79.42191691
2013,2,Yucatán,Mujeres,375693.0,793508.0,47.34583646
2013,2,Zacatecas,Hombres,371817.0,511934.0,72.62987026
2013,2,Zacatecas,Mujeres,195691.0,564232.0,34.68271917
2013,3,Nacional,Hombres,29889396.0,40016710.0,74.6922873
2013,3,Nacional,Mujeres,18610312.0,44503719.0,41.81743103
2013,3,Aguascalientes,Hombres,302183.0,418999.0,72.12021986
2013,3,Aguascalientes,Mujeres,196013.0,471781.0,41.54745528
2013,3,Baja California,Hombres,883250.0,1219566.0,72.42330468
2013,3,Baja California,Mujeres,571730.0,1252809.0,45.63584712
2013,3,Baja California Sur,Hombres,192946.0,255163.0,75.61676262
2013,3,Baja California Sur,Mujeres,120220.0,247289.0,48.61518304
2013,3,Campeche,Hombres,239820.0,301381.0,79.57369575
2013,3,Campeche,Mujeres,130946.0,315532.0,41.50006972
2013,3,Coahuila,Hombres,764817.0,1021853.0,74.84608843
2013,3,Coahuila,Mujeres,470602.0,1073112.0,43.85395001
2013,3,Colima,Hombres,184401.0,239723.0,76.92253142
2013,3,Colima,Mujeres,134814.0,259560.0,51.93943597
2013,3,Chiapas,Hombres,1319019.0,1606045.0,82.12839615
2013,3,Chiapas,Mujeres,554734.0,1764433.0,31.43978831
2013,3,Chihuahua,Hombres,884904.0,1230723.0,71.90115079
2013,3,Chihuahua,Mujeres,525116.0,1305923.0,40.21033399
2013,3,Ciudad de México,Hombres,2289313.0,3206670.0,71.39222309
2013,3,Ciudad de México,Mujeres,1908654.0,3907748.0,48.84281177
2013,3,Durango,Hombres,427071.0,577740.0,73.92096791
2013,3,Durango,Mujeres,239667.0,624294.0,38.39008544
2013,3,Guanajuato,Hombres,1425317.0,1894719.0,75.22577226
2013,3,Guanajuato,Mujeres,958958.0,2168457.0,44.22305815
2013,3,Guerrero,Hombres,854471.0,1119717.0,76.31133581
2013,3,Guerrero,Mujeres,522518.0,1263642.0,41.35016088
2013,3,Hidalgo,Hombres,706173.0,929296.0,75.99010434
2013,3,Hidalgo,Mujeres,383519.0,1063152.0,36.07376932
2013,3,Jalisco,Hombres,1952997.0,2632402.0,74.19068212
2013,3,Jalisco,Mujeres,1331930.0,2882441.0,46.20840461
2013,3,México,Hombres,4071305.0,5477924.0,74.32204244
2013,3,México,Mujeres,2407943.0,6058481.0,39.74499549
2013,3,Michoacán,Hombres,1109156.0,1476964.0,75.09702335
2013,3,Michoacán,Mujeres,659970.0,1618812.0,40.768786
2013,3,Morelos,Hombres,451434.0,634540.0,71.14350553
2013,3,Morelos,Mujeres,314109.0,730293.0,43.01136667
2013,3,Nayarit,Hombres,291955.0,389037.0,75.04556122
2013,3,Nayarit,Mujeres,198928.0,426789.0,46.61038593
2013,3,Nuevo León,Hombres,1381857.0,1828634.0,75.56771885
2013,3,Nuevo León,Mujeres,783002.0,1892492.0,41.3741247
2013,3,Oaxaca,Hombres,946145.0,1225833.0,77.18384152
2013,3,Oaxaca,Mujeres,621896.0,1457696.0,42.66294207
2013,3,Puebla,Hombres,1545245.0,2000811.0,77.23093286
2013,3,Puebla,Mujeres,1002843.0,2294322.0,43.7097757
2013,3,Querétaro,Hombres,459537.0,674385.0,68.14164016
2013,3,Querétaro,Mujeres,276369.0,755688.0,36.57183917
2013,3,Quintana Roo,Hombres,448269.0,557930.0,80.34502536
2013,3,Quintana Roo,Mujeres,269387.0,542448.0,49.66135003
2013,3,San Luis Potosí,Hombres,666210.0,921263.0,72.31485472
2013,3,San Luis Potosí,Mujeres,395255.0,1011272.0,39.08493462
2013,3,Sinaloa,Hombres,717692.0,996583.0,72.0152762
2013,3,Sinaloa,Mujeres,458233.0,1081305.0,42.377775
2013,3,Sonora,Hombres,711888.0,973678.0,73.11328797
2013,3,Sonora,Mujeres,463676.0,1021758.0,45.38021723
2013,3,Tabasco,Hombres,601747.0,782875.0,76.86373942
2013,3,Tabasco,Mujeres,294022.0,832080.0,35.33578502
2013,3,Tamaulipas,Hombres,856051.0,1166731.0,73.37175407
2013,3,Tamaulipas,Mujeres,551020.0,1271055.0,43.3513892
2013,3,Tlaxcala,Hombres,302254.0,401958.0,75.19541843
2013,3,Tlaxcala,Mujeres,207952.0,456403.0,45.56324126
2013,3,Veracruz,Hombres,1940707.0,2610460.0,74.34348735
2013,3,Veracruz,Mujeres,1075556.0,3078495.0,34.93772119
2013,3,Yucatán,Hombres,569313.0,730520.0,77.93256858
2013,3,Yucatán,Mujeres,383464.0,803822.0,47.70508894
2013,3,Zacatecas,Hombres,391949.0,512587.0,76.46487328
2013,3,Zacatecas,Mujeres,197266.0,570335.0,34.58774229
2013,4,Nacional,Hombres,30239447.0,40169165.0,75.28024792
2013,4,Nacional,Mujeres,18879223.0,44492303.0,42.43255963
2013,4,Aguascalientes,Hombres,309040.0,421754.0,73.27494226
2013,4,Aguascalientes,Mujeres,198311.0,469698.0,42.220959
2013,4,Baja California,Hombres,890179.0,1232996.0,72.19642237
2013,4,Baja California,Mujeres,588587.0,1257829.0,46.79388057
2013,4,Baja California Sur,Hombres,192822.0,253283.0,76.12907301
2013,4,Baja California Sur,Mujeres,124337.0,247745.0,50.18749117
2013,4,Campeche,Hombres,241088.0,300782.0,80.1537326
2013,4,Campeche,Mujeres,132771.0,312171.0,42.53149716
2013,4,Coahuila,Hombres,773988.0,1025983.0,75.43867686
2013,4,Coahuila,Mujeres,461405.0,1075634.0,42.89609663
2013,4,Colima,Hombres,186747.0,237994.0,78.46710421
2013,4,Colima,Mujeres,140250.0,258805.0,54.19137961
2013,4,Chiapas,Hombres,1309219.0,1605125.0,81.56492485
2013,4,Chiapas,Mujeres,524522.0,1712866.0,30.62247718
2013,4,Chihuahua,Hombres,898354.0,1228931.0,73.10044258
2013,4,Chihuahua,Mujeres,512752.0,1293817.0,39.63095245
2013,4,Ciudad de México,Hombres,2330985.0,3234641.0,72.06317486
2013,4,Ciudad de México,Mujeres,1910704.0,3933627.0,48.57359379
2013,4,Durango,Hombres,439161.0,588461.0,74.62873495
2013,4,Durango,Mujeres,237852.0,626295.0,37.97763035
2013,4,Guanajuato,Hombres,1434900.0,1873700.0,76.58109623
2013,4,Guanajuato,Mujeres,952948.0,2156199.0,44.19573518
2013,4,Guerrero,Hombres,804801.0,1089112.0,73.89515495
2013,4,Guerrero,Mujeres,532757.0,1262300.0,42.20526024
2013,4,Hidalgo,Hombres,709682.0,923069.0,76.88287658
2013,4,Hidalgo,Mujeres,433619.0,1078914.0,40.19032101
2013,4,Jalisco,Hombres,1985486.0,2638764.0,75.24303045
2013,4,Jalisco,Mujeres,1314732.0,2898684.0,45.35616852
2013,4,México,Hombres,4143670.0,5529540.0,74.93697487
2013,4,México,Mujeres,2529826.0,6108501.0,41.41484138
2013,4,Michoacán,Hombres,1125582.0,1488200.0,75.63378578
2013,4,Michoacán,Mujeres,681789.0,1624483.0,41.96959894
2013,4,Morelos,Hombres,449915.0,632798.0,71.09930815
2013,4,Morelos,Mujeres,327033.0,736780.0,44.38679117
2013,4,Nayarit,Hombres,298837.0,390410.0,76.54440204
2013,4,Nayarit,Mujeres,204577.0,425727.0,48.05356484
2013,4,Nuevo León,Hombres,1394602.0,1830135.0,76.20213809
2013,4,Nuevo León,Mujeres,801415.0,1894236.0,42.30808622
2013,4,Oaxaca,Hombres,918686.0,1248397.0,73.58925086
2013,4,Oaxaca,Mujeres,623459.0,1453342.0,42.89829923
2013,4,Puebla,Hombres,1547938.0,2019189.0,76.66137246
2013,4,Puebla,Mujeres,994148.0,2293653.0,43.34343512
2013,4,Querétaro,Hombres,447251.0,668646.0,66.88905639
2013,4,Querétaro,Mujeres,288381.0,762388.0,37.8260151
2013,4,Quintana Roo,Hombres,454050.0,551499.0,82.33015835
2013,4,Quintana Roo,Mujeres,256861.0,545953.0,47.04818913
2013,4,San Luis Potosí,Hombres,700930.0,918648.0,76.30017156
2013,4,San Luis Potosí,Mujeres,402664.0,1006989.0,39.98693134
2013,4,Sinaloa,Hombres,749147.0,994014.0,75.36583992
2013,4,Sinaloa,Mujeres,482081.0,1092079.0,44.1434182
2013,4,Sonora,Hombres,740919.0,995590.0,74.42009261
2013,4,Sonora,Mujeres,491874.0,1013104.0,48.55118527
2013,4,Tabasco,Hombres,593092.0,798334.0,74.29121145
2013,4,Tabasco,Mujeres,304838.0,847010.0,35.98989386
2013,4,Tamaulipas,Hombres,887490.0,1179518.0,75.24175129
2013,4,Tamaulipas,Mujeres,574871.0,1255442.0,45.79032723
2013,4,Tlaxcala,Hombres,302370.0,402391.0,75.14333074
2013,4,Tlaxcala,Mujeres,200858.0,458402.0,43.81699905
2013,4,Veracruz,Hombres,1990969.0,2612629.0,76.20557683
2013,4,Veracruz,Mujeres,1058789.0,3030304.0,34.94002582
2013,4,Yucatán,Hombres,586960.0,738755.0,79.45259254
2013,4,Yucatán,Mujeres,390738.0,794149.0,49.20210187
2013,4,Zacatecas,Hombres,400587.0,515877.0,77.65164952
2013,4,Zacatecas,Mujeres,199474.0,565177.0,35.29407602
2014,1,Nacional,Hombres,29951085.0,40227939.0,74.45344143
2014,1,Nacional,Mujeres,18321234.0,44586213.0,41.0917025
2014,1,Aguascalientes,Hombres,301562.0,424761.0,70.99568934
2014,1,Aguascalientes,Mujeres,191543.0,470267.0,40.73069129
2014,1,Baja California,Hombres,885418.0,1242967.0,71.23423228
2014,1,Baja California,Mujeres,569431.0,1264889.0,45.01825852
2014,1,Baja California Sur,Hombres,192032.0,252110.0,76.16992583
2014,1,Baja California Sur,Mujeres,127349.0,250679.0,50.80162279
2014,1,Campeche,Hombres,237769.0,300630.0,79.09024382
2014,1,Campeche,Mujeres,129081.0,314190.0,41.08373914
2014,1,Coahuila,Hombres,739137.0,1014538.0,72.85454069
2014,1,Coahuila,Mujeres,442024.0,1074329.0,41.14419326
2014,1,Colima,Hombres,181965.0,236855.0,76.82548395
2014,1,Colima,Mujeres,134345.0,258417.0,51.98767883
2014,1,Chiapas,Hombres,1318295.0,1589018.0,82.96287393
2014,1,Chiapas,Mujeres,503449.0,1696093.0,29.68286527
2014,1,Chihuahua,Hombres,884053.0,1222580.0,72.31044185
2014,1,Chihuahua,Mujeres,505380.0,1298461.0,38.92146164
2014,1,Ciudad de México,Hombres,2254188.0,3227381.0,69.8457356
2014,1,Ciudad de México,Mujeres,1835917.0,3945383.0,46.53330234
2014,1,Durango,Hombres,426449.0,580186.0,73.50211829
2014,1,Durango,Mujeres,234187.0,634561.0,36.90535662
2014,1,Guanajuato,Hombres,1425483.0,1879516.0,75.84308939
2014,1,Guanajuato,Mujeres,910802.0,2186201.0,41.66140259
2014,1,Guerrero,Hombres,808551.0,1095387.0,73.81418622
2014,1,Guerrero,Mujeres,490874.0,1241682.0,39.53298832
2014,1,Hidalgo,Hombres,703183.0,922045.0,76.26341448
2014,1,Hidalgo,Mujeres,414494.0,1086271.0,38.15751318
2014,1,Jalisco,Hombres,1962604.0,2639205.0,74.36345415
2014,1,Jalisco,Mujeres,1285742.0,2896810.0,44.38475426
2014,1,México,Hombres,4162826.0,5609537.0,74.20979664
2014,1,México,Mujeres,2484246.0,6129761.0,40.527616
2014,1,Michoacán,Hombres,1118900.0,1475619.0,75.82580598
2014,1,Michoacán,Mujeres,656124.0,1641218.0,39.97787009
2014,1,Morelos,Hombres,448504.0,638638.0,70.2282044
2014,1,Morelos,Mujeres,312104.0,737558.0,42.31585855
2014,1,Nayarit,Hombres,303872.0,386473.0,78.62696747
2014,1,Nayarit,Mujeres,207420.0,427089.0,48.56598976
2014,1,Nuevo León,Hombres,1350519.0,1831954.0,73.72013708
2014,1,Nuevo León,Mujeres,753591.0,1881752.0,40.04730698
2014,1,Oaxaca,Hombres,929374.0,1253247.0,74.15728903
2014,1,Oaxaca,Mujeres,644846.0,1473437.0,43.76474868
2014,1,Puebla,Hombres,1531975.0,2002619.0,76.49857512
2014,1,Puebla,Mujeres,982942.0,2313892.0,42.48002932
2014,1,Querétaro,Hombres,463378.0,675710.0,68.57646032
2014,1,Querétaro,Mujeres,277438.0,766770.0,36.18268842
2014,1,Quintana Roo,Hombres,445568.0,552063.0,80.70962915
2014,1,Quintana Roo,Mujeres,254645.0,546011.0,46.63733881
2014,1,San Luis Potosí,Hombres,675005.0,909622.0,74.20719815
2014,1,San Luis Potosí,Mujeres,385865.0,1002166.0,38.50310228
2014,1,Sinaloa,Hombres,751174.0,1015482.0,73.97216297
2014,1,Sinaloa,Mujeres,469290.0,1082848.0,43.33849257
2014,1,Sonora,Hombres,748794.0,994504.0,75.29321149
2014,1,Sonora,Mujeres,482429.0,1018391.0,47.3716873
2014,1,Tabasco,Hombres,577675.0,787978.0,73.31105691
2014,1,Tabasco,Mujeres,293255.0,839943.0,34.91367867
2014,1,Tamaulipas,Hombres,884274.0,1180372.0,74.91485735
2014,1,Tamaulipas,Mujeres,550868.0,1256633.0,43.83682428
2014,1,Tlaxcala,Hombres,295760.0,402497.0,73.48129303
2014,1,Tlaxcala,Mujeres,196759.0,458404.0,42.92261848
2014,1,Veracruz,Hombres,2004412.0,2636194.0,76.0343131
2014,1,Veracruz,Mujeres,1029017.0,3024932.0,34.01785561
2014,1,Yucatán,Hombres,578465.0,734054.0,78.80414792
2014,1,Yucatán,Mujeres,368322.0,792189.0,46.49420782
2014,1,Zacatecas,Hombres,359921.0,514197.0,69.99671332
2014,1,Zacatecas,Mujeres,197455.0,574986.0,34.34083612
2014,2,Nacional,Hombres,30070634.0,40453216.0,74.33434711
2014,2,Nacional,Mujeres,18434460.0,44669245.0,41.26879691
2014,2,Aguascalientes,Hombres,308570.0,432172.0,71.39981304
2014,2,Aguascalientes,Mujeres,194733.0,471579.0,41.29382352
2014,2,Baja California,Hombres,901919.0,1260993.0,71.52450489
2014,2,Baja California,Mujeres,589058.0,1268303.0,46.44457988
2014,2,Baja California Sur,Hombres,194444.0,255213.0,76.18890887
2014,2,Baja California Sur,Mujeres,124498.0,249936.0,49.81195186
2014,2,Campeche,Hombres,236916.0,298985.0,79.24009566
2014,2,Campeche,Mujeres,129843.0,314761.0,41.2512986
2014,2,Coahuila,Hombres,766170.0,1010880.0,75.79237892
2014,2,Coahuila,Mujeres,459544.0,1077559.0,42.64675995
2014,2,Colima,Hombres,184271.0,239864.0,76.82311643
2014,2,Colima,Mujeres,136936.0,257859.0,53.10499149
2014,2,Chiapas,Hombres,1270137.0,1575615.0,80.61214193
2014,2,Chiapas,Mujeres,510474.0,1724391.0,29.60314685
2014,2,Chihuahua,Hombres,920991.0,1249003.0,73.7380935
2014,2,Chihuahua,Mujeres,515963.0,1290460.0,39.98287432
2014,2,Ciudad de México,Hombres,2246196.0,3193499.0,70.33651803
2014,2,Ciudad de México,Mujeres,1844410.0,3934261.0,46.88072296
2014,2,Durango,Hombres,416714.0,574886.0,72.48637121
2014,2,Durango,Mujeres,239865.0,637018.0,37.654352
2014,2,Guanajuato,Hombres,1423043.0,1876401.0,75.8389598
2014,2,Guanajuato,Mujeres,930719.0,2185103.0,42.59382738
2014,2,Guerrero,Hombres,861054.0,1123128.0,76.66570507
2014,2,Guerrero,Mujeres,519513.0,1245380.0,41.71521945
2014,2,Hidalgo,Hombres,723379.0,927117.0,78.02456432
2014,2,Hidalgo,Mujeres,436355.0,1091350.0,39.98304852
2014,2,Jalisco,Hombres,1951193.0,2654107.0,73.51598862
2014,2,Jalisco,Mujeres,1287864.0,2895565.0,44.47712277
2014,2,México,Hombres,4156944.0,5680999.0,73.17276416
2014,2,México,Mujeres,2452606.0,6119206.0,40.08046142
2014,2,Michoacán,Hombres,1142858.0,1488191.0,76.79511568
2014,2,Michoacán,Mujeres,664477.0,1646112.0,40.36645137
2014,2,Morelos,Hombres,458087.0,641726.0,71.38358115
2014,2,Morelos,Mujeres,313724.0,735695.0,42.64321492
2014,2,Nayarit,Hombres,299496.0,393726.0,76.06711266
2014,2,Nayarit,Mujeres,194757.0,421288.0,46.22894552
2014,2,Nuevo León,Hombres,1382975.0,1837031.0,75.28316071
2014,2,Nuevo León,Mujeres,801158.0,1901948.0,42.12302334
2014,2,Oaxaca,Hombres,938761.0,1262806.0,74.33928885
2014,2,Oaxaca,Mujeres,620593.0,1460683.0,42.48649433
2014,2,Puebla,Hombres,1559718.0,2026060.0,76.98281393
2014,2,Puebla,Mujeres,955673.0,2310291.0,41.36591451
2014,2,Querétaro,Hombres,459175.0,685041.0,67.02883477
2014,2,Querétaro,Mujeres,289215.0,782382.0,36.96595781
2014,2,Quintana Roo,Hombres,452472.0,557477.0,81.16424534
2014,2,Quintana Roo,Mujeres,265420.0,558504.0,47.5233839
2014,2,San Luis Potosí,Hombres,683272.0,914013.0,74.75517307
2014,2,San Luis Potosí,Mujeres,398380.0,1007356.0,39.54709159
2014,2,Sinaloa,Hombres,723210.0,1020247.0,70.8857757
2014,2,Sinaloa,Mujeres,452978.0,1077793.0,42.028293
2014,2,Sonora,Hombres,750591.0,1009594.0,74.34582614
2014,2,Sonora,Mujeres,507130.0,1031930.0,49.14383728
2014,2,Tabasco,Hombres,589795.0,784911.0,75.14164026
2014,2,Tabasco,Mujeres,293476.0,840646.0,34.910771
2014,2,Tamaulipas,Hombres,875620.0,1171363.0,74.75223308
2014,2,Tamaulipas,Mujeres,546105.0,1259115.0,43.37213042
2014,2,Tlaxcala,Hombres,300933.0,403330.0,74.61210423
2014,2,Tlaxcala,Mujeres,202609.0,461478.0,43.90436814
2014,2,Veracruz,Hombres,1928167.0,2644821.0,72.90349706
2014,2,Veracruz,Mujeres,986234.0,3040151.0,32.44029655
2014,2,Yucatán,Hombres,581272.0,740678.0,78.47836712
2014,2,Yucatán,Mujeres,374635.0,796972.0,47.00729762
2014,2,Zacatecas,Hombres,382291.0,519339.0,73.611071
2014,2,Zacatecas,Mujeres,195515.0,574170.0,34.05176167
2014,3,Nacional,Hombres,30332063.0,40689872.0,74.54450336
2014,3,Nacional,Mujeres,18332721.0,44925898.0,40.80657664
2014,3,Aguascalientes,Hombres,317836.0,434613.0,73.13080833
2014,3,Aguascalientes,Mujeres,189535.0,473530.0,40.02597512
2014,3,Baja California,Hombres,899630.0,1263514.0,71.20063569
2014,3,Baja California,Mujeres,573608.0,1291865.0,44.4015435
2014,3,Baja California Sur,Hombres,194972.0,257333.0,75.76641939
2014,3,Baja California Sur,Mujeres,122416.0,248449.0,49.27208401
2014,3,Campeche,Hombres,235422.0,297962.0,79.01074634
2014,3,Campeche,Mujeres,130205.0,317009.0,41.07296638
2014,3,Coahuila,Hombres,774432.0,1009401.0,76.72193707
2014,3,Coahuila,Mujeres,470194.0,1085954.0,43.29778241
2014,3,Colima,Hombres,188134.0,238475.0,78.89044973
2014,3,Colima,Mujeres,135116.0,257750.0,52.42133851
2014,3,Chiapas,Hombres,1256769.0,1552074.0,80.97352317
2014,3,Chiapas,Mujeres,500660.0,1761743.0,28.41844696
2014,3,Chihuahua,Hombres,943835.0,1257639.0,75.04816565
2014,3,Chihuahua,Mujeres,498442.0,1300055.0,38.34007023
2014,3,Ciudad de México,Hombres,2270360.0,3239433.0,70.0851044
2014,3,Ciudad de México,Mujeres,1849701.0,3926590.0,47.10705727
2014,3,Durango,Hombres,434275.0,575949.0,75.40164146
2014,3,Durango,Mujeres,237509.0,636566.0,37.31097797
2014,3,Guanajuato,Hombres,1471810.0,1905601.0,77.23600061
2014,3,Guanajuato,Mujeres,932995.0,2188790.0,42.6260628
2014,3,Guerrero,Hombres,867767.0,1111431.0,78.07655176
2014,3,Guerrero,Mujeres,525678.0,1265916.0,41.52550406
2014,3,Hidalgo,Hombres,718215.0,935034.0,76.81164535
2014,3,Hidalgo,Mujeres,434042.0,1090223.0,39.8122219
2014,3,Jalisco,Hombres,2008884.0,2692565.0,74.60856098
2014,3,Jalisco,Mujeres,1269470.0,2878266.0,44.10537456
2014,3,México,Hombres,4202493.0,5710017.0,73.5986075
2014,3,México,Mujeres,2405163.0,6195455.0,38.82141021
2014,3,Michoacán,Hombres,1130497.0,1510465.0,74.84430291
2014,3,Michoacán,Mujeres,644021.0,1667434.0,38.62347775
2014,3,Morelos,Hombres,452669.0,644824.0,70.20039577
2014,3,Morelos,Mujeres,315100.0,742917.0,42.41389011
2014,3,Nayarit,Hombres,297816.0,397690.0,74.88646936
2014,3,Nayarit,Mujeres,197734.0,422991.0,46.74662109
2014,3,Nuevo León,Hombres,1397822.0,1856075.0,75.31064208
2014,3,Nuevo León,Mujeres,795782.0,1903062.0,41.81587358
2014,3,Oaxaca,Hombres,968345.0,1275641.0,75.91046384
2014,3,Oaxaca,Mujeres,614774.0,1455660.0,42.23335119
2014,3,Puebla,Hombres,1549295.0,2009931.0,77.08199933
2014,3,Puebla,Mujeres,961431.0,2316798.0,41.49826614
2014,3,Querétaro,Hombres,459957.0,695441.0,66.13889604
2014,3,Querétaro,Mujeres,286340.0,780765.0,36.6742874
2014,3,Quintana Roo,Hombres,453056.0,562610.0,80.52754128
2014,3,Quintana Roo,Mujeres,264002.0,567980.0,46.480862
2014,3,San Luis Potosí,Hombres,678821.0,909330.0,74.65067687
2014,3,San Luis Potosí,Mujeres,394698.0,1022800.0,38.58994916
2014,3,Sinaloa,Hombres,718481.0,1031076.0,69.68264221
2014,3,Sinaloa,Mujeres,469270.0,1088222.0,43.1226349
2014,3,Sonora,Hombres,723468.0,1009304.0,71.6798903
2014,3,Sonora,Mujeres,486464.0,1044518.0,46.57306049
2014,3,Tabasco,Hombres,587582.0,798973.0,73.54215975
2014,3,Tabasco,Mujeres,296078.0,845301.0,35.02633973
2014,3,Tamaulipas,Hombres,829550.0,1154717.0,71.84011321
2014,3,Tamaulipas,Mujeres,557353.0,1278542.0,43.59285811
2014,3,Tlaxcala,Hombres,304327.0,404225.0,75.28653596
2014,3,Tlaxcala,Mujeres,201946.0,466724.0,43.26882697
2014,3,Veracruz,Hombres,2009831.0,2678358.0,75.03966983
2014,3,Veracruz,Mujeres,996168.0,3030558.0,32.87077825
2014,3,Yucatán,Hombres,591564.0,752204.0,78.64409123
2014,3,Yucatán,Mujeres,371616.0,798830.0,46.52003555
2014,3,Zacatecas,Hombres,394148.0,517967.0,76.09519525
2014,3,Zacatecas,Mujeres,205210.0,574635.0,35.71136461
2014,4,Nacional,Hombres,30508273.0,40837077.0,74.70728867
2014,4,Nacional,Mujeres,18517901.0,45214895.0,40.9553113
2014,4,Aguascalientes,Hombres,322152.0,437799.0,73.58445314
2014,4,Aguascalientes,Mujeres,185403.0,472243.0,39.26008432
2014,4,Baja California,Hombres,915968.0,1271338.0,72.04755934
2014,4,Baja California,Mujeres,594576.0,1307694.0,45.46751763
2014,4,Baja California Sur,Hombres,197125.0,257976.0,76.41214687
2014,4,Baja California Sur,Mujeres,123098.0,252372.0,48.77640943
2014,4,Campeche,Hombres,234375.0,292672.0,80.08111469
2014,4,Campeche,Mujeres,133023.0,316334.0,42.0514393
2014,4,Coahuila,Hombres,770402.0,1017037.0,75.74965316
2014,4,Coahuila,Mujeres,456537.0,1082473.0,42.17537066
2014,4,Colima,Hombres,188239.0,239101.0,78.72781795
2014,4,Colima,Mujeres,136192.0,261304.0,52.12013593
2014,4,Chiapas,Hombres,1245761.0,1544921.0,80.63590307
2014,4,Chiapas,Mujeres,512499.0,1764863.0,29.03902456
2014,4,Chihuahua,Hombres,948606.0,1268439.0,74.78530698
2014,4,Chihuahua,Mujeres,519363.0,1305926.0,39.7697113
2014,4,Ciudad de México,Hombres,2327522.0,3314373.0,70.22510743
2014,4,Ciudad de México,Mujeres,1808894.0,3891912.0,46.47828625
2014,4,Durango,Hombres,433918.0,575291.0,75.42582797
2014,4,Durango,Mujeres,255351.0,641201.0,39.82386178
2014,4,Guanajuato,Hombres,1425353.0,1897468.0,75.11868448
2014,4,Guanajuato,Mujeres,939493.0,2225482.0,42.21525944
2014,4,Guerrero,Hombres,853057.0,1115676.0,76.46099764
2014,4,Guerrero,Mujeres,511540.0,1255245.0,40.75220375
2014,4,Hidalgo,Hombres,729922.0,944403.0,77.28925046
2014,4,Hidalgo,Mujeres,447873.0,1101204.0,40.67121078
2014,4,Jalisco,Hombres,2002188.0,2682984.0,74.62541707
2014,4,Jalisco,Mujeres,1295124.0,2933657.0,44.14708332
2014,4,México,Hombres,4263963.0,5709535.0,74.68144078
2014,4,México,Mujeres,2356568.0,6240835.0,37.76045994
2014,4,Michoacán,Hombres,1129891.0,1504203.0,75.11559278
2014,4,Michoacán,Mujeres,685736.0,1685449.0,40.68565706
2014,4,Morelos,Hombres,453915.0,647671.0,70.08419398
2014,4,Morelos,Mujeres,316594.0,744588.0,42.51935298
2014,4,Nayarit,Hombres,305667.0,400500.0,76.32134831
2014,4,Nayarit,Mujeres,199379.0,426266.0,46.77337625
2014,4,Nuevo León,Hombres,1412539.0,1869249.0,75.56719303
2014,4,Nuevo León,Mujeres,811620.0,1920957.0,42.25081561
2014,4,Oaxaca,Hombres,955785.0,1281136.0,74.60449164
2014,4,Oaxaca,Mujeres,618816.0,1470069.0,42.09435067
2014,4,Puebla,Hombres,1548348.0,1995101.0,77.60749957
2014,4,Puebla,Mujeres,993508.0,2329625.0,42.64669206
2014,4,Querétaro,Hombres,463432.0,697772.0,66.41596395
2014,4,Querétaro,Mujeres,293786.0,793545.0,37.02197103
2014,4,Quintana Roo,Hombres,460239.0,567658.0,81.07681033
2014,4,Quintana Roo,Mujeres,270565.0,578199.0,46.79444274
2014,4,San Luis Potosí,Hombres,698658.0,922522.0,75.73347844
2014,4,San Luis Potosí,Mujeres,399222.0,1029602.0,38.77440021
2014,4,Sinaloa,Hombres,782231.0,1041381.0,75.11477548
2014,4,Sinaloa,Mujeres,504996.0,1113842.0,45.33820775
2014,4,Sonora,Hombres,743486.0,1024322.0,72.58323066
2014,4,Sonora,Mujeres,508234.0,1041476.0,48.79939624
2014,4,Tabasco,Hombres,588421.0,798268.0,73.71221194
2014,4,Tabasco,Mujeres,312393.0,854220.0,36.57055559
2014,4,Tamaulipas,Hombres,854627.0,1168338.0,73.14895176
2014,4,Tamaulipas,Mujeres,553365.0,1271416.0,43.52352023
2014,4,Tlaxcala,Hombres,310119.0,408836.0,75.85413222
2014,4,Tlaxcala,Mujeres,198936.0,467684.0,42.53641348
2014,4,Veracruz,Hombres,1950930.0,2660607.0,73.32650031
2014,4,Veracruz,Mujeres,986142.0,3046271.0,32.37210347
2014,4,Yucatán,Hombres,598003.0,761147.0,78.56603258
2014,4,Yucatán,Mujeres,374261.0,808782.0,46.27464508
2014,4,Zacatecas,Hombres,393431.0,519353.0,75.75406323
2014,4,Zacatecas,Mujeres,214814.0,580159.0,37.02674612
2015,1,Nacional,Hombres,30489691.0,41023096.0,74.32323245
2015,1,Nacional,Mujeres,18518297.0,45394781.0,40.79388994
2015,1,Aguascalientes,Hombres,317097.0,435273.0,72.85014232
2015,1,Aguascalientes,Mujeres,190106.0,474783.0,40.04060803
2015,1,Baja California,Hombres,934950.0,1283984.0,72.81632793
2015,1,Baja California,Mujeres,576848.0,1310616.0,44.01350205
2015,1,Baja California Sur,Hombres,200983.0,262030.0,76.702286
2015,1,Baja California Sur,Mujeres,124249.0,252767.0,49.15554641
2015,1,Campeche,Hombres,236964.0,295261.0,80.25577371
2015,1,Campeche,Mujeres,127162.0,318242.0,39.9576423
2015,1,Coahuila,Hombres,759552.0,1022913.0,74.25382217
2015,1,Coahuila,Mujeres,452539.0,1078928.0,41.94339196
2015,1,Colima,Hombres,186470.0,243326.0,76.63381636
2015,1,Colima,Mujeres,136973.0,261269.0,52.42604366
2015,1,Chiapas,Hombres,1280041.0,1578452.0,81.09470545
2015,1,Chiapas,Mujeres,529711.0,1767106.0,29.97618705
2015,1,Chihuahua,Hombres,955448.0,1283839.0,74.42116963
2015,1,Chihuahua,Mujeres,510661.0,1325286.0,38.53213571
2015,1,Ciudad de México,Hombres,2283026.0,3326137.0,68.63896466
2015,1,Ciudad de México,Mujeres,1814079.0,3911773.0,46.37485355
2015,1,Durango,Hombres,428144.0,572969.0,74.72376341
2015,1,Durango,Mujeres,255928.0,650597.0,39.33740856
2015,1,Guanajuato,Hombres,1417255.0,1933332.0,73.30634366
2015,1,Guanajuato,Mujeres,907372.0,2233432.0,40.62680216
2015,1,Guerrero,Hombres,816324.0,1109767.0,73.55814329
2015,1,Guerrero,Mujeres,495931.0,1263609.0,39.24718801
2015,1,Hidalgo,Hombres,729969.0,944355.0,77.29815588
2015,1,Hidalgo,Mujeres,436899.0,1105273.0,39.52860515
2015,1,Jalisco,Hombres,2022075.0,2699455.0,74.90678674
2015,1,Jalisco,Mujeres,1327747.0,2967581.0,44.74172735
2015,1,México,Hombres,4216865.0,5649687.0,74.63891362
2015,1,México,Mujeres,2470052.0,6231885.0,39.63571215
2015,1,Michoacán,Hombres,1155799.0,1520757.0,76.00155712
2015,1,Michoacán,Mujeres,687186.0,1693261.0,40.58358398
2015,1,Morelos,Hombres,462953.0,654292.0,70.75632898
2015,1,Morelos,Mujeres,317990.0,751503.0,42.31386967
2015,1,Nayarit,Hombres,316001.0,409830.0,77.10538516
2015,1,Nayarit,Mujeres,204358.0,423039.0,48.30713008
2015,1,Nuevo León,Hombres,1411502.0,1883380.0,74.9451518
2015,1,Nuevo León,Mujeres,799403.0,1924804.0,41.53165725
2015,1,Oaxaca,Hombres,927291.0,1280240.0,72.43102856
2015,1,Oaxaca,Mujeres,606185.0,1477809.0,41.01917095
2015,1,Puebla,Hombres,1551728.0,2023884.0,76.67079734
2015,1,Puebla,Mujeres,963877.0,2320558.0,41.53643219
2015,1,Querétaro,Hombres,497449.0,699866.0,71.07774917
2015,1,Querétaro,Mujeres,304102.0,799748.0,38.02472779
2015,1,Quintana Roo,Hombres,459541.0,575003.0,79.91975694
2015,1,Quintana Roo,Mujeres,281335.0,584323.0,48.14717203
2015,1,San Luis Potosí,Hombres,691964.0,925667.0,74.75301593
2015,1,San Luis Potosí,Mujeres,392299.0,1036135.0,37.86176512
2015,1,Sinaloa,Hombres,785192.0,1053985.0,74.4974549
2015,1,Sinaloa,Mujeres,506677.0,1107836.0,45.73574067
2015,1,Sonora,Hombres,748876.0,1011152.0,74.06166432
2015,1,Sonora,Mujeres,495558.0,1057661.0,46.85414325
2015,1,Tabasco,Hombres,563165.0,783520.0,71.87627629
2015,1,Tabasco,Mujeres,294074.0,864597.0,34.01284066
2015,1,Tamaulipas,Hombres,851364.0,1171050.0,72.70090944
2015,1,Tamaulipas,Mujeres,544286.0,1289427.0,42.21146292
2015,1,Tlaxcala,Hombres,312725.0,413795.0,75.57486195
2015,1,Tlaxcala,Mujeres,195758.0,468702.0,41.7659835
2015,1,Veracruz,Hombres,2011541.0,2691204.0,74.74502119
2015,1,Veracruz,Mujeres,986729.0,3050543.0,32.34601184
2015,1,Yucatán,Hombres,594278.0,761482.0,78.04229122
2015,1,Yucatán,Mujeres,377295.0,810345.0,46.5597986
2015,1,Zacatecas,Hombres,363159.0,523209.0,69.40992988
2015,1,Zacatecas,Mujeres,204928.0,581343.0,35.25078998
2015,2,Nacional,Hombres,30797193.0,41231862.0,74.69270488
2015,2,Nacional,Mujeres,18751375.0,45504736.0,41.20752398
2015,2,Aguascalientes,Hombres,324217.0,437341.0,74.13368516
2015,2,Aguascalientes,Mujeres,194271.0,475109.0,40.88977477
2015,2,Baja California,Hombres,929272.0,1289732.0,72.051558
2015,2,Baja California,Mujeres,586818.0,1323645.0,44.33348821
2015,2,Baja California Sur,Hombres,202181.0,261517.0,77.31084404
2015,2,Baja California Sur,Mujeres,129025.0,254448.0,50.7078067
2015,2,Campeche,Hombres,238863.0,297233.0,80.36220743
2015,2,Campeche,Mujeres,134047.0,315473.0,42.49079953
2015,2,Coahuila,Hombres,776211.0,1032275.0,75.19420697
2015,2,Coahuila,Mujeres,454523.0,1088051.0,41.77405287
2015,2,Colima,Hombres,186748.0,243504.0,76.69196399
2015,2,Colima,Mujeres,137099.0,263519.0,52.02622961
2015,2,Chiapas,Hombres,1295184.0,1612983.0,80.29743649
2015,2,Chiapas,Mujeres,513676.0,1759713.0,29.19089647
2015,2,Chihuahua,Hombres,966221.0,1277973.0,75.60574441
2015,2,Chihuahua,Mujeres,508769.0,1329898.0,38.25624221
2015,2,Ciudad de México,Hombres,2361044.0,3372950.0,69.9993774
2015,2,Ciudad de México,Mujeres,1848118.0,3910304.0,47.26277036
2015,2,Durango,Hombres,436673.0,577000.0,75.67989601
2015,2,Durango,Mujeres,263812.0,642731.0,41.04547626
2015,2,Guanajuato,Hombres,1468514.0,1953855.0,75.15982506
2015,2,Guanajuato,Mujeres,956395.0,2226158.0,42.96168556
2015,2,Guerrero,Hombres,838134.0,1109418.0,75.54717879
2015,2,Guerrero,Mujeres,508230.0,1269229.0,40.04241945
2015,2,Hidalgo,Hombres,730018.0,944906.0,77.25826696
2015,2,Hidalgo,Mujeres,469142.0,1107385.0,42.36485053
2015,2,Jalisco,Hombres,2032440.0,2738185.0,74.22581016
2015,2,Jalisco,Mujeres,1275751.0,2966910.0,42.99931579
2015,2,México,Hombres,4240110.0,5651834.0,75.02184247
2015,2,México,Mujeres,2476634.0,6219336.0,39.82151792
2015,2,Michoacán,Hombres,1187147.0,1536756.0,77.25019457
2015,2,Michoacán,Mujeres,682454.0,1702553.0,40.08415597
2015,2,Morelos,Hombres,451827.0,653922.0,69.09493793
2015,2,Morelos,Mujeres,320710.0,750465.0,42.73483773
2015,2,Nayarit,Hombres,310565.0,412255.0,75.33322822
2015,2,Nayarit,Mujeres,201817.0,424781.0,47.51083499
2015,2,Nuevo León,Hombres,1409706.0,1881351.0,74.93051536
2015,2,Nuevo León,Mujeres,829500.0,1964510.0,42.22426967
2015,2,Oaxaca,Hombres,937904.0,1270795.0,73.8045082
2015,2,Oaxaca,Mujeres,620680.0,1489409.0,41.67290516
2015,2,Puebla,Hombres,1605847.0,2059699.0,77.96512986
2015,2,Puebla,Mujeres,965032.0,2344771.0,41.15676968
2015,2,Querétaro,Hombres,468640.0,695416.0,67.38987886
2015,2,Querétaro,Mujeres,298297.0,807735.0,36.93005751
2015,2,Quintana Roo,Hombres,465743.0,578644.0,80.48869426
2015,2,Quintana Roo,Mujeres,290832.0,596719.0,48.73851847
2015,2,San Luis Potosí,Hombres,693385.0,913902.0,75.87082641
2015,2,San Luis Potosí,Mujeres,417283.0,1042970.0,40.0091086
2015,2,Sinaloa,Hombres,761828.0,1041352.0,73.15758744
2015,2,Sinaloa,Mujeres,480484.0,1096469.0,43.82102914
2015,2,Sonora,Hombres,751476.0,1008497.0,74.51445071
2015,2,Sonora,Mujeres,516222.0,1057013.0,48.83780994
2015,2,Tabasco,Hombres,574669.0,778188.0,73.84706523
2015,2,Tabasco,Mujeres,311153.0,858537.0,36.24223534
2015,2,Tamaulipas,Hombres,866017.0,1167549.0,74.17393189
2015,2,Tamaulipas,Mujeres,570541.0,1304707.0,43.72943504
2015,2,Tlaxcala,Hombres,318959.0,417624.0,76.37468153
2015,2,Tlaxcala,Mujeres,210512.0,463259.0,45.44153486
2015,2,Veracruz,Hombres,1962136.0,2708726.0,72.43759612
2015,2,Veracruz,Mujeres,989855.0,3055701.0,32.3937126
2015,2,Yucatán,Hombres,609815.0,778342.0,78.34794987
2015,2,Yucatán,Mujeres,377861.0,810808.0,46.60301822
2015,2,Zacatecas,Hombres,395699.0,528138.0,74.92341017
2015,2,Zacatecas,Mujeres,211832.0,582420.0,36.37100374
2015,3,Nacional,Hombres,30956691.0,41427717.0,74.72458837
2015,3,Nacional,Mujeres,19007240.0,45825330.0,41.47758456
2015,3,Aguascalientes,Hombres,328243.0,445791.0,73.63158969
2015,3,Aguascalientes,Mujeres,197217.0,479786.0,41.10520107
2015,3,Baja California,Hombres,953749.0,1297285.0,73.51884898
2015,3,Baja California,Mujeres,577993.0,1330996.0,43.42560008
2015,3,Baja California Sur,Hombres,203886.0,257804.0,79.08566198
2015,3,Baja California Sur,Mujeres,128086.0,258134.0,49.61996482
2015,3,Campeche,Hombres,238622.0,300546.0,79.39616565
2015,3,Campeche,Mujeres,129774.0,314843.0,41.21863913
2015,3,Coahuila,Hombres,772413.0,1040089.0,74.26412547
2015,3,Coahuila,Mujeres,463177.0,1094554.0,42.31650517
2015,3,Colima,Hombres,187451.0,245457.0,76.36816224
2015,3,Colima,Mujeres,135366.0,263788.0,51.31620847
2015,3,Chiapas,Hombres,1320288.0,1632452.0,80.87760008
2015,3,Chiapas,Mujeres,537651.0,1778829.0,30.22499633
2015,3,Chihuahua,Hombres,958484.0,1252302.0,76.53776805
2015,3,Chihuahua,Mujeres,509593.0,1324017.0,38.48840309
2015,3,Ciudad de México,Hombres,2443814.0,3446107.0,70.91520954
2015,3,Ciudad de México,Mujeres,1956131.0,3939049.0,49.65998138
2015,3,Durango,Hombres,451253.0,588065.0,76.73522485
2015,3,Durango,Mujeres,268762.0,637799.0,42.13898109
2015,3,Guanajuato,Hombres,1463749.0,1975910.0,74.07974047
2015,3,Guanajuato,Mujeres,936105.0,2234067.0,41.90138434
2015,3,Guerrero,Hombres,824648.0,1110783.0,74.24024314
2015,3,Guerrero,Mujeres,519782.0,1263114.0,41.15083832
2015,3,Hidalgo,Hombres,743285.0,948432.0,78.36987786
2015,3,Hidalgo,Mujeres,485532.0,1112892.0,43.62795312
2015,3,Jalisco,Hombres,2050513.0,2744825.0,74.70468973
2015,3,Jalisco,Mujeres,1294578.0,2989428.0,43.30520755
2015,3,México,Hombres,4218908.0,5656065.0,74.59086839
2015,3,México,Mujeres,2570383.0,6279364.0,40.93381113
2015,3,Michoacán,Hombres,1159974.0,1541585.0,75.24554274
2015,3,Michoacán,Mujeres,686594.0,1706746.0,40.2282472
2015,3,Morelos,Hombres,450044.0,661170.0,68.06781917
2015,3,Morelos,Mujeres,305891.0,750665.0,40.74933559
2015,3,Nayarit,Hombres,300517.0,407991.0,73.65775225
2015,3,Nayarit,Mujeres,203600.0,431855.0,47.14545391
2015,3,Nuevo León,Hombres,1426647.0,1879596.0,75.90178953
2015,3,Nuevo León,Mujeres,824089.0,1959439.0,42.057395
2015,3,Oaxaca,Hombres,961719.0,1286807.0,74.73684865
2015,3,Oaxaca,Mujeres,623319.0,1517345.0,41.07958309
2015,3,Puebla,Hombres,1564948.0,2027178.0,77.1983516
2015,3,Puebla,Mujeres,995172.0,2417071.0,41.17264243
2015,3,Querétaro,Hombres,493741.0,711998.0,69.34584086
2015,3,Querétaro,Mujeres,299788.0,799073.0,37.51697279
2015,3,Quintana Roo,Hombres,475487.0,595460.0,79.85204716
2015,3,Quintana Roo,Mujeres,284140.0,595765.0,47.69330189
2015,3,San Luis Potosí,Hombres,692588.0,917595.0,75.47861529
2015,3,San Luis Potosí,Mujeres,413527.0,1065419.0,38.81355598
2015,3,Sinaloa,Hombres,757443.0,1060277.0,71.4382185
2015,3,Sinaloa,Mujeres,479178.0,1097034.0,43.67941194
2015,3,Sonora,Hombres,743701.0,1010660.0,73.58567669
2015,3,Sonora,Mujeres,500050.0,1080532.0,46.27812966
2015,3,Tabasco,Hombres,564017.0,769316.0,73.3140868
2015,3,Tabasco,Mujeres,322297.0,865065.0,37.25696913
2015,3,Tamaulipas,Hombres,856623.0,1164184.0,73.58140981
2015,3,Tamaulipas,Mujeres,564811.0,1308610.0,43.16114045
2015,3,Tlaxcala,Hombres,315529.0,421139.0,74.92276897
2015,3,Tlaxcala,Mujeres,199275.0,466467.0,42.7200638
2015,3,Veracruz,Hombres,2023907.0,2714598.0,74.55641682
2015,3,Veracruz,Mujeres,1008719.0,3069311.0,32.86467223
2015,3,Yucatán,Hombres,609201.0,784453.0,77.65933714
2015,3,Yucatán,Mujeres,376340.0,813012.0,46.28959966
2015,3,Zacatecas,Hombres,401299.0,531797.0,75.46093716
2015,3,Zacatecas,Mujeres,210320.0,581261.0,36.18340126
2015,4,Nacional,Hombres,31264283.0,41651123.0,75.06228103
2015,4,Nacional,Mujeres,19529250.0,45970577.0,42.48206413
2015,4,Aguascalientes,Hombres,325817.0,437124.0,74.53651595
2015,4,Aguascalientes,Mujeres,201964.0,481642.0,41.93238962
2015,4,Baja California,Hombres,954627.0,1302528.0,73.29032466
2015,4,Baja California,Mujeres,605362.0,1344411.0,45.02804574
2015,4,Baja California Sur,Hombres,199994.0,257839.0,77.56545751
2015,4,Baja California Sur,Mujeres,131045.0,258118.0,50.76941554
2015,4,Campeche,Hombres,237228.0,300709.0,78.88955768
2015,4,Campeche,Mujeres,135860.0,317014.0,42.85615146
2015,4,Coahuila,Hombres,774973.0,1029681.0,75.26340682
2015,4,Coahuila,Mujeres,463397.0,1090954.0,42.47630973
2015,4,Colima,Hombres,190849.0,249691.0,76.43407251
2015,4,Colima,Mujeres,136765.0,264768.0,51.65465615
2015,4,Chiapas,Hombres,1340095.0,1646482.0,81.39141515
2015,4,Chiapas,Mujeres,550115.0,1760848.0,31.24148138
2015,4,Chihuahua,Hombres,951554.0,1245911.0,76.37415514
2015,4,Chihuahua,Mujeres,558259.0,1321848.0,42.23322197
2015,4,Ciudad de México,Hombres,2455652.0,3463553.0,70.89979567
2015,4,Ciudad de México,Mujeres,1827405.0,3884800.0,47.03987335
2015,4,Durango,Hombres,462490.0,597480.0,77.40677512
2015,4,Durango,Mujeres,271207.0,636622.0,42.60094687
2015,4,Guanajuato,Hombres,1470482.0,1982915.0,74.15759122
2015,4,Guanajuato,Mujeres,974687.0,2259853.0,43.13054876
2015,4,Guerrero,Hombres,844937.0,1110089.0,76.11434759
2015,4,Guerrero,Mujeres,533857.0,1265052.0,42.20039967
2015,4,Hidalgo,Hombres,759569.0,967590.0,78.50112134
2015,4,Hidalgo,Mujeres,499984.0,1122174.0,44.55494424
2015,4,Jalisco,Hombres,2116030.0,2745302.0,77.07822309
2015,4,Jalisco,Mujeres,1391660.0,3026415.0,45.98377949
2015,4,México,Hombres,4232865.0,5684183.0,74.46743006
2015,4,México,Mujeres,2714137.0,6308929.0,43.02056657
2015,4,Michoacán,Hombres,1152451.0,1512639.0,76.18810569
2015,4,Michoacán,Mujeres,687838.0,1715425.0,40.09723538
2015,4,Morelos,Hombres,449676.0,661779.0,67.94957229
2015,4,Morelos,Mujeres,301203.0,751667.0,40.07133478
2015,4,Nayarit,Hombres,316482.0,413936.0,76.45674694
2015,4,Nayarit,Mujeres,213494.0,432003.0,49.41956422
2015,4,Nuevo León,Hombres,1458527.0,1908678.0,76.41556093
2015,4,Nuevo León,Mujeres,852027.0,1980981.0,43.01035699
2015,4,Oaxaca,Hombres,969310.0,1305976.0,74.22111892
2015,4,Oaxaca,Mujeres,645727.0,1515478.0,42.60880066
2015,4,Puebla,Hombres,1626491.0,2069134.0,78.60733041
2015,4,Puebla,Mujeres,1012114.0,2425151.0,41.7340611
2015,4,Querétaro,Hombres,517324.0,730818.0,70.78698116
2015,4,Querétaro,Mujeres,325954.0,802725.0,40.60593603
2015,4,Quintana Roo,Hombres,482507.0,598124.0,80.67006173
2015,4,Quintana Roo,Mujeres,306101.0,610398.0,50.14777244
2015,4,San Luis Potosí,Hombres,705698.0,930214.0,75.86404849
2015,4,San Luis Potosí,Mujeres,430621.0,1065218.0,40.4256218
2015,4,Sinaloa,Hombres,782150.0,1072537.0,72.92522309
2015,4,Sinaloa,Mujeres,491316.0,1095607.0,44.84418227
2015,4,Sonora,Hombres,754349.0,1013737.0,74.41269284
2015,4,Sonora,Mujeres,510608.0,1084685.0,47.0743119
2015,4,Tabasco,Hombres,559278.0,775397.0,72.1279551
2015,4,Tabasco,Mujeres,325780.0,870893.0,37.40758049
2015,4,Tamaulipas,Hombres,873629.0,1173894.0,74.42145543
2015,4,Tamaulipas,Mujeres,592001.0,1316478.0,44.96854486
2015,4,Tlaxcala,Hombres,316139.0,419273.0,75.40170724
2015,4,Tlaxcala,Mujeres,210187.0,473863.0,44.35606916
2015,4,Veracruz,Hombres,1979109.0,2731987.0,72.44210899
2015,4,Veracruz,Mujeres,1022732.0,3083858.0,33.16404322
2015,4,Yucatán,Hombres,602381.0,776107.0,77.61571536
2015,4,Yucatán,Mujeres,389810.0,821403.0,47.45660778
2015,4,Zacatecas,Hombres,401620.0,535816.0,74.95483524
2015,4,Zacatecas,Mujeres,216033.0,581296.0,37.16402659
2016,1,Nacional,Hombres,30997628.0,41858828.0,74.05278523
2016,1,Nacional,Mujeres,19031421.0,46099637.0,41.28323397
2016,1,Aguascalientes,Hombres,327025.0,439333.0,74.43670291
2016,1,Aguascalientes,Mujeres,204916.0,491400.0,41.7004477
2016,1,Baja California,Hombres,957893.0,1311405.0,73.04326276
2016,1,Baja California,Mujeres,601834.0,1351715.0,44.52373466
2016,1,Baja California Sur,Hombres,203680.0,262214.0,77.67701191
2016,1,Baja California Sur,Mujeres,126318.0,257704.0,49.01670133
2016,1,Campeche,Hombres,241111.0,305988.0,78.79753454
2016,1,Campeche,Mujeres,128585.0,320771.0,40.08622974
2016,1,Coahuila,Hombres,782780.0,1046222.0,74.81968454
2016,1,Coahuila,Mujeres,462505.0,1094889.0,42.24218163
2016,1,Colima,Hombres,191428.0,252511.0,75.8097667
2016,1,Colima,Mujeres,139733.0,264376.0,52.85388991
2016,1,Chiapas,Hombres,1320280.0,1650073.0,80.01342971
2016,1,Chiapas,Mujeres,566548.0,1786697.0,31.70923777
2016,1,Chihuahua,Hombres,939246.0,1260629.0,74.5061394
2016,1,Chihuahua,Mujeres,535599.0,1338944.0,40.00159827
2016,1,Ciudad de México,Hombres,2401752.0,3439735.0,69.82375096
2016,1,Ciudad de México,Mujeres,1855473.0,3880532.0,47.81491301
2016,1,Durango,Hombres,453500.0,598423.0,75.78251504
2016,1,Durango,Mujeres,264663.0,639292.0,41.39939183
2016,1,Guanajuato,Hombres,1498065.0,2017842.0,74.24094652
2016,1,Guanajuato,Mujeres,962699.0,2277323.0,42.27327437
2016,1,Guerrero,Hombres,802304.0,1110584.0,72.24163143
2016,1,Guerrero,Mujeres,549008.0,1270885.0,43.19887323
2016,1,Hidalgo,Hombres,716219.0,969481.0,73.87653807
2016,1,Hidalgo,Mujeres,451128.0,1132221.0,39.84451799
2016,1,Jalisco,Hombres,2126635.0,2807385.0,75.75145554
2016,1,Jalisco,Mujeres,1322936.0,2999573.0,44.10414416
2016,1,México,Hombres,4159031.0,5673117.0,73.31121498
2016,1,México,Mujeres,2555135.0,6298100.0,40.56993379
2016,1,Michoacán,Hombres,1164991.0,1522237.0,76.5315125
2016,1,Michoacán,Mujeres,709117.0,1721132.0,41.2006168
2016,1,Morelos,Hombres,465228.0,664645.0,69.99646428
2016,1,Morelos,Mujeres,311326.0,752915.0,41.34942191
2016,1,Nayarit,Hombres,309162.0,412132.0,75.01528636
2016,1,Nayarit,Mujeres,211185.0,439136.0,48.09102419
2016,1,Nuevo León,Hombres,1416629.0,1914333.0,74.00117952
2016,1,Nuevo León,Mujeres,834331.0,2009951.0,41.51001691
2016,1,Oaxaca,Hombres,953971.0,1303631.0,73.17799285
2016,1,Oaxaca,Mujeres,613627.0,1504058.0,40.79809422
2016,1,Puebla,Hombres,1611463.0,2107262.0,76.47188627
2016,1,Puebla,Mujeres,970042.0,2419146.0,40.09853064
2016,1,Querétaro,Hombres,515216.0,736336.0,69.97023098
2016,1,Querétaro,Mujeres,310832.0,817503.0,38.02212347
2016,1,Quintana Roo,Hombres,494013.0,603637.0,81.83941674
2016,1,Quintana Roo,Mujeres,298715.0,614980.0,48.57312433
2016,1,San Luis Potosí,Hombres,699132.0,930947.0,75.09901208
2016,1,San Luis Potosí,Mujeres,419932.0,1063766.0,39.47597498
2016,1,Sinaloa,Hombres,791490.0,1068229.0,74.09366344
2016,1,Sinaloa,Mujeres,496983.0,1101009.0,45.13886807
2016,1,Sonora,Hombres,739547.0,1012091.0,73.07119617
2016,1,Sonora,Mujeres,497217.0,1089720.0,45.62795948
2016,1,Tabasco,Hombres,555231.0,778357.0,71.33371962
2016,1,Tabasco,Mujeres,320845.0,882851.0,36.34191953
2016,1,Tamaulipas,Hombres,885039.0,1186150.0,74.61442482
2016,1,Tamaulipas,Mujeres,577519.0,1334761.0,43.26759622
2016,1,Tlaxcala,Hombres,316494.0,424446.0,74.56637593
2016,1,Tlaxcala,Mujeres,206085.0,474091.0,43.46950269
2016,1,Veracruz,Hombres,1974611.0,2737024.0,72.14445325
2016,1,Veracruz,Mujeres,926321.0,3056701.0,30.30459963
2016,1,Yucatán,Hombres,604962.0,780036.0,77.55565128
2016,1,Yucatán,Mujeres,387788.0,822461.0,47.14971287
2016,1,Zacatecas,Hombres,379500.0,532393.0,71.28192895
2016,1,Zacatecas,Mujeres,212476.0,591034.0,35.94987767
2016,2,Nacional,Hombres,31299555.0,41970034.0,74.57595817
2016,2,Nacional,Mujeres,19391355.0,46415746.0,41.77753601
2016,2,Aguascalientes,Hombres,332452.0,444711.0,74.75686457
2016,2,Aguascalientes,Mujeres,214680.0,497781.0,43.1273994
2016,2,Baja California,Hombres,977034.0,1317931.0,74.13392659
2016,2,Baja California,Mujeres,608130.0,1360015.0,44.714948
2016,2,Baja California Sur,Hombres,202207.0,263884.0,76.62723015
2016,2,Baja California Sur,Mujeres,130163.0,261883.0,49.70272985
2016,2,Campeche,Hombres,240476.0,302813.0,79.4140278
2016,2,Campeche,Mujeres,125394.0,321807.0,38.96559118
2016,2,Coahuila,Hombres,785512.0,1037095.0,75.74156659
2016,2,Coahuila,Mujeres,452950.0,1097778.0,41.26061918
2016,2,Colima,Hombres,191451.0,249149.0,76.84197007
2016,2,Colima,Mujeres,137907.0,263105.0,52.41519545
2016,2,Chiapas,Hombres,1310557.0,1677291.0,78.13533847
2016,2,Chiapas,Mujeres,543455.0,1822637.0,29.816963
2016,2,Chihuahua,Hombres,959354.0,1266652.0,75.73935067
2016,2,Chihuahua,Mujeres,552483.0,1342448.0,41.15489017
2016,2,Ciudad de México,Hombres,2420660.0,3461150.0,69.93802638
2016,2,Ciudad de México,Mujeres,1837698.0,3885280.0,47.29898489
2016,2,Durango,Hombres,456081.0,595460.0,76.59305411
2016,2,Durango,Mujeres,279030.0,644134.0,43.31862625
2016,2,Guanajuato,Hombres,1486814.0,1993171.0,74.59540601
2016,2,Guanajuato,Mujeres,994205.0,2291365.0,43.38920251
2016,2,Guerrero,Hombres,871336.0,1139194.0,76.48706015
2016,2,Guerrero,Mujeres,533079.0,1272726.0,41.88482046
2016,2,Hidalgo,Hombres,719194.0,971238.0,74.04920318
2016,2,Hidalgo,Mujeres,460283.0,1135849.0,40.52325617
2016,2,Jalisco,Hombres,2122444.0,2814138.0,75.42075051
2016,2,Jalisco,Mujeres,1346762.0,3028699.0,44.46668355
2016,2,México,Hombres,4137804.0,5662968.0,73.06776235
2016,2,México,Mujeres,2619982.0,6401636.0,40.92675685
2016,2,Michoacán,Hombres,1192056.0,1528435.0,77.99193292
2016,2,Michoacán,Mujeres,707863.0,1721734.0,41.11337756
2016,2,Morelos,Hombres,461921.0,659425.0,70.04905789
2016,2,Morelos,Mujeres,308285.0,764236.0,40.33897906
2016,2,Nayarit,Hombres,313233.0,411126.0,76.18905153
2016,2,Nayarit,Mujeres,215741.0,442483.0,48.7569014
2016,2,Nuevo León,Hombres,1453885.0,1924750.0,75.53630342
2016,2,Nuevo León,Mujeres,877500.0,2020817.0,43.42303138
2016,2,Oaxaca,Hombres,988893.0,1318420.0,75.00591617
2016,2,Oaxaca,Mujeres,651119.0,1519411.0,42.853382
2016,2,Puebla,Hombres,1633321.0,2114762.0,77.23427033
2016,2,Puebla,Mujeres,1000553.0,2419325.0,41.35670073
2016,2,Querétaro,Hombres,513019.0,740117.0,69.31593248
2016,2,Querétaro,Mujeres,302630.0,826627.0,36.61022444
2016,2,Quintana Roo,Hombres,495266.0,612476.0,80.86292361
2016,2,Quintana Roo,Mujeres,314854.0,622409.0,50.58635078
2016,2,San Luis Potosí,Hombres,729870.0,946295.0,77.12922503
2016,2,San Luis Potosí,Mujeres,440738.0,1077388.0,40.90801086
2016,2,Sinaloa,Hombres,772189.0,1067171.0,72.35850674
2016,2,Sinaloa,Mujeres,493560.0,1121042.0,44.02689641
2016,2,Sonora,Hombres,767155.0,1027010.0,74.69790947
2016,2,Sonora,Mujeres,519432.0,1082243.0,47.99587523
2016,2,Tabasco,Hombres,591586.0,791975.0,74.6975599
2016,2,Tabasco,Mujeres,323254.0,856736.0,37.73087626
2016,2,Tamaulipas,Hombres,877839.0,1165737.0,75.30334887
2016,2,Tamaulipas,Mujeres,603850.0,1348360.0,44.78403394
2016,2,Tlaxcala,Hombres,322548.0,423864.0,76.09705
2016,2,Tlaxcala,Mujeres,218812.0,477598.0,45.81509973
2016,2,Veracruz,Hombres,1968589.0,2724002.0,72.26826559
2016,2,Veracruz,Mujeres,953069.0,3067975.0,31.06508365
2016,2,Yucatán,Hombres,611851.0,782009.0,78.24091539
2016,2,Yucatán,Mujeres,405858.0,830944.0,48.84300266
2016,2,Zacatecas,Hombres,392958.0,535615.0,73.36575712
2016,2,Zacatecas,Mujeres,218036.0,589275.0,37.00072123
2016,3,Nacional,Hombres,31649839.0,42085433.0,75.20378607
2016,3,Nacional,Mujeres,19670555.0,46633365.0,42.18129016
2016,3,Aguascalientes,Hombres,337347.0,452361.0,74.57473124
2016,3,Aguascalientes,Mujeres,216627.0,503999.0,42.9816329
2016,3,Baja California,Hombres,993451.0,1321659.0,75.16696818
2016,3,Baja California,Mujeres,630863.0,1372663.0,45.95905914
2016,3,Baja California Sur,Hombres,203668.0,267577.0,76.11566017
2016,3,Baja California Sur,Mujeres,130398.0,262954.0,49.58966207
2016,3,Campeche,Hombres,235447.0,301312.0,78.14059845
2016,3,Campeche,Mujeres,132091.0,323929.0,40.77776303
2016,3,Coahuila,Hombres,817220.0,1041419.0,78.47177745
2016,3,Coahuila,Mujeres,466723.0,1080449.0,43.19713378
2016,3,Colima,Hombres,196409.0,252216.0,77.8733308
2016,3,Colima,Mujeres,137461.0,266236.0,51.63125948
2016,3,Chiapas,Hombres,1340838.0,1648258.0,81.3487937
2016,3,Chiapas,Mujeres,576803.0,1835924.0,31.41758591
2016,3,Chihuahua,Hombres,970958.0,1264316.0,76.79709819
2016,3,Chihuahua,Mujeres,588937.0,1349141.0,43.65273904
2016,3,Ciudad de México,Hombres,2456342.0,3450906.0,71.17962645
2016,3,Ciudad de México,Mujeres,1873106.0,3883097.0,48.23742492
2016,3,Durango,Hombres,449427.0,589298.0,76.26480999
2016,3,Durango,Mujeres,275837.0,651064.0,42.36710984
2016,3,Guanajuato,Hombres,1482110.0,1978684.0,74.90382497
2016,3,Guanajuato,Mujeres,1016874.0,2301936.0,44.17472945
2016,3,Guerrero,Hombres,867292.0,1150057.0,75.41295779
2016,3,Guerrero,Mujeres,547915.0,1279040.0,42.83798787
2016,3,Hidalgo,Hombres,742742.0,980404.0,75.75876883
2016,3,Hidalgo,Mujeres,472720.0,1154822.0,40.93444704
2016,3,Jalisco,Hombres,2147308.0,2817846.0,76.20388055
2016,3,Jalisco,Mujeres,1361330.0,3060692.0,44.47785011
2016,3,México,Hombres,4179744.0,5696793.0,73.37012245
2016,3,México,Mujeres,2627869.0,6426477.0,40.8912846
2016,3,Michoacán,Hombres,1204493.0,1536487.0,78.39265806
2016,3,Michoacán,Mujeres,698743.0,1704857.0,40.98543162
2016,3,Morelos,Hombres,477470.0,661891.0,72.13725523
2016,3,Morelos,Mujeres,320154.0,772352.0,41.45182507
2016,3,Nayarit,Hombres,311652.0,413875.0,75.30099668
2016,3,Nayarit,Mujeres,213631.0,445516.0,47.95136426
2016,3,Nuevo León,Hombres,1497683.0,1968006.0,76.10154644
2016,3,Nuevo León,Mujeres,876192.0,2021838.0,43.33640974
2016,3,Oaxaca,Hombres,992691.0,1320859.0,75.15495598
2016,3,Oaxaca,Mujeres,644670.0,1515771.0,42.53083084
2016,3,Puebla,Hombres,1652667.0,2109869.0,78.3303134
2016,3,Puebla,Mujeres,1069508.0,2443307.0,43.77296836
2016,3,Querétaro,Hombres,507028.0,750557.0,67.55356355
2016,3,Querétaro,Mujeres,314377.0,843132.0,37.28680681
2016,3,Quintana Roo,Hombres,511335.0,628628.0,81.34142927
2016,3,Quintana Roo,Mujeres,318679.0,624832.0,51.00234943
2016,3,San Luis Potosí,Hombres,730894.0,953667.0,76.64037866
2016,3,San Luis Potosí,Mujeres,443345.0,1067615.0,41.52667394
2016,3,Sinaloa,Hombres,770533.0,1049283.0,73.43424033
2016,3,Sinaloa,Mujeres,505756.0,1130216.0,44.74861442
2016,3,Sonora,Hombres,776143.0,1050645.0,73.87300182
2016,3,Sonora,Mujeres,498254.0,1070852.0,46.52874534
2016,3,Tabasco,Hombres,578684.0,796928.0,72.61433906
2016,3,Tabasco,Mujeres,300686.0,869225.0,34.59242429
2016,3,Tamaulipas,Hombres,887683.0,1165203.0,76.18269091
2016,3,Tamaulipas,Mujeres,602142.0,1340994.0,44.90266176
2016,3,Tlaxcala,Hombres,323262.0,423822.0,76.27305803
2016,3,Tlaxcala,Mujeres,213658.0,483754.0,44.16666322
2016,3,Veracruz,Hombres,1968848.0,2712698.0,72.57896013
2016,3,Veracruz,Mujeres,974656.0,3110471.0,31.33467568
2016,3,Yucatán,Hombres,622610.0,789547.0,78.85661018
2016,3,Yucatán,Mujeres,402259.0,843502.0,47.68915782
2016,3,Zacatecas,Hombres,415860.0,540362.0,76.95951973
2016,3,Zacatecas,Mujeres,218291.0,592708.0,36.82943372
2016,4,Nacional,Hombres,31757891.0,42219171.0,75.22149357
2016,4,Nacional,Mujeres,19656294.0,46911214.0,41.9010559
2016,4,Aguascalientes,Hombres,332721.0,448345.0,74.21093131
2016,4,Aguascalientes,Mujeres,216515.0,507351.0,42.67558357
2016,4,Baja California,Hombres,985174.0,1320229.0,74.62144825
2016,4,Baja California,Mujeres,649594.0,1376755.0,47.18297736
2016,4,Baja California Sur,Hombres,215243.0,273876.0,78.59140633
2016,4,Baja California Sur,Mujeres,133209.0,262820.0,50.6844989
2016,4,Campeche,Hombres,237766.0,304696.0,78.03384357
2016,4,Campeche,Mujeres,129998.0,324514.0,40.05928866
2016,4,Coahuila,Hombres,819042.0,1056139.0,77.55058756
2016,4,Coahuila,Mujeres,472788.0,1088993.0,43.4151551
2016,4,Colima,Hombres,196851.0,254032.0,77.4906311
2016,4,Colima,Mujeres,137035.0,267160.0,51.29323252
2016,4,Chiapas,Hombres,1333243.0,1658632.0,80.38208596
2016,4,Chiapas,Mujeres,517917.0,1842116.0,28.11533041
2016,4,Chihuahua,Hombres,978221.0,1283642.0,76.2066838
2016,4,Chihuahua,Mujeres,591193.0,1350405.0,43.77894039
2016,4,Ciudad de México,Hombres,2459201.0,3440782.0,71.47215371
2016,4,Ciudad de México,Mujeres,1843893.0,3899085.0,47.29040275
2016,4,Durango,Hombres,465360.0,599112.0,77.67495894
2016,4,Durango,Mujeres,277468.0,653811.0,42.43856405
2016,4,Guanajuato,Hombres,1513534.0,2022007.0,74.85305442
2016,4,Guanajuato,Mujeres,998484.0,2282903.0,43.73746935
2016,4,Guerrero,Hombres,849479.0,1155466.0,73.51830344
2016,4,Guerrero,Mujeres,500618.0,1291941.0,38.74929273
2016,4,Hidalgo,Hombres,743074.0,981731.0,75.69018397
2016,4,Hidalgo,Mujeres,463894.0,1168782.0,39.69037853
2016,4,Jalisco,Hombres,2142947.0,2836185.0,75.55737725
2016,4,Jalisco,Mujeres,1388851.0,3071914.0,45.21125917
2016,4,México,Hombres,4221497.0,5658749.0,74.60124137
2016,4,México,Mujeres,2626301.0,6563473.0,40.01389204
2016,4,Michoacán,Hombres,1183584.0,1518935.0,77.92196506
2016,4,Michoacán,Mujeres,710222.0,1706832.0,41.61053929
2016,4,Morelos,Hombres,473554.0,667002.0,70.99738831
2016,4,Morelos,Mujeres,311318.0,771255.0,40.36511919
2016,4,Nayarit,Hombres,319404.0,416985.0,76.59843879
2016,4,Nayarit,Mujeres,217950.0,449675.0,48.46833824
2016,4,Nuevo León,Hombres,1528866.0,1985939.0,76.98453981
2016,4,Nuevo León,Mujeres,886886.0,2043861.0,43.3926769
2016,4,Oaxaca,Hombres,978051.0,1302314.0,75.10101251
2016,4,Oaxaca,Mujeres,655011.0,1524564.0,42.96382441
2016,4,Puebla,Hombres,1679957.0,2134999.0,78.68654739
2016,4,Puebla,Mujeres,1055796.0,2438883.0,43.29014553
2016,4,Querétaro,Hombres,506455.0,757434.0,66.8645717
2016,4,Querétaro,Mujeres,314400.0,855284.0,36.75971958
2016,4,Quintana Roo,Hombres,502280.0,628586.0,79.90632944
2016,4,Quintana Roo,Mujeres,309996.0,634268.0,48.87460821
2016,4,San Luis Potosí,Hombres,724116.0,956741.0,75.68568714
2016,4,San Luis Potosí,Mujeres,438073.0,1071896.0,40.86898356
2016,4,Sinaloa,Hombres,792551.0,1047999.0,75.62516758
2016,4,Sinaloa,Mujeres,519959.0,1131803.0,45.94076884
2016,4,Sonora,Hombres,781421.0,1053572.0,74.16873265
2016,4,Sonora,Mujeres,509412.0,1065530.0,47.80832074
2016,4,Tabasco,Hombres,593326.0,799779.0,74.18624395
2016,4,Tabasco,Mujeres,320808.0,863503.0,37.15192651
2016,4,Tamaulipas,Hombres,889554.0,1180683.0,75.34232305
2016,4,Tamaulipas,Mujeres,604807.0,1351007.0,44.76712556
2016,4,Tlaxcala,Hombres,331250.0,424028.0,78.11984114
2016,4,Tlaxcala,Mujeres,216344.0,488811.0,44.25923312
2016,4,Veracruz,Hombres,1949777.0,2715346.0,71.80583985
2016,4,Veracruz,Mujeres,992460.0,3107373.0,31.9388757
2016,4,Yucatán,Hombres,624996.0,791764.0,78.93715804
2016,4,Yucatán,Mujeres,418470.0,857071.0,48.82559321
2016,4,Zacatecas,Hombres,405396.0,543442.0,74.59784117
2016,4,Zacatecas,Mujeres,226624.0,597575.0,37.9239426
2017,1,Nacional,Hombres,31684007.0,42281884.0,74.93518264
2017,1,Nacional,Mujeres,19488027.0,47052852.0,41.41731302
2017,1,Aguascalientes,Hombres,335360.0,454042.0,73.86100845
2017,1,Aguascalientes,Mujeres,210792.0,512406.0,41.1376916
2017,1,Baja California,Hombres,976718.0,1324441.0,73.74567837
2017,1,Baja California,Mujeres,631855.0,1393771.0,45.33420483
2017,1,Baja California Sur,Hombres,214291.0,274479.0,78.07191078
2017,1,Baja California Sur,Mujeres,131615.0,267382.0,49.22358274
2017,1,Campeche,Hombres,235035.0,304064.0,77.2978715
2017,1,Campeche,Mujeres,130547.0,326590.0,39.97274871
2017,1,Coahuila,Hombres,822971.0,1061109.0,77.55763074
2017,1,Coahuila,Mujeres,471758.0,1096497.0,43.02410312
2017,1,Colima,Hombres,196791.0,251136.0,78.36033066
2017,1,Colima,Mujeres,145147.0,271774.0,53.40724278
2017,1,Chiapas,Hombres,1344843.0,1645860.0,81.71065583
2017,1,Chiapas,Mujeres,560672.0,1845123.0,30.38670051
2017,1,Chihuahua,Hombres,958165.0,1277076.0,75.02803279
2017,1,Chihuahua,Mujeres,569507.0,1362640.0,41.79438443
2017,1,Ciudad de México,Hombres,2417678.0,3405327.0,70.99694097
2017,1,Ciudad de México,Mujeres,1874560.0,3954749.0,47.40022692
2017,1,Durango,Hombres,445837.0,596194.0,74.78052446
2017,1,Durango,Mujeres,262780.0,665123.0,39.50848189
2017,1,Guanajuato,Hombres,1499879.0,2010040.0,74.61936081
2017,1,Guanajuato,Mujeres,978072.0,2303862.0,42.45358446
2017,1,Guerrero,Hombres,818980.0,1154916.0,70.91251658
2017,1,Guerrero,Mujeres,542905.0,1285932.0,42.2187954
2017,1,Hidalgo,Hombres,722745.0,962061.0,75.12465426
2017,1,Hidalgo,Mujeres,426782.0,1151645.0,37.05846854
2017,1,Jalisco,Hombres,2183559.0,2842396.0,76.82106927
2017,1,Jalisco,Mujeres,1417578.0,3099039.0,45.74250276
2017,1,México,Hombres,4315723.0,5719846.0,75.45173419
2017,1,México,Mujeres,2543531.0,6488427.0,39.2010421
2017,1,Michoacán,Hombres,1173689.0,1521902.0,77.11988026
2017,1,Michoacán,Mujeres,689314.0,1711632.0,40.27232489
2017,1,Morelos,Hombres,491072.0,676720.0,72.56649722
2017,1,Morelos,Mujeres,312795.0,773454.0,40.44131907
2017,1,Nayarit,Hombres,325454.0,423711.0,76.81037311
2017,1,Nayarit,Mujeres,215062.0,446472.0,48.1692021
2017,1,Nuevo León,Hombres,1509924.0,2002317.0,75.40883886
2017,1,Nuevo León,Mujeres,869526.0,2051761.0,42.37949742
2017,1,Oaxaca,Hombres,915715.0,1305287.0,70.15430323
2017,1,Oaxaca,Mujeres,629985.0,1532888.0,41.09791452
2017,1,Puebla,Hombres,1679052.0,2136261.0,78.59769944
2017,1,Puebla,Mujeres,1059223.0,2480096.0,42.70895159
2017,1,Querétaro,Hombres,529848.0,754836.0,70.19379044
2017,1,Querétaro,Mujeres,322074.0,874581.0,36.82609158
2017,1,Quintana Roo,Hombres,508455.0,630559.0,80.63559477
2017,1,Quintana Roo,Mujeres,304708.0,639225.0,47.66834839
2017,1,San Luis Potosí,Hombres,723203.0,968808.0,74.64874361
2017,1,San Luis Potosí,Mujeres,422416.0,1073977.0,39.331941
2017,1,Sinaloa,Hombres,790805.0,1045400.0,75.64616415
2017,1,Sinaloa,Mujeres,508797.0,1133511.0,44.88681627
2017,1,Sonora,Hombres,773223.0,1055035.0,73.28884824
2017,1,Sonora,Mujeres,512137.0,1067957.0,47.95483339
2017,1,Tabasco,Hombres,576136.0,805055.0,71.56479992
2017,1,Tabasco,Mujeres,291668.0,867140.0,33.63562977
2017,1,Tamaulipas,Hombres,899104.0,1210506.0,74.27505522
2017,1,Tamaulipas,Mujeres,577756.0,1348280.0,42.85133652
2017,1,Tlaxcala,Hombres,324254.0,426951.0,75.94642008
2017,1,Tlaxcala,Mujeres,217165.0,492765.0,44.07070307
2017,1,Veracruz,Hombres,1965755.0,2700361.0,72.79600764
2017,1,Veracruz,Mujeres,1016735.0,3071569.0,33.10148657
2017,1,Yucatán,Hombres,617932.0,792569.0,77.96570393
2017,1,Yucatán,Mujeres,424886.0,862622.0,49.25517782
2017,1,Zacatecas,Hombres,391811.0,542619.0,72.20738677
2017,1,Zacatecas,Mujeres,215679.0,599962.0,35.94877676
2017,2,Nacional,Hombres,31896282.0,42489162.0,75.06921883
2017,2,Nacional,Mujeres,19633135.0,47348615.0,41.46506714
2017,2,Aguascalientes,Hombres,337897.0,459860.0,73.47823251
2017,2,Aguascalientes,Mujeres,217836.0,511063.0,42.62409918
2017,2,Baja California,Hombres,1010471.0,1341794.0,75.3074615
2017,2,Baja California,Mujeres,673442.0,1404590.0,47.94580625
2017,2,Baja California Sur,Hombres,211982.0,273958.0,77.37755422
2017,2,Baja California Sur,Mujeres,134349.0,271321.0,49.51662422
2017,2,Campeche,Hombres,230302.0,302454.0,76.14447156
2017,2,Campeche,Mujeres,138580.0,328567.0,42.17709021
2017,2,Coahuila,Hombres,810846.0,1073580.0,75.52730118
2017,2,Coahuila,Mujeres,475858.0,1095489.0,43.43795328
2017,2,Colima,Hombres,192848.0,251860.0,76.56952275
2017,2,Colima,Mujeres,142263.0,271903.0,52.3212322
2017,2,Chiapas,Hombres,1325199.0,1640598.0,80.77536362
2017,2,Chiapas,Mujeres,488892.0,1858291.0,26.30868901
2017,2,Chihuahua,Hombres,961007.0,1285833.0,74.73808807
2017,2,Chihuahua,Mujeres,594546.0,1360347.0,43.70546633
2017,2,Ciudad de México,Hombres,2387263.0,3427325.0,69.65382623
2017,2,Ciudad de México,Mujeres,1868693.0,4021692.0,46.46534344
2017,2,Durango,Hombres,453157.0,590269.0,76.77126869
2017,2,Durango,Mujeres,273886.0,667406.0,41.03738954
2017,2,Guanajuato,Hombres,1527944.0,2034061.0,75.11790453
2017,2,Guanajuato,Mujeres,933054.0,2282667.0,40.87560735
2017,2,Guerrero,Hombres,850592.0,1147736.0,74.11042261
2017,2,Guerrero,Mujeres,547487.0,1304618.0,41.96531092
2017,2,Hidalgo,Hombres,735987.0,968768.0,75.97144001
2017,2,Hidalgo,Mujeres,439898.0,1155487.0,38.07035475
2017,2,Jalisco,Hombres,2181520.0,2860986.0,76.25063527
2017,2,Jalisco,Mujeres,1392222.0,3125499.0,44.54399122
2017,2,México,Hombres,4319599.0,5725903.0,75.43961188
2017,2,México,Mujeres,2623635.0,6611219.0,39.68458767
2017,2,Michoacán,Hombres,1185050.0,1526351.0,77.63941584
2017,2,Michoacán,Mujeres,682947.0,1740271.0,39.24371549
2017,2,Morelos,Hombres,482169.0,683950.0,70.4976972
2017,2,Morelos,Mujeres,307167.0,774960.0,39.63649737
2017,2,Nayarit,Hombres,323337.0,424041.0,76.25135305
2017,2,Nayarit,Mujeres,211537.0,443418.0,47.70600201
2017,2,Nuevo León,Hombres,1530853.0,2005647.0,76.32714032
2017,2,Nuevo León,Mujeres,867652.0,2053842.0,42.2453139
2017,2,Oaxaca,Hombres,971264.0,1318763.0,73.64962469
2017,2,Oaxaca,Mujeres,637384.0,1516435.0,42.03173891
2017,2,Puebla,Hombres,1678837.0,2144997.0,78.26756867
2017,2,Puebla,Mujeres,1104645.0,2489192.0,44.37765347
2017,2,Querétaro,Hombres,509839.0,766008.0,66.55792107
2017,2,Querétaro,Mujeres,309892.0,870392.0,35.60372798
2017,2,Quintana Roo,Hombres,513073.0,640996.0,80.04308919
2017,2,Quintana Roo,Mujeres,316460.0,645123.0,49.05421137
2017,2,San Luis Potosí,Hombres,720979.0,974749.0,73.9656055
2017,2,San Luis Potosí,Mujeres,444588.0,1067982.0,41.6287915
2017,2,Sinaloa,Hombres,792934.0,1056345.0,75.06392324
2017,2,Sinaloa,Mujeres,526789.0,1145069.0,46.00500057
2017,2,Sonora,Hombres,785556.0,1060328.0,74.08613184
2017,2,Sonora,Mujeres,510721.0,1062265.0,48.07849265
2017,2,Tabasco,Hombres,576976.0,804245.0,71.74132261
2017,2,Tabasco,Mujeres,298836.0,870737.0,34.31989223
2017,2,Tamaulipas,Hombres,908060.0,1198266.0,75.78117046
2017,2,Tamaulipas,Mujeres,588203.0,1350298.0,43.56097691
2017,2,Tlaxcala,Hombres,332059.0,431949.0,76.87458473
2017,2,Tlaxcala,Mujeres,214311.0,493032.0,43.46796962
2017,2,Veracruz,Hombres,2015621.0,2727680.0,73.89506834
2017,2,Veracruz,Mujeres,1008404.0,3083185.0,32.70656805
2017,2,Yucatán,Hombres,621100.0,795642.0,78.06274681
2017,2,Yucatán,Mujeres,424068.0,866450.0,48.94315887
2017,2,Zacatecas,Hombres,411961.0,544220.0,75.69751204
2017,2,Zacatecas,Mujeres,234890.0,605805.0,38.7732026
2017,3,Nacional,Hombres,32145275.0,42746725.0,75.19938662
2017,3,Nacional,Mujeres,19651649.0,47505954.0,41.36670742
2017,3,Aguascalientes,Hombres,337941.0,460965.0,73.31163971
2017,3,Aguascalientes,Mujeres,211817.0,513356.0,41.26123002
2017,3,Baja California,Hombres,1013449.0,1367317.0,74.11953483
2017,3,Baja California,Mujeres,667423.0,1403990.0,47.5375893
2017,3,Baja California Sur,Hombres,212293.0,274336.0,77.38430246
2017,3,Baja California Sur,Mujeres,133568.0,273368.0,48.86014457
2017,3,Campeche,Hombres,228946.0,300200.0,76.26449034
2017,3,Campeche,Mujeres,140112.0,330791.0,42.3566542
2017,3,Coahuila,Hombres,806604.0,1067992.0,75.52528483
2017,3,Coahuila,Mujeres,461803.0,1108490.0,41.66054723
2017,3,Colima,Hombres,195290.0,254200.0,76.82533438
2017,3,Colima,Mujeres,139458.0,271889.0,51.2922553
2017,3,Chiapas,Hombres,1334520.0,1629083.0,81.91847806
2017,3,Chiapas,Mujeres,505304.0,1872165.0,26.99035609
2017,3,Chihuahua,Hombres,949868.0,1259890.0,75.39293113
2017,3,Chihuahua,Mujeres,591609.0,1366019.0,43.30898765
2017,3,Ciudad de México,Hombres,2403040.0,3401021.0,70.65642935
2017,3,Ciudad de México,Mujeres,1946475.0,4050469.0,48.05554616
2017,3,Durango,Hombres,462077.0,596981.0,77.40229589
2017,3,Durango,Mujeres,280608.0,672640.0,41.71741199
2017,3,Guanajuato,Hombres,1576980.0,2082056.0,75.74147862
2017,3,Guanajuato,Mujeres,951409.0,2270744.0,41.89855836
2017,3,Guerrero,Hombres,866388.0,1163779.0,74.44609329
2017,3,Guerrero,Mujeres,515734.0,1312955.0,39.28040184
2017,3,Hidalgo,Hombres,748358.0,975152.0,76.74270268
2017,3,Hidalgo,Mujeres,452505.0,1162990.0,38.90876104
2017,3,Jalisco,Hombres,2198280.0,2876708.0,76.41651499
2017,3,Jalisco,Mujeres,1428528.0,3124384.0,45.7219087
2017,3,México,Hombres,4337966.0,5789266.0,74.93119162
2017,3,México,Mujeres,2675519.0,6627553.0,40.36963567
2017,3,Michoacán,Hombres,1193377.0,1525345.0,78.2365301
2017,3,Michoacán,Mujeres,682976.0,1749364.0,39.04138876
2017,3,Morelos,Hombres,493390.0,696832.0,70.80472768
2017,3,Morelos,Mujeres,296906.0,765723.0,38.77459604
2017,3,Nayarit,Hombres,325411.0,429265.0,75.80655306
2017,3,Nayarit,Mujeres,215619.0,445950.0,48.35048772
2017,3,Nuevo León,Hombres,1544186.0,2026033.0,76.21721857
2017,3,Nuevo León,Mujeres,864344.0,2061825.0,41.92130758
2017,3,Oaxaca,Hombres,973149.0,1310377.0,74.26481081
2017,3,Oaxaca,Mujeres,645831.0,1524430.0,42.36540871
2017,3,Puebla,Hombres,1691069.0,2179644.0,77.58464226
2017,3,Puebla,Mujeres,1030593.0,2495071.0,41.30515725
2017,3,Querétaro,Hombres,532904.0,779470.0,68.36748047
2017,3,Querétaro,Mujeres,313326.0,880291.0,35.59345716
2017,3,Quintana Roo,Hombres,519515.0,650094.0,79.91382785
2017,3,Quintana Roo,Mujeres,321258.0,651869.0,49.28260126
2017,3,San Luis Potosí,Hombres,743977.0,976206.0,76.21106611
2017,3,San Luis Potosí,Mujeres,435738.0,1079756.0,40.3552284
2017,3,Sinaloa,Hombres,775027.0,1049470.0,73.84937159
2017,3,Sinaloa,Mujeres,511652.0,1144774.0,44.69458601
2017,3,Sonora,Hombres,775036.0,1064597.0,72.80088146
2017,3,Sonora,Mujeres,502096.0,1082200.0,46.39586028
2017,3,Tabasco,Hombres,598791.0,804552.0,74.42539451
2017,3,Tabasco,Mujeres,306605.0,878437.0,34.9034706
2017,3,Tamaulipas,Hombres,895305.0,1215932.0,73.63117345
2017,3,Tamaulipas,Mujeres,591833.0,1360163.0,43.51191732
2017,3,Tlaxcala,Hombres,328778.0,431660.0,76.16596395
2017,3,Tlaxcala,Mujeres,219191.0,500137.0,43.82619162
2017,3,Veracruz,Hombres,2040508.0,2761716.0,73.88551176
2017,3,Veracruz,Mujeres,982525.0,3059545.0,32.11343517
2017,3,Yucatán,Hombres,628473.0,800333.0,78.52643837
2017,3,Yucatán,Mujeres,408771.0,862225.0,47.408855
2017,3,Zacatecas,Hombres,414379.0,546253.0,75.85843922
2017,3,Zacatecas,Mujeres,220513.0,602391.0,36.6062906
2017,4,Nacional,Hombres,32261980.0,43018688.0,74.99526717
2017,4,Nacional,Mujeres,19960762.0,47778013.0,41.77813339
2017,4,Aguascalientes,Hombres,339989.0,468501.0,72.5695356
2017,4,Aguascalientes,Mujeres,213353.0,513354.0,41.56059951
2017,4,Baja California,Hombres,1021868.0,1383766.0,73.84687874
2017,4,Baja California,Mujeres,662929.0,1402387.0,47.27147357
2017,4,Baja California Sur,Hombres,214132.0,278362.0,76.92572981
2017,4,Baja California Sur,Mujeres,137376.0,276946.0,49.6038939
2017,4,Campeche,Hombres,231487.0,299910.0,77.18548898
2017,4,Campeche,Mujeres,139635.0,334906.0,41.6937887
2017,4,Coahuila,Hombres,819541.0,1079910.0,75.88975007
2017,4,Coahuila,Mujeres,462826.0,1121010.0,41.28651841
2017,4,Colima,Hombres,199778.0,259975.0,76.84508126
2017,4,Colima,Mujeres,145837.0,274970.0,53.03742226
2017,4,Chiapas,Hombres,1315502.0,1636369.0,80.39152538
2017,4,Chiapas,Mujeres,484000.0,1895929.0,25.52838213
2017,4,Chihuahua,Hombres,951006.0,1271831.0,74.77455731
2017,4,Chihuahua,Mujeres,614605.0,1363673.0,45.06982246
2017,4,Ciudad de México,Hombres,2345699.0,3374385.0,69.51485974
2017,4,Ciudad de México,Mujeres,1960344.0,4112945.0,47.66278178
2017,4,Durango,Hombres,459604.0,597453.0,76.92722273
2017,4,Durango,Mujeres,281522.0,674615.0,41.73076495
2017,4,Guanajuato,Hombres,1605665.0,2086186.0,76.96653127
2017,4,Guanajuato,Mujeres,975383.0,2273863.0,42.8954163
2017,4,Guerrero,Hombres,874885.0,1175667.0,74.41605489
2017,4,Guerrero,Mujeres,545829.0,1310801.0,41.64087455
2017,4,Hidalgo,Hombres,763823.0,992992.0,76.92136493
2017,4,Hidalgo,Mujeres,457550.0,1158776.0,39.48562966
2017,4,Jalisco,Hombres,2176082.0,2893464.0,75.20681094
2017,4,Jalisco,Mujeres,1431062.0,3130759.0,45.70974642
2017,4,México,Hombres,4393438.0,5919660.0,74.21774224
2017,4,México,Mujeres,2734661.0,6676010.0,40.96250605
2017,4,Michoacán,Hombres,1189298.0,1538329.0,77.31103035
2017,4,Michoacán,Mujeres,701888.0,1723318.0,40.72887302
2017,4,Morelos,Hombres,499380.0,698018.0,71.54256767
2017,4,Morelos,Mujeres,312700.0,768960.0,40.66531419
2017,4,Nayarit,Hombres,332946.0,426618.0,78.04312054
2017,4,Nayarit,Mujeres,223170.0,448825.0,49.72316604
2017,4,Nuevo León,Hombres,1548871.0,2040561.0,75.90417537
2017,4,Nuevo León,Mujeres,904307.0,2079905.0,43.47828386
2017,4,Oaxaca,Hombres,990313.0,1319246.0,75.06659107
2017,4,Oaxaca,Mujeres,621010.0,1537596.0,40.3883725
2017,4,Puebla,Hombres,1716194.0,2171528.0,79.03163118
2017,4,Puebla,Mujeres,1099842.0,2534870.0,43.38849724
2017,4,Querétaro,Hombres,536597.0,794181.0,67.5660838
2017,4,Querétaro,Mujeres,321317.0,877169.0,36.6311395
2017,4,Quintana Roo,Hombres,523583.0,648504.0,80.7370502
2017,4,Quintana Roo,Mujeres,319973.0,660294.0,48.45917122
2017,4,San Luis Potosí,Hombres,749797.0,973049.0,77.05644834
2017,4,San Luis Potosí,Mujeres,441331.0,1073582.0,41.10827119
2017,4,Sinaloa,Hombres,788738.0,1051711.0,74.99569749
2017,4,Sinaloa,Mujeres,517943.0,1138053.0,45.51132504
2017,4,Sonora,Hombres,789490.0,1059374.0,74.52420014
2017,4,Sonora,Mujeres,517451.0,1088124.0,47.55441475
2017,4,Tabasco,Hombres,588226.0,813506.0,72.30751832
2017,4,Tabasco,Mujeres,296092.0,885511.0,33.43741636
2017,4,Tamaulipas,Hombres,928443.0,1224450.0,75.82530932
2017,4,Tamaulipas,Mujeres,577989.0,1351173.0,42.77683169
2017,4,Tlaxcala,Hombres,333750.0,435295.0,76.67214188
2017,4,Tlaxcala,Mujeres,217607.0,499593.0,43.55685528
2017,4,Veracruz,Hombres,1996382.0,2761885.0,72.28331375
2017,4,Veracruz,Mujeres,991950.0,3116292.0,31.83109927
2017,4,Yucatán,Hombres,624916.0,797941.0,78.31606597
2017,4,Yucatán,Mujeres,418194.0,868564.0,48.14774732
2017,4,Zacatecas,Hombres,412557.0,546061.0,75.55144938
2017,4,Zacatecas,Mujeres,231086.0,605240.0,38.18088692
2018,1,Nacional,Hombres,32376942.0,43295471.0,74.78135993
2018,1,Nacional,Mujeres,19876094.0,48089659.0,41.33132655
2018,1,Aguascalientes,Hombres,341371.0,467594.0,73.00585551
2018,1,Aguascalientes,Mujeres,213524.0,512688.0,41.64794183
2018,1,Baja California,Hombres,1053648.0,1400878.0,75.21340188
2018,1,Baja California,Mujeres,651844.0,1400787.0,46.53412689
2018,1,Baja California Sur,Hombres,210806.0,270658.0,77.88648405
2018,1,Baja California Sur,Mujeres,142258.0,279427.0,50.91061351
2018,1,Campeche,Hombres,231284.0,299619.0,77.1927014
2018,1,Campeche,Mujeres,137932.0,335388.0,41.12609873
2018,1,Coahuila,Hombres,814628.0,1084274.0,75.13119378
2018,1,Coahuila,Mujeres,479754.0,1131027.0,42.41755502
2018,1,Colima,Hombres,201821.0,262250.0,76.95748332
2018,1,Colima,Mujeres,144627.0,274364.0,52.71354842
2018,1,Chiapas,Hombres,1347910.0,1648548.0,81.763467
2018,1,Chiapas,Mujeres,534655.0,1903155.0,28.09308753
2018,1,Chihuahua,Hombres,939353.0,1260897.0,74.49878935
2018,1,Chihuahua,Mujeres,606227.0,1380095.0,43.92646883
2018,1,Ciudad de México,Hombres,2396193.0,3409209.0,70.2858933
2018,1,Ciudad de México,Mujeres,1990851.0,4093246.0,48.63746279
2018,1,Durango,Hombres,455430.0,604841.0,75.29747487
2018,1,Durango,Mujeres,276860.0,678511.0,40.80405476
2018,1,Guanajuato,Hombres,1583799.0,2094223.0,75.6270464
2018,1,Guanajuato,Mujeres,957912.0,2287756.0,41.87124851
2018,1,Guerrero,Hombres,794533.0,1162227.0,68.362979
2018,1,Guerrero,Mujeres,524802.0,1326984.0,39.54847986
2018,1,Hidalgo,Hombres,770201.0,998330.0,77.14893873
2018,1,Hidalgo,Mujeres,451318.0,1182863.0,38.15471445
2018,1,Jalisco,Hombres,2218924.0,2922485.0,75.9259329
2018,1,Jalisco,Mujeres,1389024.0,3137161.0,44.27646525
2018,1,México,Hombres,4406746.0,5987529.0,73.59874165
2018,1,México,Mujeres,2666732.0,6716366.0,39.70498332
2018,1,Michoacán,Hombres,1200253.0,1537695.0,78.05533607
2018,1,Michoacán,Mujeres,714210.0,1736634.0,41.12610947
2018,1,Morelos,Hombres,515224.0,702926.0,73.29704692
2018,1,Morelos,Mujeres,316663.0,774726.0,40.87419294
2018,1,Nayarit,Hombres,339029.0,428469.0,79.1256777
2018,1,Nayarit,Mujeres,223498.0,450827.0,49.57511418
2018,1,Nuevo León,Hombres,1531403.0,2055416.0,74.50574482
2018,1,Nuevo León,Mujeres,890221.0,2117895.0,42.03329249
2018,1,Oaxaca,Hombres,984332.0,1333195.0,73.83256013
2018,1,Oaxaca,Mujeres,614156.0,1553982.0,39.5214359
2018,1,Puebla,Hombres,1719337.0,2185174.0,78.68192647
2018,1,Puebla,Mujeres,1040373.0,2550559.0,40.78999937
2018,1,Querétaro,Hombres,573646.0,804898.0,71.26940308
2018,1,Querétaro,Mujeres,343160.0,875344.0,39.20287338
2018,1,Quintana Roo,Hombres,527971.0,655024.0,80.60330614
2018,1,Quintana Roo,Mujeres,321623.0,665382.0,48.33659462
2018,1,San Luis Potosí,Hombres,731087.0,979163.0,74.66448385
2018,1,San Luis Potosí,Mujeres,419392.0,1078583.0,38.88360933
2018,1,Sinaloa,Hombres,811992.0,1058257.0,76.72918771
2018,1,Sinaloa,Mujeres,548629.0,1153733.0,47.55250998
2018,1,Sonora,Hombres,786116.0,1045933.0,75.15930753
2018,1,Sonora,Mujeres,525627.0,1106041.0,47.52328349
2018,1,Tabasco,Hombres,574163.0,813257.0,70.6004375
2018,1,Tabasco,Mujeres,295318.0,888660.0,33.2318322
2018,1,Tamaulipas,Hombres,927232.0,1244723.0,74.49303982
2018,1,Tamaulipas,Mujeres,576215.0,1344137.0,42.86877007
2018,1,Tlaxcala,Hombres,331919.0,440953.0,75.27310167
2018,1,Tlaxcala,Mujeres,217516.0,502855.0,43.25620706
2018,1,Veracruz,Hombres,2038406.0,2785753.0,73.17253181
2018,1,Veracruz,Mujeres,1019737.0,3172327.0,32.14476313
2018,1,Yucatán,Hombres,627966.0,806911.0,77.82345265
2018,1,Yucatán,Mujeres,425347.0,872783.0,48.73456518
2018,1,Zacatecas,Hombres,390219.0,544162.0,71.71007898
2018,1,Zacatecas,Mujeres,216089.0,605373.0,35.69518297
2018,2,Nacional,Hombres,32747522.0,43681836.0,74.96828201
2018,2,Nacional,Mujeres,20457641.0,48258234.0,42.39202164
2018,2,Aguascalientes,Hombres,347596.0,473125.0,73.46811096
2018,2,Aguascalientes,Mujeres,222550.0,520193.0,42.78219815
2018,2,Baja California,Hombres,1044915.0,1403769.0,74.43639231
2018,2,Baja California,Mujeres,685569.0,1418272.0,48.33833002
2018,2,Baja California Sur,Hombres,218649.0,277298.0,78.84982943
2018,2,Baja California Sur,Mujeres,147537.0,279489.0,52.78812404
2018,2,Campeche,Hombres,234312.0,304989.0,76.82637734
2018,2,Campeche,Mujeres,141912.0,336410.0,42.18423947
2018,2,Coahuila,Hombres,831661.0,1102992.0,75.40045621
2018,2,Coahuila,Mujeres,494799.0,1136884.0,43.52238223
2018,2,Colima,Hombres,204233.0,268583.0,76.0409259
2018,2,Colima,Mujeres,151220.0,279577.0,54.08885566
2018,2,Chiapas,Hombres,1352052.0,1655542.0,81.66823916
2018,2,Chiapas,Mujeres,474401.0,1908859.0,24.85259519
2018,2,Chihuahua,Hombres,984512.0,1290190.0,76.3075206
2018,2,Chihuahua,Mujeres,649305.0,1412010.0,45.9844477
2018,2,Ciudad de México,Hombres,2457306.0,3459933.0,71.0217799
2018,2,Ciudad de México,Mujeres,2016008.0,4084702.0,49.35508147
2018,2,Durango,Hombres,465734.0,609456.0,76.41798588
2018,2,Durango,Mujeres,291450.0,683774.0,42.6237324
2018,2,Guanajuato,Hombres,1614280.0,2123559.0,76.01766657
2018,2,Guanajuato,Mujeres,1027342.0,2276371.0,45.13069267
2018,2,Guerrero,Hombres,853455.0,1176488.0,72.54260137
2018,2,Guerrero,Mujeres,533136.0,1335135.0,39.93124291
2018,2,Hidalgo,Hombres,778446.0,1022834.0,76.10677783
2018,2,Hidalgo,Mujeres,482331.0,1190497.0,40.5150958
2018,2,Jalisco,Hombres,2183065.0,2930066.0,74.5056596
2018,2,Jalisco,Mujeres,1431758.0,3134039.0,45.68411561
2018,2,México,Hombres,4399674.0,5972050.0,73.67108447
2018,2,México,Mujeres,2802921.0,6782177.0,41.32774771
2018,2,Michoacán,Hombres,1238343.0,1561429.0,79.30831309
2018,2,Michoacán,Mujeres,727886.0,1753142.0,41.51894142
2018,2,Morelos,Hombres,502222.0,698301.0,71.92056148
2018,2,Morelos,Mujeres,311959.0,777146.0,40.14162075
2018,2,Nayarit,Hombres,333881.0,434547.0,76.83426649
2018,2,Nayarit,Mujeres,222478.0,454249.0,48.97710287
2018,2,Nuevo León,Hombres,1553216.0,2067759.0,75.11591051
2018,2,Nuevo León,Mujeres,940272.0,2115752.0,44.44150354
2018,2,Oaxaca,Hombres,1023812.0,1335543.0,76.65885711
2018,2,Oaxaca,Mujeres,642985.0,1564837.0,41.08958313
2018,2,Puebla,Hombres,1714110.0,2208429.0,77.61671306
2018,2,Puebla,Mujeres,1061177.0,2543444.0,41.72205089
2018,2,Querétaro,Hombres,557576.0,806513.0,69.13416151
2018,2,Querétaro,Mujeres,341537.0,883492.0,38.65762225
2018,2,Quintana Roo,Hombres,542400.0,667422.0,81.26792344
2018,2,Quintana Roo,Mujeres,333636.0,671343.0,49.69680178
2018,2,San Luis Potosí,Hombres,749197.0,972332.0,77.05156263
2018,2,San Luis Potosí,Mujeres,442610.0,1075864.0,41.13995821
2018,2,Sinaloa,Hombres,780330.0,1064746.0,73.28790153
2018,2,Sinaloa,Mujeres,529171.0,1169267.0,45.25664369
2018,2,Sonora,Hombres,784043.0,1051857.0,74.53893447
2018,2,Sonora,Mujeres,528465.0,1090821.0,48.44653706
2018,2,Tabasco,Hombres,601469.0,820789.0,73.279369
2018,2,Tabasco,Mujeres,315620.0,885024.0,35.66230972
2018,2,Tamaulipas,Hombres,939109.0,1251086.0,75.06350483
2018,2,Tamaulipas,Mujeres,620819.0,1342827.0,46.23223989
2018,2,Tlaxcala,Hombres,335710.0,440839.0,76.15251827
2018,2,Tlaxcala,Mujeres,221816.0,507158.0,43.73706025
2018,2,Veracruz,Hombres,2063031.0,2855163.0,72.2561549
2018,2,Veracruz,Mujeres,1001757.0,3167768.0,31.62343328
2018,2,Yucatán,Hombres,644367.0,825203.0,78.08587705
2018,2,Yucatán,Mujeres,433017.0,871742.0,49.67260956
2018,2,Zacatecas,Hombres,414816.0,549004.0,75.55791943
2018,2,Zacatecas,Mujeres,230197.0,605969.0,37.98824692
2018,3,Nacional,Hombres,33072893.0,43932152.0,75.28175037
2018,3,Nacional,Mujeres,20410200.0,48555456.0,42.03482303
2018,3,Aguascalientes,Hombres,350732.0,477622.0,73.43296582
2018,3,Aguascalientes,Mujeres,222801.0,519162.0,42.91550614
2018,3,Baja California,Hombres,1026711.0,1388114.0,73.96445825
2018,3,Baja California,Mujeres,694434.0,1447332.0,47.98028372
2018,3,Baja California Sur,Hombres,215764.0,281962.0,76.52236826
2018,3,Baja California Sur,Mujeres,150259.0,285368.0,52.65446721
2018,3,Campeche,Hombres,239967.0,306463.0,78.30211151
2018,3,Campeche,Mujeres,141954.0,336810.0,42.14661085
2018,3,Coahuila,Hombres,821595.0,1096483.0,74.93002627
2018,3,Coahuila,Mujeres,477409.0,1152015.0,41.44121387
2018,3,Colima,Hombres,206220.0,271198.0,76.04038378
2018,3,Colima,Mujeres,146454.0,280650.0,52.1838589
2018,3,Chiapas,Hombres,1379836.0,1675700.0,82.3438563
2018,3,Chiapas,Mujeres,506875.0,1921637.0,26.37725023
2018,3,Chihuahua,Hombres,990377.0,1290091.0,76.76799544
2018,3,Chihuahua,Mujeres,660880.0,1419076.0,46.57114911
2018,3,Ciudad de México,Hombres,2517858.0,3490149.0,72.14184839
2018,3,Ciudad de México,Mujeres,1955821.0,4018998.0,48.66439346
2018,3,Durango,Hombres,464582.0,615456.0,75.48581865
2018,3,Durango,Mujeres,279143.0,682546.0,40.89731681
2018,3,Guanajuato,Hombres,1615003.0,2104385.0,76.74465461
2018,3,Guanajuato,Mujeres,971471.0,2335593.0,41.59419043
2018,3,Guerrero,Hombres,897887.0,1154737.0,77.75683987
2018,3,Guerrero,Mujeres,531266.0,1340556.0,39.63027281
2018,3,Hidalgo,Hombres,785904.0,1037376.0,75.75883768
2018,3,Hidalgo,Mujeres,515414.0,1202754.0,42.85281945
2018,3,Jalisco,Hombres,2214026.0,2952162.0,74.99676508
2018,3,Jalisco,Mujeres,1436870.0,3172411.0,45.29268118
2018,3,México,Hombres,4478014.0,6045237.0,74.07507762
2018,3,México,Mujeres,2783988.0,6755475.0,41.2108401
2018,3,Michoacán,Hombres,1259647.0,1598706.0,78.79166026
2018,3,Michoacán,Mujeres,712536.0,1789434.0,39.81907128
2018,3,Morelos,Hombres,511245.0,706315.0,72.38201086
2018,3,Morelos,Mujeres,308063.0,784566.0,39.26540278
2018,3,Nayarit,Hombres,335171.0,436306.0,76.8201675
2018,3,Nayarit,Mujeres,229713.0,461000.0,49.82928416
2018,3,Nuevo León,Hombres,1557573.0,2072208.0,75.16489657
2018,3,Nuevo León,Mujeres,907651.0,2119642.0,42.8209575
2018,3,Oaxaca,Hombres,1011558.0,1336059.0,75.71207559
2018,3,Oaxaca,Mujeres,680144.0,1589446.0,42.79126186
2018,3,Puebla,Hombres,1704320.0,2197287.0,77.56474234
2018,3,Puebla,Mujeres,1095723.0,2560684.0,42.79024667
2018,3,Querétaro,Hombres,553729.0,809499.0,68.40391403
2018,3,Querétaro,Mujeres,353012.0,900993.0,39.1803266
2018,3,Quintana Roo,Hombres,552044.0,678484.0,81.36433578
2018,3,Quintana Roo,Mujeres,340309.0,685384.0,49.6523117
2018,3,San Luis Potosí,Hombres,765929.0,986416.0,77.64766589
2018,3,San Luis Potosí,Mujeres,444826.0,1078238.0,41.2548992
2018,3,Sinaloa,Hombres,782111.0,1089509.0,71.78563922
2018,3,Sinaloa,Mujeres,510077.0,1169044.0,43.63197621
2018,3,Sonora,Hombres,793496.0,1070030.0,74.15642552
2018,3,Sonora,Mujeres,515803.0,1112770.0,46.35306487
2018,3,Tabasco,Hombres,582174.0,824271.0,70.62895577
2018,3,Tabasco,Mujeres,314121.0,881800.0,35.62270356
2018,3,Tamaulipas,Hombres,946475.0,1269609.0,74.54854211
2018,3,Tamaulipas,Mujeres,599540.0,1347386.0,44.49652883
2018,3,Tlaxcala,Hombres,341628.0,441741.0,77.33671993
2018,3,Tlaxcala,Mujeres,224626.0,508618.0,44.16398948
2018,3,Veracruz,Hombres,2100859.0,2855873.0,73.56275997
2018,3,Veracruz,Mujeres,1061093.0,3210646.0,33.04920567
2018,3,Yucatán,Hombres,653675.0,826448.0,79.09451048
2018,3,Yucatán,Mujeres,417054.0,879079.0,47.44215253
2018,3,Zacatecas,Hombres,416783.0,546256.0,76.29810931
2018,3,Zacatecas,Mujeres,220870.0,606343.0,36.42657704
2018,4,Nacional,Hombres,32968302.0,44065419.0,74.81672193
2018,4,Nacional,Mujeres,20737570.0,48809008.0,42.48717778
2018,4,Aguascalientes,Hombres,358087.0,479977.0,74.60503316
2018,4,Aguascalientes,Mujeres,222016.0,525169.0,42.27515333
2018,4,Baja California,Hombres,1043882.0,1390268.0,75.08494765
2018,4,Baja California,Mujeres,702259.0,1457782.0,48.17311505
2018,4,Baja California Sur,Hombres,222607.0,286430.0,77.71776699
2018,4,Baja California Sur,Mujeres,151278.0,283698.0,53.32360468
2018,4,Campeche,Hombres,244780.0,312324.0,78.37374009
2018,4,Campeche,Mujeres,143000.0,339307.0,42.14472439
2018,4,Coahuila,Hombres,815630.0,1099868.0,74.15708067
2018,4,Coahuila,Mujeres,517624.0,1170867.0,44.20860781
2018,4,Colima,Hombres,208573.0,271246.0,76.89440582
2018,4,Colima,Mujeres,153191.0,286027.0,53.55823052
2018,4,Chiapas,Hombres,1359819.0,1692314.0,80.35264141
2018,4,Chiapas,Mujeres,492503.0,1933949.0,25.46618344
2018,4,Chihuahua,Hombres,988339.0,1283565.0,76.99952866
2018,4,Chihuahua,Mujeres,684891.0,1414675.0,48.41331048
2018,4,Ciudad de México,Hombres,2473500.0,3514314.0,70.38357984
2018,4,Ciudad de México,Mujeres,1938290.0,4019283.0,48.22477044
2018,4,Durango,Hombres,472189.0,624418.0,75.62065796
2018,4,Durango,Mujeres,289816.0,681806.0,42.50710613
2018,4,Guanajuato,Hombres,1618094.0,2103240.0,76.933398
2018,4,Guanajuato,Mujeres,992899.0,2357991.0,42.10783671
2018,4,Guerrero,Hombres,902889.0,1165293.0,77.4817149
2018,4,Guerrero,Mujeres,586756.0,1338239.0,43.84538188
2018,4,Hidalgo,Hombres,790648.0,1050447.0,75.26776696
2018,4,Hidalgo,Mujeres,510006.0,1218413.0,41.85822049
2018,4,Jalisco,Hombres,2239594.0,2949349.0,75.9351979
2018,4,Jalisco,Mujeres,1447778.0,3165123.0,45.74160309
2018,4,México,Hombres,4457091.0,6044319.0,73.74016825
2018,4,México,Mujeres,2777674.0,6804270.0,40.82251292
2018,4,Michoacán,Hombres,1207664.0,1601766.0,75.39578191
2018,4,Michoacán,Mujeres,749586.0,1796008.0,41.73622835
2018,4,Morelos,Hombres,505203.0,705256.0,71.63398823
2018,4,Morelos,Mujeres,302649.0,792710.0,38.17903142
2018,4,Nayarit,Hombres,332946.0,439853.0,75.69483441
2018,4,Nayarit,Mujeres,231521.0,462160.0,50.0954215
2018,4,Nuevo León,Hombres,1549079.0,2087664.0,74.20154776
2018,4,Nuevo León,Mujeres,946978.0,2158079.0,43.88059937
2018,4,Oaxaca,Hombres,1002897.0,1349934.0,74.29229873
2018,4,Oaxaca,Mujeres,694784.0,1599386.0,43.44067036
2018,4,Puebla,Hombres,1692168.0,2193193.0,77.15545326
2018,4,Puebla,Mujeres,1125792.0,2565316.0,43.88511981
2018,4,Querétaro,Hombres,560284.0,826640.0,67.77847673
2018,4,Querétaro,Mujeres,352668.0,909207.0,38.78852671
2018,4,Quintana Roo,Hombres,553672.0,682707.0,81.09950535
2018,4,Quintana Roo,Mujeres,340860.0,685496.0,49.72457899
2018,4,San Luis Potosí,Hombres,757997.0,986748.0,76.817688
2018,4,San Luis Potosí,Mujeres,433337.0,1078251.0,40.18887995
2018,4,Sinaloa,Hombres,794468.0,1086569.0,73.11712372
2018,4,Sinaloa,Mujeres,529486.0,1170370.0,45.24090672
2018,4,Sonora,Hombres,792765.0,1069020.0,74.15810743
2018,4,Sonora,Mujeres,547268.0,1114483.0,49.10510075
2018,4,Tabasco,Hombres,570258.0,821114.0,69.44930911
2018,4,Tabasco,Mujeres,327879.0,884658.0,37.06279715
2018,4,Tamaulipas,Hombres,955248.0,1255583.0,76.08003613
2018,4,Tamaulipas,Mujeres,600152.0,1355342.0,44.28048419
2018,4,Tlaxcala,Hombres,338160.0,446329.0,75.76473857
2018,4,Tlaxcala,Mujeres,227768.0,514247.0,44.29155639
2018,4,Veracruz,Hombres,2077101.0,2860131.0,72.62258267
2018,4,Veracruz,Mujeres,1041982.0,3226520.0,32.2942985
2018,4,Yucatán,Hombres,660961.0,834754.0,79.18033337
2018,4,Yucatán,Mujeres,447984.0,894423.0,50.08636853
2018,4,Zacatecas,Hombres,421709.0,550786.0,76.56494537
2018,4,Zacatecas,Mujeres,226895.0,605753.0,37.45668614
2019,1,Nacional,Hombres,33001309.0,44287308.0,74.51640321
2019,1,Nacional,Mujeres,20713449.0,49082109.0,42.20162789
2019,1,Aguascalientes,Hombres,355746.0,486217.0,73.16609662
2019,1,Aguascalientes,Mujeres,224568.0,531718.0,42.23441749
2019,1,Baja California,Hombres,1037886.0,1403515.0,73.94904935
2019,1,Baja California,Mujeres,689092.0,1466844.0,46.9778654
2019,1,Baja California Sur,Hombres,226103.0,287757.0,78.57428316
2019,1,Baja California Sur,Mujeres,154553.0,282332.0,54.74158083
2019,1,Campeche,Hombres,247348.0,321816.0,76.86006911
2019,1,Campeche,Mujeres,139252.0,340596.0,40.88480194
2019,1,Coahuila,Hombres,813039.0,1115182.0,72.90639555
2019,1,Coahuila,Mujeres,498658.0,1177129.0,42.36222198
2019,1,Colima,Hombres,202990.0,264369.0,76.78283006
2019,1,Colima,Mujeres,153294.0,289967.0,52.86601579
2019,1,Chiapas,Hombres,1358102.0,1674546.0,81.10269888
2019,1,Chiapas,Mujeres,524719.0,1957288.0,26.80847172
2019,1,Chihuahua,Hombres,972189.0,1308836.0,74.27890125
2019,1,Chihuahua,Mujeres,619493.0,1423792.0,43.51007731
2019,1,Ciudad de México,Hombres,2511143.0,3547114.0,70.79397505
2019,1,Ciudad de México,Mujeres,1941310.0,4035873.0,48.10136493
2019,1,Durango,Hombres,466413.0,625413.0,74.57679965
2019,1,Durango,Mujeres,293063.0,691064.0,42.40750495
2019,1,Guanajuato,Hombres,1550991.0,2073048.0,74.81693622
2019,1,Guanajuato,Mujeres,994529.0,2392248.0,41.57298909
2019,1,Guerrero,Hombres,853567.0,1176036.0,72.58000605
2019,1,Guerrero,Mujeres,574932.0,1350275.0,42.57888208
2019,1,Hidalgo,Hombres,781746.0,1039484.0,75.20519796
2019,1,Hidalgo,Mujeres,522583.0,1218561.0,42.88525564
2019,1,Jalisco,Hombres,2323305.0,2980066.0,77.96152837
2019,1,Jalisco,Mujeres,1431845.0,3184771.0,44.95911951
2019,1,México,Hombres,4401361.0,6055104.0,72.68844598
2019,1,México,Mujeres,2749661.0,6801173.0,40.42921714
2019,1,Michoacán,Hombres,1265950.0,1624882.0,77.91027287
2019,1,Michoacán,Mujeres,767314.0,1819079.0,42.18145556
2019,1,Morelos,Hombres,513832.0,714110.0,71.95418073
2019,1,Morelos,Mujeres,321676.0,795397.0,40.44219428
2019,1,Nayarit,Hombres,343409.0,443883.0,77.36475603
2019,1,Nayarit,Mujeres,230358.0,461584.0,49.90597594
2019,1,Nuevo León,Hombres,1563038.0,2111612.0,74.02107963
2019,1,Nuevo León,Mujeres,946528.0,2184533.0,43.32861989
2019,1,Oaxaca,Hombres,1002009.0,1351836.0,74.12208286
2019,1,Oaxaca,Mujeres,710362.0,1599233.0,44.41891832
2019,1,Puebla,Hombres,1742529.0,2220363.0,78.47946484
2019,1,Puebla,Mujeres,1109893.0,2567691.0,43.22533358
2019,1,Querétaro,Hombres,585568.0,831801.0,70.39760712
2019,1,Querétaro,Mujeres,351714.0,923240.0,38.09561977
2019,1,Quintana Roo,Hombres,562312.0,692350.0,81.21788113
2019,1,Quintana Roo,Mujeres,349625.0,690843.0,50.60845952
2019,1,San Luis Potosí,Hombres,750016.0,991482.0,75.64595222
2019,1,San Luis Potosí,Mujeres,433577.0,1085836.0,39.93024729
2019,1,Sinaloa,Hombres,796347.0,1106117.0,71.99482514
2019,1,Sinaloa,Mujeres,526375.0,1177997.0,44.68389987
2019,1,Sonora,Hombres,789333.0,1076405.0,73.33048434
2019,1,Sonora,Mujeres,533836.0,1115787.0,47.84389852
2019,1,Tabasco,Hombres,583295.0,819372.0,71.18805622
2019,1,Tabasco,Mujeres,313321.0,877106.0,35.72213621
2019,1,Tamaulipas,Hombres,950973.0,1267657.0,75.01816343
2019,1,Tamaulipas,Mujeres,613530.0,1365183.0,44.94122766
2019,1,Tlaxcala,Hombres,340716.0,453888.0,75.0660956
2019,1,Tlaxcala,Mujeres,232134.0,514748.0,45.09662981
2019,1,Veracruz,Hombres,2042469.0,2826479.0,72.2619556
2019,1,Veracruz,Mujeres,1099949.0,3250809.0,33.83616201
2019,1,Yucatán,Hombres,663730.0,841632.0,78.86225809
2019,1,Yucatán,Mujeres,437871.0,901639.0,48.56389309
2019,1,Zacatecas,Hombres,403854.0,554936.0,72.77487854
2019,1,Zacatecas,Mujeres,223834.0,607773.0,36.82855277
2019,2,Nacional,Hombres,33212325.0,44598717.0,74.46923866
2019,2,Nacional,Mujeres,21337444.0,49223837.0,43.34778697
2019,2,Aguascalientes,Hombres,358528.0,490429.0,73.10497544
2019,2,Aguascalientes,Mujeres,229749.0,542331.0,42.36324311
2019,2,Baja California,Hombres,1053044.0,1407238.0,74.8305546
2019,2,Baja California,Mujeres,698524.0,1469285.0,47.54176351
2019,2,Baja California Sur,Hombres,229502.0,294229.0,78.00114877
2019,2,Baja California Sur,Mujeres,155762.0,287818.0,54.11822749
2019,2,Campeche,Hombres,248850.0,322184.0,77.23847243
2019,2,Campeche,Mujeres,149600.0,348866.0,42.88179416
2019,2,Coahuila,Hombres,817553.0,1115641.0,73.28101065
2019,2,Coahuila,Mujeres,517229.0,1178980.0,43.8708884
2019,2,Colima,Hombres,200046.0,261739.0,76.42957297
2019,2,Colima,Mujeres,153078.0,292562.0,52.32326823
2019,2,Chiapas,Hombres,1393671.0,1718338.0,81.10575451
2019,2,Chiapas,Mujeres,623868.0,1976230.0,31.56859272
2019,2,Chihuahua,Hombres,1001194.0,1327115.0,75.44138978
2019,2,Chihuahua,Mujeres,631087.0,1422169.0,44.37496528
2019,2,Ciudad de México,Hombres,2571321.0,3585179.0,71.72085411
2019,2,Ciudad de México,Mujeres,1934377.0,4024303.0,48.06737962
2019,2,Durango,Hombres,467692.0,626240.0,74.68254982
2019,2,Durango,Mujeres,294231.0,695303.0,42.31694671
2019,2,Guanajuato,Hombres,1561940.0,2078255.0,75.15632105
2019,2,Guanajuato,Mujeres,1051503.0,2421737.0,43.41937213
2019,2,Guerrero,Hombres,870220.0,1180444.0,73.71971902
2019,2,Guerrero,Mujeres,594124.0,1346505.0,44.12341581
2019,2,Hidalgo,Hombres,784683.0,1052545.0,74.55101682
2019,2,Hidalgo,Mujeres,534989.0,1213176.0,44.09821823
2019,2,Jalisco,Hombres,2255691.0,2978203.0,75.7400016
2019,2,Jalisco,Mujeres,1484718.0,3242514.0,45.78910068
2019,2,México,Hombres,4463869.0,6137359.0,72.73273406
2019,2,México,Mujeres,2827323.0,6762249.0,41.81039474
2019,2,Michoacán,Hombres,1279017.0,1667141.0,76.71918572
2019,2,Michoacán,Mujeres,764382.0,1803449.0,42.38445334
2019,2,Morelos,Hombres,492636.0,710593.0,69.32744905
2019,2,Morelos,Mujeres,322050.0,809156.0,39.80073064
2019,2,Nayarit,Hombres,330366.0,439153.0,75.22799571
2019,2,Nayarit,Mujeres,236150.0,461470.0,51.17342406
2019,2,Nuevo León,Hombres,1578222.0,2139257.0,73.77430575
2019,2,Nuevo León,Mujeres,965054.0,2204156.0,43.78338012
2019,2,Oaxaca,Hombres,1014861.0,1338407.0,75.82603797
2019,2,Oaxaca,Mujeres,771689.0,1600297.0,48.22161136
2019,2,Puebla,Hombres,1727945.0,2250829.0,76.76927034
2019,2,Puebla,Mujeres,1118480.0,2571778.0,43.49053456
2019,2,Querétaro,Hombres,556650.0,839919.0,66.27424787
2019,2,Querétaro,Mujeres,355213.0,931243.0,38.14396457
2019,2,Quintana Roo,Hombres,548879.0,679515.0,80.77511166
2019,2,Quintana Roo,Mujeres,359401.0,709549.0,50.6520339
2019,2,San Luis Potosí,Hombres,744771.0,989208.0,75.28962564
2019,2,San Luis Potosí,Mujeres,458683.0,1091691.0,42.01582682
2019,2,Sinaloa,Hombres,817021.0,1117764.0,73.09423098
2019,2,Sinaloa,Mujeres,525079.0,1172867.0,44.76884421
2019,2,Sonora,Hombres,799432.0,1094721.0,73.02609523
2019,2,Sonora,Mujeres,539354.0,1115788.0,48.33839403
2019,2,Tabasco,Hombres,609556.0,831006.0,73.35157628
2019,2,Tabasco,Mujeres,350671.0,891404.0,39.3391773
2019,2,Tamaulipas,Hombres,967387.0,1265460.0,76.44548228
2019,2,Tamaulipas,Mujeres,629109.0,1363697.0,46.13260864
2019,2,Tlaxcala,Hombres,340109.0,455638.0,74.64456433
2019,2,Tlaxcala,Mujeres,241332.0,517133.0,46.66729835
2019,2,Veracruz,Hombres,2052191.0,2813341.0,72.94497894
2019,2,Veracruz,Mujeres,1142872.0,3230103.0,35.38190578
2019,2,Yucatán,Hombres,661612.0,839459.0,78.81409336
2019,2,Yucatán,Mujeres,434223.0,915012.0,47.45544321
2019,2,Zacatecas,Hombres,413866.0,552168.0,74.95291288
2019,2,Zacatecas,Mujeres,243540.0,611016.0,39.85820339
2019,3,Nacional,Hombres,33406629.0,44715512.0,74.70926197
2019,3,Nacional,Mujeres,21441778.0,49496423.0,43.31985364
2019,3,Aguascalientes,Hombres,360986.0,493039.0,73.2165204
2019,3,Aguascalientes,Mujeres,221637.0,545398.0,40.63766277
2019,3,Baja California,Hombres,1054292.0,1405031.0,75.03692089
2019,3,Baja California,Mujeres,702987.0,1475171.0,47.65461089
2019,3,Baja California Sur,Hombres,236373.0,296400.0,79.74797571
2019,3,Baja California Sur,Mujeres,164221.0,291068.0,56.42014924
2019,3,Campeche,Hombres,250928.0,321521.0,78.04404689
2019,3,Campeche,Mujeres,155924.0,352626.0,44.2179533
2019,3,Coahuila,Hombres,833394.0,1128112.0,73.87511169
2019,3,Coahuila,Mujeres,513296.0,1189774.0,43.14231106
2019,3,Colima,Hombres,205109.0,266316.0,77.01715256
2019,3,Colima,Mujeres,153996.0,289491.0,53.19543613
2019,3,Chiapas,Hombres,1409511.0,1738404.0,81.08074993
2019,3,Chiapas,Mujeres,626301.0,1999642.0,31.3206564
2019,3,Chihuahua,Hombres,1016733.0,1333811.0,76.22766644
2019,3,Chihuahua,Mujeres,641851.0,1426982.0,44.97961432
2019,3,Ciudad de México,Hombres,2554559.0,3556372.0,71.8304778
2019,3,Ciudad de México,Mujeres,1961616.0,4048667.0,48.45090989
2019,3,Durango,Hombres,479335.0,641162.0,74.76035698
2019,3,Durango,Mujeres,294291.0,693691.0,42.42393227
2019,3,Guanajuato,Hombres,1583922.0,2058813.0,76.93374775
2019,3,Guanajuato,Mujeres,1058690.0,2422583.0,43.7008763
2019,3,Guerrero,Hombres,896396.0,1193153.0,75.12833643
2019,3,Guerrero,Mujeres,589988.0,1360437.0,43.36753558
2019,3,Hidalgo,Hombres,795538.0,1057050.0,75.26020529
2019,3,Hidalgo,Mujeres,537108.0,1227322.0,43.76259857
2019,3,Jalisco,Hombres,2258332.0,2991061.0,75.50270623
2019,3,Jalisco,Mujeres,1516516.0,3244873.0,46.73575823
2019,3,México,Hombres,4459083.0,6124969.0,72.80172357
2019,3,México,Mujeres,2796273.0,6731288.0,41.54142565
2019,3,Michoacán,Hombres,1272539.0,1650291.0,77.10997636
2019,3,Michoacán,Mujeres,767388.0,1838451.0,41.74100914
2019,3,Morelos,Hombres,503549.0,716036.0,70.32453676
2019,3,Morelos,Mujeres,330335.0,811666.0,40.69839072
2019,3,Nayarit,Hombres,330413.0,437107.0,75.59087363
2019,3,Nayarit,Mujeres,235674.0,466133.0,50.5593897
2019,3,Nuevo León,Hombres,1601914.0,2171959.0,73.75433882
2019,3,Nuevo León,Mujeres,973147.0,2234028.0,43.5601971
2019,3,Oaxaca,Hombres,1003263.0,1322221.0,75.87710375
2019,3,Oaxaca,Mujeres,800163.0,1625945.0,49.21218122
2019,3,Puebla,Hombres,1787016.0,2246542.0,79.54518545
2019,3,Puebla,Mujeres,1165467.0,2589727.0,45.00346948
2019,3,Querétaro,Hombres,564680.0,841473.0,67.10613412
2019,3,Querétaro,Mujeres,357608.0,935966.0,38.20737078
2019,3,Quintana Roo,Hombres,547207.0,684886.0,79.89753039
2019,3,Quintana Roo,Mujeres,330323.0,708173.0,46.64439339
2019,3,San Luis Potosí,Hombres,756301.0,998055.0,75.77748721
2019,3,San Luis Potosí,Mujeres,470809.0,1107900.0,42.49562235
2019,3,Sinaloa,Hombres,809203.0,1136033.0,71.23058925
2019,3,Sinaloa,Mujeres,529516.0,1185284.0,44.67418779
2019,3,Sonora,Hombres,815156.0,1112943.0,73.2432838
2019,3,Sonora,Mujeres,535191.0,1121389.0,47.7257223
2019,3,Tabasco,Hombres,615448.0,840021.0,73.2657874
2019,3,Tabasco,Mujeres,340645.0,898989.0,37.8920098
2019,3,Tamaulipas,Hombres,950006.0,1261920.0,75.28258527
2019,3,Tamaulipas,Mujeres,617161.0,1374921.0,44.88701533
2019,3,Tlaxcala,Hombres,350099.0,457029.0,76.60323524
2019,3,Tlaxcala,Mujeres,243031.0,519719.0,46.76200023
2019,3,Veracruz,Hombres,2007176.0,2824728.0,71.0573195
2019,3,Veracruz,Mujeres,1121197.0,3256847.0,34.42584193
2019,3,Yucatán,Hombres,678092.0,850127.0,79.76361179
2019,3,Yucatán,Mujeres,445582.0,914543.0,48.72182063
2019,3,Zacatecas,Hombres,420076.0,558927.0,75.15757872
2019,3,Zacatecas,Mujeres,243846.0,607729.0,40.12413428
2019,4,Nacional,Hombres,33443544.0,44834942.0,74.59258897
2019,4,Nacional,Mujeres,21901717.0,49896526.0,43.89427232
2019,4,Aguascalientes,Hombres,364148.0,499391.0,72.91841463
2019,4,Aguascalientes,Mujeres,247350.0,555883.0,44.4967736
2019,4,Baja California,Hombres,1053333.0,1396524.0,75.42534178
2019,4,Baja California,Mujeres,703909.0,1462065.0,48.14484992
2019,4,Baja California Sur,Hombres,234487.0,298480.0,78.56037255
2019,4,Baja California Sur,Mujeres,161222.0,294773.0,54.69361169
2019,4,Campeche,Hombres,251895.0,328932.0,76.5796578
2019,4,Campeche,Mujeres,160059.0,356757.0,44.86499214
2019,4,Coahuila,Hombres,839458.0,1141216.0,73.55820458
2019,4,Coahuila,Mujeres,511903.0,1202827.0,42.55832302
2019,4,Colima,Hombres,205296.0,268225.0,76.53872682
2019,4,Colima,Mujeres,155135.0,289916.0,53.51032713
2019,4,Chiapas,Hombres,1433900.0,1727368.0,83.01068446
2019,4,Chiapas,Mujeres,648997.0,2016314.0,32.18729821
2019,4,Chihuahua,Hombres,1013557.0,1346995.0,75.24578785
2019,4,Chihuahua,Mujeres,668203.0,1437541.0,46.4823612
2019,4,Ciudad de México,Hombres,2497470.0,3524338.0,70.86352104
2019,4,Ciudad de México,Mujeres,2009539.0,4091733.0,49.11217325
2019,4,Durango,Hombres,481902.0,641928.0,75.071036
2019,4,Durango,Mujeres,297513.0,699173.0,42.55212944
2019,4,Guanajuato,Hombres,1568023.0,2076875.0,75.49915137
2019,4,Guanajuato,Mujeres,1095927.0,2394120.0,45.77577565
2019,4,Guerrero,Hombres,892523.0,1203887.0,74.1367753
2019,4,Guerrero,Mujeres,580826.0,1365190.0,42.54543324
2019,4,Hidalgo,Hombres,770354.0,1049477.0,73.40360961
2019,4,Hidalgo,Mujeres,534321.0,1241586.0,43.03535961
2019,4,Jalisco,Hombres,2291247.0,3022540.0,75.80534914
2019,4,Jalisco,Mujeres,1491937.0,3264543.0,45.70125129
2019,4,México,Hombres,4473361.0,6161660.0,72.59993249
2019,4,México,Mujeres,2896587.0,6799294.0,42.60129066
2019,4,Michoacán,Hombres,1259989.0,1651709.0,76.28395801
2019,4,Michoacán,Mujeres,783627.0,1851324.0,42.32792315
2019,4,Morelos,Hombres,496397.0,711544.0,69.76335968
2019,4,Morelos,Mujeres,334841.0,823246.0,40.6732617
2019,4,Nayarit,Hombres,326267.0,433322.0,75.29435385
2019,4,Nayarit,Mujeres,237381.0,470279.0,50.47663196
2019,4,Nuevo León,Hombres,1628978.0,2199809.0,74.05088351
2019,4,Nuevo León,Mujeres,1015231.0,2282028.0,44.48810444
2019,4,Oaxaca,Hombres,1009380.0,1309805.0,77.06337966
2019,4,Oaxaca,Mujeres,831774.0,1636669.0,50.82114954
2019,4,Puebla,Hombres,1774208.0,2263578.0,78.38068757
2019,4,Puebla,Mujeres,1151338.0,2599351.0,44.29328706
2019,4,Querétaro,Hombres,576569.0,853012.0,67.59213235
2019,4,Querétaro,Mujeres,371377.0,949628.0,39.10762951
2019,4,Quintana Roo,Hombres,549267.0,682396.0,80.49094661
2019,4,Quintana Roo,Mujeres,347814.0,714642.0,48.66968356
2019,4,San Luis Potosí,Hombres,752205.0,1002447.0,75.03688474
2019,4,San Luis Potosí,Mujeres,463801.0,1119275.0,41.43762704
2019,4,Sinaloa,Hombres,825789.0,1113910.0,74.13426578
2019,4,Sinaloa,Mujeres,548776.0,1199467.0,45.75165469
2019,4,Sonora,Hombres,821733.0,1102426.0,74.53860849
2019,4,Sonora,Mujeres,562424.0,1141395.0,49.27514138
2019,4,Tabasco,Hombres,616416.0,842214.0,73.18994935
2019,4,Tabasco,Mujeres,348045.0,913073.0,38.1179818
2019,4,Tamaulipas,Hombres,946036.0,1259929.0,75.08645328
2019,4,Tamaulipas,Mujeres,635513.0,1388701.0,45.76312684
2019,4,Tlaxcala,Hombres,350753.0,460080.0,76.2373935
2019,4,Tlaxcala,Mujeres,239820.0,524494.0,45.72406929
2019,4,Veracruz,Hombres,2038640.0,2842013.0,71.73225457
2019,4,Veracruz,Mujeres,1169837.0,3280385.0,35.66157631
2019,4,Yucatán,Hombres,680960.0,860922.0,79.09659644
2019,4,Yucatán,Mujeres,447510.0,917076.0,48.79748243
2019,4,Zacatecas,Hombres,419003.0,557990.0,75.09148909
2019,4,Zacatecas,Mujeres,249180.0,613778.0,40.59774055
2020,1,Nacional,Hombres,33275583.0,45076414.0,73.82038642
2020,1,Nacional,Mujeres,21782867.0,50075227.0,43.50028608
2020,1,Aguascalientes,Hombres,370490.0,507328.0,73.02770594
2020,1,Aguascalientes,Mujeres,240465.0,552894.0,43.49206177
2020,1,Baja California,Hombres,1036482.0,1393118.0,74.40015849
2020,1,Baja California,Mujeres,682590.0,1477225.0,46.20758517
2020,1,Baja California Sur,Hombres,236951.0,306648.0,77.27133391
2020,1,Baja California Sur,Mujeres,161156.0,293216.0,54.96153007
2020,1,Campeche,Hombres,256874.0,331634.0,77.45707617
2020,1,Campeche,Mujeres,158090.0,358297.0,44.12261336
2020,1,Coahuila,Hombres,826101.0,1154345.0,71.56448029
2020,1,Coahuila,Mujeres,503269.0,1205049.0,41.76336398
2020,1,Colima,Hombres,209597.0,271866.0,77.09570156
2020,1,Colima,Mujeres,150738.0,288782.0,52.19785167
2020,1,Chiapas,Hombres,1406272.0,1718532.0,81.82984082
2020,1,Chiapas,Mujeres,638334.0,2007149.0,31.8030201
2020,1,Chihuahua,Hombres,1003406.0,1361234.0,73.71296926
2020,1,Chihuahua,Mujeres,660483.0,1436600.0,45.97542809
2020,1,Ciudad de México,Hombres,2465825.0,3571673.0,69.03837501
2020,1,Ciudad de México,Mujeres,1973770.0,4072499.0,48.46581914
2020,1,Durango,Hombres,472832.0,645238.0,73.28024698
2020,1,Durango,Mujeres,290115.0,706554.0,41.06055588
2020,1,Guanajuato,Hombres,1530534.0,2079432.0,73.60346479
2020,1,Guanajuato,Mujeres,1063511.0,2387433.0,44.54621344
2020,1,Guerrero,Hombres,892136.0,1199254.0,74.39091302
2020,1,Guerrero,Mujeres,600393.0,1360209.0,44.13976087
2020,1,Hidalgo,Hombres,784579.0,1062451.0,73.84613502
2020,1,Hidalgo,Mujeres,525820.0,1239323.0,42.42800303
2020,1,Jalisco,Hombres,2274698.0,3039328.0,74.84213616
2020,1,Jalisco,Mujeres,1511244.0,3267820.0,46.24624367
2020,1,México,Hombres,4402117.0,6197052.0,71.03566341
2020,1,México,Mujeres,2834063.0,6819614.0,41.55752804
2020,1,Michoacán,Hombres,1275082.0,1634786.0,77.99687543
2020,1,Michoacán,Mujeres,806302.0,1859257.0,43.36689333
2020,1,Morelos,Hombres,504204.0,709183.0,71.09645888
2020,1,Morelos,Mujeres,346821.0,830494.0,41.76080742
2020,1,Nayarit,Hombres,333575.0,439429.0,75.91101179
2020,1,Nayarit,Mujeres,242376.0,467005.0,51.90008672
2020,1,Nuevo León,Hombres,1648632.0,2232727.0,73.83939013
2020,1,Nuevo León,Mujeres,1007925.0,2295204.0,43.91439715
2020,1,Oaxaca,Hombres,1000669.0,1329045.0,75.29233397
2020,1,Oaxaca,Mujeres,769004.0,1647483.0,46.67750745
2020,1,Puebla,Hombres,1738949.0,2275383.0,76.4244525
2020,1,Puebla,Mujeres,1157934.0,2622566.0,44.1527115
2020,1,Querétaro,Hombres,608112.0,866459.0,70.1835863
2020,1,Querétaro,Mujeres,390153.0,960455.0,40.62168451
2020,1,Quintana Roo,Hombres,551422.0,686048.0,80.37659173
2020,1,Quintana Roo,Mujeres,344036.0,723683.0,47.53959952
2020,1,San Luis Potosí,Hombres,754259.0,1010954.0,74.60863699
2020,1,San Luis Potosí,Mujeres,468571.0,1127891.0,41.54399672
2020,1,Sinaloa,Hombres,821396.0,1122302.0,73.18850007
2020,1,Sinaloa,Mujeres,544767.0,1199179.0,45.42833055
2020,1,Sonora,Hombres,817938.0,1122642.0,72.85831102
2020,1,Sonora,Mujeres,536046.0,1134840.0,47.2353812
2020,1,Tabasco,Hombres,620792.0,831974.0,74.61675485
2020,1,Tabasco,Mujeres,369493.0,926502.0,39.88043199
2020,1,Tamaulipas,Hombres,927154.0,1270674.0,72.96552853
2020,1,Tamaulipas,Mujeres,627926.0,1402431.0,44.7741101
2020,1,Tlaxcala,Hombres,344259.0,460880.0,74.69601632
2020,1,Tlaxcala,Mujeres,241288.0,528960.0,45.61554749
2020,1,Veracruz,Hombres,2084794.0,2829649.0,73.67677051
2020,1,Veracruz,Mujeres,1238821.0,3328985.0,37.21317459
2020,1,Yucatán,Hombres,673913.0,854964.0,78.8235528
2020,1,Yucatán,Mujeres,450986.0,920478.0,48.99476142
2020,1,Zacatecas,Hombres,401539.0,560182.0,71.68009683
2020,1,Zacatecas,Mujeres,246377.0,627150.0,39.28517898
2020,2,Nacional,Hombres,27075204.0,45124319.0,60.00135822
2020,2,Nacional,Mujeres,17639863.0,50257599.0,35.09889784
2020,2,Aguascalientes,Hombres,,,
2020,2,Aguascalientes,Mujeres,,,
2020,2,Baja California,Hombres,,,
2020,2,Baja California,Mujeres,,,
2020,2,Baja California Sur,Hombres,,,
2020,2,Baja California Sur,Mujeres,,,
2020,2,Campeche,Hombres,,,
2020,2,Campeche,Mujeres,,,
2020,2,Coahuila,Hombres,,,
2020,2,Coahuila,Mujeres,,,
2020,2,Colima,Hombres,,,
2020,2,Colima,Mujeres,,,
2020,2,Chiapas,Hombres,,,
2020,2,Chiapas,Mujeres,,,
2020,2,Chihuahua,Hombres,,,
2020,2,Chihuahua,Mujeres,,,
2020,2,Ciudad de México,Hombres,,,
2020,2,Ciudad de México,Mujeres,,,
2020,2,Durango,Hombres,,,
2020,2,Durango,Mujeres,,,
2020,2,Guanajuato,Hombres,,,
2020,2,Guanajuato,Mujeres,,,
2020,2,Guerrero,Hombres,,,
2020,2,Guerrero,Mujeres,,,
2020,2,Hidalgo,Hombres,,,
2020,2,Hidalgo,Mujeres,,,
2020,2,Jalisco,Hombres,,,
2020,2,Jalisco,Mujeres,,,
2020,2,México,Hombres,,,
2020,2,México,Mujeres,,,
2020,2,Michoacán,Hombres,,,
2020,2,Michoacán,Mujeres,,,
2020,2,Morelos,Hombres,,,
2020,2,Morelos,Mujeres,,,
2020,2,Nayarit,Hombres,,,
2020,2,Nayarit,Mujeres,,,
2020,2,Nuevo León,Hombres,,,
2020,2,Nuevo León,Mujeres,,,
2020,2,Oaxaca,Hombres,,,
2020,2,Oaxaca,Mujeres,,,
2020,2,Puebla,Hombres,,,
2020,2,Puebla,Mujeres,,,
2020,2,Querétaro,Hombres,,,
2020,2,Querétaro,Mujeres,,,
2020,2,Quintana Roo,Hombres,,,
2020,2,Quintana Roo,Mujeres,,,
2020,2,San Luis Potosí,Hombres,,,
2020,2,San Luis Potosí,Mujeres,,,
2020,2,Sinaloa,Hombres,,,
2020,2,Sinaloa,Mujeres,,,
2020,2,Sonora,Hombres,,,
2020,2,Sonora,Mujeres,,,
2020,2,Tabasco,Hombres,,,
2020,2,Tabasco,Mujeres,,,
2020,2,Tamaulipas,Hombres,,,
2020,2,Tamaulipas,Mujeres,,,
2020,2,Tlaxcala,Hombres,,,
2020,2,Tlaxcala,Mujeres,,,
2020,2,Veracruz,Hombres,,,
2020,2,Veracruz,Mujeres,,,
2020,2,Yucatán,Hombres,,,
2020,2,Yucatán,Mujeres,,,
2020,2,Zacatecas,Hombres,,,
2020,2,Zacatecas,Mujeres,,,
2020,3,Nacional,Hombres,31620116.0,45956648.0,68.8042261
2020,3,Nacional,Mujeres,19190597.0,50382749.0,38.08961873
2020,3,Aguascalientes,Hombres,359255.0,511199.0,70.27693716
2020,3,Aguascalientes,Mujeres,221810.0,555950.0,39.89747279
2020,3,Baja California,Hombres,991601.0,1438638.0,68.92637342
2020,3,Baja California,Mujeres,639674.0,1495016.0,42.78710061
2020,3,Baja California Sur,Hombres,205024.0,302382.0,67.80297769
2020,3,Baja California Sur,Mujeres,133457.0,301344.0,44.28725974
2020,3,Campeche,Hombres,240187.0,333851.0,71.94437039
2020,3,Campeche,Mujeres,133692.0,373833.0,35.76249288
2020,3,Coahuila,Hombres,800564.0,1172625.0,68.27110116
2020,3,Coahuila,Mujeres,484429.0,1214493.0,39.88734394
2020,3,Colima,Hombres,201108.0,280952.0,71.58091062
2020,3,Colima,Mujeres,127752.0,290881.0,43.91899093
2020,3,Chiapas,Hombres,1391193.0,1800671.0,77.2596993
2020,3,Chiapas,Mujeres,546271.0,2032118.0,26.8818543
2020,3,Chihuahua,Hombres,1010683.0,1392990.0,72.55493579
2020,3,Chihuahua,Mujeres,640502.0,1465295.0,43.71147107
2020,3,Ciudad de México,Hombres,2024362.0,3564094.0,56.79878252
2020,3,Ciudad de México,Mujeres,1576632.0,4128998.0,38.18437306
2020,3,Durango,Hombres,487751.0,667677.0,73.05193979
2020,3,Durango,Mujeres,281166.0,713416.0,39.41122711
2020,3,Guanajuato,Hombres,1510210.0,2122235.0,71.16129929
2020,3,Guanajuato,Mujeres,964083.0,2409327.0,40.01461819
2020,3,Guerrero,Hombres,888000.0,1219126.0,72.83906668
2020,3,Guerrero,Mujeres,534911.0,1348198.0,39.67599715
2020,3,Hidalgo,Hombres,770245.0,1085923.0,70.92998307
2020,3,Hidalgo,Mujeres,444791.0,1267386.0,35.0951486
2020,3,Jalisco,Hombres,2188167.0,3053002.0,71.67263566
2020,3,Jalisco,Mujeres,1383578.0,3309507.0,41.8061663
2020,3,México,Hombres,4131913.0,6330340.0,65.27158099
2020,3,México,Mujeres,2395541.0,6827239.0,35.08799091
2020,3,Michoacán,Hombres,1217440.0,1634216.0,74.49688413
2020,3,Michoacán,Mujeres,685439.0,1846225.0,37.12651492
2020,3,Morelos,Hombres,482151.0,731784.0,65.88706504
2020,3,Morelos,Mujeres,327746.0,836486.0,39.18128935
2020,3,Nayarit,Hombres,361190.0,448906.0,80.46005177
2020,3,Nayarit,Mujeres,233328.0,456079.0,51.15955788
2020,3,Nuevo León,Hombres,1616779.0,2312109.0,69.92659083
2020,3,Nuevo León,Mujeres,950504.0,2308355.0,41.1766821
2020,3,Oaxaca,Hombres,1017380.0,1388010.0,73.29774281
2020,3,Oaxaca,Mujeres,728947.0,1665655.0,43.76338437
2020,3,Puebla,Hombres,1662146.0,2367509.0,70.20653353
2020,3,Puebla,Mujeres,1023305.0,2526803.0,40.49801271
2020,3,Querétaro,Hombres,548377.0,873935.0,62.74803046
2020,3,Querétaro,Mujeres,353665.0,983072.0,35.97549315
2020,3,Quintana Roo,Hombres,462919.0,708488.0,65.33900362
2020,3,Quintana Roo,Mujeres,277693.0,730588.0,38.0095211
2020,3,San Luis Potosí,Hombres,734805.0,1012833.0,72.54947262
2020,3,San Luis Potosí,Mujeres,429513.0,1158847.0,37.06382292
2020,3,Sinaloa,Hombres,727725.0,1130393.0,64.37805259
2020,3,Sinaloa,Mujeres,445955.0,1167298.0,38.20404044
2020,3,Sonora,Hombres,719597.0,1135597.0,63.36728611
2020,3,Sonora,Mujeres,438902.0,1146649.0,38.27692694
2020,3,Tabasco,Hombres,552995.0,826437.0,66.91314643
2020,3,Tabasco,Mujeres,267884.0,933529.0,28.69584126
2020,3,Tamaulipas,Hombres,901264.0,1278878.0,70.47302401
2020,3,Tamaulipas,Mujeres,567898.0,1433231.0,39.62361964
2020,3,Tlaxcala,Hombres,324189.0,460584.0,70.3865093
2020,3,Tlaxcala,Mujeres,205698.0,526802.0,39.0465488
2020,3,Veracruz,Hombres,1987723.0,2922941.0,68.0042122
2020,3,Veracruz,Mujeres,1111957.0,3410204.0,32.60675901
2020,3,Yucatán,Hombres,678332.0,900471.0,75.3307991
2020,3,Yucatán,Mujeres,398348.0,896579.0,44.42977139
2020,3,Zacatecas,Hombres,424841.0,547852.0,77.54667319
2020,3,Zacatecas,Mujeres,235526.0,623346.0,37.78415198
2020,4,Nacional,Hombres,32457256.0,45876630.0,70.74899791
2020,4,Nacional,Mujeres,20666815.0,50763490.0,40.71196642
2020,4,Aguascalientes,Hombres,350289.0,511650.0,68.46262093
2020,4,Aguascalientes,Mujeres,235503.0,558456.0,42.1703769
2020,4,Baja California,Hombres,1022785.0,1456614.0,70.21661195
2020,4,Baja California,Mujeres,654042.0,1446729.0,45.20832858
2020,4,Baja California Sur,Hombres,226060.0,310315.0,72.84855711
2020,4,Baja California Sur,Mujeres,145513.0,308116.0,47.22669384
2020,4,Campeche,Hombres,255391.0,335962.0,76.01782344
2020,4,Campeche,Mujeres,147217.0,362616.0,40.59859466
2020,4,Coahuila,Hombres,834702.0,1179860.0,70.7458512
2020,4,Coahuila,Mujeres,505874.0,1213645.0,41.68220526
2020,4,Colima,Hombres,200485.0,272314.0,73.62272964
2020,4,Colima,Mujeres,136181.0,299135.0,45.52493022
2020,4,Chiapas,Hombres,1447528.0,1813927.0,79.80078581
2020,4,Chiapas,Mujeres,593472.0,2058101.0,28.83590261
2020,4,Chihuahua,Hombres,1004585.0,1370010.0,73.32683703
2020,4,Chihuahua,Mujeres,641915.0,1474016.0,43.54871318
2020,4,Ciudad de México,Hombres,2157907.0,3555959.0,60.68424861
2020,4,Ciudad de México,Mujeres,1732546.0,4107338.0,42.18172451
2020,4,Durango,Hombres,476857.0,658308.0,72.43676212
2020,4,Durango,Mujeres,284913.0,699479.0,40.73217352
2020,4,Guanajuato,Hombres,1543768.0,2120853.0,72.78995763
2020,4,Guanajuato,Mujeres,1046479.0,2454359.0,42.63756851
2020,4,Guerrero,Hombres,930587.0,1243135.0,74.85808058
2020,4,Guerrero,Mujeres,554831.0,1340502.0,41.38979278
2020,4,Hidalgo,Hombres,765664.0,1086170.0,70.49209608
2020,4,Hidalgo,Mujeres,493112.0,1259620.0,39.14767946
2020,4,Jalisco,Hombres,2214905.0,3033125.0,73.02386153
2020,4,Jalisco,Mujeres,1432807.0,3330212.0,43.02449814
2020,4,México,Hombres,4203999.0,6332986.0,66.38257214
2020,4,México,Mujeres,2656423.0,6962866.0,38.15128713
2020,4,Michoacán,Hombres,1218107.0,1612286.0,75.55154607
2020,4,Michoacán,Mujeres,709763.0,1867461.0,38.00684459
2020,4,Morelos,Hombres,491615.0,731093.0,67.24383902
2020,4,Morelos,Mujeres,343312.0,833561.0,41.18618793
2020,4,Nayarit,Hombres,352340.0,439931.0,80.08983227
2020,4,Nayarit,Mujeres,255716.0,458791.0,55.73692596
2020,4,Nuevo León,Hombres,1646560.0,2302107.0,71.52404297
2020,4,Nuevo León,Mujeres,1000032.0,2351761.0,42.52268832
2020,4,Oaxaca,Hombres,1086070.0,1401522.0,77.4921835
2020,4,Oaxaca,Mujeres,777524.0,1686012.0,46.1161605
2020,4,Puebla,Hombres,1656774.0,2358323.0,70.25220888
2020,4,Puebla,Mujeres,1120054.0,2623006.0,42.70116042
2020,4,Querétaro,Hombres,592067.0,875049.0,67.66101098
2020,4,Querétaro,Mujeres,394081.0,992255.0,39.71569808
2020,4,Quintana Roo,Hombres,503045.0,704965.0,71.35744328
2020,4,Quintana Roo,Mujeres,302166.0,723667.0,41.75484028
2020,4,San Luis Potosí,Hombres,747866.0,1027809.0,72.76313011
2020,4,San Luis Potosí,Mujeres,460064.0,1146102.0,40.14162788
2020,4,Sinaloa,Hombres,782475.0,1134250.0,68.98611417
2020,4,Sinaloa,Mujeres,484877.0,1215943.0,39.87662251
2020,4,Sonora,Hombres,795041.0,1116774.0,71.19085867
2020,4,Sonora,Mujeres,531834.0,1166451.0,45.59419984
2020,4,Tabasco,Hombres,560422.0,847394.0,66.1347614
2020,4,Tabasco,Mujeres,305871.0,935494.0,32.69620115
2020,4,Tamaulipas,Hombres,918209.0,1275180.0,72.00622657
2020,4,Tamaulipas,Mujeres,627054.0,1451051.0,43.21378091
2020,4,Tlaxcala,Hombres,341866.0,468103.0,73.03221727
2020,4,Tlaxcala,Mujeres,228453.0,542945.0,42.0766376
2020,4,Veracruz,Hombres,2000712.0,2842562.0,70.38411123
2020,4,Veracruz,Mujeres,1187922.0,3354988.0,35.40763782
2020,4,Yucatán,Hombres,704385.0,906326.0,77.71872373
2020,4,Yucatán,Mujeres,426234.0,905621.0,47.06538386
2020,4,Zacatecas,Hombres,424190.0,551768.0,76.87832567
2020,4,Zacatecas,Mujeres,251030.0,633191.0,39.64522553
2021,1,Nacional,Hombres,32671161.0,46056801.0,70.93667013
2021,1,Nacional,Mujeres,20302109.0,50884068.0,39.89875377
2021,1,Aguascalientes,Hombres,360857.0,508708.0,70.93597899
2021,1,Aguascalientes,Mujeres,235035.0,560580.0,41.92711121
2021,1,Baja California,Hombres,1022533.0,1447993.0,70.61726127
2021,1,Baja California,Mujeres,665201.0,1502493.0,44.27315136
2021,1,Baja California Sur,Hombres,225860.0,308826.0,73.13503397
2021,1,Baja California Sur,Mujeres,157493.0,313559.0,50.22754888
2021,1,Campeche,Hombres,267095.0,340949.0,78.33869582
2021,1,Campeche,Mujeres,158925.0,363417.0,43.73075558
2021,1,Coahuila,Hombres,837300.0,1174504.0,71.28966781
2021,1,Coahuila,Mujeres,509519.0,1218632.0,41.81073532
2021,1,Colima,Hombres,202119.0,275964.0,73.24107492
2021,1,Colima,Mujeres,151435.0,298018.0,50.81404479
2021,1,Chiapas,Hombres,1439906.0,1826701.0,78.82548923
2021,1,Chiapas,Mujeres,623719.0,2058473.0,30.30008166
2021,1,Chihuahua,Hombres,989290.0,1381158.0,71.62757628
2021,1,Chihuahua,Mujeres,615485.0,1471520.0,41.82647874
2021,1,Ciudad de México,Hombres,2178955.0,3578061.0,60.8976482
2021,1,Ciudad de México,Mujeres,1691499.0,4168688.0,40.57629163
2021,1,Durango,Hombres,474551.0,651707.0,72.81661851
2021,1,Durango,Mujeres,295678.0,716125.0,41.28860185
2021,1,Guanajuato,Hombres,1541905.0,2158728.0,71.42655304
2021,1,Guanajuato,Mujeres,983717.0,2454788.0,40.07339941
2021,1,Guerrero,Hombres,841783.0,1200946.0,70.09332643
2021,1,Guerrero,Mujeres,550204.0,1370073.0,40.15873607
2021,1,Hidalgo,Hombres,747911.0,1096386.0,68.21602976
2021,1,Hidalgo,Mujeres,481089.0,1268722.0,37.91918166
2021,1,Jalisco,Hombres,2265715.0,3045117.0,74.40485866
2021,1,Jalisco,Mujeres,1469881.0,3357141.0,43.78371358
2021,1,México,Hombres,4288623.0,6367559.0,67.35113094
2021,1,México,Mujeres,2495659.0,6886758.0,36.23851746
2021,1,Michoacán,Hombres,1238187.0,1665216.0,74.35593941
2021,1,Michoacán,Mujeres,700920.0,1867442.0,37.53369583
2021,1,Morelos,Hombres,479895.0,730928.0,65.65557757
2021,1,Morelos,Mujeres,326755.0,841105.0,38.84830075
2021,1,Nayarit,Hombres,388965.0,472635.0,82.29712146
2021,1,Nayarit,Mujeres,245333.0,471956.0,51.9821763
2021,1,Nuevo León,Hombres,1671629.0,2350728.0,71.11111962
2021,1,Nuevo León,Mujeres,977876.0,2372962.0,41.20908805
2021,1,Oaxaca,Hombres,1044482.0,1378077.0,75.79271695
2021,1,Oaxaca,Mujeres,779042.0,1695446.0,45.9490895
2021,1,Puebla,Hombres,1741936.0,2344260.0,74.30643359
2021,1,Puebla,Mujeres,1035862.0,2635156.0,39.30932362
2021,1,Querétaro,Hombres,605485.0,878979.0,68.88503593
2021,1,Querétaro,Mujeres,354855.0,976676.0,36.33292924
2021,1,Quintana Roo,Hombres,529298.0,721996.0,73.31037845
2021,1,Quintana Roo,Mujeres,314324.0,718760.0,43.73142635
2021,1,San Luis Potosí,Hombres,721089.0,1003561.0,71.85303136
2021,1,San Luis Potosí,Mujeres,474656.0,1167698.0,40.6488664
2021,1,Sinaloa,Hombres,816468.0,1163407.0,70.1790517
2021,1,Sinaloa,Mujeres,498803.0,1181205.0,42.22831769
2021,1,Sonora,Hombres,773422.0,1092710.0,70.7801704
2021,1,Sonora,Mujeres,523660.0,1164440.0,44.97097317
2021,1,Tabasco,Hombres,582050.0,835695.0,69.64861582
2021,1,Tabasco,Mujeres,327375.0,920047.0,35.58242133
2021,1,Tamaulipas,Hombres,922630.0,1287625.0,71.65362586
2021,1,Tamaulipas,Mujeres,602904.0,1439701.0,41.87702863
2021,1,Tlaxcala,Hombres,328483.0,468903.0,70.05350787
2021,1,Tlaxcala,Mujeres,222910.0,543702.0,40.99856171
2021,1,Veracruz,Hombres,2040458.0,2853297.0,71.51228912
2021,1,Veracruz,Mujeres,1130648.0,3320495.0,34.05058583
2021,1,Yucatán,Hombres,691383.0,890589.0,77.63210639
2021,1,Yucatán,Mujeres,457081.0,923128.0,49.51436854
2021,1,Zacatecas,Hombres,410898.0,554888.0,74.05061922
2021,1,Zacatecas,Mujeres,244566.0,635162.0,38.50450751
2021,2,Nacional,Hombres,33577390.0,46213616.0,72.65691999
2021,2,Nacional,Mujeres,21665358.0,51449144.0,42.11023997
2021,2,Aguascalientes,Hombres,361768.0,511761.0,70.69081075
2021,2,Aguascalientes,Mujeres,245633.0,564804.0,43.48995404
2021,2,Baja California,Hombres,1073704.0,1490165.0,72.05269215
2021,2,Baja California,Mujeres,690783.0,1514323.0,45.61662208
2021,2,Baja California Sur,Hombres,240077.0,312281.0,76.87851646
2021,2,Baja California Sur,Mujeres,167822.0,321138.0,52.2585306
2021,2,Campeche,Hombres,265849.0,339557.0,78.29289339
2021,2,Campeche,Mujeres,164524.0,363162.0,45.30319802
2021,2,Coahuila,Hombres,865450.0,1175471.0,73.62580617
2021,2,Coahuila,Mujeres,530787.0,1235737.0,42.95307173
2021,2,Colima,Hombres,211359.0,276381.0,76.47378076
2021,2,Colima,Mujeres,157548.0,297380.0,52.97868048
2021,2,Chiapas,Hombres,1518756.0,1859486.0,81.6761191
2021,2,Chiapas,Mujeres,678717.0,2093765.0,32.41610209
2021,2,Chihuahua,Hombres,1033093.0,1402793.0,73.6454345
2021,2,Chihuahua,Mujeres,644660.0,1478733.0,43.59542933
2021,2,Ciudad de México,Hombres,2344779.0,3610346.0,64.94610212
2021,2,Ciudad de México,Mujeres,1772648.0,4151850.0,42.69537676
2021,2,Durango,Hombres,494567.0,665339.0,74.33308434
2021,2,Durango,Mujeres,309859.0,708108.0,43.75872042
2021,2,Guanajuato,Hombres,1569758.0,2155928.0,72.81124416
2021,2,Guanajuato,Mujeres,1073672.0,2504609.0,42.86784883
2021,2,Guerrero,Hombres,900449.0,1202031.0,74.91063042
2021,2,Guerrero,Mujeres,607810.0,1389008.0,43.75856727
2021,2,Hidalgo,Hombres,785968.0,1084042.0,72.50346389
2021,2,Hidalgo,Mujeres,510694.0,1288515.0,39.63430771
2021,2,Jalisco,Hombres,2313882.0,3042102.0,76.06194664
2021,2,Jalisco,Mujeres,1510818.0,3383746.0,44.64927332
2021,2,México,Hombres,4407976.0,6328577.0,69.65192965
2021,2,México,Mujeres,2868904.0,7082243.0,40.50840955
2021,2,Michoacán,Hombres,1237056.0,1682986.0,73.50364174
2021,2,Michoacán,Mujeres,764268.0,1896982.0,40.28862688
2021,2,Morelos,Hombres,506067.0,740170.0,68.37172541
2021,2,Morelos,Mujeres,327362.0,826954.0,39.58648244
2021,2,Nayarit,Hombres,382771.0,470191.0,81.40755565
2021,2,Nayarit,Mujeres,226774.0,457074.0,49.61428565
2021,2,Nuevo León,Hombres,1715471.0,2337845.0,73.37830352
2021,2,Nuevo León,Mujeres,1051010.0,2377674.0,44.20328439
2021,2,Oaxaca,Hombres,1056486.0,1401945.0,75.3585911
2021,2,Oaxaca,Mujeres,758070.0,1715923.0,44.1785558
2021,2,Puebla,Hombres,1730598.0,2304379.0,75.10040666
2021,2,Puebla,Mujeres,1173697.0,2694528.0,43.5585379
2021,2,Querétaro,Hombres,599934.0,875434.0,68.52989489
2021,2,Querétaro,Mujeres,392300.0,985952.0,39.78895524
2021,2,Quintana Roo,Hombres,548727.0,730445.0,75.12228847
2021,2,Quintana Roo,Mujeres,314762.0,725765.0,43.36968578
2021,2,San Luis Potosí,Hombres,757157.0,1032437.0,73.33687189
2021,2,San Luis Potosí,Mujeres,487772.0,1146220.0,42.55483241
2021,2,Sinaloa,Hombres,823637.0,1168285.0,70.49966404
2021,2,Sinaloa,Mujeres,509314.0,1212132.0,42.01803104
2021,2,Sonora,Hombres,806040.0,1095358.0,73.58690036
2021,2,Sonora,Mujeres,554870.0,1175867.0,47.18815989
2021,2,Tabasco,Hombres,607914.0,840330.0,72.3422941
2021,2,Tabasco,Mujeres,332013.0,918114.0,36.1625027
2021,2,Tamaulipas,Hombres,943322.0,1299959.0,72.56551937
2021,2,Tamaulipas,Mujeres,653412.0,1438868.0,45.41153184
2021,2,Tlaxcala,Hombres,343626.0,471365.0,72.90019412
2021,2,Tlaxcala,Mujeres,244199.0,542352.0,45.02592412
2021,2,Veracruz,Hombres,2044225.0,2888330.0,70.77532692
2021,2,Veracruz,Mujeres,1211893.0,3385551.0,35.79603438
2021,2,Yucatán,Hombres,679811.0,873130.0,77.85908169
2021,2,Yucatán,Mujeres,479285.0,941844.0,50.88793898
2021,2,Zacatecas,Hombres,407113.0,544767.0,74.73158249
2021,2,Zacatecas,Mujeres,249478.0,630223.0,39.58567047
2021,3,Nacional,Hombres,34000830.0,46458594.0,73.18523242
2021,3,Nacional,Mujeres,21835400.0,51659777.0,42.26770085
2021,3,Aguascalientes,Hombres,374199.0,518235.0,72.20643145
2021,3,Aguascalientes,Mujeres,245871.0,576134.0,42.6760094
2021,3,Baja California,Hombres,1073235.0,1484357.0,72.30302414
2021,3,Baja California,Mujeres,688166.0,1504282.0,45.7471405
2021,3,Baja California Sur,Hombres,240654.0,320999.0,74.97032701
2021,3,Baja California Sur,Mujeres,165678.0,314179.0,52.73363274
2021,3,Campeche,Hombres,263849.0,341410.0,77.28215342
2021,3,Campeche,Mujeres,154303.0,365108.0,42.26228951
2021,3,Coahuila,Hombres,875940.0,1195733.0,73.25548429
2021,3,Coahuila,Mujeres,539504.0,1244134.0,43.36381772
2021,3,Colima,Hombres,218747.0,285669.0,76.57358691
2021,3,Colima,Mujeres,164391.0,304315.0,54.02001216
2021,3,Chiapas,Hombres,1478728.0,1825799.0,80.99073337
2021,3,Chiapas,Mujeres,620083.0,2090308.0,29.66467143
2021,3,Chihuahua,Hombres,1058280.0,1409631.0,75.07496643
2021,3,Chihuahua,Mujeres,662774.0,1481330.0,44.74181985
2021,3,Ciudad de México,Hombres,2423314.0,3617904.0,66.98115815
2021,3,Ciudad de México,Mujeres,1970545.0,4174088.0,47.20899511
2021,3,Durango,Hombres,490296.0,649462.0,75.49263852
2021,3,Durango,Mujeres,316569.0,711682.0,44.48180508
2021,3,Guanajuato,Hombres,1593259.0,2157225.0,73.85687631
2021,3,Guanajuato,Mujeres,1083775.0,2507984.0,43.21299498
2021,3,Guerrero,Hombres,919048.0,1203737.0,76.34956805
2021,3,Guerrero,Mujeres,583431.0,1390583.0,41.95585593
2021,3,Hidalgo,Hombres,784473.0,1089769.0,71.98525559
2021,3,Hidalgo,Mujeres,552921.0,1296776.0,42.63812717
2021,3,Jalisco,Hombres,2335109.0,3091885.0,75.52379859
2021,3,Jalisco,Mujeres,1490308.0,3389451.0,43.96900855
2021,3,México,Hombres,4603612.0,6410061.0,71.81853652
2021,3,México,Mujeres,2889887.0,7131686.0,40.52179246
2021,3,Michoacán,Hombres,1312219.0,1719561.0,76.31127945
2021,3,Michoacán,Mujeres,813399.0,1925912.0,42.23448423
2021,3,Morelos,Hombres,506233.0,731022.0,69.25003625
2021,3,Morelos,Mujeres,330510.0,834718.0,39.59540827
2021,3,Nayarit,Hombres,341802.0,448281.0,76.24726455
2021,3,Nayarit,Mujeres,238561.0,480507.0,49.64776788
2021,3,Nuevo León,Hombres,1712519.0,2331632.0,73.44722495
2021,3,Nuevo León,Mujeres,1021720.0,2366014.0,43.18317643
2021,3,Oaxaca,Hombres,1041786.0,1414532.0,73.64881106
2021,3,Oaxaca,Mujeres,710915.0,1694889.0,41.94463472
2021,3,Puebla,Hombres,1709317.0,2288642.0,74.6869541
2021,3,Puebla,Mujeres,1163761.0,2729882.0,42.63045069
2021,3,Querétaro,Hombres,622991.0,871342.0,71.4978734
2021,3,Querétaro,Mujeres,405415.0,1005113.0,40.33526579
2021,3,Quintana Roo,Hombres,559368.0,721732.0,77.50356088
2021,3,Quintana Roo,Mujeres,327498.0,738338.0,44.35610791
2021,3,San Luis Potosí,Hombres,750776.0,1007924.0,74.48736214
2021,3,San Luis Potosí,Mujeres,505911.0,1149208.0,44.02257903
2021,3,Sinaloa,Hombres,789334.0,1133947.0,69.60942619
2021,3,Sinaloa,Mujeres,518560.0,1248668.0,41.52905336
2021,3,Sonora,Hombres,813041.0,1112641.0,73.07307568
2021,3,Sonora,Mujeres,565382.0,1182703.0,47.80422473
2021,3,Tabasco,Hombres,602062.0,857151.0,70.23989939
2021,3,Tabasco,Mujeres,340762.0,951747.0,35.80384283
2021,3,Tamaulipas,Hombres,956434.0,1318912.0,72.51689271
2021,3,Tamaulipas,Mujeres,644108.0,1437980.0,44.79255622
2021,3,Tlaxcala,Hombres,348470.0,473622.0,73.57555181
2021,3,Tlaxcala,Mujeres,243921.0,540733.0,45.10932383
2021,3,Veracruz,Hombres,2095032.0,2989375.0,70.08260924
2021,3,Veracruz,Mujeres,1172087.0,3322799.0,35.2740867
2021,3,Yucatán,Hombres,685362.0,888159.0,77.16658841
2021,3,Yucatán,Mujeres,444683.0,933291.0,47.64676826
2021,3,Zacatecas,Hombres,421341.0,548243.0,76.85296483
2021,3,Zacatecas,Mujeres,260001.0,635235.0,40.92989209
2021,4,Nacional,Hombres,34289260.0,46539862.0,73.67718452
2021,4,Nacional,Mujeres,22321951.0,51944490.0,42.97270221
2021,4,Aguascalientes,Hombres,378317.0,522505.0,72.4044746
2021,4,Aguascalientes,Mujeres,252380.0,583485.0,43.25389684
2021,4,Baja California,Hombres,1086268.0,1489903.0,72.90863902
2021,4,Baja California,Mujeres,703836.0,1507499.0,46.6889862
2021,4,Baja California Sur,Hombres,251012.0,324412.0,77.37444977
2021,4,Baja California Sur,Mujeres,166622.0,315875.0,52.74934705
2021,4,Campeche,Hombres,263216.0,345020.0,76.29007014
2021,4,Campeche,Mujeres,157884.0,369835.0,42.69038896
2021,4,Coahuila,Hombres,869610.0,1191126.0,73.00738965
2021,4,Coahuila,Mujeres,552104.0,1268953.0,43.50862483
2021,4,Colima,Hombres,223188.0,286285.0,77.96007475
2021,4,Colima,Mujeres,166247.0,305384.0,54.43867393
2021,4,Chiapas,Hombres,1448841.0,1785725.0,81.13460919
2021,4,Chiapas,Mujeres,709564.0,2118714.0,33.49031535
2021,4,Chihuahua,Hombres,1050801.0,1408278.0,74.61602042
2021,4,Chihuahua,Mujeres,675538.0,1477525.0,45.72091843
2021,4,Ciudad de México,Hombres,2482984.0,3635935.0,68.2901097
2021,4,Ciudad de México,Mujeres,1982122.0,4152856.0,47.72912906
2021,4,Durango,Hombres,490190.0,649779.0,75.43949558
2021,4,Durango,Mujeres,317145.0,720481.0,44.01850986
2021,4,Guanajuato,Hombres,1632693.0,2190888.0,74.52197465
2021,4,Guanajuato,Mujeres,1057021.0,2512633.0,42.06826067
2021,4,Guerrero,Hombres,909289.0,1195162.0,76.08081582
2021,4,Guerrero,Mujeres,575900.0,1398320.0,41.18513645
2021,4,Hidalgo,Hombres,801863.0,1087132.0,73.75948827
2021,4,Hidalgo,Mujeres,565987.0,1324894.0,42.71941755
2021,4,Jalisco,Hombres,2398692.0,3139188.0,76.41122481
2021,4,Jalisco,Mujeres,1525920.0,3374601.0,45.21779019
2021,4,México,Hombres,4613785.0,6373953.0,72.38498621
2021,4,México,Mujeres,2996155.0,7219325.0,41.50187171
2021,4,Michoacán,Hombres,1305111.0,1717564.0,75.98616413
2021,4,Michoacán,Mujeres,805822.0,1947894.0,41.36888352
2021,4,Morelos,Hombres,493277.0,725360.0,68.00443918
2021,4,Morelos,Mujeres,337105.0,836341.0,40.30712353
2021,4,Nayarit,Hombres,350322.0,454275.0,77.11672445
2021,4,Nayarit,Mujeres,243607.0,481886.0,50.55282785
2021,4,Nuevo León,Hombres,1724947.0,2342064.0,73.65072005
2021,4,Nuevo León,Mujeres,1059373.0,2391633.0,44.29496499
2021,4,Oaxaca,Hombres,1066764.0,1437347.0,74.2175689
2021,4,Oaxaca,Mujeres,759508.0,1707383.0,44.48375086
2021,4,Puebla,Hombres,1719797.0,2318044.0,74.19173234
2021,4,Puebla,Mujeres,1207987.0,2723270.0,44.35795937
2021,4,Querétaro,Hombres,596115.0,869760.0,68.53787252
2021,4,Querétaro,Mujeres,403449.0,1014296.0,39.77625861
2021,4,Quintana Roo,Hombres,549514.0,712104.0,77.1676609
2021,4,Quintana Roo,Mujeres,346470.0,747886.0,46.32657918
2021,4,San Luis Potosí,Hombres,755367.0,1023312.0,73.81590365
2021,4,San Luis Potosí,Mujeres,516339.0,1153959.0,44.74500394
2021,4,Sinaloa,Hombres,826615.0,1177182.0,70.21981308
2021,4,Sinaloa,Mujeres,515768.0,1251391.0,41.21557531
2021,4,Sonora,Hombres,816760.0,1094364.0,74.633303
2021,4,Sonora,Mujeres,582521.0,1182765.0,49.25078101
2021,4,Tabasco,Hombres,613959.0,857013.0,71.63940337
2021,4,Tabasco,Mujeres,339762.0,959196.0,35.42154054
2021,4,Tamaulipas,Hombres,971548.0,1336113.0,72.71450843
2021,4,Tamaulipas,Mujeres,656539.0,1420943.0,46.20445718
2021,4,Tlaxcala,Hombres,349772.0,471531.0,74.17794376
2021,4,Tlaxcala,Mujeres,245157.0,544462.0,45.02738483
2021,4,Veracruz,Hombres,2131832.0,2929842.0,72.76269505
2021,4,Veracruz,Mujeres,1151409.0,3347312.0,34.39801847
2021,4,Yucatán,Hombres,689720.0,895597.0,77.01231692
2021,4,Yucatán,Mujeres,476803.0,940224.0,50.71163893
2021,4,Zacatecas,Hombres,427091.0,553099.0,77.21782176
2021,4,Zacatecas,Mujeres,269907.0,643269.0,41.95865182
2022,1,Nacional,Hombres,33997934.0,46496943.0,73.11864352
2022,1,Nacional,Mujeres,22081189.0,52383921.0,42.15260824
2022,1,Aguascalientes,Hombres,379297.0,520126.0,72.92406071
2022,1,Aguascalientes,Mujeres,245441.0,587667.0,41.76531948
2022,1,Baja California,Hombres,1062402.0,1458742.0,72.83001381
2022,1,Baja California,Mujeres,707841.0,1543601.0,45.85647457
2022,1,Baja California Sur,Hombres,248239.0,325547.0,76.25289129
2022,1,Baja California Sur,Mujeres,172527.0,319558.0,53.98926017
2022,1,Campeche,Hombres,264073.0,346260.0,76.26436782
2022,1,Campeche,Mujeres,158618.0,370879.0,42.76812653
2022,1,Coahuila,Hombres,868646.0,1193023.0,72.81049904
2022,1,Coahuila,Mujeres,545222.0,1271437.0,42.88234494
2022,1,Colima,Hombres,221932.0,287822.0,77.10737887
2022,1,Colima,Mujeres,158110.0,308176.0,51.30509839
2022,1,Chiapas,Hombres,1462738.0,1800826.0,81.22594854
2022,1,Chiapas,Mujeres,641490.0,2143345.0,29.92938608
2022,1,Chihuahua,Hombres,1041952.0,1394485.0,74.71948425
2022,1,Chihuahua,Mujeres,648005.0,1498934.0,43.2310562
2022,1,Ciudad de México,Hombres,2439094.0,3604167.0,67.67427813
2022,1,Ciudad de México,Mujeres,1946624.0,4148738.0,46.92087088
2022,1,Durango,Hombres,482340.0,650477.0,74.15173788
2022,1,Durango,Mujeres,309916.0,723405.0,42.84128531
2022,1,Guanajuato,Hombres,1641914.0,2230022.0,73.62770412
2022,1,Guanajuato,Mujeres,1062668.0,2536352.0,41.89749688
2022,1,Guerrero,Hombres,819846.0,1151278.0,71.21181852
2022,1,Guerrero,Mujeres,532676.0,1410268.0,37.7712605
2022,1,Hidalgo,Hombres,782465.0,1074704.0,72.80748932
2022,1,Hidalgo,Mujeres,559231.0,1353330.0,41.32258946
2022,1,Jalisco,Hombres,2388048.0,3159598.0,75.58075426
2022,1,Jalisco,Mujeres,1555679.0,3394172.0,45.83382928
2022,1,México,Hombres,4547285.0,6405390.0,70.99153994
2022,1,México,Mujeres,2987010.0,7247583.0,41.21387779
2022,1,Michoacán,Hombres,1327601.0,1719938.0,77.18888704
2022,1,Michoacán,Mujeres,840426.0,1990528.0,42.22125989
2022,1,Morelos,Hombres,496848.0,720641.0,68.94528621
2022,1,Morelos,Mujeres,336469.0,838691.0,40.1183511
2022,1,Nayarit,Hombres,349694.0,454335.0,76.96831633
2022,1,Nayarit,Mujeres,245361.0,488414.0,50.23627496
2022,1,Nuevo León,Hombres,1702601.0,2338920.0,72.79432388
2022,1,Nuevo León,Mujeres,1034214.0,2397746.0,43.13275885
2022,1,Oaxaca,Hombres,1049087.0,1405195.0,74.65775213
2022,1,Oaxaca,Mujeres,805721.0,1714300.0,47.0
2022,1,Puebla,Hombres,1778065.0,2358396.0,75.39297896
2022,1,Puebla,Mujeres,1151959.0,2738658.0,42.06290088
2022,1,Querétaro,Hombres,618671.0,885964.0,69.83026398
2022,1,Querétaro,Mujeres,396400.0,1030304.0,38.47408144
2022,1,Quintana Roo,Hombres,561180.0,726852.0,77.2069142
2022,1,Quintana Roo,Mujeres,350473.0,753123.0,46.53595761
2022,1,San Luis Potosí,Hombres,761063.0,1026592.0,74.13490462
2022,1,San Luis Potosí,Mujeres,490579.0,1159657.0,42.3038019
2022,1,Sinaloa,Hombres,829897.0,1166042.0,71.17213617
2022,1,Sinaloa,Mujeres,506835.0,1267854.0,39.9758174
2022,1,Sonora,Hombres,828797.0,1119645.0,74.02319485
2022,1,Sonora,Mujeres,549549.0,1188661.0,46.23260963
2022,1,Tabasco,Hombres,624502.0,847159.0,73.71721247
2022,1,Tabasco,Mujeres,350785.0,956569.0,36.67116538
2022,1,Tamaulipas,Hombres,953568.0,1324435.0,71.9980973
2022,1,Tamaulipas,Mujeres,624871.0,1426875.0,43.79297416
2022,1,Tlaxcala,Hombres,352261.0,477184.0,73.8207903
2022,1,Tlaxcala,Mujeres,241052.0,549446.0,43.87182726
2022,1,Veracruz,Hombres,2020105.0,2875764.0,70.24585467
2022,1,Veracruz,Mujeres,1190733.0,3428391.0,34.73154025
2022,1,Yucatán,Hombres,691397.0,899109.0,76.89801793
2022,1,Yucatán,Mujeres,478943.0,949101.0,50.46280638
2022,1,Zacatecas,Hombres,402326.0,548305.0,73.37631428
2022,1,Zacatecas,Mujeres,255761.0,648158.0,39.45966878
2022,2,Nacional,Hombres,34528782.0,46636973.0,74.03735658
2022,2,Nacional,Mujeres,22891895.0,52424004.0,43.66681912
2022,2,Aguascalientes,Hombres,376342.0,521623.0,72.14827567
2022,2,Aguascalientes,Mujeres,249515.0,584890.0,42.66015832
2022,2,Baja California,Hombres,1077088.0,1469233.0,73.30954314
2022,2,Baja California,Mujeres,729355.0,1542095.0,47.29637279
2022,2,Baja California Sur,Hombres,255006.0,324614.0,78.55668579
2022,2,Baja California Sur,Mujeres,175069.0,321326.0,54.48329734
2022,2,Campeche,Hombres,265709.0,348472.0,76.24974173
2022,2,Campeche,Mujeres,164171.0,371060.0,44.24378807
2022,2,Coahuila,Hombres,884845.0,1192879.0,74.17726358
2022,2,Coahuila,Mujeres,569946.0,1280128.0,44.52257899
2022,2,Colima,Hombres,222650.0,287133.0,77.5424629
2022,2,Colima,Mujeres,162460.0,305245.0,53.22282101
2022,2,Chiapas,Hombres,1455679.0,1825702.0,79.73256315
2022,2,Chiapas,Mujeres,686932.0,2164376.0,31.73810835
2022,2,Chihuahua,Hombres,1085566.0,1415228.0,76.70608552
2022,2,Chihuahua,Mujeres,674541.0,1487869.0,45.33604773
2022,2,Ciudad de México,Hombres,2542214.0,3631236.0,70.00960554
2022,2,Ciudad de México,Mujeres,1992162.0,4163416.0,47.84921805
2022,2,Durango,Hombres,492900.0,657481.0,74.96794584
2022,2,Durango,Mujeres,315431.0,717578.0,43.95773003
2022,2,Guanajuato,Hombres,1620371.0,2208501.0,73.36972
2022,2,Guanajuato,Mujeres,1125321.0,2530983.0,44.46181582
2022,2,Guerrero,Hombres,895303.0,1192265.0,75.09261783
2022,2,Guerrero,Mujeres,602049.0,1414874.0,42.55142154
2022,2,Hidalgo,Hombres,788991.0,1079656.0,73.07799892
2022,2,Hidalgo,Mujeres,597084.0,1336991.0,44.65878977
2022,2,Jalisco,Hombres,2436938.0,3179300.0,76.65014311
2022,2,Jalisco,Mujeres,1536440.0,3391764.0,45.29914228
2022,2,México,Hombres,4615987.0,6344694.0,72.7535008
2022,2,México,Mujeres,3154785.0,7254582.0,43.48679221
2022,2,Michoacán,Hombres,1325706.0,1704717.0,77.76692554
2022,2,Michoacán,Mujeres,872142.0,1954675.0,44.61826135
2022,2,Morelos,Hombres,484895.0,731585.0,66.28006315
2022,2,Morelos,Mujeres,338951.0,839944.0,40.35399979
2022,2,Nayarit,Hombres,348069.0,454820.0,76.52895651
2022,2,Nayarit,Mujeres,255277.0,496464.0,51.41903542
2022,2,Nuevo León,Hombres,1723785.0,2349678.0,73.36260543
2022,2,Nuevo León,Mujeres,1060002.0,2408005.0,44.01992521
2022,2,Oaxaca,Hombres,1066829.0,1415437.0,75.3709985
2022,2,Oaxaca,Mujeres,813512.0,1726077.0,47.13069
2022,2,Puebla,Hombres,1789265.0,2347238.0,76.22852902
2022,2,Puebla,Mujeres,1209652.0,2759227.0,43.84024946
2022,2,Querétaro,Hombres,598159.0,898726.0,66.55632529
2022,2,Querétaro,Mujeres,387386.0,1034086.0,37.46168114
2022,2,Quintana Roo,Hombres,571356.0,721914.0,79.14460725
2022,2,Quintana Roo,Mujeres,361929.0,758272.0,47.73076152
2022,2,San Luis Potosí,Hombres,759547.0,1027380.0,73.93048337
2022,2,San Luis Potosí,Mujeres,483107.0,1146210.0,42.14821019
2022,2,Sinaloa,Hombres,835903.0,1174056.0,71.19788153
2022,2,Sinaloa,Mujeres,552263.0,1261916.0,43.76384799
2022,2,Sonora,Hombres,826135.0,1117330.0,73.93831724
2022,2,Sonora,Mujeres,588139.0,1198178.0,49.08611241
2022,2,Tabasco,Hombres,624130.0,852877.0,73.17936819
2022,2,Tabasco,Mujeres,346994.0,953345.0,36.3975266
2022,2,Tamaulipas,Hombres,978318.0,1327808.0,73.67917651
2022,2,Tamaulipas,Mujeres,640564.0,1425160.0,44.94681299
2022,2,Tlaxcala,Hombres,356474.0,475581.0,74.95547551
2022,2,Tlaxcala,Mujeres,250219.0,556088.0,44.99629555
2022,2,Veracruz,Hombres,2102587.0,2908333.0,72.2952633
2022,2,Veracruz,Mujeres,1235875.0,3432704.0,36.0029586
2022,2,Yucatán,Hombres,706190.0,893700.0,79.01868636
2022,2,Yucatán,Mujeres,498008.0,961417.0,51.7993753
2022,2,Zacatecas,Hombres,415845.0,557776.0,74.55412208
2022,2,Zacatecas,Mujeres,262614.0,645059.0,40.71162483
2022,3,Nacional,Hombres,34632039.0,46786513.0,74.0214151
2022,3,Nacional,Mujeres,22808402.0,52442222.0,43.49244012
2022,3,Aguascalientes,Hombres,378205.0,523803.0,72.20367199
2022,3,Aguascalientes,Mujeres,260650.0,589567.0,44.21041205
2022,3,Baja California,Hombres,1072618.0,1474669.0,72.7361869
2022,3,Baja California,Mujeres,709993.0,1546219.0,45.91801032
2022,3,Baja California Sur,Hombres,253331.0,318707.0,79.48711512
2022,3,Baja California Sur,Mujeres,174498.0,322269.0,54.14669112
2022,3,Campeche,Hombres,269325.0,347120.0,77.58844204
2022,3,Campeche,Mujeres,166094.0,373345.0,44.48807403
2022,3,Coahuila,Hombres,892409.0,1217133.0,73.32058206
2022,3,Coahuila,Mujeres,558193.0,1269355.0,43.97453825
2022,3,Colima,Hombres,223871.0,289935.0,77.21420318
2022,3,Colima,Mujeres,159145.0,303298.0,52.47149668
2022,3,Chiapas,Hombres,1480288.0,1811762.0,81.70432982
2022,3,Chiapas,Mujeres,697449.0,2102369.0,33.17443322
2022,3,Chihuahua,Hombres,1095899.0,1428111.0,76.73766255
2022,3,Chihuahua,Mujeres,679444.0,1499750.0,45.3038173
2022,3,Ciudad de México,Hombres,2536967.0,3646081.0,69.58065386
2022,3,Ciudad de México,Mujeres,2009548.0,4214921.0,47.67700272
2022,3,Durango,Hombres,502816.0,657486.0,76.47554473
2022,3,Durango,Mujeres,324422.0,723964.0,44.81189672
2022,3,Guanajuato,Hombres,1635778.0,2233776.0,73.22927635
2022,3,Guanajuato,Mujeres,1098141.0,2548029.0,43.0976649
2022,3,Guerrero,Hombres,921081.0,1188488.0,77.50023559
2022,3,Guerrero,Mujeres,609390.0,1419786.0,42.92125715
2022,3,Hidalgo,Hombres,827929.0,1113093.0,74.38093672
2022,3,Hidalgo,Mujeres,604795.0,1342929.0,45.03551565
2022,3,Jalisco,Hombres,2429279.0,3162154.0,76.82355129
2022,3,Jalisco,Mujeres,1594348.0,3409510.0,46.76179275
2022,3,México,Hombres,4602138.0,6378162.0,72.15461131
2022,3,México,Mujeres,3187019.0,7276009.0,43.80174626
2022,3,Michoacán,Hombres,1347488.0,1708474.0,78.870852
2022,3,Michoacán,Mujeres,862037.0,1941296.0,44.40523238
2022,3,Morelos,Hombres,497248.0,730673.0,68.05342472
2022,3,Morelos,Mujeres,351885.0,837125.0,42.03494102
2022,3,Nayarit,Hombres,349790.0,449656.0,77.79057769
2022,3,Nayarit,Mujeres,254649.0,495851.0,51.35595169
2022,3,Nuevo León,Hombres,1709070.0,2329453.0,73.36786791
2022,3,Nuevo León,Mujeres,1063414.0,2408732.0,44.14829047
2022,3,Oaxaca,Hombres,1069499.0,1408065.0,75.95522934
2022,3,Oaxaca,Mujeres,824101.0,1726726.0,47.72621713
2022,3,Puebla,Hombres,1791266.0,2370182.0,75.57504023
2022,3,Puebla,Mujeres,1122678.0,2711383.0,41.40610161
2022,3,Querétaro,Hombres,619207.0,907352.0,68.2433058
2022,3,Querétaro,Mujeres,406305.0,1030043.0,39.44544063
2022,3,Quintana Roo,Hombres,579561.0,732020.0,79.17283681
2022,3,Quintana Roo,Mujeres,354555.0,764806.0,46.35881518
2022,3,San Luis Potosí,Hombres,757863.0,1022815.0,74.09580423
2022,3,San Luis Potosí,Mujeres,481430.0,1155115.0,41.67810131
2022,3,Sinaloa,Hombres,828589.0,1187050.0,69.80236721
2022,3,Sinaloa,Mujeres,538445.0,1256394.0,42.85638104
2022,3,Sonora,Hombres,821050.0,1126571.0,72.88044872
2022,3,Sonora,Mujeres,558744.0,1193276.0,46.82437257
2022,3,Tabasco,Hombres,640839.0,868982.0,73.74594641
2022,3,Tabasco,Mujeres,352587.0,955842.0,36.88758184
2022,3,Tamaulipas,Hombres,968714.0,1323367.0,73.20070698
2022,3,Tamaulipas,Mujeres,628459.0,1430932.0,43.91955732
2022,3,Tlaxcala,Hombres,362948.0,474495.0,76.49142773
2022,3,Tlaxcala,Mujeres,253066.0,559070.0,45.26553026
2022,3,Veracruz,Hombres,2024818.0,2900414.0,69.81134417
2022,3,Veracruz,Mujeres,1185851.0,3427460.0,34.59853653
2022,3,Yucatán,Hombres,714268.0,902921.0,79.106367
2022,3,Yucatán,Mujeres,485285.0,958968.0,50.60492112
2022,3,Zacatecas,Hombres,427887.0,553543.0,77.29968584
2022,3,Zacatecas,Mujeres,251782.0,647883.0,38.86226371
2022,4,Nacional,Hombres,34695540.0,46754291.0,74.20824754
2022,4,Nacional,Mujeres,23653813.0,52761504.0,44.83157455
2022,4,Aguascalientes,Hombres,373908.0,517598.0,72.23907357
2022,4,Aguascalientes,Mujeres,264499.0,585273.0,45.19241448
2022,4,Baja California,Hombres,1068413.0,1456472.0,73.35623342
2022,4,Baja California,Mujeres,729740.0,1545831.0,47.20697153
2022,4,Baja California Sur,Hombres,249540.0,315412.0,79.11556948
2022,4,Baja California Sur,Mujeres,181820.0,326013.0,55.77078215
2022,4,Campeche,Hombres,264858.0,343326.0,77.14475455
2022,4,Campeche,Mujeres,161724.0,374136.0,43.22599269
2022,4,Coahuila,Hombres,912007.0,1221119.0,74.686169
2022,4,Coahuila,Mujeres,575924.0,1267720.0,45.42990566
2022,4,Colima,Hombres,218215.0,286840.0,76.07551248
2022,4,Colima,Mujeres,158044.0,302082.0,52.31824472
2022,4,Chiapas,Hombres,1458410.0,1790916.0,81.43374675
2022,4,Chiapas,Mujeres,701245.0,2111462.0,33.21134835
2022,4,Chihuahua,Hombres,1107371.0,1454927.0,76.11179118
2022,4,Chihuahua,Mujeres,710881.0,1507752.0,47.14840372
2022,4,Ciudad de México,Hombres,2581577.0,3652506.0,70.67961011
2022,4,Ciudad de México,Mujeres,2116597.0,4205491.0,50.32936701
2022,4,Durango,Hombres,488833.0,652378.0,74.93094494
2022,4,Durango,Mujeres,310529.0,735384.0,42.2267822
2022,4,Guanajuato,Hombres,1661824.0,2235708.0,74.33099492
2022,4,Guanajuato,Mujeres,1093527.0,2539921.0,43.05358316
2022,4,Guerrero,Hombres,915851.0,1177597.0,77.77287136
2022,4,Guerrero,Mujeres,671092.0,1408721.0,47.63838972
2022,4,Hidalgo,Hombres,822794.0,1126145.0,73.06288267
2022,4,Hidalgo,Mujeres,627851.0,1376387.0,45.61587693
2022,4,Jalisco,Hombres,2383984.0,3160620.0,75.42773253
2022,4,Jalisco,Mujeres,1682263.0,3481571.0,48.3190778
2022,4,México,Hombres,4563383.0,6390560.0,71.40818645
2022,4,México,Mujeres,3287300.0,7352100.0,44.7123951
2022,4,Michoacán,Hombres,1345077.0,1692297.0,79.48232491
2022,4,Michoacán,Mujeres,863762.0,1959820.0,44.07353737
2022,4,Morelos,Hombres,493522.0,723674.0,68.19672947
2022,4,Morelos,Mujeres,365480.0,831196.0,43.97037522
2022,4,Nayarit,Hombres,346460.0,450985.0,76.8229542
2022,4,Nayarit,Mujeres,261433.0,496209.0,52.68606575
2022,4,Nuevo León,Hombres,1730414.0,2318024.0,74.65039189
2022,4,Nuevo León,Mujeres,1084617.0,2419459.0,44.82890597
2022,4,Oaxaca,Hombres,1082080.0,1423615.0,76.00931432
2022,4,Oaxaca,Mujeres,824063.0,1707287.0,48.26739734
2022,4,Puebla,Hombres,1769120.0,2343722.0,75.48335511
2022,4,Puebla,Mujeres,1163185.0,2714869.0,42.84497705
2022,4,Querétaro,Hombres,625477.0,908384.0,68.85601244
2022,4,Querétaro,Mujeres,445335.0,1033348.0,43.09632379
2022,4,Quintana Roo,Hombres,588004.0,748123.0,78.59723602
2022,4,Quintana Roo,Mujeres,379703.0,766880.0,49.51270081
2022,4,San Luis Potosí,Hombres,778142.0,1030640.0,75.50085384
2022,4,San Luis Potosí,Mujeres,493136.0,1150748.0,42.85351789
2022,4,Sinaloa,Hombres,850977.0,1161978.0,73.23520755
2022,4,Sinaloa,Mujeres,574461.0,1258968.0,45.6295156
2022,4,Sonora,Hombres,817443.0,1110260.0,73.62626772
2022,4,Sonora,Mujeres,591296.0,1219748.0,48.47689851
2022,4,Tabasco,Hombres,649188.0,868234.0,74.77108706
2022,4,Tabasco,Mujeres,394674.0,983609.0,40.12509036
2022,4,Tamaulipas,Hombres,973020.0,1328670.0,73.23263113
2022,4,Tamaulipas,Mujeres,647349.0,1434321.0,45.13278408
2022,4,Tlaxcala,Hombres,369431.0,485774.0,76.04997386
2022,4,Tlaxcala,Mujeres,257507.0,574255.0,44.84192563
2022,4,Veracruz,Hombres,2075820.0,2924993.0,70.96837497
2022,4,Veracruz,Mujeres,1272290.0,3465871.0,36.70909852
2022,4,Yucatán,Hombres,706512.0,898749.0,78.61060207
2022,4,Yucatán,Mujeres,510248.0,972527.0,52.46620402
2022,4,Zacatecas,Hombres,423885.0,554045.0,76.50732341
2022,4,Zacatecas,Mujeres,252238.0,652545.0,38.65449892
2023,1,Nacional,Hombres,34886554.0,46936230.0,74.3275589
2023,1,Nacional,Mujeres,23605572.0,52811244.0,44.69800408
2023,1,Aguascalientes,Hombres,372845.0,512049.0,72.8143205
2023,1,Aguascalientes,Mujeres,273793.0,596664.0,45.88730005
2023,1,Baja California,Hombres,1070818.0,1462241.0,73.23129361
2023,1,Baja California,Mujeres,721675.0,1538476.0,46.90843406
2023,1,Baja California Sur,Hombres,257080.0,325756.0,78.91796314
2023,1,Baja California Sur,Mujeres,177820.0,327877.0,54.23375229
2023,1,Campeche,Hombres,266650.0,345002.0,77.28940702
2023,1,Campeche,Mujeres,164785.0,373916.0,44.07005852
2023,1,Coahuila,Hombres,892728.0,1212538.0,73.62474413
2023,1,Coahuila,Mujeres,569448.0,1276205.0,44.62041757
2023,1,Colima,Hombres,219869.0,284983.0,77.15161957
2023,1,Colima,Mujeres,163152.0,305790.0,53.35426273
2023,1,Chiapas,Hombres,1430329.0,1765627.0,81.00969231
2023,1,Chiapas,Mujeres,714417.0,2117567.0,33.7376338
2023,1,Chihuahua,Hombres,1068250.0,1448156.0,73.76622408
2023,1,Chihuahua,Mujeres,676028.0,1507812.0,44.83503248
2023,1,Ciudad de México,Hombres,2626489.0,3706840.0,70.85520281
2023,1,Ciudad de México,Mujeres,2066809.0,4171434.0,49.54672662
2023,1,Durango,Hombres,494426.0,659624.0,74.95573236
2023,1,Durango,Mujeres,310805.0,728983.0,42.63542497
2023,1,Guanajuato,Hombres,1709399.0,2237770.0,76.38850284
2023,1,Guanajuato,Mujeres,1142930.0,2581174.0,44.27946353
2023,1,Guerrero,Hombres,901548.0,1186072.0,76.01123709
2023,1,Guerrero,Mujeres,655818.0,1421429.0,46.13793584
2023,1,Hidalgo,Hombres,858089.0,1142257.0,75.12223606
2023,1,Hidalgo,Mujeres,628295.0,1375008.0,45.69391596
2023,1,Jalisco,Hombres,2384456.0,3170276.0,75.21288367
2023,1,Jalisco,Mujeres,1723270.0,3519109.0,48.96892935
2023,1,México,Hombres,4615173.0,6458603.0,71.45775952
2023,1,México,Mujeres,3211849.0,7346737.0,43.71803428
2023,1,Michoacán,Hombres,1307207.0,1697377.0,77.01335649
2023,1,Michoacán,Mujeres,845765.0,1955146.0,43.25840628
2023,1,Morelos,Hombres,496594.0,725014.0,68.49440149
2023,1,Morelos,Mujeres,381070.0,832043.0,45.79931566
2023,1,Nayarit,Hombres,356169.0,454217.0,78.41384184
2023,1,Nayarit,Mujeres,253875.0,499722.0,50.80324661
2023,1,Nuevo León,Hombres,1741312.0,2343871.0,74.29214321
2023,1,Nuevo León,Mujeres,1069195.0,2386203.0,44.80737808
2023,1,Oaxaca,Hombres,1090607.0,1412763.0,77.19674142
2023,1,Oaxaca,Mujeres,799846.0,1697324.0,47.12394334
2023,1,Puebla,Hombres,1788660.0,2309969.0,77.43220796
2023,1,Puebla,Mujeres,1222376.0,2749755.0,44.45399681
2023,1,Querétaro,Hombres,642282.0,907386.0,70.78376788
2023,1,Querétaro,Mujeres,461415.0,1052641.0,43.83403269
2023,1,Quintana Roo,Hombres,592102.0,743777.0,79.60746299
2023,1,Quintana Roo,Mujeres,379495.0,778372.0,48.75496549
2023,1,San Luis Potosí,Hombres,769573.0,1021995.0,75.30105333
2023,1,San Luis Potosí,Mujeres,510736.0,1155567.0,44.19786996
2023,1,Sinaloa,Hombres,866035.0,1162049.0,74.5265475
2023,1,Sinaloa,Mujeres,588394.0,1239363.0,47.47551767
2023,1,Sonora,Hombres,844078.0,1137250.0,74.22097164
2023,1,Sonora,Mujeres,578749.0,1223193.0,47.3146102
2023,1,Tabasco,Hombres,663244.0,882690.0,75.13895025
2023,1,Tabasco,Mujeres,387685.0,978735.0,39.61082418
2023,1,Tamaulipas,Hombres,985689.0,1351776.0,72.91807222
2023,1,Tamaulipas,Mujeres,636438.0,1444943.0,44.0458897
2023,1,Tlaxcala,Hombres,370463.0,492058.0,75.28848225
2023,1,Tlaxcala,Mujeres,259094.0,578843.0,44.76066913
2023,1,Veracruz,Hombres,2100580.0,2918374.0,71.97775199
2023,1,Veracruz,Mujeres,1294833.0,3435215.0,37.69292461
2023,1,Yucatán,Hombres,701004.0,893711.0,78.43743671
2023,1,Yucatán,Mujeres,492848.0,969306.0,50.84545025
2023,1,Zacatecas,Hombres,402806.0,564159.0,71.399375
2023,1,Zacatecas,Mujeres,242864.0,646692.0,37.55481744
2023,2,Nacional,Hombres,34716585.0,46931627.0,73.97268584
2023,2,Nacional,Mujeres,23805405.0,53119156.0,44.81510399
2023,2,Aguascalientes,Hombres,372935.0,516654.0,72.18273738
2023,2,Aguascalientes,Mujeres,264670.0,600963.0,44.04098089
2023,2,Baja California,Hombres,1075553.0,1471048.0,73.11474541
2023,2,Baja California,Mujeres,728228.0,1547335.0,47.06337025
2023,2,Baja California Sur,Hombres,274077.0,345587.0,79.30767072
2023,2,Baja California Sur,Mujeres,182175.0,335894.0,54.23586012
2023,2,Campeche,Hombres,269319.0,346924.0,77.63054732
2023,2,Campeche,Mujeres,163622.0,374819.0,43.65360347
2023,2,Coahuila,Hombres,897159.0,1221321.0,73.4580835
2023,2,Coahuila,Mujeres,603192.0,1288932.0,46.797814
2023,2,Colima,Hombres,213299.0,279231.0,76.38800849
2023,2,Colima,Mujeres,156947.0,297985.0,52.66942967
2023,2,Chiapas,Hombres,1446883.0,1783829.0,81.11108184
2023,2,Chiapas,Mujeres,698942.0,2115492.0,33.03921735
2023,2,Chihuahua,Hombres,1102879.0,1455785.0,75.75837091
2023,2,Chihuahua,Mujeres,703567.0,1515358.0,46.42909464
2023,2,Ciudad de México,Hombres,2566460.0,3659609.0,70.12934988
2023,2,Ciudad de México,Mujeres,2142635.0,4239135.0,50.54415582
2023,2,Durango,Hombres,502353.0,659641.0,76.15551489
2023,2,Durango,Mujeres,320933.0,738128.0,43.47931524
2023,2,Guanajuato,Hombres,1661055.0,2237729.0,74.22949785
2023,2,Guanajuato,Mujeres,1096838.0,2596570.0,42.24180361
2023,2,Guerrero,Hombres,913896.0,1189474.0,76.8319442
2023,2,Guerrero,Mujeres,682448.0,1426586.0,47.83784504
2023,2,Hidalgo,Hombres,831700.0,1135509.0,73.24468586
2023,2,Hidalgo,Mujeres,622144.0,1387250.0,44.8472878
2023,2,Jalisco,Hombres,2339979.0,3164476.0,73.94522821
2023,2,Jalisco,Mujeres,1737877.0,3545487.0,49.0165949
2023,2,México,Hombres,4589246.0,6467933.0,70.95382713
2023,2,México,Mujeres,3225298.0,7420027.0,43.46746986
2023,2,Michoacán,Hombres,1318327.0,1696647.0,77.70190264
2023,2,Michoacán,Mujeres,857936.0,1959468.0,43.78412916
2023,2,Morelos,Hombres,500152.0,725410.0,68.94749176
2023,2,Morelos,Mujeres,370478.0,847597.0,43.70921558
2023,2,Nayarit,Hombres,353322.0,455126.0,77.63168881
2023,2,Nayarit,Mujeres,262046.0,497611.0,52.66081337
2023,2,Nuevo León,Hombres,1717359.0,2334394.0,73.56765824
2023,2,Nuevo León,Mujeres,1081417.0,2412599.0,44.82373573
2023,2,Oaxaca,Hombres,1081248.0,1425340.0,75.85895295
2023,2,Oaxaca,Mujeres,732806.0,1710012.0,42.85385132
2023,2,Puebla,Hombres,1766081.0,2283710.0,77.33385587
2023,2,Puebla,Mujeres,1235681.0,2735261.0,45.17598138
2023,2,Querétaro,Hombres,638066.0,913478.0,69.85017702
2023,2,Querétaro,Mujeres,468929.0,1049261.0,44.69135897
2023,2,Quintana Roo,Hombres,584004.0,737848.0,79.14963516
2023,2,Quintana Roo,Mujeres,386931.0,778832.0,49.68093247
2023,2,San Luis Potosí,Hombres,771509.0,1024734.0,75.28870907
2023,2,San Luis Potosí,Mujeres,510128.0,1146398.0,44.49833304
2023,2,Sinaloa,Hombres,854889.0,1167833.0,73.2030179
2023,2,Sinaloa,Mujeres,584486.0,1243774.0,46.99294245
2023,2,Sonora,Hombres,866927.0,1156049.0,74.99050646
2023,2,Sonora,Mujeres,603290.0,1221731.0,49.37993715
2023,2,Tabasco,Hombres,646913.0,879058.0,73.59161739
2023,2,Tabasco,Mujeres,383968.0,986075.0,38.93902594
2023,2,Tamaulipas,Hombres,987587.0,1331024.0,74.19753513
2023,2,Tamaulipas,Mujeres,660783.0,1454928.0,45.41688661
2023,2,Tlaxcala,Hombres,380479.0,499514.0,76.16983708
2023,2,Tlaxcala,Mujeres,267459.0,578881.0,46.20276015
2023,2,Veracruz,Hombres,2089041.0,2916841.0,71.61998203
2023,2,Veracruz,Mujeres,1289015.0,3447170.0,37.39342707
2023,2,Yucatán,Hombres,694412.0,883818.0,78.56956975
2023,2,Yucatán,Mujeres,511774.0,967479.0,52.89768563
2023,2,Zacatecas,Hombres,409476.0,566053.0,72.33880926
2023,2,Zacatecas,Mujeres,268762.0,652118.0,41.21370672
2023,3,Nacional,Hombres,35149210.0,47279941.0,74.34275352
2023,3,Nacional,Mujeres,24018262.0,53317781.0,45.04737735
2023,3,Aguascalientes,Hombres,385777.0,528172.0,73.04003241
2023,3,Aguascalientes,Mujeres,280229.0,608478.0,46.05408905
2023,3,Baja California,Hombres,1066594.0,1472608.0,72.42891523
2023,3,Baja California,Mujeres,745390.0,1548897.0,48.12392302
2023,3,Baja California Sur,Hombres,277908.0,350386.0,79.31481281
2023,3,Baja California Sur,Mujeres,182406.0,337353.0,54.06977261
2023,3,Campeche,Hombres,270559.0,350864.0,77.11221442
2023,3,Campeche,Mujeres,164530.0,377649.0,43.56691001
2023,3,Coahuila,Hombres,903124.0,1238718.0,72.90795807
2023,3,Coahuila,Mujeres,564537.0,1277318.0,44.19705978
2023,3,Colima,Hombres,215504.0,278660.0,77.33582143
2023,3,Colima,Mujeres,163537.0,301088.0,54.31534967
2023,3,Chiapas,Hombres,1465582.0,1807104.0,81.10114304
2023,3,Chiapas,Mujeres,701328.0,2118863.0,33.09926125
2023,3,Chihuahua,Hombres,1099566.0,1450861.0,75.78713605
2023,3,Chihuahua,Mujeres,712027.0,1529864.0,46.54184947
2023,3,Ciudad de México,Hombres,2604034.0,3701304.0,70.35450209
2023,3,Ciudad de México,Mujeres,2108472.0,4202125.0,50.17632745
2023,3,Durango,Hombres,497568.0,654821.0,75.98534561
2023,3,Durango,Mujeres,321531.0,736212.0,43.67369725
2023,3,Guanajuato,Hombres,1676295.0,2246550.0,74.61641183
2023,3,Guanajuato,Mujeres,1134006.0,2621918.0,43.25100938
2023,3,Guerrero,Hombres,942608.0,1212888.0,77.71599686
2023,3,Guerrero,Mujeres,704498.0,1429579.0,49.28010274
2023,3,Hidalgo,Hombres,863349.0,1148959.0,75.14184579
2023,3,Hidalgo,Mujeres,626900.0,1390432.0,45.08670687
2023,3,Jalisco,Hombres,2331352.0,3139169.0,74.2665336
2023,3,Jalisco,Mujeres,1665276.0,3516809.0,47.35190339
2023,3,México,Hombres,4710487.0,6497543.0,72.49643442
2023,3,México,Mujeres,3292937.0,7429231.0,44.32406261
2023,3,Michoacán,Hombres,1351027.0,1732035.0,78.0022921
2023,3,Michoacán,Mujeres,879870.0,2036780.0,43.19906912
2023,3,Morelos,Hombres,501141.0,725228.0,69.10116543
2023,3,Morelos,Mujeres,362368.0,847944.0,42.73489759
2023,3,Nayarit,Hombres,362785.0,468462.0,77.44171352
2023,3,Nayarit,Mujeres,257284.0,503389.0,51.11037389
2023,3,Nuevo León,Hombres,1749429.0,2396838.0,72.98903806
2023,3,Nuevo León,Mujeres,1116814.0,2471150.0,45.19409991
2023,3,Oaxaca,Hombres,1144361.0,1462253.0,78.26012325
2023,3,Oaxaca,Mujeres,798816.0,1748216.0,45.69320953
2023,3,Puebla,Hombres,1761751.0,2297070.0,76.69557306
2023,3,Puebla,Mujeres,1283989.0,2738413.0,46.88806984
2023,3,Querétaro,Hombres,662304.0,920900.0,71.91920947
2023,3,Querétaro,Mujeres,486954.0,1078247.0,45.16163736
2023,3,Quintana Roo,Hombres,570790.0,731033.0,78.07992252
2023,3,Quintana Roo,Mujeres,382159.0,763874.0,50.02906238
2023,3,San Luis Potosí,Hombres,767096.0,1019140.0,75.26895225
2023,3,San Luis Potosí,Mujeres,546332.0,1164453.0,46.91747971
2023,3,Sinaloa,Hombres,842759.0,1155885.0,72.91028087
2023,3,Sinaloa,Mujeres,606002.0,1263223.0,47.97268574
2023,3,Sonora,Hombres,842316.0,1149975.0,73.24646188
2023,3,Sonora,Mujeres,578441.0,1207131.0,47.91866003
2023,3,Tabasco,Hombres,670583.0,883669.0,75.88621984
2023,3,Tabasco,Mujeres,401150.0,973351.0,41.21329305
2023,3,Tamaulipas,Hombres,967868.0,1336358.0,72.42580207
2023,3,Tamaulipas,Mujeres,660428.0,1454791.0,45.39676146
2023,3,Tlaxcala,Hombres,377303.0,499205.0,75.58077343
2023,3,Tlaxcala,Mujeres,267196.0,582359.0,45.88166406
2023,3,Veracruz,Hombres,2137824.0,2962505.0,72.16271365
2023,3,Veracruz,Mujeres,1268494.0,3430775.0,36.97397818
2023,3,Yucatán,Hombres,699836.0,886200.0,78.97043557
2023,3,Yucatán,Mujeres,490016.0,975815.0,50.21607579
2023,3,Zacatecas,Hombres,429730.0,574578.0,74.79054193
2023,3,Zacatecas,Mujeres,264345.0,652054.0,40.54035402
2023,4,Nacional,Hombres,35162467.0,47280827.0,74.36939925
2023,4,Nacional,Mujeres,24241480.0,53558916.0,45.26133427
2023,4,Aguascalientes,Hombres,375615.0,530374.0,70.8207793
2023,4,Aguascalientes,Mujeres,263521.0,612664.0,43.01231997
2023,4,Baja California,Hombres,1089911.0,1492740.0,73.01412168
2023,4,Baja California,Mujeres,725350.0,1537732.0,47.17011807
2023,4,Baja California Sur,Hombres,274858.0,344213.0,79.85113868
2023,4,Baja California Sur,Mujeres,184647.0,332297.0,55.56685736
2023,4,Campeche,Hombres,269780.0,348650.0,77.37845977
2023,4,Campeche,Mujeres,171814.0,378849.0,45.35157807
2023,4,Coahuila,Hombres,910713.0,1253128.0,72.67517764
2023,4,Coahuila,Mujeres,607931.0,1308847.0,46.44782774
2023,4,Colima,Hombres,211670.0,272316.0,77.72954949
2023,4,Colima,Mujeres,161241.0,300488.0,53.65971353
2023,4,Chiapas,Hombres,1498588.0,1826245.0,82.05843137
2023,4,Chiapas,Mujeres,705635.0,2129995.0,33.12848152
2023,4,Chihuahua,Hombres,1084471.0,1434185.0,75.61583757
2023,4,Chihuahua,Mujeres,737665.0,1554004.0,47.46866803
2023,4,Ciudad de México,Hombres,2555880.0,3659753.0,69.83749996
2023,4,Ciudad de México,Mujeres,2101821.0,4275915.0,49.15488264
2023,4,Durango,Hombres,481603.0,647443.0,74.38538991
2023,4,Durango,Mujeres,347886.0,754653.0,46.09880303
2023,4,Guanajuato,Hombres,1668753.0,2254560.0,74.01679263
2023,4,Guanajuato,Mujeres,1134631.0,2607508.0,43.51399881
2023,4,Guerrero,Hombres,923350.0,1214832.0,76.0063943
2023,4,Guerrero,Mujeres,720992.0,1423850.0,50.63679461
2023,4,Hidalgo,Hombres,828956.0,1127167.0,73.54331701
2023,4,Hidalgo,Mujeres,612044.0,1388049.0,44.09383242
2023,4,Jalisco,Hombres,2357242.0,3191553.0,73.85877659
2023,4,Jalisco,Mujeres,1650848.0,3560574.0,46.36465918
2023,4,México,Hombres,4841961.0,6577198.0,73.61738236
2023,4,México,Mujeres,3349279.0,7481304.0,44.76865263
2023,4,Michoacán,Hombres,1326393.0,1713663.0,77.40104093
2023,4,Michoacán,Mujeres,899083.0,2016498.0,44.58635714
2023,4,Morelos,Hombres,510900.0,723543.0,70.61086902
2023,4,Morelos,Mujeres,382557.0,852466.0,44.8765112
2023,4,Nayarit,Hombres,373251.0,474102.0,78.72799524
2023,4,Nayarit,Mujeres,265955.0,510099.0,52.13791833
2023,4,Nuevo León,Hombres,1753277.0,2385363.0,73.50147546
2023,4,Nuevo León,Mujeres,1132672.0,2488448.0,45.51720591
2023,4,Oaxaca,Hombres,1129621.0,1443285.0,78.26735537
2023,4,Oaxaca,Mujeres,763522.0,1729485.0,44.14736179
2023,4,Puebla,Hombres,1715400.0,2229395.0,76.94464193
2023,4,Puebla,Mujeres,1238970.0,2724353.0,45.47758679
2023,4,Querétaro,Hombres,653666.0,914862.0,71.44968312
2023,4,Querétaro,Mujeres,491829.0,1080860.0,45.50348796
2023,4,Quintana Roo,Hombres,572012.0,736675.0,77.64780941
2023,4,Quintana Roo,Mujeres,397906.0,778695.0,51.09908244
2023,4,San Luis Potosí,Hombres,766512.0,1028736.0,74.51007839
2023,4,San Luis Potosí,Mujeres,543211.0,1175877.0,46.19624331
2023,4,Sinaloa,Hombres,858590.0,1172567.0,73.22310793
2023,4,Sinaloa,Mujeres,606789.0,1249426.0,48.56542124
2023,4,Sonora,Hombres,838132.0,1133321.0,73.95362832
2023,4,Sonora,Mujeres,591798.0,1223599.0,48.36535499
2023,4,Tabasco,Hombres,688534.0,895498.0,76.88839059
2023,4,Tabasco,Mujeres,395015.0,989640.0,39.9150196
2023,4,Tamaulipas,Hombres,976438.0,1329685.0,73.43378319
2023,4,Tamaulipas,Mujeres,680165.0,1472270.0,46.19838752
2023,4,Tlaxcala,Hombres,379414.0,499049.0,76.02740412
2023,4,Tlaxcala,Mujeres,269672.0,583018.0,46.25448957
2023,4,Veracruz,Hombres,2145601.0,2965600.0,72.34964257
2023,4,Veracruz,Mujeres,1341315.0,3394191.0,39.51795877
2023,4,Yucatán,Hombres,696037.0,885371.0,78.61529235
2023,4,Yucatán,Mujeres,511007.0,983057.0,51.98142122
2023,4,Zacatecas,Hombres,405338.0,575755.0,70.40112548
2023,4,Zacatecas,Mujeres,254709.0,660205.0,38.58028946
2024,1,Nacional,Hombres,35071556.0,47341862.0,74.08148839
2024,1,Nacional,Mujeres,24049349.0,53798998.0,44.70222475
2024,1,Aguascalientes,Hombres,388765.0,537622.0,72.31195896
2024,1,Aguascalientes,Mujeres,275276.0,621112.0,44.31986502
2024,1,Baja California,Hombres,1062415.0,1500231.0,70.81676089
2024,1,Baja California,Mujeres,717374.0,1544661.0,46.44216433
2024,1,Baja California Sur,Hombres,265319.0,335903.0,78.98679083
2024,1,Baja California Sur,Mujeres,185233.0,338786.0,54.67551788
2024,1,Campeche,Hombres,269210.0,350334.0,76.84381191
2024,1,Campeche,Mujeres,177821.0,380480.0,46.7359651
2024,1,Coahuila,Hombres,897212.0,1244132.0,72.115499
2024,1,Coahuila,Mujeres,570146.0,1303953.0,43.72442872
2024,1,Colima,Hombres,206019.0,269718.0,76.38311125
2024,1,Colima,Mujeres,170306.0,302567.0,56.28703725
2024,1,Chiapas,Hombres,1510749.0,1848907.0,81.71038349
2024,1,Chiapas,Mujeres,706400.0,2193032.0,32.21111229
2024,1,Chihuahua,Hombres,1061401.0,1441567.0,73.62828089
2024,1,Chihuahua,Mujeres,711875.0,1578447.0,45.09970876
2024,1,Ciudad de México,Hombres,2546506.0,3657130.0,69.63126823
2024,1,Ciudad de México,Mujeres,2168563.0,4339569.0,49.97185204
2024,1,Durango,Hombres,476842.0,654693.0,72.83444301
2024,1,Durango,Mujeres,338243.0,748898.0,45.16542974
2024,1,Guanajuato,Hombres,1661971.0,2238670.0,74.23921346
2024,1,Guanajuato,Mujeres,1135234.0,2611234.0,43.47500071
2024,1,Guerrero,Hombres,914710.0,1224720.0,74.68727546
2024,1,Guerrero,Mujeres,702558.0,1429767.0,49.13793646
2024,1,Hidalgo,Hombres,834658.0,1132827.0,73.67921139
2024,1,Hidalgo,Mujeres,601355.0,1374135.0,43.76243964
2024,1,Jalisco,Hombres,2405683.0,3219666.0,74.71840247
2024,1,Jalisco,Mujeres,1628772.0,3565845.0,45.67702746
2024,1,México,Hombres,4766926.0,6575513.0,72.49511939
2024,1,México,Mujeres,3257963.0,7433831.0,43.82616446
2024,1,Michoacán,Hombres,1341048.0,1723602.0,77.8049689
2024,1,Michoacán,Mujeres,926482.0,2012304.0,46.04085665
2024,1,Morelos,Hombres,508443.0,727749.0,69.86515955
2024,1,Morelos,Mujeres,379426.0,859275.0,44.1565273
2024,1,Nayarit,Hombres,375967.0,474207.0,79.28330877
2024,1,Nayarit,Mujeres,265330.0,504870.0,52.55412284
2024,1,Nuevo León,Hombres,1769374.0,2417096.0,73.20247106
2024,1,Nuevo León,Mujeres,1129758.0,2483921.0,45.48284748
2024,1,Oaxaca,Hombres,1101271.0,1448045.0,76.05226357
2024,1,Oaxaca,Mujeres,742736.0,1739398.0,42.70075049
2024,1,Puebla,Hombres,1749734.0,2241914.0,78.04643711
2024,1,Puebla,Mujeres,1215330.0,2719583.0,44.68810108
2024,1,Querétaro,Hombres,651178.0,921309.0,70.67965254
2024,1,Querétaro,Mujeres,498418.0,1090537.0,45.70390551
2024,1,Quintana Roo,Hombres,573701.0,722441.0,79.41146751
2024,1,Quintana Roo,Mujeres,385421.0,778084.0,49.53462608
2024,1,San Luis Potosí,Hombres,766221.0,1028491.0,74.49953378
2024,1,San Luis Potosí,Mujeres,541361.0,1185694.0,45.65773294
2024,1,Sinaloa,Hombres,840106.0,1154898.0,72.74287426
2024,1,Sinaloa,Mujeres,614133.0,1270068.0,48.35434008
2024,1,Sonora,Hombres,824680.0,1157511.0,71.2459752
2024,1,Sonora,Mujeres,579856.0,1211764.0,47.85222205
2024,1,Tabasco,Hombres,690316.0,897887.0,76.88228029
2024,1,Tabasco,Mujeres,389728.0,1011382.0,38.53420369
2024,1,Tamaulipas,Hombres,956645.0,1312791.0,72.87108154
2024,1,Tamaulipas,Mujeres,659788.0,1464640.0,45.04779331
2024,1,Tlaxcala,Hombres,373816.0,503291.0,74.27432638
2024,1,Tlaxcala,Mujeres,276474.0,592037.0,46.69877052
2024,1,Veracruz,Hombres,2169399.0,2904066.0,74.70212454
2024,1,Veracruz,Mujeres,1342874.0,3456469.0,38.85103555
2024,1,Yucatán,Hombres,698104.0,894811.0,78.01692201
2024,1,Yucatán,Mujeres,499355.0,986699.0,50.6086456
2024,1,Zacatecas,Hombres,413167.0,580120.0,71.22095429
2024,1,Zacatecas,Mujeres,255760.0,665956.0,38.40493967
2024,2,Nacional,Hombres,35048053.0,47287388.0,74.11712611
2024,2,Nacional,Mujeres,24279108.0,53884652.0,45.05755739
2024,2,Aguascalientes,Hombres,381639.0,538827.0,70.82774249
2024,2,Aguascalientes,Mujeres,271503.0,620537.0,43.75291079
2024,2,Baja California,Hombres,1063077.0,1481047.0,71.77874841
2024,2,Baja California,Mujeres,731598.0,1558492.0,46.94268562
2024,2,Baja California Sur,Hombres,271374.0,342032.0,79.34169902
2024,2,Baja California Sur,Mujeres,184624.0,337163.0,54.75808437
2024,2,Campeche,Hombres,269048.0,349429.0,76.99647139
2024,2,Campeche,Mujeres,170635.0,377459.0,45.20623432
2024,2,Coahuila,Hombres,920009.0,1248211.0,73.70620833
2024,2,Coahuila,Mujeres,589039.0,1301985.0,45.24161185
2024,2,Colima,Hombres,204976.0,270448.0,75.79127965
2024,2,Colima,Mujeres,163563.0,305319.0,53.57118293
2024,2,Chiapas,Hombres,1495484.0,1865222.0,80.17726576
2024,2,Chiapas,Mujeres,704945.0,2241676.0,31.44722966
2024,2,Chihuahua,Hombres,1056234.0,1414745.0,74.65896681
2024,2,Chihuahua,Mujeres,736363.0,1570201.0,46.89609802
2024,2,Ciudad de México,Hombres,2564276.0,3660246.0,70.05747701
2024,2,Ciudad de México,Mujeres,2269963.0,4355221.0,52.12050089
2024,2,Durango,Hombres,487382.0,662203.0,73.6000894
2024,2,Durango,Mujeres,342310.0,762659.0,44.88375539
2024,2,Guanajuato,Hombres,1631068.0,2202990.0,74.03882905
2024,2,Guanajuato,Mujeres,1203416.0,2639777.0,45.58779018
2024,2,Guerrero,Hombres,910109.0,1203384.0,75.62914248
2024,2,Guerrero,Mujeres,666056.0,1416165.0,47.03237264
2024,2,Hidalgo,Hombres,828410.0,1132704.0,73.13561178
2024,2,Hidalgo,Mujeres,618855.0,1371434.0,45.12466513
2024,2,Jalisco,Hombres,2381454.0,3210059.0,74.18723456
2024,2,Jalisco,Mujeres,1589757.0,3571312.0,44.51464896
2024,2,México,Hombres,4861814.0,6600873.0,73.65410606
2024,2,México,Mujeres,3301927.0,7429026.0,44.44629754
2024,2,Michoacán,Hombres,1332410.0,1711780.0,77.83768942
2024,2,Michoacán,Mujeres,916254.0,2001853.0,45.77029382
2024,2,Morelos,Hombres,503398.0,729330.0,69.02197908
2024,2,Morelos,Mujeres,369768.0,854859.0,43.25485255
2024,2,Nayarit,Hombres,363860.0,473713.0,76.81022053
2024,2,Nayarit,Mujeres,268832.0,500014.0,53.76489458
2024,2,Nuevo León,Hombres,1770267.0,2386366.0,74.18254367
2024,2,Nuevo León,Mujeres,1164058.0,2502418.0,46.51732844
2024,2,Oaxaca,Hombres,1114057.0,1467692.0,75.90536707
2024,2,Oaxaca,Mujeres,749457.0,1745311.0,42.94117209
2024,2,Puebla,Hombres,1763628.0,2265618.0,77.84313154
2024,2,Puebla,Mujeres,1220041.0,2704410.0,45.11301911
2024,2,Querétaro,Hombres,661155.0,931189.0,71.00116088
2024,2,Querétaro,Mujeres,495325.0,1085246.0,45.64172547
2024,2,Quintana Roo,Hombres,558447.0,714303.0,78.18068803
2024,2,Quintana Roo,Mujeres,400723.0,785853.0,50.99210667
2024,2,San Luis Potosí,Hombres,764313.0,1032477.0,74.02712119
2024,2,San Luis Potosí,Mujeres,544935.0,1185932.0,45.94993642
2024,2,Sinaloa,Hombres,830868.0,1147961.0,72.37772015
2024,2,Sinaloa,Mujeres,638634.0,1279987.0,49.89378798
2024,2,Sonora,Hombres,818234.0,1165416.0,70.20960756
2024,2,Sonora,Mujeres,609899.0,1228988.0,49.62611515
2024,2,Tabasco,Hombres,683331.0,915115.0,74.67159865
2024,2,Tabasco,Mujeres,379914.0,1019910.0,37.24975733
2024,2,Tamaulipas,Hombres,947410.0,1292149.0,73.32049168
2024,2,Tamaulipas,Mujeres,664502.0,1463573.0,45.40272334
2024,2,Tlaxcala,Hombres,388736.0,512747.0,75.81438799
2024,2,Tlaxcala,Mujeres,280207.0,602437.0,46.51224941
2024,2,Veracruz,Hombres,2108126.0,2885638.0,73.05580256
2024,2,Veracruz,Mujeres,1263215.0,3429748.0,36.83113162
2024,2,Yucatán,Hombres,699394.0,897456.0,77.93072864
2024,2,Yucatán,Mujeres,509076.0,968512.0,52.56269411
2024,2,Zacatecas,Hombres,414065.0,576018.0,71.88403835
2024,2,Zacatecas,Mujeres,259714.0,667175.0,38.92741784
2024,3,Nacional,Hombres,35255385.0,47551829.0,74.14096522
2024,3,Nacional,Mujeres,24272864.0,54069039.0,44.89235327
2024,3,Aguascalientes,Hombres,389465.0,542850.0,71.74449664
2024,3,Aguascalientes,Mujeres,270855.0,619468.0,43.72380817
2024,3,Baja California,Hombres,1057121.0,1470343.0,71.89621741
2024,3,Baja California,Mujeres,715442.0,1558113.0,45.91720883
2024,3,Baja California Sur,Hombres,279951.0,352030.0,79.52475641
2024,3,Baja California Sur,Mujeres,188829.0,338663.0,55.75719816
2024,3,Campeche,Hombres,269511.0,348669.0,77.29709266
2024,3,Campeche,Mujeres,165871.0,378643.0,43.80669919
2024,3,Coahuila,Hombres,912708.0,1245078.0,73.3052869
2024,3,Coahuila,Mujeres,597237.0,1333406.0,44.79033393
2024,3,Colima,Hombres,208140.0,273030.0,76.23338095
2024,3,Colima,Mujeres,166954.0,301080.0,55.45170719
2024,3,Chiapas,Hombres,1530129.0,1910852.0,80.07574632
2024,3,Chiapas,Mujeres,655984.0,2238027.0,29.31081707
2024,3,Chihuahua,Hombres,1071644.0,1432903.0,74.78831435
2024,3,Chihuahua,Mujeres,737901.0,1584555.0,46.56834253
2024,3,Ciudad de México,Hombres,2600940.0,3682526.0,70.62923656
2024,3,Ciudad de México,Mujeres,2293694.0,4349180.0,52.73853922
2024,3,Durango,Hombres,493887.0,669126.0,73.8107621
2024,3,Durango,Mujeres,351721.0,762486.0,46.12819121
2024,3,Guanajuato,Hombres,1647228.0,2209618.0,74.54808931
2024,3,Guanajuato,Mujeres,1163333.0,2637277.0,44.11114191
2024,3,Guerrero,Hombres,909390.0,1211413.0,75.06853567
2024,3,Guerrero,Mujeres,641309.0,1422761.0,45.0749634
2024,3,Hidalgo,Hombres,867790.0,1142528.0,75.95349961
2024,3,Hidalgo,Mujeres,589237.0,1345550.0,43.79153506
2024,3,Jalisco,Hombres,2341420.0,3197539.0,73.22569013
2024,3,Jalisco,Mujeres,1569484.0,3584494.0,43.7853711
2024,3,México,Hombres,4832229.0,6654677.0,72.6140277
2024,3,México,Mujeres,3275951.0,7468843.0,43.86155928
2024,3,Michoacán,Hombres,1333599.0,1727971.0,77.17716327
2024,3,Michoacán,Mujeres,858095.0,2000422.0,42.89569901
2024,3,Morelos,Hombres,520229.0,730452.0,71.22014862
2024,3,Morelos,Mujeres,367809.0,833713.0,44.1169803
2024,3,Nayarit,Hombres,356207.0,464926.0,76.61584854
2024,3,Nayarit,Mujeres,263358.0,500804.0,52.58704004
2024,3,Nuevo León,Hombres,1748483.0,2359437.0,74.10594137
2024,3,Nuevo León,Mujeres,1151421.0,2495489.0,46.14009519
2024,3,Oaxaca,Hombres,1115288.0,1445255.0,77.1689425
2024,3,Oaxaca,Mujeres,806279.0,1758282.0,45.85606859
2024,3,Puebla,Hombres,1803393.0,2305293.0,78.22836403
2024,3,Puebla,Mujeres,1287060.0,2741034.0,46.95527308
2024,3,Querétaro,Hombres,685283.0,939607.0,72.93293898
2024,3,Querétaro,Mujeres,505854.0,1079670.0,46.85264942
2024,3,Quintana Roo,Hombres,583859.0,736057.0,79.32252529
2024,3,Quintana Roo,Mujeres,393263.0,781917.0,50.29472438
2024,3,San Luis Potosí,Hombres,759424.0,1028675.0,73.82545508
2024,3,San Luis Potosí,Mujeres,548068.0,1208819.0,45.33912852
2024,3,Sinaloa,Hombres,806984.0,1142324.0,70.64405545
2024,3,Sinaloa,Mujeres,605497.0,1290975.0,46.90230252
2024,3,Sonora,Hombres,803091.0,1137459.0,70.60395144
2024,3,Sonora,Mujeres,587398.0,1242791.0,47.26442338
2024,3,Tabasco,Hombres,688664.0,929272.0,74.10790382
2024,3,Tabasco,Mujeres,376358.0,1031993.0,36.46904582
2024,3,Tamaulipas,Hombres,971159.0,1323458.0,73.38041706
2024,3,Tamaulipas,Mujeres,686845.0,1488271.0,46.15053307
2024,3,Tlaxcala,Hombres,393610.0,519834.0,75.71840241
2024,3,Tlaxcala,Mujeres,276704.0,598541.0,46.22974867
2024,3,Veracruz,Hombres,2131676.0,2932973.0,72.67970077
2024,3,Veracruz,Mujeres,1402530.0,3444983.0,40.71224735
2024,3,Yucatán,Hombres,714171.0,912877.0,78.23299305
2024,3,Yucatán,Mujeres,511702.0,989762.0,51.69949948
2024,3,Zacatecas,Hombres,428712.0,572777.0,74.84797749
2024,3,Zacatecas,Mujeres,260821.0,659027.0,39.57667895
2024,4,Nacional,Hombres,34924786.0,47649912.0,73.29454459
2024,4,Nacional,Mujeres,24562760.0,54286601.0,45.24645041
2024,4,Aguascalientes,Hombres,383831.0,536706.0,71.5160628
2024,4,Aguascalientes,Mujeres,279291.0,615220.0,45.39693118
2024,4,Baja California,Hombres,1060006.0,1478029.0,71.71753734
2024,4,Baja California,Mujeres,711127.0,1546251.0,45.99039871
2024,4,Baja California Sur,Hombres,266534.0,342393.0,77.84446528
2024,4,Baja California Sur,Mujeres,189044.0,337748.0,55.97190805
2024,4,Campeche,Hombres,268751.0,351388.0,76.4826915
2024,4,Campeche,Mujeres,169122.0,383200.0,44.13413361
2024,4,Coahuila,Hombres,929657.0,1286012.0,72.28991642
2024,4,Coahuila,Mujeres,616744.0,1384152.0,44.55753414
2024,4,Colima,Hombres,200819.0,266339.0,75.39977247
2024,4,Colima,Mujeres,159146.0,296377.0,53.69714924
2024,4,Chiapas,Hombres,1534043.0,1963607.0,78.12372842
2024,4,Chiapas,Mujeres,692328.0,2265916.0,30.55400112
2024,4,Chihuahua,Hombres,1077733.0,1451096.0,74.27027571
2024,4,Chihuahua,Mujeres,765404.0,1588278.0,48.19080791
2024,4,Ciudad de México,Hombres,2616116.0,3648604.0,71.70183446
2024,4,Ciudad de México,Mujeres,2393929.0,4354909.0,54.97081569
2024,4,Durango,Hombres,497429.0,678256.0,73.33941757
2024,4,Durango,Mujeres,355929.0,764770.0,46.54065928
2024,4,Guanajuato,Hombres,1609993.0,2203617.0,73.06138045
2024,4,Guanajuato,Mujeres,1224133.0,2633475.0,46.48356259
2024,4,Guerrero,Hombres,883237.0,1202043.0,73.47798706
2024,4,Guerrero,Mujeres,682051.0,1428740.0,47.73793692
2024,4,Hidalgo,Hombres,848599.0,1133954.0,74.83539897
2024,4,Hidalgo,Mujeres,618981.0,1369625.0,45.19346536
2024,4,Jalisco,Hombres,2319343.0,3190559.0,72.69393859
2024,4,Jalisco,Mujeres,1575517.0,3606893.0,43.68072466
2024,4,México,Hombres,4811915.0,6691402.0,71.91191024
2024,4,México,Mujeres,3330292.0,7554986.0,44.08071703
2024,4,Michoacán,Hombres,1324947.0,1750592.0,75.68565377
2024,4,Michoacán,Mujeres,894178.0,1990414.0,44.9242218
2024,4,Morelos,Hombres,487929.0,733450.0,66.52518917
2024,4,Morelos,Mujeres,372390.0,838079.0,44.43375863
2024,4,Nayarit,Hombres,353888.0,462456.0,76.52360441
2024,4,Nayarit,Mujeres,267432.0,495423.0,53.98053784
2024,4,Nuevo León,Hombres,1776275.0,2375954.0,74.7604962
2024,4,Nuevo León,Mujeres,1169020.0,2474436.0,47.2438972
2024,4,Oaxaca,Hombres,1025694.0,1446250.0,70.92093345
2024,4,Oaxaca,Mujeres,734100.0,1738320.0,42.23042938
2024,4,Puebla,Hombres,1748486.0,2296655.0,76.13185263
2024,4,Puebla,Mujeres,1272801.0,2740787.0,46.43925267
2024,4,Querétaro,Hombres,672956.0,922104.0,72.9804881
2024,4,Querétaro,Mujeres,541007.0,1088156.0,49.71777944
2024,4,Quintana Roo,Hombres,586073.0,736818.0,79.5410807
2024,4,Quintana Roo,Mujeres,389276.0,779327.0,49.95027761
2024,4,San Luis Potosí,Hombres,762793.0,1029038.0,74.12680581
2024,4,San Luis Potosí,Mujeres,514405.0,1181727.0,43.52993543
2024,4,Sinaloa,Hombres,839785.0,1183549.0,70.95481471
2024,4,Sinaloa,Mujeres,608797.0,1315460.0,46.28016055
2024,4,Sonora,Hombres,808247.0,1140013.0,70.89805116
2024,4,Sonora,Mujeres,597872.0,1235494.0,48.39133173
2024,4,Tabasco,Hombres,688214.0,929206.0,74.06473914
2024,4,Tabasco,Mujeres,414952.0,1026824.0,40.41120971
2024,4,Tamaulipas,Hombres,953635.0,1339475.0,71.19468448
2024,4,Tamaulipas,Mujeres,674735.0,1487269.0,45.36738142
2024,4,Tlaxcala,Hombres,387995.0,525180.0,73.87847976
2024,4,Tlaxcala,Mujeres,283217.0,607270.0,46.63773939
2024,4,Veracruz,Hombres,2083518.0,2862920.0,72.77597697
2024,4,Veracruz,Mujeres,1309584.0,3504477.0,37.36888557
2024,4,Yucatán,Hombres,699976.0,910122.0,76.91012853
2024,4,Yucatán,Mujeres,510044.0,983195.0,51.87617919
2024,4,Zacatecas,Hombres,416369.0,582125.0,71.52570324
2024,4,Zacatecas,Mujeres,245912.0,669403.0,36.73601702
2025,1,Nacional,Hombres,34976135.0,47878914.0,73.05122877
2025,1,Nacional,Mujeres,24024874.0,54380745.0,44.17900858
2025,1,Aguascalientes,Hombres,401317.0,547512.0,73.29830214
2025,1,Aguascalientes,Mujeres,267522.0,613038.0,43.63873039
2025,1,Baja California,Hombres,1049841.0,1463306.0,71.74446083
2025,1,Baja California,Mujeres,712053.0,1538096.0,46.29444456
2025,1,Baja California Sur,Hombres,262386.0,339430.0,77.30194738
2025,1,Baja California Sur,Mujeres,187792.0,342064.0,54.8996679
2025,1,Campeche,Hombres,263965.0,345086.0,76.4925265
2025,1,Campeche,Mujeres,175838.0,384225.0,45.7643308
2025,1,Coahuila,Hombres,902257.0,1260525.0,71.5778743
2025,1,Coahuila,Mujeres,614126.0,1387679.0,44.25562396
2025,1,Colima,Hombres,206161.0,269745.0,76.42810803
2025,1,Colima,Mujeres,157742.0,295377.0,53.4036164
2025,1,Chiapas,Hombres,1554274.0,1952732.0,79.59484456
2025,1,Chiapas,Mujeres,698087.0,2270653.0,30.74388733
2025,1,Chihuahua,Hombres,1047583.0,1461930.0,71.6575349
2025,1,Chihuahua,Mujeres,732717.0,1588091.0,46.13822508
2025,1,Ciudad de México,Hombres,2595643.0,3719249.0,69.78943867
2025,1,Ciudad de México,Mujeres,2297232.0,4295927.0,53.47465169
2025,1,Durango,Hombres,498608.0,696466.0,71.59114731
2025,1,Durango,Mujeres,344652.0,762808.0,45.18201173
2025,1,Guanajuato,Hombres,1636244.0,2255211.0,72.55392068
2025,1,Guanajuato,Mujeres,1150812.0,2647265.0,43.47173403
2025,1,Guerrero,Hombres,884298.0,1203068.0,73.50357586
2025,1,Guerrero,Mujeres,636155.0,1425329.0,44.63215159
2025,1,Hidalgo,Hombres,855311.0,1130261.0,75.67376031
2025,1,Hidalgo,Mujeres,637230.0,1387991.0,45.91024005
2025,1,Jalisco,Hombres,2354602.0,3215100.0,73.23573139
2025,1,Jalisco,Mujeres,1570153.0,3647265.0,43.05014854
2025,1,México,Hombres,4776744.0,6699492.0,71.3000926
2025,1,México,Mujeres,3228401.0,7605832.0,42.44638851
2025,1,Michoacán,Hombres,1350287.0,1731588.0,77.97969263
2025,1,Michoacán,Mujeres,880793.0,1999499.0,44.0506847
2025,1,Morelos,Hombres,503762.0,740055.0,68.07088662
2025,1,Morelos,Mujeres,375699.0,846113.0,44.40293436
2025,1,Nayarit,Hombres,360311.0,462243.0,77.94839511
2025,1,Nayarit,Mujeres,268205.0,505995.0,53.00546448
2025,1,Nuevo León,Hombres,1749352.0,2391201.0,73.15788175
2025,1,Nuevo León,Mujeres,1096254.0,2480408.0,44.19651928
2025,1,Oaxaca,Hombres,1069214.0,1472227.0,72.62562091
2025,1,Oaxaca,Mujeres,730400.0,1745812.0,41.83726541
2025,1,Puebla,Hombres,1734777.0,2295958.0,75.5578717
2025,1,Puebla,Mujeres,1279661.0,2765819.0,46.26698276
2025,1,Querétaro,Hombres,677120.0,917802.0,73.77626111
2025,1,Querétaro,Mujeres,515637.0,1070569.0,48.16476098
2025,1,Quintana Roo,Hombres,587466.0,730749.0,80.39230981
2025,1,Quintana Roo,Mujeres,384098.0,776375.0,49.47325712
2025,1,San Luis Potosí,Hombres,751494.0,1041431.0,72.15974942
2025,1,San Luis Potosí,Mujeres,493257.0,1175144.0,41.97417508
2025,1,Sinaloa,Hombres,833556.0,1186934.0,70.2276622
2025,1,Sinaloa,Mujeres,606792.0,1301987.0,46.60507363
2025,1,Sonora,Hombres,799882.0,1132775.0,70.61261062
2025,1,Sonora,Mujeres,588965.0,1239814.0,47.50430306
2025,1,Tabasco,Hombres,668100.0,928295.0,71.97065588
2025,1,Tabasco,Mujeres,398327.0,1032472.0,38.57993243
2025,1,Tamaulipas,Hombres,956232.0,1341779.0,71.26598344
2025,1,Tamaulipas,Mujeres,676913.0,1493150.0,45.33456116
2025,1,Tlaxcala,Hombres,391322.0,535653.0,73.05513084
2025,1,Tlaxcala,Mujeres,284067.0,616132.0,46.10489311
2025,1,Veracruz,Hombres,2143879.0,2916484.0,73.50902662
2025,1,Veracruz,Mujeres,1273772.0,3487493.0,36.52400163
2025,1,Yucatán,Hombres,705861.0,910350.0,77.53732081
2025,1,Yucatán,Mujeres,515054.0,979865.0,52.56377154
2025,1,Zacatecas,Hombres,404286.0,584277.0,69.19423493
2025,1,Zacatecas,Mujeres,246468.0,672458.0,36.65180576
2025,2,Nacional,Hombres,35109909.0,48005708.0,73.13694655
2025,2,Nacional,Mujeres,24330851.0,54609492.0,44.55425258
2025,2,Aguascalientes,Hombres,394952.0,549789.0,71.83701384
2025,2,Aguascalientes,Mujeres,257180.0,619861.0,41.48994694
2025,2,Baja California,Hombres,1058073.0,1488088.0,71.10285144
2025,2,Baja California,Mujeres,691111.0,1526160.0,45.28430833
2025,2,Baja California Sur,Hombres,264967.0,342001.0,77.47550446
2025,2,Baja California Sur,Mujeres,181193.0,342789.0,52.85846395
2025,2,Campeche,Hombres,254730.0,338713.0,75.20526227
2025,2,Campeche,Mujeres,168701.0,382757.0,44.07522266
2025,2,Coahuila,Hombres,937936.0,1289923.0,72.71255726
2025,2,Coahuila,Mujeres,623525.0,1376503.0,45.29775816
2025,2,Colima,Hombres,207158.0,275100.0,75.30279898
2025,2,Colima,Mujeres,159404.0,293353.0,54.33862957
2025,2,Chiapas,Hombres,1525533.0,1948412.0,78.29622277
2025,2,Chiapas,Mujeres,694932.0,2292454.0,30.3138907
2025,2,Chihuahua,Hombres,1093950.0,1474974.0,74.16740905
2025,2,Chihuahua,Mujeres,766725.0,1596524.0,48.02464604
2025,2,Ciudad de México,Hombres,2652941.0,3729413.0,71.13561839
2025,2,Ciudad de México,Mujeres,2287834.0,4327046.0,52.87288372
2025,2,Durango,Hombres,509022.0,689313.0,73.84482811
2025,2,Durango,Mujeres,351529.0,765430.0,45.92568883
2025,2,Guanajuato,Hombres,1627102.0,2267990.0,71.74202708
2025,2,Guanajuato,Mujeres,1223220.0,2639458.0,46.34360539
2025,2,Guerrero,Hombres,874834.0,1224588.0,71.43904726
2025,2,Guerrero,Mujeres,632411.0,1461941.0,43.25831207
2025,2,Hidalgo,Hombres,818998.0,1104775.0,74.13256093
2025,2,Hidalgo,Mujeres,638014.0,1431459.0,44.57088886
2025,2,Jalisco,Hombres,2341382.0,3256106.0,71.90742562
2025,2,Jalisco,Mujeres,1533552.0,3627077.0,42.2806574
2025,2,México,Hombres,4793138.0,6677442.0,71.78105029
2025,2,México,Mujeres,3358979.0,7703830.0,43.60141644
2025,2,Michoacán,Hombres,1351388.0,1775512.0,76.11258048
2025,2,Michoacán,Mujeres,907493.0,2009672.0,45.15627426
2025,2,Morelos,Hombres,492811.0,723852.0,68.08173494
2025,2,Morelos,Mujeres,352805.0,841579.0,41.92179225
2025,2,Nayarit,Hombres,353597.0,461736.0,76.57990713
2025,2,Nayarit,Mujeres,266261.0,508262.0,52.38656441
2025,2,Nuevo León,Hombres,1791478.0,2389763.0,74.96467223
2025,2,Nuevo León,Mujeres,1119726.0,2483515.0,45.08633932
2025,2,Oaxaca,Hombres,1071052.0,1472436.0,72.74013947
2025,2,Oaxaca,Mujeres,762641.0,1742364.0,43.77047506
2025,2,Puebla,Hombres,1705654.0,2296056.0,74.28625434
2025,2,Puebla,Mujeres,1287602.0,2778955.0,46.33403564
2025,2,Querétaro,Hombres,668200.0,912609.0,73.21865114
2025,2,Querétaro,Mujeres,519267.0,1077429.0,48.19500867
2025,2,Quintana Roo,Hombres,587399.0,746763.0,78.65936047
2025,2,Quintana Roo,Mujeres,400329.0,769417.0,52.03017349
2025,2,San Luis Potosí,Hombres,754865.0,1047471.0,72.06547962
2025,2,San Luis Potosí,Mujeres,476164.0,1173807.0,40.56578296
2025,2,Sinaloa,Hombres,841957.0,1185049.0,71.04828577
2025,2,Sinaloa,Mujeres,607115.0,1295949.0,46.84713673
2025,2,Sonora,Hombres,825330.0,1129499.0,73.07044982
2025,2,Sonora,Mujeres,637115.0,1270509.0,50.14643737
2025,2,Tabasco,Hombres,682175.0,932044.0,73.19128711
2025,2,Tabasco,Mujeres,410981.0,1029890.0,39.9053297
2025,2,Tamaulipas,Hombres,973589.0,1345167.0,72.37681269
2025,2,Tamaulipas,Mujeres,679679.0,1499691.0,45.32126951
2025,2,Tlaxcala,Hombres,395266.0,539295.0,73.29309562
2025,2,Tlaxcala,Mujeres,291602.0,615848.0,47.3496707
2025,2,Veracruz,Hombres,2127167.0,2902290.0,73.29271024
2025,2,Veracruz,Mujeres,1271150.0,3465038.0,36.68502337
2025,2,Yucatán,Hombres,705747.0,899266.0,78.48033841
2025,2,Yucatán,Mujeres,511900.0,987631.0,51.83109886
2025,2,Zacatecas,Hombres,427518.0,590273.0,72.42716506
2025,2,Zacatecas,Mujeres,260711.0,673294.0,38.72171741
